h3,lat,lon,bairro,cluster_id,score_final,direct_activity_score,inherited_score,actionability_score,priority_tier,flags
8aa8b1a201b7fff,-22.398247166636292,-41.803738899271835,Morro de São Jorge,6,100.0,82.95299500864665,17.047004991353347,100.0,visitar_agora,
8aa8b1a20c5ffff,-22.399354711248094,-41.804201567861554,Nova Holanda,6,99.9949083503055,87.35174311097997,12.643165239325526,99.9949083503055,visitar_agora,
8aa8b1a20577fff,-22.396734843523088,-41.800634548829095,Morro de São Jorge,6,99.9847250509165,89.49411517396678,10.49060987694972,99.9847250509165,visitar_agora,
8aa8b1a20547fff,-22.3958296499261,-41.80149272723434,Morro de São Jorge,6,99.97963340122199,89.1437290799952,10.835904321226792,99.97963340122199,visitar_agora,
8aa8b1a20567fff,-22.39693723082326,-41.80195539003995,Morro de São Jorge,6,99.9745417515275,84.40682203105665,15.567719720470848,99.9745417515275,visitar_agora,
8aa8b1a20557fff,-22.39562725644811,-41.80017188854174,Morro de São Jorge,10,99.96945010183299,84.89287681506914,15.076573286763846,99.96945010183299,visitar_agora,
8aa8b1a20c47fff,-22.400462240805275,-41.80466423808437,Nova Holanda,6,99.9643584521385,91.32911485400403,8.635243598134466,99.9643584521385,visitar_agora,
8aa8b1a20187fff,-22.397341971964956,-41.80459707565359,Nova Holanda,6,99.95926680244398,83.90284115093425,16.056425651509727,99.95926680244398,visitar_agora,
8aa8b1a2050ffff,-22.396532445070378,-41.79931370868408,Granja dos Cavaleiros,10,99.95417515274949,88.80636849383126,11.147806658918228,99.95417515274949,visitar_agora,
8aa8b1a20197fff,-22.39713960697064,-41.803276232315255,Morro de São Jorge,6,99.94908350305498,85.77671037965054,14.17237312340444,99.94908350305498,visitar_agora,
8aa8b1a20c57fff,-22.400259883195602,-41.80334338825673,Nova Holanda,6,99.94399185336049,87.39346751369841,12.550524339662076,99.94399185336049,visitar_agora,
8aa8b1a246dffff,-22.40559499817948,-41.80433588993033,Bosque Azul,7,99.93890020366598,91.84709557291792,8.091804630748058,99.93890020366598,visitar_agora,
8aa8b1a20a67fff,-22.396649192174092,-41.82038003848062,São Marcos,11,99.93380855397149,85.51831326418254,14.41549528978895,99.93380855397149,visitar_agora,
8aa8b1a20ccffff,-22.39804479666772,-41.80241805447892,Morro de São Jorge,6,99.92871690427698,83.17582949384942,16.75288741042756,99.92871690427698,visitar_agora,
8aa8b1a20d4ffff,-22.402677254752845,-41.80558958342907,Nova Holanda,7,99.92362525458248,86.25904868288868,13.6645765716938,99.92362525458248,visitar_agora,
8aa8b1a2056ffff,-22.39603203225183,-41.80281356699187,Morro de São Jorge,6,99.91853360488798,83.25366830826863,16.664865296619354,99.91853360488798,visitar_agora,
8aa8b1a2051ffff,-22.3963300354654,-41.79799286960632,Granja dos Cavaleiros,10,99.91344195519348,89.15655240162599,10.75688955356749,99.91344195519348,visitar_agora,
8aa8b1a2055ffff,-22.39472205397699,-41.80103006606214,Morro de São Jorge,10,99.90835030549898,88.9718282210597,10.93652208443929,99.90835030549898,visitar_agora,
8aa8b1a201affff,-22.397544325805953,-41.805917920053574,Nova Holanda,6,99.90325865580448,68.74298110894759,31.16027754685689,99.90325865580448,visitar_agora,
8aa8b1a20c4ffff,-22.399557063883314,-41.80552241623397,Nova Holanda,6,99.89816700610997,88.46947953964636,11.428687466463614,99.89816700610997,visitar_agora,
8aa8b1a20a77fff,-22.39644695363676,-41.8190591889837,São Marcos,11,99.89307535641547,82.8428552295026,17.050220126912862,99.89307535641547,visitar_agora,
8aa8b1a2042ffff,-22.3945196543216,-41.799709229887966,Morro de São Jorge,10,99.88798370672097,78.23226258580482,21.655721120916155,99.88798370672097,visitar_agora,
8aa8b1a20c67fff,-22.401569755307108,-41.80512690994023,Nova Holanda,6,99.88289205702647,87.36314352903395,12.519748527992519,99.88289205702647,visitar_agora,
8aa8b1a20d67fff,-22.404689875586463,-41.80519407541037,Bosque Azul,7,99.87780040733197,83.24618779291914,16.63161261441283,99.87780040733197,visitar_agora,
8aa8b1a246d7fff,-22.406500106920046,-41.80347770211108,Bosque Azul,7,99.87270875763747,83.692778001688,16.17993075594947,99.87270875763747,visitar_agora,
8aa8b1a20a47fff,-22.395541658835235,-41.81991734285272,São Marcos,11,99.86761710794296,78.2554298279178,21.612187280025168,99.86761710794296,visitar_agora,
8aa8b1a20467fff,-22.393816837657802,-41.8018882412449,Morro de São Jorge,10,99.86252545824847,87.43678172207225,12.425743736176216,99.86252545824847,visitar_agora,
8aa8b1a20d77fff,-22.404487531543282,-41.80387321657625,Bosque Azul,7,99.85743380855396,79.64228562048237,20.215148188071595,99.85743380855396,visitar_agora,
8aa8b1a20997fff,-22.404892208473097,-41.806514935305515,Bosque Azul,7,99.85234215885946,80.59131259138105,19.261029567478403,99.85234215885946,visitar_agora,
8aa8b1a2054ffff,-22.394924442480644,-41.802350903301736,Morro de São Jorge,6,99.84725050916497,88.81929032094496,11.027960188220007,99.84725050916497,visitar_agora,
8aa8b1a20477fff,-22.393614442976656,-41.800567406523406,Morro de São Jorge,10,99.84215885947046,76.23016425168655,23.611994607783913,99.84215885947046,visitar_agora,
8aa8b1a20d6ffff,-22.40378473914175,-41.80605225855085,Bosque Azul,7,99.83706720977597,74.22305021005138,25.614016999724583,99.83706720977597,visitar_agora,
8aa8b1a20097fff,-22.394019221187502,-41.8032090770309,Morro de São Jorge,10,99.83197556008146,88.11863998092882,11.713335579152641,99.83197556008146,visitar_agora,
8aa8b1a20a57fff,-22.39533941411335,-41.818596495867226,São Marcos,11,99.82688391038697,86.19427036176035,13.632613548626622,99.82688391038697,visitar_agora,
8aa8b1a20a0ffff,-22.3962447039446,-41.817738340533054,São Marcos,11,99.82179226069246,69.68005473221308,30.141737528479382,99.82179226069246,visitar_agora,
8aa8b1a2018ffff,-22.396436763445486,-41.80545524969611,Nova Holanda,6,99.81670061099797,88.20302920738044,11.61367140361753,99.81670061099797,visitar_agora,
8aa8b1a2468ffff,-22.40740520180737,-41.802619511953026,Bosque Azul,7,99.81160896130345,89.82608591064832,9.985523050655132,99.81160896130345,visitar_agora,
8aa8b1a20a6ffff,-22.39574389240259,-41.82123819088356,São Marcos,11,99.80651731160896,72.63141955256496,27.175097759043993,99.80651731160896,visitar_agora,
8aa8b1a2040ffff,-22.393412037144316,-41.799246572867816,Morro de São Jorge,10,99.80142566191445,78.60093473524962,21.200490926664827,99.80142566191445,visitar_agora,
8aa8b1a209b7fff,-22.405999662746126,-41.80697761369302,Bosque Azul,7,99.79633401221994,95.61800017589012,4.178333836329827,99.79633401221994,visitar_agora,
8aa8b1a20d47fff,-22.40358240007371,-41.80473140117233,Bosque Azul,7,99.78615071283095,72.78798902904946,26.99816168378149,99.78615071283095,visitar_agora,
8aa8b1b72547fff,-22.449402714039227,-41.8671596699548,Aphaville (Costa do Sol),1,99.77596741344195,80.83174708603697,18.944220327404977,99.77596741344195,visitar_agora,
8aa8b1a20a4ffff,-22.39463635019208,-41.82077549437568,São Marcos,11,99.77087576374744,77.13737800367291,22.633497760074533,99.77087576374744,visitar_agora,
8aa8b1a2019ffff,-22.39623440342505,-41.804134407812924,Morro de São Jorge,6,99.76578411405295,86.980345488583,12.78543862546995,99.76578411405295,visitar_agora,
8aa8b1a20a5ffff,-22.39443411044009,-41.81945464885594,São Marcos,11,99.76069246435844,87.3234225515039,12.437269912854546,99.76069246435844,visitar_agora,
8aa8b1a20b5ffff,-22.39755447810357,-41.819521883731404,São Marcos,11,99.75560081466395,88.57039600167627,11.185204812987678,99.75560081466395,visitar_agora,
8aa8b1a20a1ffff,-22.396042443097905,-41.816417493130075,São Marcos,11,99.74541751527495,78.35491793310767,21.39049958216728,99.74541751527495,visitar_agora,
8aa8b1a20ae7fff,-22.39513715823719,-41.81727564992849,São Marcos,11,99.74032586558043,74.77632978033463,24.963996085245796,99.74032586558043,visitar_agora,
8aa8b1a24687fff,-22.40831028284068,-41.80176131945653,Bosque Azul,7,99.73523421588595,70.19651648127898,29.538717734606976,99.73523421588595,visitar_agora,
8aa8b1a20b57fff,-22.398459750190234,-41.8186637266363,São Marcos,11,99.73014256619143,88.99357917149466,10.736563394696773,99.73014256619143,visitar_agora,
8aa8b1a20aeffff,-22.39423185953411,-41.81813380438204,São Marcos,11,99.72505091649694,84.9124331319021,14.812617784594835,99.72505091649694,visitar_agora,
8aa8b1a2011ffff,-22.397746668493397,-41.80723876551379,Nova Holanda,6,99.71995926680243,70.23513030464252,29.48482896215991,99.71995926680243,visitar_agora,
8aa8b1a20a87fff,-22.39563788794189,-41.81377580147275,São Marcos,9,99.71486761710794,78.3399519763387,21.374915640769245,99.71486761710794,visitar_agora,
8aa8b1a20ab7fff,-22.39654314901677,-41.812917639405256,São Marcos,9,99.70977596741344,78.6871334944581,21.02264247295534,99.70977596741344,visitar_agora,
8aa8b1a20d27fff,-22.406297752925497,-41.802156840367516,Bosque Azul,7,99.70468431771893,90.27670901012293,9.427975307596,99.70468431771893,visitar_agora,
8aa8b1a20ad7fff,-22.393827324261174,-41.815492118577396,São Marcos,9,99.69959266802444,85.68012086951713,14.019471798507311,99.69959266802444,visitar_agora,
8aa8b1a20cdffff,-22.397842415545817,-41.801097210749965,Morro de São Jorge,6,99.69450101832993,79.13093361367997,20.56356740464996,99.69450101832993,visitar_agora,
8aa8b1b72567fff,-22.450509444886485,-41.86762248890925,Aphaville (Costa do Sol),1,99.68940936863544,80.8104862279106,18.878923140724837,99.68940936863544,visitar_agora,
8aa8b1a246cffff,-22.40579733604134,-41.805656751281404,Bosque Azul,7,99.68431771894093,87.127076180695,12.557241538245933,99.68431771894093,visitar_agora,
8aa8b1a2469ffff,-22.40720284283657,-41.80129864875563,Bosque Azul,7,99.67922606924643,92.06839958388866,7.610826485357762,99.67922606924643,visitar_agora,
8aa8b1a20a8ffff,-22.394732613023102,-41.81463396119692,São Marcos,9,99.66904276985741,85.8089106944255,13.860132075431906,99.66904276985741,visitar_agora,
8aa8b1a20447fff,-22.392709217784052,-41.801425580821416,Morro de São Jorge,10,99.66395112016293,75.61452885254715,24.049422267615782,99.66395112016293,visitar_agora,
8aa8b1a20417fff,-22.39411482155669,-41.79706756074149,Granja dos Cavaleiros,10,99.65885947046841,90.07239638276046,9.586463087707955,99.65885947046841,visitar_agora,
8aa8b1a20d2ffff,-22.40539264916081,-41.80301502964119,Bosque Azul,7,99.65376782077394,87.48487594449131,12.168891876282629,99.65376782077394,visitar_agora,
8aa8b1a20437fff,-22.395222436036363,-41.797530214356954,Granja dos Cavaleiros,10,99.64867617107942,90.07239638276046,9.576279788318956,99.64867617107942,visitar_agora,
8aa8b1a20037fff,-22.39663911231289,-41.80677609264002,Nova Holanda,6,99.64358452138494,76.5786518482713,23.06493267311363,99.64358452138494,visitar_agora,
8aa8b1b72197fff,-22.450711169853886,-41.86894347243829,Aphaville (Costa do Sol),1,99.63849287169042,79.79972545290074,19.838767418789672,99.63849287169042,visitar_agora,
8aa8b1a20457fff,-22.392506816925852,-41.80010474861818,Morro de São Jorge,10,99.62830957230142,67.96496710349004,31.66334246881138,99.62830957230142,visitar_agora,
8aa8b1a20347fff,-22.390909105468705,-41.816745739714726,São Marcos,16,99.61303462321791,68.89319267063357,30.719841952584346,99.61303462321791,visitar_agora,
8aa8b1a2046ffff,-22.392911607491335,-41.80274641408965,Morro de São Jorge,10,99.60794297352342,85.71552901652115,13.892413957002276,99.60794297352342,visitar_agora,
8aa8b1b7219ffff,-22.44980616522072,-41.869801633019115,Aphaville (Costa do Sol),1,99.60285132382892,72.29443688587321,27.308414437955705,99.60285132382892,visitar_agora,
8aa8b1a20987fff,-22.40509453020293,-41.80783579626029,Bosque Azul,7,99.59775967413441,84.24903504391705,15.348724630217362,99.59775967413441,visitar_agora,
8aa8b1b72ccffff,-22.451616160634824,-41.868085309489175,Aphaville (Costa do Sol),1,99.59266802443992,79.79972545290074,19.79294257153917,99.59266802443992,visitar_agora,
8aa8b1a20b77fff,-22.39956725072699,-41.819126422134886,São Marcos,11,99.58757637474541,74.56936902081964,25.018207353925774,99.58757637474541,visitar_agora,
8aa8b1a20aaffff,-22.395840171096914,-41.81509664677617,São Marcos,9,99.58248472505092,74.45610633018012,25.126378394870798,99.58248472505092,visitar_agora,
8aa8b1a2052ffff,-22.39764002327084,-41.79977636808637,Granja dos Cavaleiros,6,99.5773930753564,79.71313519093053,19.864257884425868,99.5773930753564,visitar_agora,
8aa8b1a20d07fff,-22.405190288985573,-41.80169417041539,Bosque Azul,7,99.57230142566192,87.03979970189634,12.532501723765577,99.57230142566192,visitar_agora,
8aa8b1a20d0ffff,-22.40428517634383,-41.80255235880456,Bosque Azul,7,99.5672097759674,81.23698439859004,18.33022537737736,99.5672097759674,visitar_agora,
8aa8b1a20c9ffff,-22.399450341215484,-41.798059999589995,Granja dos Cavaleiros,17,99.5621181262729,83.27437482226895,16.287743304003953,99.5621181262729,visitar_agora,
8aa8b1a20d37fff,-22.406095387774112,-41.800835979688216,Bosque Azul,7,99.5570264765784,89.83388463069694,9.723141845881457,99.5570264765784,visitar_agora,
8aa8b1a20537fff,-22.3983427807653,-41.79759734195847,Granja dos Cavaleiros,17,99.55193482688391,79.79972545290074,19.752209373983163,99.55193482688391,visitar_agora,
8aa8b1a20407fff,-22.39431724351475,-41.798388394780616,Granja dos Cavaleiros,10,99.5468431771894,86.74551398572605,12.801329191463353,99.5468431771894,visitar_agora,
8aa8b1a20d17fff,-22.40498791765404,-41.80037331225435,Glória,7,99.54175152749491,90.63183774522486,8.909913782270053,99.54175152749491,visitar_agora,
8aa8b1a209a7fff,-22.40620197829358,-41.808298477163774,Bosque Azul,7,99.5366598778004,88.83151194798396,10.705147929816448,99.5366598778004,visitar_agora,
8aa8b1a20367fff,-22.392016705211045,-41.81720842630574,São Marcos,16,99.5315682281059,73.37516997472031,26.15639825338559,99.5315682281059,visitar_agora,
8aa8b1a20b0ffff,-22.39936500843332,-41.81780556719568,São Marcos,11,99.5264765784114,79.80974538259554,19.716731195815868,99.5264765784114,visitar_agora,
8aa8b1a20897fff,-22.401772095581485,-41.80644776334607,Nova Holanda,6,99.5213849287169,79.75468254054358,19.766702388173314,99.5213849287169,visitar_agora,
8aa8b1a20c07fff,-22.402070185539607,-41.80162702203132,Granja dos Cavaleiros,6,99.5162932790224,86.88878970552496,12.62750357349745,99.5162932790224,visitar_agora,
8aa8b1a20ac7fff,-22.39402959747438,-41.816812960955396,São Marcos,16,99.5112016293279,74.61013113129744,24.901070498030464,99.5112016293279,visitar_agora,
8aa8b1b72467fff,-22.447390950662964,-41.86755501296958,Novo Horizonte,1,99.5061099796334,74.74482488159408,24.76128509803931,99.5061099796334,visitar_agora,
8aa8b1a2035ffff,-22.389801490673484,-41.8162830547552,São Marcos,16,99.5010183299389,68.38972339296491,31.11129493697399,99.5010183299389,visitar_agora,
8aa8b1a20c27fff,-22.403177688469853,-41.80208968960125,Bosque Azul,7,99.4959266802444,76.88687649755293,22.609050182691462,99.4959266802444,visitar_agora,
8aa8b1a200b7fff,-22.395126819832324,-41.80367174160534,Morro de São Jorge,6,99.4908350305499,87.88302912710407,11.607805903445836,99.4908350305499,visitar_agora,
8aa8b1a20ce7fff,-22.400057514431527,-41.80202253949207,Morro de São Jorge,6,99.48574338085538,89.828342735695,9.65740064516038,99.48574338085538,visitar_agora,
8aa8b1a246c7fff,-22.406702449757503,-41.804798564917505,Bosque Azul,7,99.47556008146638,75.73119905762408,23.744361023842302,99.47556008146638,visitar_agora,
8aa8b1a20af7fff,-22.39493489120703,-41.81595480503792,São Marcos,9,99.47046843177189,70.95039746466298,28.520070967108907,99.47046843177189,visitar_agora,
8aa8b1a20da7fff,-22.404785535166468,-41.799052455159455,Glória,12,99.46537678207739,79.91769645191263,19.547680330164752,99.46537678207739,visitar_agora,
8aa8b1a26a4ffff,-22.405893011466148,-41.79951512007459,Glória,12,99.45519348268839,88.33403569739302,11.121157785295367,99.45519348268839,visitar_agora,
8aa8b1a20087fff,-22.394221593565494,-41.80452991388,Morro de São Jorge,6,99.45010183299388,85.74204802710075,13.70805380589313,99.45010183299388,visitar_agora,
8aa8b1a20c1ffff,-22.40096266755385,-41.801164356094816,Granja dos Cavaleiros,6,99.44501018329939,83.57995086812744,15.865059315171948,99.44501018329939,visitar_agora,
8aa8b1a20c0ffff,-22.401165041293027,-41.80248520631319,Nova Holanda,6,99.43482688391039,90.07239638276046,9.36243050114993,99.43482688391039,visitar_agora,
8aa8b1a20cd7fff,-22.39874758641872,-41.800239029122295,Granja dos Cavaleiros,6,99.42973523421588,79.46320934366094,19.966525890554948,99.42973523421588,visitar_agora,
8aa8b1a2626ffff,-22.39924792783639,-41.796739155091274,Granja dos Cavaleiros,17,99.41446028513238,77.6157547989424,21.798705486189974,99.41446028513238,visitar_agora,
8aa8b1a20d1ffff,-22.404082809988353,-41.8012315020967,Bosque Azul,7,99.40427698574337,78.46717343155936,20.937103554184006,99.40427698574337,visitar_agora,
8aa8b1a20a2ffff,-22.39735223459586,-41.818201032769,São Marcos,11,99.39918533604887,83.70426998451698,15.69491535153189,99.39918533604887,visitar_agora,
8aa8b1a204e7fff,-22.392304404917006,-41.798783917481344,Morro de São Jorge,10,99.39409368635437,75.60363479692477,23.7904588894296,99.39409368635437,visitar_agora,
8aa8b1a20c6ffff,-22.40066458726029,-41.805985088973586,Nova Holanda,6,99.38900203665987,70.74118824107892,28.64781379558096,99.38900203665987,visitar_agora,
8aa8b1a20c8ffff,-22.399652743441216,-41.799380845157295,Granja dos Cavaleiros,17,99.38391038696537,75.77945652114653,23.60445386581884,99.38391038696537,visitar_agora,
8aa8b1a2099ffff,-22.403987067053542,-41.80737311698948,Bosque Azul,7,99.37881873727086,83.27437482226895,16.10444391500191,99.37881873727086,visitar_agora,
8aa8b1a26a6ffff,-22.407000472708653,-41.799977786623415,Bosque Azul,12,99.37372708757637,72.92830661773063,26.445420469845743,99.37372708757637,visitar_agora,
8aa8b1a20daffff,-22.40388043247711,-41.79991064645408,Glória,12,99.36863543788186,82.56538061389642,16.80325482398544,99.36863543788186,visitar_agora,
8aa8b1a20357fff,-22.39070682486089,-41.815424903825296,São Marcos,16,99.33808553971485,67.85402345974407,31.484062079970784,99.33808553971485,visitar_agora,
8aa8b1a20db7fff,-22.40458314152312,-41.79773159913213,Glória,12,99.33299389002036,96.17035710779449,3.1626367822258743,99.33299389002036,visitar_agora,
8aa8b1b52d77fff,-22.403811761425757,-41.846864615372475,Cancela Preta,14,99.32790224032586,69.24727194841533,30.080630291910524,99.32790224032586,visitar_agora,
8aa8b1a20c97fff,-22.400355479410834,-41.797201811837084,Granja dos Cavaleiros,17,99.32281059063136,77.91469341614253,21.408117174488837,99.32281059063136,visitar_agora,
8aa8b1b566dffff,-22.404919116891175,-41.84732736513642,Cancela Preta,14,99.31771894093686,72.31968636217456,26.99803257876229,99.31771894093686,visitar_agora,
8aa8b1a20adffff,-22.3929220216569,-41.81635027361379,São Marcos,16,99.31262729124235,77.24561253842678,22.067014752815567,99.31262729124235,visitar_agora,
8aa8b1a26377fff,-22.40307081087967,-41.79462723456402,Glória,12,99.30753564154786,88.21751748256325,11.090018158984606,99.30753564154786,visitar_agora,
8aa8b1a21d9ffff,-22.391313633227682,-41.819387414638314,São Marcos,16,99.30244399185335,68.56381276444658,30.73863122740677,99.30244399185335,visitar_agora,
8aa8b1a20507fff,-22.39743761984304,-41.79845552648953,Granja dos Cavaleiros,17,99.29735234215886,82.37411235253951,16.923239989619347,99.29735234215886,visitar_agora,
8aa8b1a26347fff,-22.4021657142437,-41.795485429323726,Glória,17,99.29226069246435,83.27437482226895,16.0178858701954,99.29226069246435,visitar_agora,
8aa8b1a20167fff,-22.398353629631693,-41.81120130824182,Nova Holanda,9,99.27698574338083,78.75858979339239,20.518395949988445,99.27698574338083,visitar_agora,
8aa8b1a26227fff,-22.401760846472072,-41.79284373270223,Glória,21,99.27189409368636,90.53012881076637,8.741765282919985,99.27189409368636,visitar_agora,
8aa8b1a21da7fff,-22.393528792925604,-41.82031279949881,São Marcos,11,99.26680244399184,75.31514953127491,23.951652912716924,99.26680244399184,visitar_agora,
8aa8b1a2022ffff,-22.389599203883844,-41.81496222137851,São Marcos,16,99.26171079429736,70.80417015760027,28.45754063669709,99.26171079429736,visitar_agora,
8aa8b1a26357fff,-22.401963285934855,-41.79416458047661,Glória,17,99.25661914460284,81.46327237656837,17.793346768034468,99.25661914460284,visitar_agora,
8aa8b1a2634ffff,-22.401260603753833,-41.79634362174821,Glória,17,99.25152749490834,76.07007740996312,23.181450084945226,99.25152749490834,visitar_agora,
8aa8b1a20527fff,-22.398545189168555,-41.79891818500654,Granja dos Cavaleiros,17,99.24643584521384,84.24903504391705,14.997400801296791,99.24643584521384,visitar_agora,
8aa8b1a246effff,-22.40690478143761,-41.80611942878538,Bosque Azul,7,99.24134419551935,83.4686148020375,15.772729393481853,99.24134419551935,visitar_agora,
8aa8b1a208b7fff,-22.402879588846144,-41.80691043935139,Nova Holanda,7,99.23625254582484,79.79972545290074,19.436527092924095,99.23625254582484,visitar_agora,
8aa8b1b72187fff,-22.450912883636803,-41.87026445696077,Aphaville (Costa do Sol),1,99.23116089613035,77.25149708647918,21.97966380965117,99.23116089613035,visitar_agora,
8aa8b1a2624ffff,-22.398140361209215,-41.79627649997948,Granja dos Cavaleiros,17,99.22606924643584,76.42388870378028,22.802180542655563,99.22606924643584,visitar_agora,
8aa8b1b721b7fff,-22.451817879386468,-41.8694062955119,Aphaville (Costa do Sol),1,99.21588594704684,78.94006597725391,20.275819969792934,99.21588594704684,visitar_agora,
8aa8b1a20d57fff,-22.403380049849652,-41.80341054485534,Bosque Azul,7,99.21079429735234,77.96339057680576,21.247403720546572,99.21079429735234,visitar_agora,
8aa8b1a20d87fff,-22.40367804381036,-41.7985897918781,Glória,12,99.20570264765783,93.00135170657275,6.204350941085082,99.20570264765783,visitar_agora,
8aa8b1a20917fff,-22.406404282683436,-41.809619341692276,Bosque Azul,20,99.20061099796334,79.79972545290074,19.400885545062593,99.20061099796334,visitar_agora,
8aa8b1a2622ffff,-22.400855745936397,-41.79370192802355,Glória,17,99.19551934826883,89.51276207737433,9.682757270894498,99.19551934826883,visitar_agora,
8aa8b1a2635ffff,-22.40105818042194,-41.79502277434997,Glória,17,99.18533604887982,79.20319909172883,19.982136957150985,99.18533604887982,visitar_agora,
8aa8b1b7246ffff,-22.446485919381132,-41.86841317094562,Novo Horizonte,1,99.18024439918534,72.40616947294176,26.774074926243586,99.18024439918534,visitar_agora,
8aa8b1a20377fff,-22.391814430785484,-41.815887587903745,São Marcos,16,99.17515274949082,73.33145570239833,25.84369704709249,99.17515274949082,visitar_agora,
8aa8b1a26a5ffff,-22.40569062400187,-41.79819426152801,Glória,12,99.17006109979634,80.44088700450092,18.72917409529542,99.17006109979634,visitar_agora,
8aa8b1b72477fff,-22.447189207050904,-41.86623403692256,Novo Horizonte,1,99.15987780040733,72.45464964840603,26.705228152001297,99.15987780040733,visitar_agora,
8aa8b1a26277fff,-22.399950631546844,-41.79456012101045,Glória,17,99.15478615071282,75.94417110909927,23.21061504161355,99.15478615071282,visitar_agora,
8aa8b1a2016ffff,-22.397448396246965,-41.812059474994825,São Marcos,9,99.14969450101832,85.03452929042994,14.115165210588373,99.14969450101832,visitar_agora,
8aa8b1a20d8ffff,-22.402772932244048,-41.79944798228746,Glória,12,99.14460285132382,76.13367950985494,23.01092334146888,99.14460285132382,visitar_agora,
8aa8b1a209affff,-22.405296840775712,-41.809156658273295,Bosque Azul,20,99.13951120162932,81.89837428858043,17.24113691304889,99.13951120162932,visitar_agora,
8aa8b1a26257fff,-22.398843067619147,-41.79409746930523,Granja dos Cavaleiros,17,99.13441955193483,79.79972545290074,19.33469409903408,99.13441955193483,visitar_agora,
8aa8b1a20b4ffff,-22.397756710455937,-41.82084273573959,São Marcos,11,99.12932790224032,81.15541711647998,17.97391078576034,99.12932790224032,visitar_agora,
8aa8b1b720a7fff,-22.448901146736127,-41.87065979123128,Novo Horizonte,1,99.12423625254583,71.09087781827748,28.03335843426835,99.12423625254583,visitar_agora,
8aa8b1a20d97fff,-22.403475643988365,-41.79726893837015,Glória,12,99.11914460285132,87.646616114941,11.472528487910324,99.11914460285132,visitar_agora,
8aa8b1b52d0ffff,-22.40360975346541,-41.84554373875744,Cancela Preta,14,99.11405295315681,89.8718913311926,9.242161621964215,99.11405295315681,visitar_agora,
8aa8b1a2009ffff,-22.39311398604744,-41.80406724842146,Morro de São Jorge,18,99.10896130346232,86.97097400096033,12.137987302501998,99.10896130346232,visitar_agora,
8aa8b1a20caffff,-22.40076028266025,-41.79984350694174,Granja dos Cavaleiros,17,99.10386965376782,72.89359126076243,26.21027839300538,99.10386965376782,visitar_agora,
8aa8b1a26267fff,-22.400153061055533,-41.795880965888315,Glória,17,99.09767605488581,73.4701286690458,25.627547385840003,99.09767605488581,visitar_agora,
8aa8b1a20b67fff,-22.399769481864503,-41.82044727812031,São Marcos,11,99.06875692620912,72.70762610635458,26.361130819854537,99.06875692620912,visitar_agora,
8aa8b1a21db7fff,-22.393326546989407,-41.818991956490336,São Marcos,11,99.03047744722613,75.37909057696388,23.651386870262257,99.03047744722613,visitar_agora,
8aa8b1a26247fff,-22.399045503304194,-41.79541831166256,Granja dos Cavaleiros,17,98.99913448686226,75.06805640412111,23.931078082741152,98.99913448686226,visitar_agora,
8aa8b1a20327fff,-22.393625039894744,-41.81417127724944,São Marcos,9,98.98891209514787,69.42315435357432,29.56575774157355,98.98891209514787,visitar_agora,
8aa8b1b72447fff,-22.446284180737393,-41.867092196397564,Novo Horizonte,1,98.97906190242779,70.03457664666519,28.9444852557626,98.97906190242779,visitar_agora,
8aa8b1b7218ffff,-22.450007874035308,-41.87112261604076,Aphaville (Costa do Sol),1,98.90064462937947,77.84786954856239,21.052775080817085,98.90064462937947,visitar_agora,
8aa8b1a20ca7fff,-22.401665416955595,-41.798985319754536,Granja dos Cavaleiros,17,98.8933273962389,77.84756562720594,21.045761769032964,98.8933273962389,visitar_agora,
8aa8b1a21cb7fff,-22.39020603079771,-41.818924724654806,São Marcos,16,98.86405833939271,76.9390037800324,21.92505455936032,98.86405833939271,visitar_agora,
8aa8b1a20d9ffff,-22.40257053739856,-41.79812713023055,Glória,17,98.82207468534175,84.24903504391705,14.5730396414247,98.82207468534175,visitar_agora,
8aa8b1a20c87fff,-22.400557886612493,-41.79852265885536,Granja dos Cavaleiros,17,98.80399189049143,78.65592382662906,20.148068063862368,98.80399189049143,visitar_agora,
8aa8b1b72577fff,-22.450307708734865,-41.86630150637504,Aphaville (Costa do Sol),1,98.76299337289369,77.77503094060361,20.987962432290075,98.76299337289369,visitar_agora,
8aa8b1b72557fff,-22.449200971672816,-41.86583868991493,Aphaville (Costa do Sol),1,98.72806784116582,78.69348926888458,20.034578572281248,98.72806784116582,visitar_agora,
8aa8b1a20a9ffff,-22.39453032368568,-41.813313118406874,São Marcos,9,98.69156182592435,73.10591332728823,25.585648498636118,98.69156182592435,visitar_agora,
8aa8b1a2625ffff,-22.397937930500557,-41.794955659070965,Granja dos Cavaleiros,17,98.6811578899214,80.63360878753755,18.04754910238384,98.6811578899214,visitar_agora,
8aa8b1a26367fff,-22.403273233011383,-41.79594808593167,Glória,12,98.64576386857063,95.39645398863918,3.2493098799314453,98.64576386857063,visitar_agora,
8aa8b1a25797fff,-22.399971701845608,-41.82176813515055,São Marcos,11,98.63308393230793,78.04680010616904,20.58628382613888,98.63308393230793,visitar_agora,
8aa8b1a20acffff,-22.393124289899767,-41.817671114528196,São Marcos,16,98.60343025504494,71.9102699173344,26.693160337710538,98.60343025504494,visitar_agora,
8aa8b1a2058ffff,-22.395020009103142,-41.79620937886757,Granja dos Cavaleiros,10,98.59237072523497,91.84709557291792,6.745275152317049,98.59237072523497,visitar_agora,
8aa8b1a21d37fff,-22.39483857878982,-41.82209634093986,São Marcos,11,98.55424273690471,65.68289872487443,32.87134401203028,98.55424273690471,visitar_agora,
8aa8b1a21d87fff,-22.392421220603893,-41.81985010625301,São Marcos,16,98.53731160661357,69.9039052760918,28.633406330521765,98.53731160661357,visitar_agora,
8aa8b1a20b1ffff,-22.39916275498375,-41.81648471330408,São Marcos,11,98.49420374765444,76.3443016761877,22.14990207146674,98.49420374765444,visitar_agora,
8aa8b1a26acffff,-22.404380736724235,-41.79641074417374,Glória,12,98.43241921182377,94.74543752951155,3.686981682312222,98.43241921182377,visitar_agora,
8aa8b1a20907fff,-22.406606575915447,-41.8109402072771,Bosque Azul,20,98.39705797933188,81.89837428858043,16.49868369075145,98.39705797933188,visitar_agora,
8aa8b1a266cffff,-22.39521044612566,-41.78392633973171,Aroeira,19,98.31418124501671,90.07239638276046,8.241784862256253,98.31418124501671,visitar_agora,
8aa8b1a2091ffff,-22.405499140191175,-41.81047752134312,Bosque Azul,20,98.30551870815259,79.02775011993901,19.277768588213576,98.30551870815259,visitar_agora,
8aa8b1b72ceffff,-22.45272286128351,-41.86854813169454,Aphaville (Costa do Sol),1,98.28918322407259,77.40724269586906,20.88194052820353,98.28918322407259,visitar_agora,
8aa8b1a204affff,-22.39300719202711,-41.796604908759974,Granja dos Cavaleiros,10,98.25123830075405,91.84709557291792,6.404142727836131,98.25123830075405,visitar_agora,
8aa8b1a2636ffff,-22.40236813139836,-41.79680627924217,Glória,17,98.22819315979898,85.89506218745913,12.333130972339845,98.22819315979898,visitar_agora,
8aa8b1b72cc7fff,-22.452521137562783,-41.867227144172155,Aphaville (Costa do Sol),1,98.20602779439768,75.91956090776202,22.286466886635665,98.20602779439768,visitar_agora,
8aa8b1a2464ffff,-22.40730941132473,-41.808761159699884,Bosque Azul,20,98.15790371211051,81.89837428858043,16.259529423530083,98.15790371211051,visitar_agora,
8aa8b1a20277fff,-22.388693860826123,-41.815820371427236,São Marcos,16,98.14607196022114,67.96857124592736,30.17750071429377,98.14607196022114,visitar_agora,
8aa8b1a20cb7fff,-22.401463015931803,-41.79766447021686,Glória,17,98.09892871764625,83.19215019609807,14.906778521548176,98.09892871764625,visitar_agora,
8aa8b1a21d97fff,-22.392218968483927,-41.81852926575597,São Marcos,16,97.98013581313208,70.87949797507113,27.100637838060948,97.98013581313208,visitar_agora,
8aa8b1a2036ffff,-22.391111374924385,-41.81806657665287,São Marcos,16,97.95494532307747,74.8482614380417,23.106683885035764,97.95494532307747,visitar_agora,
8aa8b1b7208ffff,-22.44688936312057,-41.87105512302231,Novo Horizonte,1,97.89451448008298,70.84748015722096,27.047034322862018,97.89451448008298,visitar_agora,
8aa8b1b720affff,-22.447996114400873,-41.87151794707441,Novo Horizonte,1,97.88704854409407,76.56933167612823,21.317716867965842,97.88704854409407,visitar_agora,
8aa8b1a20a07fff,-22.397149979933072,-41.81688018285378,São Marcos,11,97.86515753227081,75.24884908716875,22.616308445102064,97.86515753227081,visitar_agora,
8aa8b1a204a7fff,-22.393912388447678,-41.795746727771984,Granja dos Cavaleiros,10,97.81594395384886,89.73882499278922,8.07711896105964,97.81594395384886,visitar_agora,
8aa8b1b52d27fff,-22.40562245499189,-41.845148354309565,Cancela Preta,14,97.77796317316366,70.45585222422768,27.322110948935972,97.77796317316366,visitar_agora,
8aa8b1a2569ffff,-22.395946114815146,-41.82255903995835,São Marcos,11,97.73854416028571,80.66234573531534,17.07619842497037,97.73854416028571,visitar_agora,
8aa8b1b52daffff,-22.40320570406107,-41.84290198858326,Cancela Preta,14,97.70905170883042,73.49095400498327,24.21809770384715,97.70905170883042,visitar_agora,
8aa8b1a20b07fff,-22.40027025283203,-41.81694740540991,São Marcos,24,97.69000089959943,74.37867140565675,23.31132949394268,97.69000089959943,visitar_agora,
8aa8b1a2620ffff,-22.399748190885035,-41.79323927720489,Glória,17,97.66980340442156,79.79972545290074,17.870077951520813,97.66980340442156,visitar_agora,
8aa8b1a2098ffff,-22.404189383808813,-41.80869397648682,Bosque Azul,20,97.59666708809816,78.07263823653868,19.52402885155948,97.59666708809816,visitar_agora,
8aa8b1b52d2ffff,-22.404717115127262,-41.84600648601989,Cancela Preta,14,97.55728864700185,90.30842019850593,7.2488684484959265,97.55728864700185,visitar_agora,
8aa8b1a2032ffff,-22.392719742261093,-41.81502943374852,São Marcos,16,97.55101523603467,77.09458442480704,20.456430811227634,97.55101523603467,visitar_agora,
8aa8b1a2034ffff,-22.390003766311526,-41.81760388918111,São Marcos,16,97.5288398709435,72.67478340894449,24.854056461999008,97.5288398709435,visitar_agora,
8aa8b1a20027fff,-22.396841450027004,-41.80809693664325,Nova Holanda,6,97.49379986442773,71.99279895545028,25.501000908977446,97.49379986442773,visitar_agora,
8aa8b1a2012ffff,-22.39905653497213,-41.80902228905498,Nova Holanda,6,97.39447426764785,70.3954276708058,26.99904659684205,97.39447426764785,visitar_agora,
8aa8b1a2041ffff,-22.39320962016105,-41.79792574027954,Granja dos Cavaleiros,10,97.3167882910353,87.05010818966801,10.266680101367285,97.3167882910353,visitar_agora,
8aa8b1a26207fff,-22.40065330029745,-41.79238108277036,Glória,21,97.28872730482095,94.95874972549936,2.329977579321593,97.28872730482095,visitar_agora,
8aa8b1b566d7fff,-22.405824461721295,-41.84646923491026,Cancela Preta,14,97.22122149503967,79.39866605611785,17.822555438921825,97.22122149503967,visitar_agora,
8aa8b1a254cffff,-22.400876961157138,-41.82090997776142,São Marcos,24,97.18294536735085,68.38786659877981,28.795078768571045,97.18294536735085,visitar_agora,
8aa8b1a20a37fff,-22.39805524207798,-41.8160220228298,São Marcos,9,97.16844058945868,74.4978257061441,22.670614883314585,97.16844058945868,visitar_agora,
8aa8b1a208a7fff,-22.403081911783453,-41.808231296332906,Bosque Azul,7,97.1370060252885,75.37973254460391,21.75727348068459,97.1370060252885,visitar_agora,
8aa8b1a229b7fff,-22.395412972217315,-41.7852471695016,Aroeira,19,97.06699332619972,88.77681550959775,8.290177816601968,97.06699332619972,visitar_agora,
8aa8b1a2015ffff,-22.39613853930188,-41.810275949034555,Nova Holanda,9,97.05247548698843,72.46459183244028,24.58788365454815,97.05247548698843,visitar_agora,
8aa8b1a2038ffff,-22.390099916127227,-41.81146240246328,São Marcos,16,96.97262801380381,68.92069131101294,28.05193670279087,96.97262801380381,visitar_agora,
8aa8b1a2431ffff,-22.41325087396771,-41.81371635715739,Virgem Santa,15,96.9378128108443,91.84709557291792,5.090717237926384,96.9378128108443,visitar_agora,
8aa8b1a25a67fff,-22.407231065383172,-41.84211120127037,Cancela Preta,25,96.92974110885234,79.55421845746424,17.375522651388096,96.92974110885234,visitar_agora,
8aa8b1a25a6ffff,-22.406325758161174,-41.8429693391771,Cancela Preta,25,96.8436363519531,76.93799153453966,19.90564481741343,96.8436363519531,visitar_agora,
8aa8b1a2030ffff,-22.391612145207528,-41.814566750551364,São Marcos,16,96.83848827624168,76.01539554416848,20.823092732073192,96.83848827624168,visitar_agora,
8aa8b1a22997fff,-22.394305326097182,-41.78478453783595,Aroeira,19,96.83119880573966,78.91291777056121,17.918281035178452,96.83119880573966,visitar_agora,
8aa8b1a20887fff,-22.40197442470041,-41.80776861781161,Nova Holanda,7,96.7277740265588,84.24554783924847,12.482226187310332,96.7277740265588,visitar_agora,
8aa8b1a2045ffff,-22.391601582860122,-41.80096292203134,Morro de São Jorge,10,96.71828206744536,74.43381974861965,22.284462318825703,96.71828206744536,visitar_agora,
8aa8b1a26adffff,-22.4041783207701,-41.79508989028572,Glória,12,96.68344545579761,75.3686503896375,21.314795066160116,96.68344545579761,visitar_agora,
8aa8b1a266effff,-22.396318083369774,-41.7843889705085,Aroeira,19,96.62649905167633,80.63637211438186,15.990126937294477,96.62649905167633,visitar_agora,
8aa8b1a20cc7fff,-22.398949972515545,-41.8015598743043,Morro de São Jorge,6,96.61044664112435,78.10768958523586,18.502757055888495,96.61044664112435,visitar_agora,
8aa8b1a21d17fff,-22.39373102770808,-41.82163364355221,São Marcos,11,96.57878727917424,76.35496732506111,20.223819954113125,96.57878727917424,visitar_agora,
8aa8b1a2088ffff,-22.401069246705305,-41.80862679393115,Nova Holanda,6,96.5581625842898,82.28838939595818,14.269773188331627,96.5581625842898,visitar_agora,
8aa8b1b721a7fff,-22.452019586953107,-41.87072728252758,Aphaville (Costa do Sol),1,96.5004387838728,71.58382390431417,24.916614879558622,96.5004387838728,visitar_agora,
8aa8b1a20937fff,-22.407511709531242,-41.810082026743714,Bosque Azul,20,96.46987635289956,79.79972545290074,16.670150899998816,96.46987635289956,visitar_agora,
8aa8b1b52c07fff,-22.401394984941216,-41.84461824911658,Cancela Preta,14,96.43175265562877,79.98502171263655,16.446730942992218,96.43175265562877,visitar_agora,
8aa8b1a25a47fff,-22.406123724141366,-41.841648459133225,Cancela Preta,25,96.3475723303724,83.82312927696734,12.524443053405065,96.3475723303724,visitar_agora,
8aa8b1a22d67fff,-22.39410279383423,-41.78346371059048,Aroeira,19,96.34085229576158,89.42319524673454,6.917657049027042,96.34085229576158,visitar_agora,
8aa8b1a20b6ffff,-22.398864213680028,-41.82130543462958,São Marcos,11,96.33525918989822,73.3844330465318,22.950826143366427,96.33525918989822,visitar_agora,
8aa8b1a24307fff,-22.414358204253958,-41.81417905451636,Virgem Santa,15,96.2640196017417,80.25641275901427,16.007606842727427,96.2640196017417,visitar_agora,
8aa8b1b52c37fff,-22.402300351419363,-41.84376012002828,Cancela Preta,14,96.1664330319074,86.44551968370936,9.720913348198039,96.1664330319074,visitar_agora,
8aa8b1b72017fff,-22.44910285058274,-41.8719807727515,Novo Horizonte,1,96.13382493315135,76.58276858345798,19.55105634969337,96.13382493315135,visitar_agora,
8aa8b1a2430ffff,-22.41345311892852,-41.815037238880834,Virgem Santa,15,96.10925454787824,83.10914320468193,13.00011134319631,96.10925454787824,visitar_agora,
8aa8b1a2579ffff,-22.399066428690844,-41.82262629019276,São Marcos,11,96.08293895799174,78.58981896290305,17.49311999508869,96.08293895799174,visitar_agora,
8aa8b1a25a5ffff,-22.405016367831998,-41.841185718624565,Cancela Preta,25,96.04607671519766,72.88472928412901,23.16134743106865,96.04607671519766,visitar_agora,
8aa8b1a20817fff,-22.40328422356452,-41.80955215437223,Bosque Azul,20,96.02413362962425,74.45685067262596,21.567282956998284,96.02413362962425,visitar_agora,
8aa8b1a254dffff,-22.400674736205367,-41.819589119264734,São Marcos,24,95.93354819761768,78.38258266431755,17.55096553330013,95.93354819761768,visitar_agora,
8aa8b1b52c27fff,-22.402502376736486,-41.84508099312299,Cancela Preta,14,95.90673700789507,87.43700988011962,8.469727127775457,95.90673700789507,visitar_agora,
8aa8b1b72cd7fff,-22.45231940265701,-41.865906157645036,Aphaville (Costa do Sol),1,95.83983084539712,76.31949973873789,19.520331106659228,95.83983084539712,visitar_agora,
8aa8b1a200affff,-22.39442395479152,-41.8058507517908,Morro de São Jorge,6,95.76808866479023,72.91863032132981,22.849458343460412,95.76808866479023,visitar_agora,
8aa8b1a21c97fff,-22.389098413314727,-41.818462036302506,São Marcos,16,95.73284120136442,75.01763801355119,20.71520318781323,95.73284120136442,visitar_agora,
8aa8b1a20067fff,-22.395233288170772,-41.81113411402295,São Marcos,9,95.72351847583671,70.1351575883403,25.588360887496407,95.72351847583671,visitar_agora,
8aa8b1b5668ffff,-22.40672979271414,-41.84561110232616,Cancela Preta,14,95.7157269899479,81.89837428858043,13.817352701367469,95.7157269899479,visitar_agora,
8aa8b1a25787fff,-22.40017391067005,-41.82308899322419,São Marcos,22,95.70811639981054,89.1573043425958,6.550812057214742,95.70811639981054,visitar_agora,
8aa8b1a2465ffff,-22.407107101960108,-41.80744029371331,Bosque Azul,7,95.6574189003496,79.79972545290074,15.857693447448852,95.6574189003496,visitar_agora,
8aa8b1a20837fff,-22.404391689407284,-41.81001483704148,Bosque Azul,20,95.64916386158743,76.88774943308066,18.761414428506768,95.64916386158743,visitar_agora,
8aa8b1b52da7fff,-22.404111042865537,-41.8420438547819,Cancela Preta,25,95.63872120705975,71.60606037186948,24.03266083519027,95.63872120705975,visitar_agora,
8aa8b1b72457fff,-22.446082430911304,-41.865771222844884,Novo Horizonte,1,95.61714494671673,76.03662022480626,19.58052472191048,95.61714494671673,visitar_agora,
8aa8b1a21d8ffff,-22.39151588037832,-41.82070825366968,São Marcos,16,95.58063605735946,69.96150171245023,25.619134344909227,95.58063605735946,visitar_agora,
8aa8b1b72c5ffff,-22.45292457381897,-41.869869120210794,Aphaville (Costa do Sol),1,95.57422514403497,74.56082386419226,21.01340127984271,95.57422514403497,visitar_agora,
8aa8b1b566c7fff,-22.406026457288327,-41.84779011652813,Cancela Preta,14,95.56187449488635,72.70997732782402,22.851897167062333,95.56187449488635,visitar_agora,
8aa8b1b72037fff,-22.450209571665432,-41.872443600053515,Aphaville (Costa do Sol),1,95.53618678482519,76.19053111123736,19.345655673587828,95.53618678482519,visitar_agora,
8aa8b1a257b7fff,-22.401079174951956,-41.82223083730243,São Marcos,24,95.44669982324385,91.62438836859546,3.8223114546483856,95.44669982324385,visitar_agora,
8aa8b1a243affff,-22.413048617845575,-41.81239547648594,Bosque Azul,15,95.37024788954172,89.3821159543026,5.98813193523911,95.37024788954172,visitar_agora,
8aa8b1a20257fff,-22.387586215927357,-41.81535768973086,São Marcos,16,95.34621436743737,67.1699840794252,28.176230288012164,95.34621436743737,visitar_agora,
8aa8b1a208d7fff,-22.40016405486164,-41.80948496770961,Nova Holanda,9,95.28188001298143,81.70027422491832,13.581605788063115,95.28188001298143,visitar_agora,
8aa8b1a2031ffff,-22.391409848477405,-41.81324591425002,São Marcos,16,95.20655405793225,70.267815773807,24.93873828412525,95.20655405793225,visitar_agora,
8aa8b1a266dffff,-22.395007908884303,-41.7826055110454,Aroeira,19,95.18032627425588,91.42044810670933,3.759878167546546,95.18032627425588,visitar_agora,
8aa8b1a203affff,-22.391207540595396,-41.8119250790011,São Marcos,16,95.11976944994575,70.6392126258561,24.480556824089646,95.11976944994575,visitar_agora,
8aa8b1a204c7fff,-22.391196757640383,-41.798321263728596,Visconde de Araújo,10,95.1135887679389,76.25979331560434,18.853795452334552,95.1135887679389,visitar_agora,
8aa8b1a2665ffff,-22.396520603289687,-41.78570980280267,Aroeira,19,95.07637380111889,93.16932259816424,1.9070512029546478,95.07637380111889,visitar_agora,
8aa8b1a2008ffff,-22.39331635345213,-41.805388083815465,Morro de São Jorge,18,95.05312757249054,80.81588710148853,14.23724047100201,95.05312757249054,visitar_agora,
8aa8b1a229a7fff,-22.395615487159006,-41.78656800035368,Aroeira,19,95.0239813008296,79.79972545290074,15.224255847928859,95.0239813008296,visitar_agora,
8aa8b1a20387fff,-22.39100522156175,-41.81060424480601,São Marcos,18,94.91112029846167,75.46040965331024,19.450710645151432,94.91112029846167,visitar_agora,
8aa8b1a21c87fff,-22.389300672831794,-41.81978287031116,São Marcos,16,94.889495185177,74.00590012603772,20.88359505913928,94.889495185177,visitar_agora,
8aa8b1b52d6ffff,-22.40310838572219,-41.84904361851338,Cancela Preta,14,94.88317264707096,68.11839255595333,26.76478009111763,94.88317264707096,visitar_agora,
8aa8b1b72727fff,-22.445782596742543,-41.87059230059525,Novo Horizonte,1,94.86868758125728,70.96290680721033,23.905780774046946,94.86868758125728,visitar_agora,
8aa8b1a2664ffff,-22.3967231120591,-41.78703063617854,Glória,19,94.7858637713711,93.16932259816424,1.6165411732068549,94.7858637713711,visitar_agora,
8aa8b1a21ca7fff,-22.390408284131787,-41.820245561174886,São Marcos,16,94.74308915958346,69.2221450649131,25.52094409467037,94.74308915958346,visitar_agora,
8aa8b1a25697fff,-22.39685141955637,-41.821700889022395,São Marcos,11,94.66892170340297,74.47762713301226,20.19129457039071,94.66892170340297,visitar_agora,
8aa8b1b72ce7fff,-22.453627829327175,-41.867689965509044,Aphaville (Costa do Sol),1,94.6433114461824,76.88216588445572,17.76114556172668,94.6433114461824,visitar_agora,
8aa8b1b52d87fff,-22.403003662617582,-41.8415811150269,Cancela Preta,27,94.5615262869061,74.21550331169924,20.346022975206864,94.5615262869061,visitar_agora,
8aa8b1a20737fff,-22.39200636347836,-41.803604584595995,Morro de São Jorge,18,94.53142121787943,80.19439521058965,14.33702600728978,94.53142121787943,visitar_agora,
8aa8b1b7252ffff,-22.45121268957754,-41.86544334042818,Aphaville (Costa do Sol),1,94.51381318153041,75.37042039107324,19.14339279045717,94.51381318153041,visitar_agora,
8aa8b1a20baffff,-22.398960490378542,-41.81516386046148,São Marcos,9,94.44278329977556,74.81934076397994,19.62344253579562,94.44278329977556,visitar_agora,
8aa8b1b7245ffff,-22.44517739571542,-41.86662938145107,Novo Horizonte,1,94.37576548603909,71.81730026299685,22.558465223042234,94.37576548603909,visitar_agora,
8aa8b1b72c57fff,-22.453829546831813,-41.86901095552528,Aphaville (Costa do Sol),1,94.34771724392328,74.51731097934685,19.83040626457644,94.34771724392328,visitar_agora,
8aa8b1a2466ffff,-22.408416829295675,-41.809223843868565,Bosque Azul,20,94.28781521970893,81.89837428858043,12.389440931128505,94.28781521970893,visitar_agora,
8aa8b1a208dffff,-22.39925884917018,-41.810343139146624,Nova Holanda,9,94.24174046601411,78.3921894205881,15.849551045426011,94.24174046601411,visitar_agora,
8aa8b1b72cf7fff,-22.45342610063696,-41.86636897648759,Aphaville (Costa do Sol),1,94.16349308443803,76.78595821076784,17.377534873670186,94.16349308443803,visitar_agora,
8aa8b1a21daffff,-22.392623461570665,-41.821170947795466,São Marcos,26,94.13866883578615,72.95860006651,21.180068769276147,94.13866883578615,visitar_agora,
8aa8b1b5669ffff,-22.40652778101885,-41.84429022024189,Cancela Preta,14,94.01046470929538,78.55131806582267,15.459146643472707,94.01046470929538,visitar_agora,
8aa8b1b72737fff,-22.445580874249075,-41.86927132655365,Novo Horizonte,1,93.96073794179279,70.48074092496609,23.4799970168267,93.96073794179279,visitar_agora,
8aa8b1a24237fff,-22.41214352861666,-41.813253661430416,Bosque Azul,15,93.92284152801005,89.63092396496857,4.29191756304148,93.92284152801005,visitar_agora,
8aa8b1a26647fff,-22.397628219313553,-41.786172437739125,Glória,19,93.90992625916925,78.54267006284931,15.367256196319943,93.90992625916925,visitar_agora,
8aa8b1a207b7fff,-22.390493932886766,-41.800500264874714,Visconde de Araújo,10,93.90466949056974,68.48488768734026,25.419781803229483,93.90466949056974,visitar_agora,
8aa8b1a24387fff,-22.412846350562397,-41.8110745968679,Bosque Azul,15,93.85266360187032,71.8063623093855,22.046301292484813,93.85266360187032,visitar_agora,
8aa8b1a20267fff,-22.38889614264609,-41.817141203340725,São Marcos,16,93.77881062432296,68.01873745433464,25.760073169988317,93.77881062432296,visitar_agora,
8aa8b1a22987fff,-22.39450784721071,-41.78610536616408,Aroeira,19,93.73693905149818,79.73990658198711,13.997032469511069,93.73693905149818,visitar_agora,
8aa8b1b52d67fff,-22.40401375822455,-41.84818549300425,Cancela Preta,14,93.71842985935561,72.30324413556968,21.415185723785925,93.71842985935561,visitar_agora,
8aa8b1a2475ffff,-22.410227027267347,-41.80750747109447,Bosque Azul,23,93.6719963772431,79.32427042791011,14.347725949332997,93.6719963772431,visitar_agora,
8aa8b1a205affff,-22.39612761470839,-41.79667203159721,Granja dos Cavaleiros,10,93.63923302416993,76.29054144789836,17.348691576271563,93.63923302416993,visitar_agora,
8aa8b1a254effff,-22.401984425390225,-41.82137267903355,São Marcos,24,93.62524746833509,77.3822751710417,16.24297229729339,93.62524746833509,visitar_agora,
8aa8b1a20b2ffff,-22.400472500096914,-41.81826826181376,São Marcos,24,93.61264365354226,69.78049310912405,23.832150544418212,93.61264365354226,visitar_agora,
8aa8b1b56697fff,-22.407433093207377,-41.84343208381722,Cancela Preta,25,93.57824228838835,79.28435327321155,14.293889015176802,93.57824228838835,visitar_agora,
8aa8b1a254c7fff,-22.401782206624645,-41.82005181802576,São Marcos,24,93.46080454316458,72.77852004223386,20.68228450093072,93.46080454316458,visitar_agora,
8aa8b1a2005ffff,-22.393018119878732,-41.81020875957992,São Marcos,9,93.4438411489634,65.96635785510742,27.477483293855983,93.4438411489634,visitar_agora,
8aa8b1a200a7fff,-22.395329186031756,-41.804992580971565,Morro de São Jorge,6,93.39391124278393,73.15875038599494,20.235160856788994,93.39391124278393,visitar_agora,
8aa8b1a2432ffff,-22.414560443027728,-41.815499938753184,Virgem Santa,15,93.37028154790416,90.07239638276046,3.297885165143697,93.37028154790416,visitar_agora,
8aa8b1a20927fff,-22.40771399657936,-41.81140289484338,Bosque Azul,20,93.34880411276937,79.12952674835853,14.219277364410843,93.34880411276937,visitar_agora,
8aa8b1b54c87fff,-22.432298425811176,-41.86371761413007,Novo Horizonte,3,93.29766968396443,83.93215621937667,9.365513464587764,93.29766968396443,visitar_agora,
8aa8b1b720d7fff,-22.44598430805344,-41.871913275628515,Novo Horizonte,1,93.14979231850803,69.28206855951893,23.8677237589891,93.14979231850803,visitar_agora,
8aa8b1b52d8ffff,-22.402098314941735,-41.84243924795361,Cancela Preta,27,93.14177729721493,77.24451411016176,15.89726318705317,93.14177729721493,visitar_agora,
8aa8b1b720f7fff,-22.447091068215745,-41.87237610054813,Novo Horizonte,1,93.09221651985527,66.59334216253525,26.49887435732002,93.09221651985527,visitar_agora,
8aa8b1a229affff,-22.394710357174553,-41.78742619557349,Aroeira,5,93.05337750333665,84.24903504391705,8.804342459419601,93.05337750333665,visitar_agora,
8aa8b1b52db7fff,-22.40390899645582,-41.84072297974444,Cancela Preta,25,92.98893601545713,76.80670349009984,16.182232525357293,92.98893601545713,visitar_agora,
8aa8b1a254f7fff,-22.40268743824737,-41.819193655943934,São Marcos,24,92.96851003016016,86.12115160668404,6.847358423476123,92.96851003016016,visitar_agora,
8aa8b1a2026ffff,-22.387990780779468,-41.81799934958147,São Marcos,16,92.95790287456688,68.36011152156843,24.597791352998456,92.95790287456688,visitar_agora,
8aa8b1a20b87fff,-22.39875821461797,-41.81384300866931,São Marcos,9,92.93459507071167,81.31064426529842,11.623950805413244,92.93459507071167,visitar_agora,
8aa8b1a22d6ffff,-22.393197664930028,-41.78432190780576,Aroeira,19,92.89930114844867,77.99474691732662,14.904554231122049,92.89930114844867,visitar_agora,
8aa8b1a256b7fff,-22.397958931652703,-41.82216358879215,São Marcos,11,92.85105360592212,87.83453008116572,5.016523524756394,92.85105360592212,visitar_agora,
8aa8b1b54457fff,-22.42424957288282,-41.86529897183536,Cancela Preta,8,92.8385324422029,70.43247775658357,22.40605468561934,92.8385324422029,visitar_agora,
8aa8b1a25a77fff,-22.40702902639656,-41.84079031974534,Cancela Preta,25,92.81038141681722,84.56801434367611,8.24236707314111,92.81038141681722,visitar_agora,
8aa8b1a21c9ffff,-22.38819304647909,-41.81932018107854,São Marcos,16,92.76540642541427,65.51126511660028,27.254141308813985,92.76540642541427,visitar_agora,
8aa8b1a2429ffff,-22.408619121318388,-41.81054471342755,Bosque Azul,20,92.7590682083941,85.1044167753523,7.654651433041792,92.7590682083941,visitar_agora,
8aa8b1a204cffff,-22.390291519675774,-41.79917943770849,Visconde de Araújo,10,92.70890921710908,68.79311194366068,23.915797273448405,92.70890921710908,visitar_agora,
8aa8b1a203b7fff,-22.391910513153597,-41.809746084806854,São Marcos,18,92.69971215439868,71.44789643453657,21.25181571986211,92.69971215439868,visitar_agora,
8aa8b1a2629ffff,-22.39803321335566,-41.78881411061793,Glória,21,92.59432821341045,85.24694986280181,7.347378350608636,92.59432821341045,visitar_agora,
8aa8b1b54ca7fff,-22.43340537951424,-41.86418041455761,Novo Horizonte,3,92.56733710064626,84.54361279277676,8.0237243078695,92.56733710064626,visitar_agora,
8aa8b1b72427fff,-22.44899921812297,-41.864517710871795,Aphaville (Costa do Sol),1,92.53412241002381,76.82970888793947,15.704413522084337,92.53412241002381,visitar_agora,
8aa8b1a22927fff,-22.397128096145387,-41.78967230616979,Glória,21,92.50964399466962,79.83848008263612,12.671163912033492,92.50964399466962,visitar_agora,
8aa8b1a20b9ffff,-22.39765068934531,-41.81338032322131,São Marcos,9,92.50111217093198,70.70239721458738,21.798714956344597,92.50111217093198,visitar_agora,
8aa8b1b7201ffff,-22.448197813279897,-41.872838927092616,Novo Horizonte,1,92.46436293028151,64.83398292642762,27.630380003853887,92.46436293028151,visitar_agora,
8aa8b1a20307fff,-22.392517451712607,-41.813708594933786,São Marcos,16,92.3671714225609,71.2691929543438,21.097978468217107,92.3671714225609,visitar_agora,
8aa8b1a20aa7fff,-22.396745437143267,-41.81423848617051,São Marcos,9,92.30787834940193,69.22819550013031,23.07968284927162,92.30787834940193,visitar_agora,
8aa8b1a262c7fff,-22.39753303562656,-41.792313980471,Granja dos Cavaleiros,17,92.30273498474081,78.22063929010004,14.08209569464077,92.30273498474081,visitar_agora,
8aa8b1a25a57fff,-22.405921678959675,-41.84032758011165,Cancela Preta,25,92.29277004299006,78.29404078475466,13.9987292582354,92.29277004299006,visitar_agora,
8aa8b1b566f7fff,-22.406931793246763,-41.846931985428526,Cancela Preta,14,92.26849531921013,79.79972545290074,12.468769866309387,92.26849531921013,visitar_agora,
8aa8b1b7240ffff,-22.446987452256216,-41.86491306187186,Novo Horizonte,1,92.24381781498742,70.75669487623115,21.487122938756272,92.24381781498742,visitar_agora,
8aa8b1b72c8ffff,-22.453224360761453,-41.86504798846232,Aphaville (Costa do Sol),1,92.21409644578745,71.03865941362268,21.175437032164766,92.21409644578745,visitar_agora,
8aa8b1a22917fff,-22.39581799095047,-41.787888832286555,Glória,5,92.1988540410006,83.09396212991315,9.10489191108745,92.1988540410006,visitar_agora,
8aa8b1a2541ffff,-22.403794884732733,-41.81965635545592,São Marcos,24,92.17786385950913,78.68424808603145,13.493615773477686,92.17786385950913,visitar_agora,
8aa8b1a2666ffff,-22.39783072191025,-41.78749327363862,Glória,19,92.11838321042562,86.51523783013967,5.603145380285952,92.11838321042562,visitar_agora,
8aa8b1a262f7fff,-22.398438162791543,-41.79145578781037,Glória,21,92.1080165138903,93.19957287117255,0.0,92.1080165138903,visitar_agora,
8aa8b1a22d47fff,-22.392995126496203,-41.78300108308491,Aroeira,19,92.07846067293922,77.46188402842618,14.616576644513032,92.07846067293922,visitar_agora,
8aa8b1a25b5ffff,-22.408136358765585,-41.841253061007606,Cancela Preta,25,92.01651849463784,81.12967936422662,10.886839130411218,92.01651849463784,visitar_agora,
8aa8b1a20b97fff,-22.39855592770226,-41.81252215792895,Nova Holanda,9,91.95923890713227,76.93495721524518,15.024281691887097,91.95923890713227,visitar_agora,
8aa8b1a25b4ffff,-22.40833839155669,-41.842573945035944,Cancela Preta,25,91.95125722981274,85.03523362165328,6.916023608159463,91.95125722981274,visitar_agora,
8aa8b1b54c8ffff,-22.43139326027179,-41.86457575694572,Cancela Preta,3,91.90559567773074,66.59377373774777,25.311821939982977,91.90559567773074,visitar_agora,
8aa8b1a2628ffff,-22.398235693649504,-41.79013494867564,Glória,21,91.88238066395989,94.0178382468861,0.0,91.88238066395989,visitar_agora,
8aa8b1a256a7fff,-22.398161141693617,-41.823484442887704,São Marcos,11,91.84409871383453,82.56881644033867,9.275282273495861,91.84409871383453,visitar_agora,
8aa8b1b72c4ffff,-22.453126275168877,-41.8711901097195,Aphaville (Costa do Sol),1,91.82078886327298,69.09454115604179,22.726247707231195,91.82078886327298,visitar_agora,
8aa8b1a2476ffff,-22.41153670821076,-41.80929103012124,Bosque Azul,15,91.77313884608618,86.60238888175274,5.170749964333439,91.77313884608618,visitar_agora,
8aa8b1a203a7fff,-22.3921128371586,-41.811066920461556,São Marcos,9,91.75232002903265,71.15944539822642,20.59287463080622,91.75232002903265,visitar_agora,
8aa8b1b54cb7fff,-22.433203577505914,-41.862859468948585,Novo Horizonte,3,91.71464111533611,84.62805762974871,7.086583485587397,91.71464111533611,visitar_agora,
8aa8b1b7211ffff,-22.451316277648203,-41.87290642898042,Aphaville (Costa do Sol),1,91.69039987980338,73.06919179322425,18.62120808657913,91.69039987980338,visitar_agora,
8aa8b1b54caffff,-22.432500222853015,-41.865038558242546,Novo Horizonte,3,91.67056698261923,71.91735421172451,19.75321277089472,91.67056698261923,visitar_agora,
8aa8b1a2578ffff,-22.39926863254527,-41.82394714679843,São Marcos,22,91.60315515270652,82.222085173564,9.381069979142524,91.60315515270652,visitar_agora,
8aa8b1a22d77fff,-22.39390025042209,-41.782142884429106,Aroeira,19,91.57669053618642,88.5640351680548,3.012655368131618,91.57669053618642,visitar_agora,
8aa8b1a2299ffff,-22.393400192214962,-41.78564273360979,Aroeira,5,91.45669569372987,78.38813861108348,13.068557082646393,91.45669569372987,visitar_agora,
8aa8b1b724effff,-22.44497563967574,-41.86530841039289,Novo Horizonte,1,91.43201976295995,68.41792122776518,23.014098535194776,91.43201976295995,visitar_agora,
8aa8b1a262d7fff,-22.397330571461744,-41.79099314278234,Glória,21,91.39888085148738,83.5788292927538,7.8200515587335815,91.39888085148738,visitar_agora,
8aa8b1b7250ffff,-22.45010596139928,-41.86498052483708,Aphaville (Costa do Sol),1,91.35830553590758,79.26400801910516,12.094297516802413,91.35830553590758,visitar_agora,
8aa8b1b544effff,-22.423142508244453,-41.86483617605966,Cancela Preta,8,91.32165993498518,79.95191038561788,11.369749549367299,91.32165993498518,visitar_agora,
8aa8b1a22937fff,-22.396925609677748,-41.78835147063472,Glória,19,91.31372056550724,91.84709557291792,0.0,91.31372056550724,visitar_agora,
8aa8b1a2024ffff,-22.386883133192683,-41.817536664491776,São Marcos,30,91.28683197961888,71.35664112188704,19.930190857731844,91.28683197961888,visitar_agora,
8aa8b1a242b7fff,-22.410631620053913,-41.8101492171034,Bosque Azul,15,91.2371651164512,79.67075674153705,11.566408374914147,91.2371651164512,visitar_agora,
8aa8b1a21c8ffff,-22.38839530102741,-41.82064101362157,São Marcos,30,91.17729832481575,77.98453893379423,13.192759391021525,91.17729832481575,visitar_agora,
8aa8b1a2298ffff,-22.39360270835074,-41.786963560495565,Aroeira,5,91.10706453619586,79.79972545290074,11.307339083295119,91.10706453619586,visitar_agora,
8aa8b1a24adffff,-22.414762670639398,-41.81682082404012,Virgem Santa,15,91.09374090996484,92.04121429624632,0.0,91.09374090996484,visitar_agora,
8aa8b1b5440ffff,-22.425154815456267,-41.86444083959507,Cancela Preta,8,91.03442100503017,62.52529581049559,28.509125194534576,91.03442100503017,visitar_agora,
8aa8b1a20787fff,-22.38958867610214,-41.801358435065524,Visconde de Araújo,18,91.0138687203349,75.74241239036662,15.271456329968274,91.0138687203349,visitar_agora,
8aa8b1a204f7fff,-22.392101981757747,-41.7974630874123,Visconde de Araújo,10,90.98583316080786,78.73378355361685,12.252049607191012,90.98583316080786,visitar_agora,
8aa8b1a2438ffff,-22.411941266308467,-41.811932783272994,Bosque Azul,15,90.93425220192191,88.84057914922683,2.093673052695081,90.93425220192191,visitar_agora,
8aa8b1a254d7fff,-22.401579976701843,-41.8187309580632,São Marcos,24,90.92044041746898,78.15650807883374,12.763932338635243,90.92044041746898,visitar_agora,
8aa8b1a215a7fff,-22.385775470555085,-41.817073981033445,São Marcos,30,90.85965701800131,68.0441721066127,22.81548491138861,90.85965701800131,visitar_agora,
8aa8b1a21caffff,-22.38950292119702,-41.821103705365296,São Marcos,26,90.84997419900024,74.07879741312283,16.771176785877415,90.84997419900024,visitar_agora,
8aa8b1a2474ffff,-22.410429329240365,-41.80882834357034,Bosque Azul,23,90.81899567465794,90.60286701420675,0.21612866045119006,90.81899567465794,visitar_agora,
8aa8b1b54c97fff,-22.432096617593402,-41.862396671016526,Novo Horizonte,3,90.78379747370404,77.5422115002548,13.241585973449247,90.78379747370404,visitar_agora,
8aa8b1a20317fff,-22.39231515001169,-41.812387757170995,São Marcos,9,90.77554846401429,69.31476482680824,21.46078363720605,90.77554846401429,visitar_agora,
8aa8b1b72c47fff,-22.45403125315064,-41.87033194653489,Aphaville (Costa do Sol),1,90.74266440779684,68.8706545425107,21.87200986528613,90.74266440779684,visitar_agora,
8aa8b1b5299ffff,-22.403310366394695,-41.85036449567424,Cancela Preta,14,90.72221020599841,68.24482418726146,22.47738601873695,90.72221020599841,visitar_agora,
8aa8b1a21537fff,-22.387085405074416,-41.81885749347708,São Marcos,30,90.68195518702835,76.26779386520607,14.414161321822277,90.68195518702835,visitar_agora,
8aa8b1b566affff,-22.40783711536752,-41.84607385197074,Cancela Preta,14,90.67504445066132,79.4238582993486,11.251186151312723,90.67504445066132,visitar_agora,
8aa8b1a2010ffff,-22.397949000027005,-41.80855961203284,Nova Holanda,6,90.66481573224326,75.64423066715325,15.020585065090003,90.66481573224326,visitar_agora,
8aa8b1a22837fff,-22.39380521333711,-41.788284388461705,Aroeira,5,90.54849479686408,81.89837428858043,8.65012050828365,90.54849479686408,visitar_agora,
8aa8b1b72527fff,-22.452117656566468,-41.86458517211458,Aphaville (Costa do Sol),1,90.54220286918346,70.57098827408097,19.97121459510248,90.54220286918346,visitar_agora,
8aa8b1a207a7fff,-22.39069633494791,-41.80182109310691,Morro de São Jorge,10,90.43551475358424,72.4353909698593,18.000123783724945,90.43551475358424,visitar_agora,
8aa8b1b72007fff,-22.44930454324517,-41.87330175526192,Novo Horizonte,1,90.32263593092769,74.46909969023903,15.853536240688655,90.32263593092769,visitar_agora,
8aa8b1a26287fff,-22.39914080198345,-41.789276752236134,Glória,21,90.31613536771931,64.5317160128926,25.78441935482671,90.31613536771931,visitar_agora,
8aa8b1a21517fff,-22.38597774861851,-41.818394807506834,São Marcos,30,90.28267927741528,77.59417853407176,12.688500743343525,90.28267927741528,visitar_agora,
8aa8b1a25aeffff,-22.404814316455674,-41.839864842106614,Cancela Preta,25,90.24143264592,76.01407845259388,14.227354193326121,90.24143264592,visitar_agora,
8aa8b1a2292ffff,-22.39622296508169,-41.79053049938905,Granja dos Cavaleiros,5,90.20350551498947,80.06426774493242,10.13923777005705,90.20350551498947,visitar_agora,
8aa8b1a262e7fff,-22.398640620781514,-41.7927766280207,Glória,17,90.12579386297759,79.79972545290074,10.326068410076843,90.12579386297759,visitar_agora,
8aa8b1a21d27fff,-22.395040796233047,-41.82341718854708,São Marcos,11,90.11850689043561,85.77213554706015,4.346371343375466,90.11850689043561,visitar_agora,
8aa8b1a20b27fff,-22.401377735622074,-41.81741009914727,São Marcos,24,90.03570484530724,77.76629859039063,12.269406254916603,90.03570484530724,visitar_agora,
8aa8b1a21527fff,-22.38728766580539,-41.82017832350884,São Marcos,30,89.98062138205621,69.66035505238901,20.320266329667206,89.98062138205621,visitar_agora,
8aa8b1a262effff,-22.39773548863959,-41.79363481923434,Granja dos Cavaleiros,17,89.96265839030215,83.27437482226895,6.688283568033199,89.96265839030215,visitar_agora,
8aa8b1b56687fff,-22.40763510986891,-41.84475296738448,Cancela Preta,25,89.92279362928326,77.97985326434795,11.94294036493531,89.92279362928326,visitar_agora,
8aa8b1a20ba7fff,-22.399865724833997,-41.8143056957492,São Marcos,9,89.90546808326445,76.85364341320874,13.051824670055709,89.90546808326445,visitar_agora,
8aa8b1b54407fff,-22.426060044189008,-41.86358270498869,Cancela Preta,8,89.86973055458833,71.71782925110251,18.151901303485815,89.86973055458833,visitar_agora,
8aa8b1a22d4ffff,-22.392089988716606,-41.783859279411104,Aroeira,5,89.848290611984,75.99925691741227,13.84903369457173,89.848290611984,visitar_agora,
8aa8b1a242d7fff,-22.407916272468835,-41.8127237639975,Bosque Azul,20,89.78743738459893,70.8543125660136,18.933124818585327,89.78743738459893,visitar_agora,
8aa8b1a22817fff,-22.39269755563819,-41.78782175249569,Aroeira,5,89.77695616754448,81.89837428858043,7.878581878964056,89.77695616754448,visitar_agora,
8aa8b1a24ad7fff,-22.415667752060976,-41.81596264025728,Virgem Santa,15,89.67482412172912,73.90676489279545,15.768059228933666,89.67482412172912,visitar_agora,
8aa8b1b52c77fff,-22.400691620014477,-41.84679724597553,Cancela Preta,14,89.63757615454129,68.0256972963909,21.61187885815039,89.63757615454129,visitar_agora,
8aa8b1a257affff,-22.400376108337554,-41.82440985233982,São Marcos,22,89.62710300506464,88.40794391806563,1.2191590869990137,89.62710300506464,visitar_agora,
8aa8b1b72027fff,-22.45041125811084,-41.873764585055994,Aphaville (Costa do Sol),1,89.51808603976392,74.87931077618583,14.638775263578083,89.51808603976392,visitar_agora,
8aa8b1b5445ffff,-22.423344316469453,-41.86615710170918,Cancela Preta,8,89.47984796567212,73.95925682743831,15.520591138233812,89.47984796567212,visitar_agora,
8aa8b1a24667fff,-22.409321935207963,-41.80836565865202,Bosque Azul,20,89.45654971679528,75.05985174170615,14.396697975089126,89.45654971679528,visitar_agora,
8aa8b1a2291ffff,-22.39491285598845,-41.788747026062765,Aroeira,5,89.43754633618211,82.79478488831386,6.642761447868253,89.43754633618211,visitar_agora,
8aa8b1a22d2ffff,-22.394805360493486,-41.78128468344409,Aroeira,19,89.41774757890526,76.86452774171416,12.553219837191108,89.41774757890526,visitar_agora,
8aa8b1a2568ffff,-22.39614832607267,-41.8238798900757,São Marcos,11,89.36559949222611,71.93377892384741,17.431820568378697,89.36559949222611,visitar_agora,
8aa8b1a254affff,-22.4035926560245,-41.81833549151632,São Marcos,24,89.31278351681773,89.55599241230175,0.0,89.31278351681773,visitar_agora,
8aa8b1a22807fff,-22.39290005564746,-41.78914257901798,Aroeira,5,89.26117218571206,80.15354178035345,9.107630405358606,89.26117218571206,visitar_agora,
8aa8b1a21507fff,-22.386180015531707,-41.819715635027165,São Marcos,30,89.20598803980585,62.98630308852709,26.219684951278758,89.20598803980585,visitar_agora,
8aa8b1a254e7fff,-22.402889661984084,-41.82051451841792,São Marcos,24,89.19336807248722,79.67172882053625,9.521639251950972,89.19336807248722,visitar_agora,
8aa8b1a21d07fff,-22.393933251336577,-41.82295448864914,São Marcos,11,89.07538644263617,67.9073494243807,21.168037018255475,89.07538644263617,visitar_agora,
8aa8b1a2025ffff,-22.386680850160424,-41.81621583655433,São Marcos,30,88.99236591772495,70.2621709543978,18.73019496332715,88.99236591772495,visitar_agora,
8aa8b1a20157fff,-22.397043776587548,-41.8094177817044,Nova Holanda,9,88.9246866162635,72.2935442796599,16.631142336603602,88.9246866162635,visitar_agora,
8aa8b1a20bb7fff,-22.39966344410137,-41.81298484249514,Nova Holanda,9,88.8768504619119,76.63589005343424,12.240960408477662,88.8768504619119,visitar_agora,
8aa8b1a2439ffff,-22.411738992839744,-41.81061190616947,Bosque Azul,15,88.85375040276541,92.85703112223077,0.0,88.85375040276541,visitar_agora,
8aa8b1a2621ffff,-22.399545739070362,-41.79191843447306,Glória,21,88.74580776106362,92.82158345675626,0.0,88.74580776106362,visitar_agora,
8aa8b1a21c17fff,-22.390610526313488,-41.82156639873997,São Marcos,26,88.72472731067822,70.87869528611006,17.84603202456816,88.72472731067822,visitar_agora,
8aa8b1a20487fff,-22.39280475274275,-41.795284078310516,Granja dos Cavaleiros,10,88.63286097454181,89.99427638563023,0.0,88.63286097454181,visitar_agora,
8aa8b1a22907fff,-22.39602048359145,-41.78920966529881,Glória,5,88.61426060746953,84.24903504391705,4.365225563552485,88.61426060746953,visitar_agora,
8aa8b1a2548ffff,-22.402485203353145,-41.81787279451609,São Marcos,24,88.50970200811223,86.78475845986999,1.724943548242237,88.50970200811223,visitar_agora,
8aa8b1a21cd7fff,-22.387489915385345,-41.82149915458565,São Marcos,30,88.49533067385562,64.90705737549777,23.588273298357848,88.49533067385562,visitar_agora,
8aa8b1a2071ffff,-22.389993459128036,-41.80400008968715,Botafogo,18,88.42354454155935,72.64261014417434,15.78093439738501,88.42354454155935,visitar_agora,
8aa8b1b544dffff,-22.421833602918888,-41.863052459753035,Cancela Preta,8,88.41612200083785,72.33021545647217,16.08590654436567,88.41612200083785,visitar_agora,
8aa8b1a21cf7fff,-22.388597544424172,-41.82196184720916,São Marcos,26,88.38678869913747,70.58513063752143,17.80165806161604,88.38678869913747,visitar_agora,
8aa8b1a22867fff,-22.392399840723833,-41.792642420627566,Visconde de Araújo,5,88.35326283616652,78.92787208529803,9.425390750868488,88.35326283616652,visitar_agora,
8aa8b1a262dffff,-22.396425435420927,-41.79185133455586,Granja dos Cavaleiros,5,88.3223970086914,77.54369462895454,10.778702379736856,88.3223970086914,visitar_agora,
8aa8b1a25417fff,-22.404700093635412,-41.818798190147916,São Marcos,24,88.28665744285199,82.5746679873437,5.711989455508288,88.28665744285199,visitar_agora,
8aa8b1b7251ffff,-22.44990420287998,-41.863659544296766,Aphaville (Costa do Sol),1,88.25905911396106,73.7471712179277,14.511887896033357,88.25905911396106,visitar_agora,
8aa8b1b54427fff,-22.427167075991946,-41.86404550065165,Cancela Preta,8,88.17239176639768,72.88666170507918,15.285730061318503,88.17239176639768,visitar_agora,
8aa8b1b72c1ffff,-22.454532783516665,-41.866831796955815,Aphaville (Costa do Sol),1,88.14287411107573,69.65346551433456,18.48940859674117,88.14287411107573,visitar_agora,
8aa8b1b547b7fff,-22.422237242956037,-41.86569430506451,Cancela Preta,8,88.05545716863476,69.42261724713418,18.632839921500576,88.05545716863476,visitar_agora,
8aa8b1b56b67fff,-22.42092833372002,-41.86391058938541,Cancela Preta,8,88.03205762465505,72.00106279332972,16.03099483132533,88.03205762465505,visitar_agora,
8aa8b1a2286ffff,-22.3914946453802,-41.79350060362597,Visconde de Araújo,5,88.02531407251584,78.44430882667818,9.581005245837659,88.02531407251584,visitar_agora,
8aa8b1a24297fff,-22.409524232205648,-41.80968652966975,Bosque Azul,20,88.00809825574758,79.33454766934787,8.673550586399713,88.00809825574758,visitar_agora,
8aa8b1b724e7fff,-22.44588066990313,-41.864450250288996,Novo Horizonte,1,87.97236904330018,75.13706608815598,12.8353029551442,87.97236904330018,visitar_agora,
8aa8b1a208cffff,-22.39946115221334,-41.81166399029381,Nova Holanda,9,87.89565393690366,73.4691845078744,14.426469429029254,87.89565393690366,visitar_agora,
8aa8b1a2070ffff,-22.39019583391598,-41.80532091859203,Morro de São Jorge,18,87.86749418238784,73.09075394222167,14.776740240166177,87.86749418238784,visitar_agora,
8aa8b1a2152ffff,-22.38638227129441,-41.82103646359303,São Marcos,30,87.86168269752336,66.50707507094668,21.35460762657668,87.86168269752336,visitar_agora,
8aa8b1a22847fff,-22.39129217762195,-41.79217977784215,Visconde de Araújo,5,87.85327265270898,77.95436308584055,9.898909566868426,87.85327265270898,visitar_agora,
8aa8b1a22827fff,-22.394007707173806,-41.78960521750681,Aroeira,5,87.81110960826393,81.89837428858043,5.912735319683506,87.81110960826393,visitar_agora,
8aa8b1b72caffff,-22.454331049856606,-41.86551080643588,Aphaville (Costa do Sol),1,87.79761532739188,66.7814151307945,21.01620019659738,87.79761532739188,visitar_agora,
8aa8b1b72437fff,-22.448797453389957,-41.86319673282679,Aphaville (Costa do Sol),1,87.79198414120319,75.08011456656506,12.71186957463813,87.79198414120319,visitar_agora,
8aa8b1a228b7fff,-22.3922925221725,-41.78518010269086,Aroeira,5,87.7528702139104,81.18664834879272,6.566221865117683,87.7528702139104,visitar_agora,
8aa8b1b5450ffff,-22.428274092710012,-41.86450829794042,Cancela Preta,3,87.7417026244805,74.49471374038514,13.246988884095359,87.7417026244805,visitar_agora,
8aa8b1b52ca7fff,-22.400990910756946,-41.841976508952314,Cancela Preta,27,87.70987674315339,70.45751716018613,17.25235958296726,87.70987674315339,visitar_agora,
8aa8b1a2072ffff,-22.39130347422971,-41.805783584185264,Morro de São Jorge,18,87.68134378601805,71.36612154609097,16.31522223992708,87.68134378601805,visitar_agora,
8aa8b1b566a7fff,-22.408742423649812,-41.84521571615518,Cancela Preta,25,87.66510805935678,77.59967981313389,10.065428246222893,87.66510805935678,visitar_agora,
8aa8b1a21d1ffff,-22.392825691383997,-41.82249179038194,São Marcos,26,87.64184705730699,70.2658729544593,17.375974102847692,87.64184705730699,visitar_agora,
8aa8b1b54527fff,-22.430286282603163,-41.86411295727466,Cancela Preta,3,87.50784205216293,68.25277357726095,19.255068474901975,87.50784205216293,visitar_agora,
8aa8b1b56b77fff,-22.42072650190884,-41.86258966972409,Cancela Preta,13,87.41866757018151,72.97799968424941,14.4406678859321,87.41866757018151,visitar_agora,
8aa8b1a2282ffff,-22.39310254450733,-41.7904634066183,Aroeira,5,87.40458169871135,78.63082864548416,8.773753053227196,87.40458169871135,visitar_agora,
8aa8b1a2084ffff,-22.40097321999267,-41.814768384460926,São Marcos,9,87.39225657855611,72.21541639186339,15.17684018669273,87.39225657855611,visitar_agora,
8aa8b1a2151ffff,-22.38507235020709,-41.8192529481766,São Marcos,30,87.34360710309318,64.26338004208442,23.080227061008756,87.34360710309318,visitar_agora,
8aa8b1b566b7fff,-22.408540413184856,-41.8438948300856,Cancela Preta,25,87.31249325343276,78.68928449664926,8.623208756783498,87.31249325343276,visitar_agora,
8aa8b1b54cf7fff,-22.43159505234752,-41.865896699561056,Cancela Preta,3,87.1978649405062,72.6942125933345,14.503652347171695,87.1978649405062,visitar_agora,
8aa8b1a262cffff,-22.396627894608905,-41.79317217079786,Granja dos Cavaleiros,17,87.1889877424338,78.00487336762781,9.184114374805986,87.1889877424338,visitar_agora,
8aa8b1b5452ffff,-22.429381094342453,-41.864971096854944,Cancela Preta,3,87.17700553822863,72.91095344125635,14.266052096972274,87.17700553822863,visitar_agora,
8aa8b1b52c0ffff,-22.40048960462738,-41.84547637584778,Cancela Preta,14,87.16729021755431,83.11104146847565,4.056248749078662,87.16729021755431,visitar_agora,
8aa8b1b54d9ffff,-22.434310522330428,-41.86332226850664,Novo Horizonte,3,87.15838074622089,76.35256072518067,10.805820021040219,87.15838074622089,visitar_agora,
8aa8b1a204b7fff,-22.393709944187986,-41.794425895873516,Granja dos Cavaleiros,10,87.13738169642093,74.3466281918839,12.790753504537037,87.13738169642093,visitar_agora,
8aa8b1b54cd7fff,-22.43048808088853,-41.86543389739518,Cancela Preta,3,87.1196175554218,73.00557515430862,14.114042401113181,87.1196175554218,visitar_agora,
8aa8b1a2545ffff,-22.40218663299833,-41.82269354108517,São Marcos,24,87.06116843326551,90.07239638276046,0.0,87.06116843326551,visitar_agora,
8aa8b1a2296ffff,-22.394615121783275,-41.79356771110182,Granja dos Cavaleiros,5,87.04599230814581,77.24581450640386,9.800177801741953,87.04599230814581,visitar_agora,
8aa8b1a2280ffff,-22.391994884106364,-41.79000076724191,Aroeira,5,87.03830786513498,79.79972545290074,7.238582412234237,87.03830786513498,visitar_agora,
8aa8b1b54c17fff,-22.433607170346107,-41.86550136116507,Novo Horizonte,3,87.02511209243691,75.21242721944436,11.812684872992548,87.02511209243691,visitar_agora,
8aa8b1b5661ffff,-22.408039109702955,-41.84739473757461,Cancela Preta,14,86.96128967127717,78.34105250971479,8.620237161562386,86.96128967127717,visitar_agora,
8aa8b1b528a7fff,-22.402404975093297,-41.851222617337456,Cancela Preta,4,86.94995889072355,67.93490584334246,19.015053047381087,86.94995889072355,visitar_agora,
8aa8b1a20867fff,-22.40298590295419,-41.814372905985515,Nova Holanda,20,86.94097114288003,80.1313773944099,6.809593748470135,86.94097114288003,visitar_agora,
8aa8b1a228a7fff,-22.392495044479784,-41.786500927052856,Aroeira,5,86.9344070210555,83.64532418836106,3.2890828326944472,86.9344070210555,visitar_agora,
8aa8b1a25687fff,-22.397053635783323,-41.82302174060766,São Marcos,11,86.9064830610709,70.7851763805851,16.1213066804858,86.9064830610709,visitar_agora,
8aa8b1b0934ffff,-22.43300176432139,-41.861538524339416,Novo Horizonte,3,86.86692775757294,82.61608022021018,4.250847537362759,86.86692775757294,visitar_agora,
8aa8b1a205b7fff,-22.396830342645366,-41.79449300811362,Granja dos Cavaleiros,17,86.83276957290266,74.95459979355077,11.878169779351893,86.83276957290266,visitar_agora,
8aa8b1a215b7fff,-22.38557318134169,-41.815753155608405,São Marcos,30,86.82275426395292,70.78583929885968,16.03691496509323,86.82275426395292,visitar_agora,
8aa8b1a257a7fff,-22.401281377589573,-41.82355169788635,São Marcos,22,86.81694042902757,91.84709557291792,0.0,86.81694042902757,visitar_agora,
8aa8b1a22c67fff,-22.390982297457626,-41.78339665265203,Aroeira,5,86.75463594027863,79.68790184351171,7.066734096766922,86.75463594027863,visitar_agora,
8aa8b1a20587fff,-22.39592518279963,-41.79535119465815,Granja dos Cavaleiros,17,86.7283416753968,77.14223051373246,9.586111161664348,86.7283416753968,visitar_agora,
8aa8b1b56617fff,-22.408944422951308,-41.84653660324327,Cancela Preta,14,86.71339850611808,75.33840718229531,11.37499132382277,86.71339850611808,visitar_agora,
8aa8b1a2090ffff,-22.405701428449063,-41.81179838546835,Bosque Azul,20,86.697215186704,77.26949493266078,9.427720254043223,86.697215186704,visitar_agora,
8aa8b1b54d8ffff,-22.434512318128874,-41.86464321661098,Novo Horizonte,3,86.67072284769208,66.9145228485979,19.75619999909418,86.67072284769208,visitar_agora,
8aa8b1a2086ffff,-22.40208070009324,-41.81523107480446,São Marcos,24,86.6527478793586,80.53164662123292,6.121101258125677,86.6527478793586,visitar_agora,
8aa8b1a2076ffff,-22.38969525454885,-41.80882074015787,São Marcos,18,86.64606156957639,78.75854050191087,7.887521067665517,86.64606156957639,visitar_agora,
8aa8b1a20847fff,-22.401878431728075,-41.81391021652347,Nova Holanda,24,86.57144416979253,70.23033475425623,16.341109415536295,86.57144416979253,visitar_agora,
8aa8b1a22957fff,-22.394210189860573,-41.79092604762946,Granja dos Cavaleiros,5,86.54459821466112,79.06299056379703,7.481607650864092,86.54459821466112,visitar_agora,
8aa8b1b54477fff,-22.42535662243766,-41.865761769236684,Cancela Preta,8,86.49380204814953,67.11593209767128,19.377869950478257,86.49380204814953,visitar_agora,
8aa8b1b5451ffff,-22.428072282006664,-41.86318736281005,Cancela Preta,3,86.46690910944935,85.5592482317094,0.9076608777399429,86.46690910944935,visitar_agora,
8aa8b1a25637fff,-22.399470825243046,-41.82526800444519,São Marcos,22,86.46041978331971,83.61436128068198,2.8460585026377316,86.46041978331971,visitar_agora,
8aa8b1a2039ffff,-22.38989759091346,-41.81014157078272,São Marcos,18,86.41364163579756,73.46024816077616,12.9533934750214,86.41364163579756,visitar_agora,
8aa8b1b56b27fff,-22.422537016537554,-41.86087340510305,Cancela Preta,13,86.3981119079192,74.04870567335486,12.349406234564341,86.3981119079192,visitar_agora,
8aa8b1a2571ffff,-22.400578294847882,-41.82573071249605,Cancela Preta,22,86.36415837029506,87.59648681415587,0.0,86.36415837029506,visitar_agora,
8aa8b1b52d97fff,-22.40280161001357,-41.8402602424929,Cancela Preta,27,86.3411054735238,72.836042950334,13.505062523189793,86.3411054735238,visitar_agora,
8aa8b1a20827fff,-22.404593983848727,-41.81133569865203,Bosque Azul,20,86.3168998933648,83.27437482226895,3.0425250710958522,86.3168998933648,visitar_agora,
8aa8b1a2281ffff,-22.39179238907382,-41.788679942164066,Aroeira,5,86.21342820510903,79.79972545290074,6.41370275220828,86.21342820510903,visitar_agora,
8aa8b1a2290ffff,-22.39511534365213,-41.79006785763052,Granja dos Cavaleiros,5,86.20718403441161,83.27437482226895,2.932809212142658,86.20718403441161,visitar_agora,
8aa8b1a202b7fff,-22.388789945214462,-41.80967889839174,São Marcos,29,86.17836881643947,71.98974657333095,14.188622243108526,86.17836881643947,visitar_agora,
8aa8b1a2294ffff,-22.39350748877785,-41.79310506504747,Granja dos Cavaleiros,5,86.17094509394627,75.67944347305706,10.49150162088921,86.17094509394627,visitar_agora,
8aa8b1a20b37fff,-22.401175483385593,-41.81608924127938,São Marcos,24,86.16012674839047,83.27437482226895,2.8857519261215145,86.16012674839047,visitar_agora,
8aa8b1b54797fff,-22.42113015436012,-41.86523151004542,Cancela Preta,8,86.12684646063035,72.9112921414874,13.215554319142953,86.12684646063035,visitar_agora,
8aa8b1b54437fff,-22.426965259080262,-41.8627245680166,Cancela Preta,8,86.05013989339814,86.0532206426431,0.0,86.05013989339814,visitar_agora,
8aa8b1b5448ffff,-22.423644099797322,-41.86133619339229,Cancela Preta,8,86.04451441901568,71.80915309825048,14.235361320765207,86.04451441901568,visitar_agora,
8aa8b1a2150ffff,-22.38527461215211,-41.820573774231356,São Marcos,30,86.0263917511482,61.06624400553616,24.960147745612034,86.0263917511482,visitar_agora,
8aa8b1a26217fff,-22.400450843505354,-41.791060238591804,Glória,21,85.97236781774542,70.89646031170764,15.07590750603778,85.97236781774542,visitar_agora,
8aa8b1b7241ffff,-22.446785686279156,-41.86359208781886,Novo Horizonte,1,85.80238662490393,75.2094385318802,10.592948093023736,85.80238662490393,visitar_agora,
8aa8b1b52c1ffff,-22.400287578080345,-41.84415550673825,Cancela Preta,27,85.76510810466614,89.04355284775806,0.0,85.76510810466614,visitar_agora,
8aa8b1b54c1ffff,-22.43270200871867,-41.86635950335254,Cancela Preta,3,85.73419580958452,70.23621574853863,15.497980061045894,85.73419580958452,visitar_agora,
8aa8b1b72417fff,-22.44769068880304,-41.86273392298284,Aphaville (Costa do Sol),1,85.69602761563185,77.44138593341397,8.25464168221788,85.69602761563185,visitar_agora,
8aa8b1a24287fff,-22.409726518044124,-41.81100740174375,Bosque Azul,15,85.69029056285673,82.26981966315168,3.4204708997050517,85.69029056285673,visitar_agora,
8aa8b1a20877fff,-22.402783629616405,-41.81305204624258,Nova Holanda,20,85.63459588276262,75.29954779501,10.335048087752625,85.63459588276262,visitar_agora,
8aa8b1a242a7fff,-22.410833899707733,-41.81147009169225,Bosque Azul,15,85.60261682726872,86.2928590898586,0.0,85.60261682726872,visitar_agora,
8aa8b1a21cc7fff,-22.387692153814,-41.822819986706115,São Marcos,26,85.53363094400729,71.86381701704204,13.669813926965247,85.53363094400729,visitar_agora,
8aa8b1a21cdffff,-22.386584515906357,-41.82235729320304,São Marcos,30,85.49417365386095,60.132660902222526,25.36151275163843,85.49417365386095,visitar_agora,
8aa8b1a228affff,-22.391589882892408,-41.78735911816476,Aroeira,5,85.38529127587049,85.03452929042994,0.35076198544054193,85.38529127587049,visitar_agora,
8aa8b1a25467fff,-22.40440150390819,-41.82361895354306,Cancela Preta,24,85.36966976414465,88.22834869395632,0.0,85.36966976414465,visitar_agora,
8aa8b1b52c6ffff,-22.399988220164005,-41.84897623852417,Cancela Preta,14,85.36258963197011,80.98835377005007,4.374235861920042,85.36258963197011,visitar_agora,
8aa8b1b54557fff,-22.42736888172987,-41.865366434285264,Cancela Preta,8,85.26903253900929,68.65738043759954,16.611652101409746,85.26903253900929,visitar_agora,
8aa8b1a2082ffff,-22.403688813656885,-41.81219387361865,Bosque Azul,20,85.21728538042251,80.08742611068497,5.129859269737537,85.21728538042251,visitar_agora,
8aa8b1a25707fff,-22.401685749392165,-41.82619342217734,Cancela Preta,22,85.18753397657193,81.05552057448666,4.1320134020852635,85.18753397657193,visitar_agora,
8aa8b1a20397fff,-22.390802891376723,-41.80928341166616,São Marcos,18,85.08358800417908,71.63754339162993,13.446044612549144,85.08358800417908,visitar_agora,
8aa8b1a22857fff,-22.391089698714605,-41.79085895313313,Aroeira,5,85.00592504684141,78.32225417172465,6.683670875116761,85.00592504684141,visitar_agora,
8aa8b1a20807fff,-22.403486524189084,-41.81087301346794,Bosque Azul,20,84.97981764755438,83.27437482226895,1.7054428252854308,84.97981764755438,visitar_agora,
8aa8b1a22897fff,-22.391184837084054,-41.78471747340733,Aroeira,5,84.93726293467077,78.79625131007731,6.14101162459346,84.93726293467077,visitar_agora,
8aa8b1a20777fff,-22.39039819755358,-41.806641748557766,Morro de São Jorge,18,84.9289434165845,71.7495642177727,13.179379198811802,84.9289434165845,visitar_agora,
8aa8b1b0926ffff,-22.430989642593623,-41.861933874710495,Novo Horizonte,3,84.9005629874953,81.59666988976912,3.3038930977261884,84.9005629874953,visitar_agora,
8aa8b1b529b7fff,-22.405323086932455,-41.849969126416866,Cancela Preta,14,84.8928060920574,66.36772744823664,18.525078643820763,84.8928060920574,visitar_agora,
8aa8b1a21c27fff,-22.391920341220622,-41.82334993486449,São Marcos,26,84.86818731576062,70.18977493341139,14.678412382349237,84.86818731576062,visitar_agora,
8aa8b1a2049ffff,-22.39169710198909,-41.79482143048321,Visconde de Araújo,10,84.84395708901104,77.95210683969663,6.891850249314416,84.84395708901104,visitar_agora,
8aa8b1a2549ffff,-22.402282957301686,-41.8165519341358,São Marcos,24,84.83747930460753,82.24437358951786,2.5931057150896635,84.83747930460753,visitar_agora,
8aa8b1a22877fff,-22.392197367989787,-41.79132159339687,Aroeira,5,84.82028980329747,78.56922487356385,6.251064929733616,84.82028980329747,visitar_agora,
8aa8b1a2048ffff,-22.391899547448357,-41.79614225841246,Visconde de Araújo,10,84.79209281431051,79.39774465931467,5.394348154995839,84.79209281431051,visitar_agora,
8aa8b1a20767fff,-22.39060055004059,-41.807962579582934,Morro de São Jorge,18,84.71841361391988,79.5794192350632,5.13899437885668,84.71841361391988,visitar_agora,
8aa8b1b56b0ffff,-22.420524658926837,-41.861268751062866,Cancela Preta,13,84.70279960241822,83.27478549508982,1.4280141073284085,84.70279960241822,visitar_agora,
8aa8b1a25b47fff,-22.409243676066016,-41.84171580389844,Cancela Preta,25,84.6817149204894,77.8433888259684,6.838326094520994,84.6817149204894,visitar_agora,
8aa8b1b52c47fff,-22.39978622090131,-41.84765536886489,Cancela Preta,14,84.66214967916436,81.21406900373111,3.4480806754332463,84.66214967916436,visitar_agora,
8aa8b1a24ac7fff,-22.415869973484632,-41.81728352805696,Virgem Santa,15,84.61671343620525,76.10668125661694,8.510032179588308,84.61671343620525,visitar_agora,
8aa8b1b72107fff,-22.45242296853032,-41.87336925953217,Aphaville (Costa do Sol),1,84.53007993563504,67.46095571088645,17.06912422474859,84.53007993563504,visitar_agora,
8aa8b1a2080ffff,-22.402581345121867,-41.811731187552326,Nova Holanda,20,84.4970026380649,75.58706062487529,8.909942013189607,84.4970026380649,visitar_agora,
8aa8b1b54787fff,-22.421331963828884,-41.866552431702715,Cancela Preta,8,84.47287658009195,66.86907427644309,17.603802303648862,84.47287658009195,visitar_agora,
8aa8b1a20597fff,-22.395722739739355,-41.79403035879055,Granja dos Cavaleiros,17,84.38945190672034,77.45917968140738,6.930272225312962,84.38945190672034,visitar_agora,
8aa8b1a20957fff,-22.40479626713288,-41.812656561317084,Bosque Azul,20,84.3585611068041,79.79972545290074,4.558835653903358,84.3585611068041,visitar_agora,
8aa8b1a2509ffff,-22.403698445350805,-41.82579797874732,Cancela Preta,22,84.34406025770839,89.00985794080302,0.0,84.34406025770839,visitar_agora,
8aa8b1b54507fff,-22.42917928984787,-41.86365015922942,Cancela Preta,3,84.29800650432796,84.10173078810963,0.19627571621832374,84.29800650432796,visitar_agora,
8aa8b1a2285ffff,-22.39018449947296,-41.791717136691275,Aroeira,5,84.28827354900325,77.07751312927873,7.210760419724522,84.28827354900325,visitar_agora,
8aa8b1a2295ffff,-22.393305022217547,-41.79178423529527,Granja dos Cavaleiros,5,84.22046582287139,80.89812604694838,3.3223397759230124,84.22046582287139,visitar_agora,
8aa8b1a2081ffff,-22.402379049470863,-41.81041032991614,Nova Holanda,20,84.20899883186041,79.96252060343613,4.24647822842428,84.20899883186041,visitar_agora,
8aa8b1a25457fff,-22.403091874563046,-41.821835381936665,São Marcos,24,84.17961661314217,83.27437482226895,0.9052417908732195,84.17961661314217,visitar_agora,
8aa8b1b7210ffff,-22.451517957876163,-41.874227416474795,Aphaville (Costa do Sol),1,84.16433797900945,70.93149704662804,13.232840932381407,84.16433797900945,visitar_agora,
8aa8b1b54537fff,-22.43008447314267,-41.86279201815266,Cancela Preta,3,84.13950535251361,85.45962877511566,0.0,84.13950535251361,visitar_agora,
8aa8b1a2544ffff,-22.4023888294487,-41.82401440417922,Cancela Preta,22,84.12141408094311,95.90704973496634,0.0,84.12141408094311,visitar_agora,
8aa8b1a25717fff,-22.401483569069732,-41.82487255951179,Cancela Preta,22,84.11239927380869,89.9859573966881,0.0,84.11239927380869,visitar_agora,
8aa8b1a22947fff,-22.394412661397148,-41.792246878828266,Granja dos Cavaleiros,5,84.09150227878038,76.0397628138344,8.051739464945982,84.09150227878038,visitar_agora,
8aa8b1b7258ffff,-22.448595677474014,-41.86187575578133,Aphaville (Costa do Sol),1,84.04025596523866,73.85255184410151,10.187704121137145,84.04025596523866,visitar_agora,
8aa8b1a25acffff,-22.4037069388853,-41.83940210573027,Cancela Preta,25,83.98094345344917,75.59877820752567,8.382165245923503,83.98094345344917,visitar_agora,
8aa8b1a21577fff,-22.385476862946916,-41.82189460133074,São Marcos,30,83.93817754479238,65.86101092345662,18.077166621335763,83.93817754479238,visitar_agora,
8aa8b1b545affff,-22.427870460129263,-41.861866428679164,Cancela Preta,3,83.91295645232415,85.78381993104404,0.0,83.91295645232415,visitar_agora,
8aa8b1b09267fff,-22.431894798199963,-41.861075728903316,Novo Horizonte,3,83.87982818869777,66.9962684930359,16.883559695661873,83.87982818869777,visitar_agora,
8aa8b1a25487fff,-22.403390416158494,-41.817014628623795,São Marcos,24,83.8688315279353,78.89192527232993,4.976906255605371,83.8688315279353,visitar_agora,
8aa8b1b72c9ffff,-22.45302260970088,-41.863727001434626,Aphaville (Costa do Sol),1,83.83122181967197,67.99900446841114,15.832217351260823,83.83122181967197,visitar_agora,
8aa8b1a208f7fff,-22.4012715596948,-41.80994764799668,Nova Holanda,20,83.8076650236268,74.78897303668319,9.018691986943608,83.8076650236268,visitar_agora,
8aa8b1b56b07fff,-22.42142991819628,-41.860410618439985,Cancela Preta,13,83.68879709420145,75.07371154874008,8.615085545461369,83.68879709420145,visitar_agora,
8aa8b1a22977fff,-22.395317820165353,-41.791388690275326,Granja dos Cavaleiros,5,83.60546699809332,77.09748967146882,6.5079773266244985,83.60546699809332,visitar_agora,
8aa8b1a253b7fff,-22.40249435909957,-41.83147688321259,Cancela Preta,28,83.4901334658622,70.46040290135642,13.029730564505783,83.4901334658622,visitar_agora,
8aa8b1b725affff,-22.449702433177237,-41.862338564755504,Aphaville (Costa do Sol),1,83.45000359498309,69.87639954661621,13.573604048366875,83.45000359498309,visitar_agora,
8aa8b1a2572ffff,-22.401887918556632,-41.82751428588159,Cancela Preta,22,83.42977655343029,69.42458004630342,14.005196507126868,83.42977655343029,visitar_agora,
8aa8b1a21d0ffff,-22.393027910043624,-41.82381263401103,São Marcos,26,83.41050605775071,72.95240917251833,10.45809688523238,83.41050605775071,visitar_agora,
8aa8b1a21c07fff,-22.39081275734255,-41.822887237348624,São Marcos,26,83.39801944589314,72.86907409717672,10.52894534871642,83.39801944589314,visitar_agora,
8aa8b1a25447fff,-22.403294075983993,-41.82315624649874,Cancela Preta,24,83.34465336362358,90.07239638276046,0.0,83.34465336362358,visitar_agora,
8aa8b1b56b5ffff,-22.41871409887029,-41.862985009214334,Cancela Preta,13,83.33230883593184,72.24409026452129,11.08821857141055,83.33230883593184,visitar_agora,
8aa8b1a25727fff,-22.402793188875176,-41.82665613348901,Cancela Preta,22,83.21119788198415,92.53995351030684,0.0,83.21119788198415,visitar_agora,
8aa8b1a228e7fff,-22.390887208658413,-41.78953812950033,Aroeira,5,83.17180839728489,81.36826524378857,1.8035431534963209,83.17180839728489,visitar_agora,
8aa8b1a20857fff,-22.401676152206434,-41.81258935929425,Nova Holanda,20,83.12180968515717,76.0375204211666,7.08428926399057,83.12180968515717,visitar_agora,
8aa8b1a2095ffff,-22.403891091967665,-41.81351473482293,Bosque Azul,20,83.10128703844023,78.50278177141101,4.598505267029225,83.10128703844023,visitar_agora,
8aa8b1a25a0ffff,-22.406826976247793,-41.839469439243516,Cancela Preta,25,83.03546129881873,73.88718482586135,9.148276472957377,83.03546129881873,visitar_agora,
8aa8b1a25627fff,-22.399673006783914,-41.82658886313163,Cancela Preta,22,83.00280522721349,86.57779695880113,0.0,83.00280522721349,visitar_agora,
8aa8b1b5289ffff,-22.400190208266505,-41.85029710919794,Cancela Preta,4,82.98561211943762,80.50198751070235,2.483624608735269,82.98561211943762,visitar_agora,
8aa8b1a25057fff,-22.404507050176917,-41.831081455702844,Cancela Preta,28,82.89888949066278,77.38942502857074,5.5094644620920405,82.89888949066278,visitar_agora,
8aa8b1a2570ffff,-22.400780470200765,-41.82705157369148,Cancela Preta,22,82.87926634780658,73.05569978337508,9.823566564431502,82.87926634780658,visitar_agora,
8aa8b1a22887fff,-22.39138736556241,-41.786038295245376,Aroeira,5,82.7837077998309,77.89225768697914,4.891450112851771,82.7837077998309,visitar_agora,
8aa8b1b5444ffff,-22.423546113522054,-41.867478028354995,Cancela Preta,8,82.75674899900498,68.41774327333218,14.339005725672806,82.75674899900498,visitar_agora,
8aa8b1a208c7fff,-22.400366362877783,-41.81080582031626,Nova Holanda,9,82.7059820484306,73.6814996834446,9.024482364986,82.7059820484306,visitar_agora,
8aa8b1b52c57fff,-22.399584210478668,-41.84633450022152,Cancela Preta,14,82.6382051562138,82.7244093281229,0.0,82.6382051562138,visitar_agora,
8aa8b1b54517fff,-22.428977474178705,-41.862329222602895,Cancela Preta,3,82.6039391334968,85.63730920856443,0.0,82.6039391334968,visitar_agora,
8aa8b1a25097fff,-22.404603687982735,-41.82493982165688,Cancela Preta,22,82.506472273867,86.9908506664078,0.0,82.506472273867,visitar_agora,
8aa8b1a242affff,-22.409928792723157,-41.81232827487261,Bosque Azul,15,82.47404852233602,67.78725371131573,14.686794811020292,82.47404852233602,visitar_agora,
8aa8b1b54c37fff,-22.434714102750334,-41.86596416571328,Novo Horizonte,3,82.41347418533358,69.22890526417424,13.18456892115934,82.41347418533358,visitar_agora,
8aa8b1a25737fff,-22.402591014741066,-41.825335268314305,Cancela Preta,22,82.40538205953025,91.84709557291792,0.0,82.40538205953025,visitar_agora,
8aa8b1a25ae7fff,-22.405719622616367,-41.83900670211378,Cancela Preta,25,82.35134055580208,74.61462690799938,7.736713647802702,82.35134055580208,visitar_agora,
8aa8b1a21ccffff,-22.386786749367303,-41.82367812385578,São Marcos,26,82.33777299352944,72.43018228553493,9.907590707994515,82.33777299352944,visitar_agora,
8aa8b1a2546ffff,-22.403496266246663,-41.824477112102755,Cancela Preta,22,82.29351646920023,90.07239638276046,0.0,82.29351646920023,visitar_agora,
8aa8b1a25a2ffff,-22.40793431481179,-41.83993217800201,Cancela Preta,25,82.23545363727713,77.89419798280409,4.341255654473045,82.23545363727713,visitar_agora,
8aa8b1a2284ffff,-22.390386973404617,-41.79303795995375,Visconde de Araújo,5,82.18288963006886,77.1598609724359,5.023028657632963,82.18288963006886,visitar_agora,
8aa8b1b5455ffff,-22.42646365690822,-41.8662245682636,Cancela Preta,8,82.16044577492441,67.43526877644717,14.725176998477238,82.16044577492441,visitar_agora,
8aa8b1b54c07fff,-22.433808950001257,-41.866822308769585,Novo Horizonte,3,82.11852011372824,66.09705414899987,16.021465964728364,82.11852011372824,visitar_agora,
8aa8b1b54d87fff,-22.435417452066194,-41.863785069690636,Novo Horizonte,3,82.09403276672472,68.95715826676742,13.136874499957301,82.09403276672472,visitar_agora,
8aa8b1a200dffff,-22.391505831688896,-41.80710441666731,Morro de São Jorge,18,81.92119661164388,72.06012081443924,9.861075797204634,81.92119661164388,visitar_agora,
8aa8b1b54daffff,-22.435619241654333,-41.86510602029013,Novo Horizonte,3,81.88472858940692,64.72984716881362,17.1548814205933,81.88472858940692,visitar_agora,
8aa8b1b56607fff,-22.409146411089097,-41.84785749134848,Cancela Preta,14,81.81895326808211,71.32181594339397,10.49713732468814,81.81895326808211,visitar_agora,
8aa8b1a200c7fff,-22.392613450773336,-41.80756708640955,Nova Holanda,18,81.7947829351168,71.67002827967006,10.124754655446736,81.7947829351168,visitar_agora,
8aa8b1a228effff,-22.389982014392743,-41.79039631450409,Aroeira,5,81.78360536534373,77.40906148629007,4.374543879053661,81.78360536534373,visitar_agora,
8aa8b1b727a7fff,-22.444272346669315,-41.86748753769004,Novo Horizonte,1,81.76378735161441,68.82313724388565,12.940650107728757,81.76378735161441,visitar_agora,
8aa8b1b72517fff,-22.450809173783277,-41.862801375355815,Aphaville (Costa do Sol),1,81.74497796118703,68.99736614507081,12.747611816116219,81.74497796118703,visitar_agora,
8aa8b1b54547fff,-22.427570676293747,-41.86668736891605,Cancela Preta,8,81.72702198280003,67.40744795677801,14.31957402602201,81.72702198280003,visitar_agora,
8aa8b1b5458ffff,-22.42676343099506,-41.861403636381525,Cancela Preta,8,81.70701080167875,80.36681264169925,1.3401981599794937,81.70701080167875,visitar_agora,
8aa8b1a2508ffff,-22.40390061329616,-41.827118846431,Cancela Preta,22,81.67585655101712,82.88077691920219,0.0,81.67585655101712,visitar_agora,
8aa8b1a2505ffff,-22.40360177382394,-41.83193960455597,Cancela Preta,28,81.65694301744757,73.42473709104279,8.232205926404788,81.65694301744757,visitar_agora,
8aa8b1a22c6ffff,-22.39007713695039,-41.784254845759286,Aroeira,5,81.53004246649704,75.54987075431421,5.980171712182823,81.53004246649704,visitar_agora,
8aa8b1a204dffff,-22.390089095315197,-41.79785861160963,Visconde de Araújo,10,81.51767877695202,76.18536047513216,5.332318301819868,81.51767877695202,visitar_agora,
8aa8b1a21c0ffff,-22.389907384470924,-41.823745378604386,São Marcos,26,81.50457846730563,70.87906323637597,10.625515230929665,81.50457846730563,visitar_agora,
8aa8b1b727b7fff,-22.44407059559777,-41.866166568130154,Novo Horizonte,1,81.4841761254945,70.33056300368287,11.153613121811631,81.4841761254945,visitar_agora,
8aa8b1a21ceffff,-22.387894381091115,-41.82414081986882,São Marcos,26,81.43173607056568,66.79415031358256,14.637585756983114,81.43173607056568,visitar_agora,
8aa8b1a2540ffff,-22.40399710228293,-41.82097722044118,São Marcos,24,81.41902984180292,79.79972545290074,1.6193043889021794,81.41902984180292,visitar_agora,
8aa8b1b72537fff,-22.45191589929141,-41.8632641875822,Aphaville (Costa do Sol),1,81.3250360909225,70.05664421794646,11.26839187297604,81.3250360909225,visitar_agora,
8aa8b1a200cffff,-22.391708177996946,-41.8084252502083,Nova Holanda,18,81.27748490139402,69.11498631860096,12.162498582793063,81.27748490139402,visitar_agora,
8aa8b1a2289ffff,-22.390279671599366,-41.78557566507321,Aroeira,5,81.23175858408771,78.80361528646982,2.4281432976178934,81.23175858408771,visitar_agora,
8aa8b1b72707fff,-22.44467581526755,-41.87012947979329,Novo Horizonte,1,81.19472028390544,64.34751210500377,16.847208178901667,81.19472028390544,visitar_agora,
8aa8b1b52cb7fff,-22.400788856925097,-41.84065564040239,Cancela Preta,27,81.16531255917216,70.29870858072587,10.866603978446292,81.16531255917216,visitar_agora,
8aa8b1b09787fff,-22.432591224335397,-41.845291866817604,Novo Horizonte,2,81.14702646267628,79.93562975813059,1.2113967045456917,81.14702646267628,visitar_agora,
8aa8b1a208e7fff,-22.401473861528594,-41.811268503118185,Nova Holanda,20,81.08908504255223,68.7286596121252,12.360425430427028,81.08908504255223,visitar_agora,
8aa8b1b097a7fff,-22.43369822587614,-41.84575463464634,Novo Horizonte,2,81.02363972720698,82.07748786028178,0.0,81.02363972720698,visitar_agora,
8aa8b1a256d7fff,-22.395243002521504,-41.82473803719593,São Marcos,11,80.99498192365982,68.93926800428855,12.055713919371271,80.99498192365982,visitar_agora,
8aa8b1a22b67fff,-22.38918384847798,-41.79871678470411,Visconde de Araújo,10,80.95978854209989,75.41647591341504,5.543312628684845,80.95978854209989,visitar_agora,
8aa8b1a25477fff,-22.404199308674826,-41.822298086470695,São Marcos,24,80.92138713559024,90.07239638276046,0.0,80.92138713559024,visitar_agora,
8aa8b1a254b7fff,-22.404295615117128,-41.816156460386665,Bosque Azul,24,80.91203555641748,75.33553724341022,5.576498313007264,80.91203555641748,visitar_agora,
8aa8b1a25607fff,-22.398565528306825,-41.8261261542021,Cancela Preta,22,80.8905413874644,82.53272214296767,0.0,80.8905413874644,visitar_agora,
8aa8b1b097affff,-22.43279317038202,-41.84661280330522,Novo Horizonte,2,80.88073375562811,78.25684515398103,2.6238886016470815,80.88073375562811,visitar_agora,
8aa8b1a228d7fff,-22.38957701078764,-41.787754673361235,Aroeira,5,80.86046178996462,68.60951412980567,12.250947660158943,80.86046178996462,visitar_agora,
8aa8b1a25087fff,-22.404805860898218,-41.826260690810756,Cancela Preta,22,80.84914354282692,83.55055254920117,0.0,80.84914354282692,visitar_agora,
8aa8b1a2555ffff,-22.405306727724863,-41.8227607926356,Cancela Preta,24,80.73376875409834,80.71765539079922,0.016113363299112393,80.73376875409834,visitar_agora,
8aa8b1b52caffff,-22.400085540373603,-41.842834638648334,Cancela Preta,27,80.72463803544268,82.60537570139469,0.0,80.72463803544268,visitar_agora,
8aa8b1b0978ffff,-22.43168615996072,-41.84615003460266,Novo Horizonte,2,80.66779190880669,82.2514973481968,0.0,80.66779190880669,visitar_agora,
8aa8b1a25407fff,-22.40490231615722,-41.82011905659911,São Marcos,24,80.62992688490527,77.88319111607862,2.746735768826653,80.62992688490527,visitar_agora,
8aa8b1b09247fff,-22.43078781699171,-41.860612935093414,Novo Horizonte,3,80.59904718066076,83.67748327792037,0.0,80.59904718066076,visitar_agora,
8aa8b1b09717fff,-22.43390016571947,-41.84707557363579,Novo Horizonte,2,80.5409714381746,78.21187070056394,2.329100737610659,80.5409714381746,visitar_agora,
8aa8b1b0971ffff,-22.432995105254683,-41.84793374080996,Novo Horizonte,2,80.5242995587249,78.21788142640408,2.306418132320829,80.5242995587249,visitar_agora,
8aa8b1b09637fff,-22.43188810103677,-41.84747096960589,Novo Horizonte,2,80.48877025423064,75.68388244806098,4.80488780616966,80.48877025423064,visitar_agora,
8aa8b1a25497fff,-22.40318816513497,-41.81569376677972,São Marcos,24,80.47254720885952,76.14499510518922,4.3275521036703,80.47254720885952,visitar_agora,
8aa8b1b56a27fff,-22.41941753663007,-41.86080596515586,Cancela Preta,13,80.42849760482191,71.75774234952925,8.670755255292661,80.42849760482191,visitar_agora,
8aa8b1a25b6ffff,-22.409445702661174,-41.8430366904299,Cancela Preta,25,80.40915005771126,71.01343226110318,9.395717796608082,80.40915005771126,visitar_agora,
8aa8b1b0979ffff,-22.431484207711268,-41.84482910061702,Novo Horizonte,2,80.37984043582976,82.11126261302066,0.0,80.37984043582976,visitar_agora,
8aa8b1a2212ffff,-22.388469299076583,-41.787292041412414,Aroeira,5,80.36014073466326,75.7559930767603,4.604147657902956,80.36014073466326,visitar_agora,
8aa8b1b56b4ffff,-22.41891593192374,-41.86430592488419,Cancela Preta,13,80.341907424317,70.94395588788605,9.397951536430952,80.341907424317,visitar_agora,
8aa8b1b0924ffff,-22.429882652507324,-41.86147108003056,Cancela Preta,3,80.33276391371498,83.3043205672628,0.0,80.33276391371498,visitar_agora,
8aa8b1a22967fff,-22.39552028552785,-41.79270952399581,Granja dos Cavaleiros,5,80.30978931371192,77.50343912448719,2.8063501892247302,80.30978931371192,visitar_agora,
8aa8b1b56a2ffff,-22.41851225464682,-41.86166409454414,Cancela Preta,13,80.23045690307829,73.07507482309464,7.155382079983653,80.23045690307829,visitar_agora,
8aa8b1b097b7fff,-22.43349627485859,-41.844433696674926,Novo Horizonte,2,80.20914738620559,81.96481526881921,0.0,80.20914738620559,visitar_agora,
8aa8b1b5479ffff,-22.42022486635863,-41.86608963581476,Cancela Preta,8,80.16914102232936,67.50087594426823,12.668265078061125,80.16914102232936,visitar_agora,
8aa8b1b0944ffff,-22.434805212332755,-41.846217404103214,Novo Horizonte,2,80.15985736750704,78.28560305281167,1.8742543146953778,80.15985736750704,visitar_agora,
8aa8b1a250d7fff,-22.40299535185078,-41.82797699970193,Cancela Preta,22,80.05315306894308,70.56221569335013,9.49093737559295,80.05315306894308,visitar_agora,
8aa8b1a25047fff,-22.40470917348454,-41.83240232752904,Cancela Preta,28,80.03954936491284,75.75358982657261,4.2859595383402365,80.03954936491284,visitar_agora,
8aa8b1b09617fff,-22.430781081735343,-41.847008200029705,Novo Horizonte,2,80.03427239219481,74.97523799936793,5.059034392826874,80.03427239219481,visitar_agora,
8aa8b1b54587fff,-22.427668627078063,-41.86054549554917,Cancela Preta,3,80.01369339093509,85.57659757102378,0.0,80.01369339093509,visitar_agora,
8aa8b1b09627fff,-22.432090030939165,-41.84879190562531,Novo Horizonte,2,79.99694948804972,78.48341006020395,1.513539427845771,79.99694948804972,visitar_agora,
8aa8b1a228c7fff,-22.389779518164218,-41.78907549339361,Aroeira,5,79.96087350730205,77.63944268291583,2.3214308243862263,79.96087350730205,visitar_agora,
8aa8b1b09607fff,-22.4309830178412,-41.848329133547956,Novo Horizonte,2,79.87463253898129,82.58651391590024,0.0,79.87463253898129,visitar_agora,
8aa8b1b54c27fff,-22.434915876194534,-41.86728511581212,Novo Horizonte,3,79.85177677030966,74.4139836436233,5.437793126686358,79.85177677030966,visitar_agora,
8aa8b1b09797fff,-22.432389267115106,-41.8439709313485,Novo Horizonte,2,79.8341652850384,81.97496648989373,0.0,79.8341652850384,visitar_agora,
8aa8b1b096a7fff,-22.430579134456345,-41.845687267528135,Novo Horizonte,2,79.77938280093906,79.68377386182429,0.09560893911476853,79.77938280093906,visitar_agora,
8aa8b1b54d1ffff,-22.435821020064946,-41.86642697188708,Novo Horizonte,3,79.71215301249686,70.3328172192561,9.379335793240756,79.71215301249686,visitar_agora,
8aa8b1b09737fff,-22.435007145972364,-41.847538345594316,Novo Horizonte,2,79.70180177126068,81.8916793527079,0.0,79.70180177126068,visitar_agora,
8aa8b1b54d97fff,-22.435215651300787,-41.86246412009002,Novo Horizonte,3,79.67710486675213,65.65446919386164,14.022635672890488,79.67710486675213,visitar_agora,
8aa8b1b0935ffff,-22.432799939960905,-41.860217580731494,Novo Horizonte,3,79.65082583323768,61.91353403624073,17.737291796996942,79.65082583323768,visitar_agora,
8aa8b1b528affff,-22.40149956995811,-41.852080736640616,Cancela Preta,4,79.62741298036904,67.3545494559838,12.272863524385244,79.62741298036904,visitar_agora,
8aa8b1b0945ffff,-22.43460326751838,-41.84489646362964,Novo Horizonte,2,79.54183467201801,81.44852948053696,0.0,79.54183467201801,visitar_agora,
8aa8b1a20637fff,-22.38888579758716,-41.80353742824378,Botafogo,18,79.47679922960128,74.72514064811119,4.751658581490091,79.47679922960128,visitar_agora,
8aa8b1b0961ffff,-22.429875989660022,-41.84786636309839,Novo Horizonte,2,79.41797926195473,79.85571595935967,0.0,79.41797926195473,visitar_agora,
8aa8b1a21d2ffff,-22.394135463810834,-41.82427533478818,São Marcos,11,79.38725135693167,79.09421944659837,0.2930319103332977,79.38725135693167,visitar_agora,
8aa8b1a22127fff,-22.38937449226327,-41.78643385440837,Aroeira,5,79.38141896979829,76.31017577260215,3.0712431971961394,79.38141896979829,visitar_agora,
8aa8b1a22137fff,-22.389171962591373,-41.7851130365364,Aroeira,5,79.37149275611239,75.30630582651445,4.065186929597942,79.37149275611239,visitar_agora,
8aa8b1a22b6ffff,-22.38827858779472,-41.79957495546203,Visconde de Araújo,10,79.32175640596022,66.68321582102578,12.638540584934432,79.32175640596022,visitar_agora,
8aa8b1b0946ffff,-22.43591218370449,-41.846680175188126,Novo Horizonte,2,79.29467738828768,81.49649434950865,0.0,79.29467738828768,visitar_agora,
8aa8b1a228f7fff,-22.39068470745363,-41.788217306945135,Aroeira,5,79.26051296537918,78.45981216341426,0.800700801964922,79.26051296537918,visitar_agora,
8aa8b1b09707fff,-22.43410209438833,-41.84839651364186,Novo Horizonte,2,79.24679330148665,80.1284401670151,0.0,79.24679330148665,visitar_agora,
8aa8b1b54d17fff,-22.436726150089882,-41.86556882559499,Novo Horizonte,3,79.23107234134893,65.6689896424231,13.562082698925835,79.23107234134893,visitar_agora,
8aa8b1a25b57fff,-22.409041638307624,-41.84039491838921,Cancela Preta,25,79.19099254102346,76.39082676467623,2.800165776347228,79.19099254102346,visitar_agora,
8aa8b1a2554ffff,-22.405508916770195,-41.82408166221809,Cancela Preta,24,79.16278725168989,76.52002274581028,2.6427645058796116,79.16278725168989,visitar_agora,
8aa8b1a228dffff,-22.38867181262452,-41.78861285892182,Aroeira,5,79.11049956451343,76.34938240306694,2.761117161446492,79.11049956451343,visitar_agora,
8aa8b1b56b1ffff,-22.42032280477425,-41.85994783340315,Cancela Preta,13,79.08225951153544,70.82107529771562,8.261184213819817,79.08225951153544,visitar_agora,
8aa8b1b545a7fff,-22.428775647335222,-41.86100828697677,Cancela Preta,3,79.03323970613603,85.47660696898687,0.0,79.03323970613603,visitar_agora,
8aa8b1b096affff,-22.429674047351114,-41.84654543208147,Novo Horizonte,2,79.00300411643468,73.96759078802235,5.035413328412332,79.00300411643468,visitar_agora,
8aa8b1b0970ffff,-22.433197028953163,-41.849254679330386,Novo Horizonte,2,78.9949820261964,82.53121357089275,0.0,78.9949820261964,visitar_agora,
8aa8b1a21c57fff,-22.389001997761962,-41.82460351751242,São Marcos,26,78.92468300441539,69.22664990974177,9.698033094673619,78.92468300441539,visitar_agora,
8aa8b1b096b7fff,-22.430377176004484,-41.84436633604466,Novo Horizonte,2,78.90240862418587,82.10568212779603,0.0,78.90240862418587,visitar_agora,
8aa8b1b0bb6ffff,-22.43128224428866,-41.8435081676504,Novo Horizonte,2,78.82582035130493,77.86221956761426,0.9636007836906657,78.82582035130493,visitar_agora,
8aa8b1b09447fff,-22.435710245093738,-41.84535923221257,Novo Horizonte,2,78.78008686321414,73.36957365821537,5.4105132049987645,78.78008686321414,visitar_agora,
8aa8b1b72587fff,-22.449500652291295,-41.861017586214686,Aphaville (Costa do Sol),1,78.7682733777823,74.21395807615576,4.554315301626531,78.7682733777823,visitar_agora,
8aa8b1a22107fff,-22.38826677438139,-41.78597122498301,Aroeira,5,78.75660518446574,73.81021116643761,4.94639401802813,78.75660518446574,visitar_agora,
8aa8b1a2092ffff,-22.406808857989343,-41.81226107391686,Bosque Azul,20,78.72375830129069,74.65889226837523,4.064866032915461,78.72375830129069,visitar_agora,
8aa8b1b0909ffff,-22.436114111139965,-41.84800111918074,Novo Horizonte,2,78.71127255296868,80.35031519742874,0.0,78.71127255296868,visitar_agora,
8aa8b1b094cffff,-22.43329431266709,-41.84311275972294,Novo Horizonte,2,78.6641382609559,81.85172703759729,0.0,78.6641382609559,visitar_agora,
8aa8b1a22177fff,-22.38756409204006,-41.788150226084994,Aroeira,5,78.64276193156687,77.65782441174743,0.9849375198194394,78.64276193156687,visitar_agora,
8aa8b1b5288ffff,-22.40039218520856,-41.85161798088481,Cancela Preta,4,78.60866037058652,81.28755973375318,0.0,78.60866037058652,visitar_agora,
8aa8b1a21c77fff,-22.390109599379088,-41.82506621678654,São Marcos,26,78.53208651943746,71.57795872351468,6.954127795922773,78.53208651943746,visitar_agora,
8aa8b1a253a7fff,-22.402696483629544,-41.83279775105764,Cancela Preta,28,78.5109602309084,70.08527618723843,8.42568404366996,78.5109602309084,visitar_agora,
8aa8b1b09347fff,-22.43390689720357,-41.860680375297456,Novo Horizonte,3,78.50011873644773,65.18032789982662,13.31979083662111,78.50011873644773,visitar_agora,
8aa8b1b094effff,-22.434401311529527,-41.84357552417501,Novo Horizonte,2,78.47428800469679,77.07809282195785,1.3961951827389356,78.47428800469679,visitar_agora,
8aa8b1a2506ffff,-22.40491128563209,-41.83372320038736,Cancela Preta,28,78.42756056089041,70.66836068685738,7.75919987403303,78.42756056089041,visitar_agora,
8aa8b1b54da7fff,-22.43652436671249,-41.86424787250051,Novo Horizonte,3,78.41030324758266,65.57451286265422,12.835790384928444,78.41030324758266,visitar_agora,
8aa8b1b09687fff,-22.429472093869613,-41.845224502081734,Novo Horizonte,2,78.37917622095554,76.41619545983215,1.96298076112339,78.37917622095554,visitar_agora,
8aa8b1b09097fff,-22.437019139990625,-41.84714294790106,Novo Horizonte,2,78.36778759866472,81.12286586299881,0.0,78.36778759866472,visitar_agora,
8aa8b1a2210ffff,-22.387361572321204,-41.78682941109873,Aroeira,5,78.36114296114032,74.60225406974432,3.7588888913959977,78.36114296114032,visitar_agora,
8aa8b1b096f7fff,-22.428768946396353,-41.84740359427664,Novo Horizonte,2,78.2916726683847,73.11799525271896,5.17367741566575,78.2916726683847,visitar_agora,
8aa8b1a22b37fff,-22.390589436187444,-41.794358784290125,Visconde de Araújo,10,78.28385373263657,77.49694527779802,0.786908454838553,78.28385373263657,visitar_agora,
8aa8b1b0960ffff,-22.43007792079608,-41.84918729513107,Novo Horizonte,2,78.25540073378096,82.79226096709095,0.0,78.25540073378096,visitar_agora,
8aa8b1a22147fff,-22.386658871154488,-41.789008408425715,Aroeira,5,78.13890498302365,74.24112245689307,3.897782526130584,78.13890498302365,visitar_agora,
8aa8b1b0962ffff,-22.431184942773676,-41.849650068081495,Novo Horizonte,2,78.09909852169613,81.98527539903338,0.0,78.09909852169613,visitar_agora,
8aa8b1b0bb67fff,-22.432187298721388,-41.84264999689931,Novo Horizonte,2,78.08127618258031,81.05221765564143,0.0,78.08127618258031,visitar_agora,
8aa8b1a2288ffff,-22.39048219510053,-41.78689648546897,Aroeira,5,78.03923067103776,77.87880808731026,0.1604225837274953,78.03923067103776,visitar_agora,
8aa8b1b5478ffff,-22.42042667086375,-41.867410555973926,Cancela Preta,8,78.03262531513673,65.87876597820588,12.15385933693085,78.03262531513673,visitar_agora,
8aa8b1b09087fff,-22.437221061221514,-41.84846389439501,Novo Horizonte,2,78.02280359519906,78.56362989427043,0.0,78.02280359519906,visitar_agora,
8aa8b1b09727fff,-22.43520906843698,-41.84885928810156,Novo Horizonte,2,78.01241527916187,80.93764773932857,0.0,78.01241527916187,visitar_agora,
8aa8b1b724cffff,-22.443868833344936,-41.86484559956665,Novo Horizonte,1,77.98995721383355,73.03851447594144,4.951442737892108,77.98995721383355,visitar_agora,
8aa8b1b528d7fff,-22.399486757371086,-41.852476096955385,Cancela Preta,4,77.96005708872511,83.90686864908403,0.0,77.96005708872511,visitar_agora,
8aa8b1b09457fff,-22.43550829530796,-41.84403829025547,Novo Horizonte,2,77.90591066589761,75.3114068436183,2.5945038222793073,77.90591066589761,visitar_agora,
8aa8b1a25077fff,-22.405614440964342,-41.831544177798655,Cancela Preta,28,77.89998170838128,78.17630592350307,0.0,77.89998170838128,visitar_agora,
8aa8b1a206a7fff,-22.387575722706348,-41.80175394562595,Botafogo,18,77.83695917086241,77.35597472644994,0.4809844444124707,77.83695917086241,visitar_agora,
8aa8b1b09467fff,-22.43681720758393,-41.845822002423674,Novo Horizonte,2,77.8152911517314,57.27560361102297,20.539687540708428,77.8152911517314,visitar_agora,
8aa8b1b096e7fff,-22.428970883735552,-41.848724523808315,Novo Horizonte,2,77.70832061511115,79.76573390529632,0.0,77.70832061511115,visitar_agora,
8aa8b1b0972ffff,-22.43430401188246,-41.84971745466315,Novo Horizonte,2,77.67329413559443,82.48455095114176,0.0,77.67329413559443,visitar_agora,
8aa8b1a2094ffff,-22.40409335912116,-41.81483559707941,Bosque Azul,20,77.64694525657899,90.07239638276046,0.0,77.64694525657899,visitar_agora,
8aa8b1b5212ffff,-22.398379348685836,-41.85201334195452,Cancela Preta,4,77.57491812623469,83.88700664035859,0.0,77.57491812623469,visitar_agora,
8aa8b1b54d37fff,-22.43783304343478,-41.86603163252552,Novo Horizonte,3,77.53525813204156,67.36647161625521,10.168786515786351,77.53525813204156,visitar_agora,
8aa8b1b54d07fff,-22.436927922289208,-41.866889779686446,Novo Horizonte,3,77.51860392803336,65.7650973510762,11.753506576957164,77.51860392803336,visitar_agora,
8aa8b1b54d0ffff,-22.436022787297773,-41.8677479244801,Novo Horizonte,3,77.42032464774795,71.2930741077993,6.127250539948648,77.42032464774795,visitar_agora,
8aa8b1b0bb4ffff,-22.43017520638,-41.84304540558067,Novo Horizonte,2,77.40081678147381,78.12978075234925,0.0,77.40081678147381,visitar_agora,
8aa8b1b0925ffff,-22.429680820697364,-41.860150142909774,Novo Horizonte,3,77.28024292810858,80.0911106176565,0.0,77.28024292810858,visitar_agora,
8aa8b1b09697fff,-22.429270129215773,-41.84390357310057,Novo Horizonte,2,77.23502694697353,58.18721865598015,19.04780829099338,77.23502694697353,visitar_agora,
8aa8b1b090b7fff,-22.438126081190426,-41.84760572224195,Novo Horizonte,2,77.22088105690908,76.31872310725969,0.9021579496493928,77.22088105690908,visitar_agora,
8aa8b1b720c7fff,-22.4461860081815,-41.873234251652065,Novo Horizonte,1,77.1908815205945,69.17991112264296,8.010970397951539,77.1908815205945,visitar_agora,
8aa8b1b54737fff,-22.423747899401985,-41.868798955995715,Cancela Preta,8,77.17906490025331,71.95700924127559,5.222055658977723,77.17906490025331,visitar_agora,
8aa8b1a25387fff,-22.401589060032713,-41.83233502883709,Cancela Preta,28,77.16979392526856,70.11212679461394,7.057667130654622,77.16979392526856,visitar_agora,
8aa8b1b0bb47fff,-22.431080269693172,-41.84218723570417,Novo Horizonte,2,77.13129643535143,80.9422747912716,0.0,77.13129643535143,visitar_agora,
8aa8b1b54717fff,-22.422640838305693,-41.86833615436318,Cancela Preta,8,77.10507204153416,64.6496908318602,12.45538120967396,77.10507204153416,visitar_agora,
8aa8b1b090a7fff,-22.438327996216294,-41.848926671237066,Novo Horizonte,2,77.06431965123774,81.63420308080121,0.0,77.06431965123774,visitar_agora,
8aa8b1a256c7fff,-22.395445197654922,-41.82605888688502,São Marcos,11,77.05829401235272,67.78969656554703,9.268597446805686,77.05829401235272,visitar_agora,
8aa8b1a211b7fff,-22.386988971676978,-41.824998955549844,São Marcos,26,77.04396400211765,67.96577125313235,9.078192748985302,77.04396400211765,visitar_agora,
8aa8b1b0908ffff,-22.43631602739989,-41.849322064188996,Novo Horizonte,2,77.02955473729946,78.99542590821194,0.0,77.02955473729946,visitar_agora,
8aa8b1b528f7fff,-22.400594150989907,-41.85293885358337,Cancela Preta,4,77.02310595244639,68.83485288151412,8.188253070932262,77.02310595244639,visitar_agora,
8aa8b1a25a07fff,-22.407732259695557,-41.83861129602053,Cancela Preta,25,77.01002224445654,78.79915215772502,0.0,77.01002224445654,visitar_agora,
8aa8b1b09757fff,-22.43229194966763,-41.85011284265953,Novo Horizonte,2,76.97539825688474,77.47851047312592,0.0,76.97539825688474,visitar_agora,
8aa8b1b52ce7fff,-22.399382188896354,-41.84501363259544,Cancela Preta,14,76.87690456564232,84.13042624785463,0.0,76.87690456564232,visitar_agora,
8aa8b1a256dffff,-22.394337665130607,-41.82559618196796,São Marcos,26,76.86022086048696,69.70942998095589,7.150790879531073,76.86022086048696,visitar_agora,
8aa8b1a25367fff,-22.40259954624927,-41.83893937098268,Cancela Preta,27,76.77497142918554,73.97374184423236,2.8012295849531768,76.77497142918554,visitar_agora,
8aa8b1b094dffff,-22.43309233930188,-41.84179182379178,Novo Horizonte,2,76.74342771332955,76.18606473927478,0.5573629740547688,76.74342771332955,visitar_agora,
8aa8b1b528c7fff,-22.39968871818947,-41.85379696816533,Cancela Preta,4,76.73467294070954,83.28540827389065,0.0,76.73467294070954,visitar_agora,
8aa8b1a25067fff,-22.40581655808063,-41.83286505213173,Cancela Preta,28,76.7264789164407,76.62789553841687,0.09858337802383232,76.7264789164407,visitar_agora,
8aa8b1b56acffff,-22.414285448218475,-41.861133868383384,Cancela Preta,13,76.719468853825,76.64142710471356,0.07804174911144912,76.719468853825,visitar_agora,
8aa8b1a2542ffff,-22.405104527520454,-41.82143992409547,São Marcos,24,76.69498644733609,82.28784455432128,0.0,76.69498644733609,visitar_agora,
8aa8b1a2562ffff,-22.39876770487861,-41.82744701141816,Cancela Preta,22,76.66567760553669,69.82677118687195,6.838906418664735,76.66567760553669,visitar_agora,
8aa8b1b546b7fff,-22.419117753806916,-41.86562684155233,Cancela Preta,13,76.64801867326932,72.19381945124556,4.45419922202376,76.64801867326932,visitar_agora,
8aa8b1b09657fff,-22.429172809902177,-41.85004545435484,Novo Horizonte,2,76.6129028649911,81.57224845702389,0.0,76.6129028649911,visitar_agora,
8aa8b1a25657fff,-22.39675489291236,-41.82784244666901,Cancela Preta,22,76.5908469888587,68.18388965189679,8.40695733696191,76.5908469888587,visitar_agora,
8aa8b1a25ac7fff,-22.404612253918266,-41.838543966612846,Cancela Preta,25,76.5313185300252,75.83434934474762,0.696969185277581,76.5313185300252,visitar_agora,
8aa8b1b5456ffff,-22.427772459683354,-41.86800830454259,Cancela Preta,8,76.41463710602233,63.389202158043204,13.025434947979122,76.41463710602233,visitar_agora,
8aa8b1b528dffff,-22.398581315701776,-41.85333421066539,Cancela Preta,4,76.36891836330855,83.94668660584146,0.0,76.36891836330855,visitar_agora,
8aa8b1a25a1ffff,-22.406624914937122,-41.83814855976631,Cancela Preta,25,76.34027367077886,73.07316468319351,3.2671089875853454,76.34027367077886,visitar_agora,
8aa8b1b720e7fff,-22.447292762127546,-41.87369707906372,Novo Horizonte,1,76.31556260995751,69.95157310320681,6.363989506750698,76.31556260995751,visitar_agora,
8aa8b1b54d57fff,-22.43511763846124,-41.86860606690611,Novo Horizonte,3,76.30119277503876,59.8470045160774,16.45418825896136,76.30119277503876,visitar_agora,
8aa8b1a25757fff,-22.399875177167615,-41.82790972285635,Cancela Preta,22,76.273700120972,68.32639275607919,7.947307364892808,76.273700120972,visitar_agora,
8aa8b1a228cffff,-22.388874315024943,-41.78993367750981,Aroeira,5,76.26566824041507,76.25476784795715,0.010900392457912744,76.26566824041507,visitar_agora,
8aa8b1b090affff,-22.437422971276327,-41.84978484190411,Novo Horizonte,2,76.2541837838391,82.17184052995286,0.0,76.2541837838391,visitar_agora,
8aa8b1b09677fff,-22.430279840759024,-41.850508228178114,Novo Horizonte,2,76.229854820666,82.97469449595003,0.0,76.229854820666,visitar_agora,
8aa8b1b0bb77fff,-22.431985319154503,-41.841329063471434,Novo Horizonte,2,76.17827684654434,57.22488082520323,18.953396021341106,76.17827684654434,visitar_agora,
8aa8b1a21d5ffff,-22.391217185941755,-41.8255289176911,São Marcos,26,76.15928164411451,71.82592921145437,4.333352432660149,76.15928164411451,visitar_agora,
8aa8b1b54db7fff,-22.436322572157295,-41.86292692040442,Novo Horizonte,3,76.07876497640382,65.64994445138045,10.428820525023369,76.07876497640382,visitar_agora,
8aa8b1a21c5ffff,-22.38809659721644,-41.82546165407237,São Marcos,26,75.97394942389063,67.07343243174306,8.900516992147573,75.97394942389063,visitar_agora,
8aa8b1a22b77fff,-22.38898141794219,-41.79739596112449,Visconde de Araújo,10,75.91512850182387,72.76144250057341,3.1536860012504633,75.91512850182387,visitar_agora,
8aa8b1b0bb5ffff,-22.42997322558317,-41.84172447613757,Novo Horizonte,2,75.8570401271108,72.18725122597756,3.669788901133245,75.8570401271108,visitar_agora,
8aa8b1b09777fff,-22.433398941477183,-41.850575618865136,Novo Horizonte,2,75.8497932125722,81.31469797358075,0.0,75.8497932125722,visitar_agora,
8aa8b1a21d77fff,-22.393230117549308,-41.825133478681316,São Marcos,26,75.84065460250808,72.44250045961142,3.398154142896658,75.84065460250808,visitar_agora,
8aa8b1b528e7fff,-22.400796105610286,-41.8542597272922,Cancela Preta,4,75.81368869689598,67.69753116222056,8.116157534675423,75.81368869689598,visitar_agora,
8aa8b1b5285ffff,-22.400092606343904,-41.856438713611915,Cancela Preta,4,75.76603462914623,65.18285914843737,10.58317548070886,75.76603462914623,visitar_agora,
8aa8b1b56367fff,-22.413178247861424,-41.860671087240775,Cancela Preta,13,75.75086375206486,72.32274211543587,3.428121636628987,75.75086375206486,visitar_agora,
8aa8b1a250b7fff,-22.405711094656183,-41.825402532841565,Cancela Preta,22,75.72147323276056,85.76862601991624,0.0,75.72147323276056,visitar_agora,
8aa8b1a22b27fff,-22.390791887821177,-41.79567960969899,Visconde de Araújo,10,75.69060319633343,77.25449210637481,0.0,75.69060319633343,visitar_agora,
8aa8b1b5454ffff,-22.426665446507315,-41.86754550139612,Cancela Preta,8,75.65430918619526,65.8968900912893,9.75741909490597,75.65430918619526,visitar_agora,
8aa8b1b528effff,-22.399890667847156,-41.85511784038464,Cancela Preta,4,75.64297764175208,77.82939299169746,0.0,75.64297764175208,visitar_agora,
8aa8b1a22b47fff,-22.38807616223268,-41.79825413333346,Visconde de Araújo,10,75.62559491506826,73.41806211992082,2.2075327951474435,75.62559491506826,visitar_agora,
8aa8b1b0918ffff,-22.43943491612356,-41.84938944970688,Novo Horizonte,2,75.61234694995022,65.42354096317094,10.188805986779286,75.61234694995022,visitar_agora,
8aa8b1a25aa7fff,-22.40732811597684,-41.83596953513559,Cancela Preta,25,75.59531827167899,73.96931845017225,1.6259998215067384,75.59531827167899,visitar_agora,
8aa8b1a250f7fff,-22.40410277008247,-41.82843971515242,Cancela Preta,28,75.58459209665781,83.17610990125873,0.0,75.58459209665781,visitar_agora,
8aa8b1a21c47fff,-22.389204207702484,-41.82592435422529,São Marcos,26,75.5572008868992,67.81010354815474,7.747097338744453,75.5572008868992,visitar_agora,
8aa8b1b5280ffff,-22.4019034779635,-41.85472248804598,Cancela Preta,4,75.52860444459235,66.26681287624925,9.2617915683431,75.52860444459235,visitar_agora,
8aa8b1b5459ffff,-22.426561591736593,-41.860082705747814,Cancela Preta,8,75.51732637314315,81.82698485360721,0.0,75.51732637314315,visitar_agora,
8aa8b1a242dffff,-22.407011128904884,-41.81358194161014,Bosque Azul,20,75.49572662835897,67.06765862936872,8.428067998990244,75.49572662835897,visitar_agora,
8aa8b1b52c87fff,-22.39988349150741,-41.84151377157944,Cancela Preta,27,75.47970668554878,81.18601876117214,0.0,75.47970668554878,visitar_agora,
8aa8b1b56aeffff,-22.415392633498627,-41.8615966511521,Cancela Preta,13,75.46817996525121,70.1308184767141,5.337361488537113,75.46817996525121,visitar_agora,
8aa8b1a206b7fff,-22.387373313266174,-41.800433123882996,Botafogo,18,75.45602401697184,64.20869629398604,11.247327722985801,75.45602401697184,visitar_agora,
8aa8b1b090d7fff,-22.435410979726328,-41.85018023162353,Novo Horizonte,2,75.44732335951913,80.01401441590654,0.0,75.44732335951913,visitar_agora,
8aa8b1b09017fff,-22.438529900065554,-41.850247621246865,Novo Horizonte,2,75.44207895976857,72.7051074662019,2.7369714935666707,75.44207895976857,visitar_agora,
8aa8b1a25adffff,-22.403504870154215,-41.83808123274078,Cancela Preta,27,75.42472689068622,74.41415039727109,1.0105764934151296,75.42472689068622,visitar_agora,
8aa8b1a204d7fff,-22.39099432830558,-41.79700043617895,Visconde de Araújo,10,75.41274022928026,73.44134236512467,1.9713978641555912,75.41274022928026,visitar_agora,
8aa8b1b0bb57fff,-22.430878283925043,-41.84086630477975,Novo Horizonte,2,75.40443433924095,77.09301892091366,0.0,75.40443433924095,visitar_agora,
8aa8b1b725a7fff,-22.45060739911043,-41.861480394318875,Aphaville (Costa do Sol),1,75.35247256259727,64.71035163421233,10.64212092838494,75.35247256259727,visitar_agora,
8aa8b1b528cffff,-22.398783271557562,-41.854655080386124,Cancela Preta,4,75.34522188302806,78.47581925393945,0.0,75.34522188302806,visitar_agora,
8aa8b1b546a7fff,-22.419319564519572,-41.86694775921732,Cancela Preta,8,75.27673000974767,73.3254113976475,1.9513186121001667,75.27673000974767,visitar_agora,
8aa8b1a20947fff,-22.404998539259466,-41.81397742503525,Bosque Azul,20,75.26198416944051,79.79049860950316,0.0,75.26198416944051,visitar_agora,
8aa8b1b52127fff,-22.399284785392275,-41.85115522675623,Cancela Preta,4,75.25683302421928,75.91809582824321,0.0,75.25683302421928,visitar_agora,
8aa8b1b7200ffff,-22.448399500975015,-41.8741599081001,Novo Horizonte,1,75.2220674564558,66.83418312487113,8.387884331584672,75.2220674564558,visitar_agora,
8aa8b1a21197fff,-22.38588133108485,-41.82453625865779,São Marcos,30,75.17769432697004,68.68780522569195,6.489889101278095,75.17769432697004,visitar_agora,
8aa8b1b52857fff,-22.40099804906945,-41.85558060200993,Cancela Preta,4,75.08958010397289,63.346510323708436,11.743069780264456,75.08958010397289,visitar_agora,
8aa8b1a22bb7fff,-22.389076806277593,-41.79125449717499,Aroeira,5,74.94407557974823,76.14550513808756,0.0,74.94407557974823,visitar_agora,
8aa8b1a25307fff,-22.403100699211443,-41.835439489841434,Cancela Preta,28,74.93615704706424,67.55523509596027,7.380921951103971,74.93615704706424,visitar_agora,
8aa8b1a22167fff,-22.387766600611943,-41.78947104215034,Aroeira,5,74.90051825136639,75.56413525618639,0.0,74.90051825136639,visitar_agora,
8aa8b1b54097fff,-22.425760202880532,-41.86840363150871,Cancela Preta,8,74.78710963108884,66.0448165282913,8.742293102797532,74.78710963108884,visitar_agora,
8aa8b1b0bb0ffff,-22.431783328414713,-41.840008131066284,Novo Horizonte,2,74.72028323984658,63.7404984498561,10.979784789990482,74.72028323984658,visitar_agora,
8aa8b1a2536ffff,-22.401694208505972,-41.83979750687,Cancela Preta,27,74.69761981293708,70.6575707740839,4.040049038853184,74.69761981293708,visitar_agora,
8aa8b1a25a9ffff,-22.40511338661929,-41.8350440742764,Cancela Preta,28,74.67548416801127,71.5818230540717,3.093661113939561,74.67548416801127,visitar_agora,
8aa8b1b56ae7fff,-22.41629794706712,-41.86073852586844,Cancela Preta,13,74.65466875353664,77.14179065358462,0.0,74.65466875353664,visitar_agora,
8aa8b1b0975ffff,-22.431386856532527,-41.8509710036289,Novo Horizonte,2,74.58301571234102,78.18494806147922,0.0,74.58301571234102,visitar_agora,
8aa8b1b52137fff,-22.39908280225329,-41.849834357569236,Cancela Preta,4,74.40649625202866,83.78763806571374,0.0,74.40649625202866,visitar_agora,
8aa8b1b724dffff,-22.44366705991108,-41.8635246320009,Novo Horizonte,1,74.39950896752146,73.3783520983888,1.0211568691326534,74.39950896752146,visitar_agora,
8aa8b1b72c97fff,-22.453927548979998,-41.8628688283887,Aphaville (Costa do Sol),1,74.38773171666813,66.6213031494737,7.766428567194424,74.38773171666813,visitar_agora,
8aa8b1b090f7fff,-22.436517932484023,-41.85064301021149,Novo Horizonte,2,74.36365953064042,73.92662392665558,0.43703560398483887,74.36365953064042,visitar_agora,
8aa8b1b5210ffff,-22.39727192493489,-41.8515505885808,Cancela Preta,4,74.34163933941203,81.18194160022654,0.0,74.34163933941203,visitar_agora,
8aa8b1b52167fff,-22.397675860201417,-41.854192322014434,Cancela Preta,4,74.33583125009257,77.93224830899996,0.0,74.33583125009257,visitar_agora,
8aa8b1b52177fff,-22.39747389814796,-41.85287145479244,Cancela Preta,4,74.32630055826408,82.31235734896609,0.0,74.32630055826408,visitar_agora,
8aa8b1a25a8ffff,-22.40531547644592,-41.836364949194746,Cancela Preta,25,74.30879505988283,74.79947252011677,0.0,74.30879505988283,visitar_agora,
8aa8b1a250c7fff,-22.403197503667613,-41.82929786695166,Cancela Preta,28,74.28206009172455,76.39732925762047,0.0,74.28206009172455,visitar_agora,
8aa8b1b545b7fff,-22.428573809317655,-41.85968735235244,Cancela Preta,3,74.27688611445602,85.2194813786957,0.0,74.27688611445602,visitar_agora,
8aa8b1b56ac7fff,-22.415190770659986,-41.86027574396981,Cancela Preta,13,74.26528779789948,75.11592447905383,0.0,74.26528779789948,visitar_agora,
8aa8b1a25af7fff,-22.4055175551117,-41.837685825141,Cancela Preta,25,74.24912054873838,75.46848247343672,0.0,74.24912054873838,visitar_agora,
8aa8b1b090dffff,-22.434505918201612,-41.85103839669826,Novo Horizonte,2,74.23208484602685,82.61167500063355,0.0,74.23208484602685,visitar_agora,
8aa8b1b09647fff,-22.42937472489596,-41.851366385914815,Novo Horizonte,2,74.14586000573058,81.110405480673,0.0,74.14586000573058,visitar_agora,
8aa8b1b09a5ffff,-22.43742947792402,-41.863389722344806,Novo Horizonte,3,74.1083058665624,66.49664958608746,7.611656280474946,74.1083058665624,visitar_agora,
8aa8b1b09b07fff,-22.443263479501336,-41.86088269986834,Novo Horizonte,-1,74.10297912239503,67.69364841183058,6.409330710564447,74.10297912239503,visitar_agora,
8aa8b1b0901ffff,-22.437624870154814,-41.85110579042697,Novo Horizonte,2,74.05453800940593,82.26251510899425,0.0,74.05453800940593,visitar_agora,
8aa8b1a25317fff,-22.402898597000256,-41.83411861993439,Cancela Preta,28,74.01298897638364,69.20995813702916,4.803030839354477,74.01298897638364,visitar_agora,
8aa8b1a21d67fff,-22.393432313900767,-41.82645432439142,São Marcos,26,73.98318467393919,66.51114155595981,7.472043117979382,73.98318467393919,visitar_agora,
8aa8b1b52b97fff,-22.397877811094986,-41.855513190245375,Cancela Preta,4,73.93839391331484,74.07541047696226,0.0,73.93839391331484,visitar_agora,
8aa8b1b5409ffff,-22.424854945414157,-41.86926175925345,Cancela Preta,8,73.89700602651811,64.76520773863274,9.131798287885374,73.89700602651811,visitar_agora,
8aa8b1b56a0ffff,-22.417405108396306,-41.86120130939324,Cancela Preta,13,73.86997732286376,77.82061218740274,0.0,73.86997732286376,visitar_agora,
8aa8b1b56347fff,-22.412071032428205,-41.860208307724335,Cancela Preta,13,73.8480046207461,77.48709119427397,0.0,73.8480046207461,visitar_agora,
8aa8b1b52107fff,-22.39817737050999,-41.8506924742549,Cancela Preta,4,73.75786695914918,83.96116477732053,0.0,73.75786695914918,visitar_agora,
8aa8b1b0965ffff,-22.428267685160264,-41.85090361121889,Novo Horizonte,2,73.70375066687697,77.09746726486469,0.0,73.70375066687697,visitar_agora,
8aa8b1a25a17fff,-22.40753019341716,-41.837290415064594,Cancela Preta,25,73.67142447350989,75.19396048086932,0.0,73.67142447350989,visitar_agora,
8aa8b1b52807fff,-22.402808893025288,-41.853864371720434,Cancela Preta,4,73.66268535770249,71.66009144348295,2.0025939142195313,73.66268535770249,visitar_agora,
8aa8b1a2560ffff,-22.39766021752967,-41.82698430161017,Cancela Preta,22,73.59897226317946,81.82252776484344,0.0,73.59897226317946,visitar_agora,
8aa8b1a21c67fff,-22.390311803134377,-41.826387056008556,São Marcos,26,73.57959899494682,69.57522310917876,4.004375885768056,73.57959899494682,visitar_agora,
8aa8b1b09b0ffff,-22.44235844144732,-41.861740861225,Novo Horizonte,-1,73.34166679814346,64.69165134684198,8.650015451301485,73.34166679814346,visitar_agora,
8aa8b1b09b67fff,-22.442762011919633,-41.86438279036619,Novo Horizonte,1,73.30904469973405,73.1337000356016,0.17534466413243877,73.30904469973405,visitar_agora,
8aa8b1b09747fff,-22.432493857221928,-41.85143378070713,Novo Horizonte,2,73.30360004950245,82.62094395925126,0.0,73.30360004950245,visitar_agora,
8aa8b1a2534ffff,-22.40058679193379,-41.83933477287579,Cancela Preta,27,73.22616627569599,66.02295841623139,7.203207859464598,73.22616627569599,visitar_agora,
8aa8b1a20687fff,-22.38646802489314,-41.80129128996664,Botafogo,18,73.21239771518995,73.00177997884363,0.21061773634632175,73.21239771518995,visitar_agora,
8aa8b1b52c4ffff,-22.39888080795439,-41.848513489395835,Cancela Preta,14,73.20176015915153,83.14864112536053,0.0,73.20176015915153,visitar_agora,
8aa8b1b0d26ffff,-22.45282084745552,-41.86240601540593,Aphaville (Costa do Sol),1,73.18340674335303,72.1112138401962,1.0721929031568322,73.18340674335303,visitar_agora,
8aa8b1b54d27fff,-22.438034809422405,-41.86735258911132,Novo Horizonte,3,73.11545333052693,65.81288098835962,7.302572342167309,73.11545333052693,visitar_agora,
8aa8b1a22ba7fff,-22.389279286382212,-41.79257531791596,Visconde de Araújo,5,73.10371502787017,76.00571446412958,0.0,73.10371502787017,visitar_agora,
8aa8b1a21d47fff,-22.392324757449227,-41.825991620226084,São Marcos,26,73.0968993703345,73.46840973952467,0.0,73.0968993703345,visitar_agora,
8aa8b1a25aaffff,-22.406422842464814,-41.83682768131513,Cancela Preta,25,73.09031225710181,72.33641075725602,0.7539014998457958,73.09031225710181,visitar_agora,
8aa8b1b72797fff,-22.442963780385185,-41.86570375643488,Novo Horizonte,1,73.03564952060793,73.48338781181751,0.0,73.03564952060793,visitar_agora,
8aa8b1b09a6ffff,-22.4387381507337,-41.865173482997704,Novo Horizonte,3,72.9657928861224,62.313767710854606,10.652025175267795,72.9657928861224,visitar_agora,
8aa8b1b5216ffff,-22.396770390870778,-41.855050431002155,Cancela Preta,4,72.90938473958393,75.93846044438595,0.0,72.90938473958393,visitar_agora,
8aa8b1b0ba27fff,-22.430676286984536,-41.83954537487855,Novo Horizonte,2,72.82710863340628,72.77976993998196,0.04733869342432229,72.82710863340628,visitar_agora,
8aa8b1b7271ffff,-22.443569018696323,-41.86966666061647,Novo Horizonte,1,72.80121963897025,67.88454334928241,4.916676289687842,72.80121963897025,visitar_agora,
8aa8b1b727affff,-22.44336728377379,-41.868345691561416,Novo Horizonte,1,72.79449241452419,67.91000260441652,4.884489810107667,72.79449241452419,visitar_agora,
8aa8b1b09b77fff,-22.442560232273596,-41.863061825295766,Novo Horizonte,-1,72.77257536703645,72.60641721069078,0.16615815634567355,72.77257536703645,visitar_agora,
8aa8b1a25327fff,-22.40420809536122,-41.835902218703495,Cancela Preta,28,72.71614398610676,74.83764349172797,0.0,72.71614398610676,visitar_agora,
8aa8b1a2514ffff,-22.406923927611484,-41.833327778363994,Cancela Preta,28,72.6820728759891,72.68686678802769,0.0,72.6820728759891,visitar_agora,
8aa8b1a256effff,-22.39564738163307,-41.82737973761293,São Marcos,22,72.6657944755635,64.22318523061432,8.442609244949182,72.6657944755635,visitar_agora,
8aa8b1a25a87fff,-22.406220758831132,-41.83550680389136,Cancela Preta,25,72.6505575477546,74.84467568628597,0.0,72.6505575477546,visitar_agora,
8aa8b1b52117fff,-22.397975381174515,-41.84937160756796,Cancela Preta,4,72.64249330745419,83.59331688008179,0.0,72.64249330745419,visitar_agora,
8aa8b1b54d2ffff,-22.437129683310225,-41.868210734773484,Novo Horizonte,3,72.61864668635786,65.70441782892013,6.914228857437735,72.61864668635786,visitar_agora,
8aa8b1b54707fff,-22.422842619222067,-41.86965708050422,Cancela Preta,8,72.56922755468933,59.32739504015729,13.241832514532042,72.56922755468933,visitar_agora,
8aa8b1b09b17fff,-22.443061672525946,-41.859561735304325,Novo Horizonte,-1,72.56001915786095,71.92394445644807,0.6360747014128805,72.56001915786095,visitar_agora,
8aa8b1b72637fff,-22.442462207029592,-41.86920384306484,Novo Horizonte,1,72.5295276937375,71.63905095069396,0.8904767430435498,72.5295276937375,visitar_agora,
8aa8b1b54727fff,-22.423949674108997,-41.87011988462994,Cancela Preta,8,72.40011373017242,62.15747932594731,10.242634404225115,72.40011373017242,visitar_agora,
8aa8b1b0964ffff,-22.428469595185284,-41.8522245412912,Novo Horizonte,2,72.27848226274673,80.50505599762434,0.0,72.27848226274673,visitar_agora,
8aa8b1b52a97fff,-22.394757463553535,-41.8554457791403,Cancela Preta,4,72.22108884950241,77.7833866941684,0.0,72.22108884950241,visitar_agora,
8aa8b1b52147fff,-22.396568433779436,-41.85372956526963,Cancela Preta,4,72.20781016170847,81.00333272306295,0.0,72.20781016170847,visitar_agora,
8aa8b1a25a27fff,-22.408839589386275,-41.83907403390363,Cancela Preta,25,72.20116706624096,70.75336455366094,1.4478025125800116,72.20116706624096,visitar_agora,
8aa8b1b7269ffff,-22.438939921688302,-41.86649444108167,Novo Horizonte,3,72.19259103777195,65.74943880792846,6.443152229843491,72.19259103777195,visitar_agora,
8aa8b1a25ad7fff,-22.40441018022003,-41.83722309214467,Cancela Preta,25,72.10887941836748,72.92334801806734,0.0,72.10887941836748,visitar_agora,
8aa8b1b09a47fff,-22.43853636860023,-41.86385252591114,Novo Horizonte,3,72.06844614292942,66.59538478876905,5.4730613541603645,72.06844614292942,visitar_agora,
8aa8b1a2532ffff,-22.403302790262856,-41.83676036077736,Cancela Preta,27,72.05031972030937,74.4497733751126,0.0,72.05031972030937,visitar_agora,
8aa8b1b09667fff,-22.43048174954861,-41.851829162238126,Novo Horizonte,2,71.98561856798008,79.23434643130278,0.0,71.98561856798008,visitar_agora,
8aa8b1b56baffff,-22.42012093945135,-41.858626916746324,Cancela Preta,13,71.98051719621341,75.19568606648693,0.0,71.98051719621341,visitar_agora,
8aa8b1b52ab7fff,-22.39586490771063,-41.855908537628174,Cancela Preta,4,71.97213804582996,75.05719756348854,0.0,71.97213804582996,visitar_agora,
8aa8b1a250cffff,-22.402292223410587,-41.83015601640062,Cancela Preta,28,71.96217538257295,71.63394064282025,0.3282347397527019,71.96217538257295,visitar_agora,
8aa8b1b0900ffff,-22.437826757856712,-41.85242673996218,Novo Horizonte,-1,71.89878070520864,56.90728340879304,14.991497296415595,71.89878070520864,visitar_agora,
8aa8b1b090c7fff,-22.435612879840157,-41.851501176158834,Novo Horizonte,2,71.8817771673433,80.00211442303706,0.0,71.8817771673433,visitar_agora,
8aa8b1b5214ffff,-22.39566295558103,-41.85458767338571,Cancela Preta,4,71.77739592405501,81.14712607750485,0.0,71.77739592405501,visitar_agora,
8aa8b1b52cf7fff,-22.39918015615462,-41.84369276598806,Cancela Preta,27,71.74530363572701,89.74447156795338,0.0,71.74530363572701,visitar_agora,
8aa8b1b5471ffff,-22.42173554925135,-41.869194278003576,Cancela Preta,8,71.65688642525399,64.67433188027934,6.982554544974647,71.65688642525399,visitar_agora,
8aa8b1b540b7fff,-22.426867224932415,-41.86886643552351,Cancela Preta,8,71.64807238743026,70.40299211621915,1.2450802712111084,71.64807238743026,visitar_agora,
8aa8b1a2216ffff,-22.386861374750694,-41.79032922304641,Aroeira,5,71.61739553427911,76.71979510225727,0.0,71.61739553427911,visitar_agora,
8aa8b1b09b1ffff,-22.442156639441073,-41.8604198981553,Novo Horizonte,-1,71.5495664591288,65.60869092163544,5.940875537493355,71.5495664591288,visitar_agora,
8aa8b1b09a67fff,-22.43964324418519,-41.86431533110337,Novo Horizonte,3,71.5422196409484,64.02886579940517,7.5133538415432355,71.5422196409484,visitar_agora,
8aa8b1b726affff,-22.440248538412575,-41.86827821283738,Novo Horizonte,-1,71.46631005027729,64.8277938828621,6.63851616741519,71.46631005027729,visitar_agora,
8aa8b1b54d77fff,-22.436224543352566,-41.869068878067786,Novo Horizonte,3,71.42082594714734,64.8492387638035,6.571587183343837,71.42082594714734,visitar_agora,
8aa8b1b090e7fff,-22.436719826392107,-41.85196395724683,Novo Horizonte,2,71.37761055581812,65.06380903381003,6.313801522008092,71.37761055581812,visitar_agora,
8aa8b1b720cffff,-22.44528093429892,-41.874092400385834,Novo Horizonte,1,71.36193550847932,69.76124554005936,1.6006899684199567,71.36193550847932,visitar_agora,
8aa8b1b7279ffff,-22.442058713576024,-41.86656191093634,Novo Horizonte,1,71.30158601763597,68.12586342911584,3.175722588520131,71.30158601763597,visitar_agora,
8aa8b1b5206ffff,-22.393650004331963,-41.85498302227913,Cancela Preta,-1,71.2760704947831,77.26027510421345,0.0,71.2760704947831,visitar_agora,
8aa8b1b56917fff,-22.427564451627745,-41.85308269430692,Novo Horizonte,-1,71.22655940743962,74.60132751640222,0.0,71.22655940743962,visitar_agora,
8aa8b1b0966ffff,-22.429576628716674,-41.85268731848683,Novo Horizonte,2,71.20784053366651,78.5590568129459,0.0,71.20784053366651,visitar_agora,
8aa8b1b720effff,-22.446387697126454,-41.87455522866446,Novo Horizonte,1,71.1933641582801,68.97002203881105,2.223342119469052,71.1933641582801,visitar_agora,
8aa8b1a2530ffff,-22.402195385240898,-41.83629763103912,Cancela Preta,27,71.17755497007987,73.42850089843233,0.0,71.17755497007987,visitar_agora,
8aa8b1b72697fff,-22.439845020107136,-41.865636290684925,Novo Horizonte,3,71.16649243253423,66.89770836405486,4.268784068479363,71.16649243253423,visitar_agora,
8aa8b1a22b17fff,-22.38948175533854,-41.7938961397313,Visconde de Araújo,5,71.14113290195363,73.54203735455715,0.0,71.14113290195363,visitar_agora,
8aa8b1b521a7fff,-22.397773380679656,-41.84805074189508,Cancela Preta,14,71.116316118127,85.30086835893877,0.0,71.116316118127,visitar_agora,
8aa8b1a253affff,-22.401791179594515,-41.83365589520746,Cancela Preta,28,71.11104777011548,67.46115114734785,3.6498966227676277,71.11104777011548,visitar_agora,
8aa8b1b726d7fff,-22.43823656423117,-41.86867354669221,Novo Horizonte,3,71.10163435908996,67.19132022063796,3.9103141384519944,71.10163435908996,visitar_agora,
8aa8b1b724c7fff,-22.444773872454512,-41.863987440332,Novo Horizonte,1,71.05870388967861,74.17387654105138,0.0,71.05870388967861,visitar_agora,
8aa8b1b5634ffff,-22.41116567840607,-41.861066428033304,Cancela Preta,-1,71.00916799760779,66.9442539189323,4.064914078675486,71.00916799760779,visitar_agora,
8aa8b1a250e7fff,-22.40430491570947,-41.829760584910176,Cancela Preta,28,70.98430669779111,81.89837428858043,0.0,70.98430669779111,visitar_agora,
8aa8b1b56827fff,-22.42575412297525,-41.8547989932548,Cancela Preta,13,70.96226685397208,64.08958082731509,6.872686026656993,70.96226685397208,visitar_agora,
8aa8b1b52c5ffff,-22.39867880249583,-41.847192622237415,Cancela Preta,14,70.86966109478496,83.93250991874459,0.0,70.86966109478496,visitar_agora,
8aa8b1a22b57fff,-22.387873725522127,-41.79693331227324,Visconde de Araújo,10,70.86262594886863,74.53708570655311,0.0,70.86262594886863,visitar_agora,
8aa8b1b52027fff,-22.39616448611899,-41.851087836834296,Cancela Preta,4,70.84256965886617,83.1915705160943,0.0,70.84256965886617,visitar_agora,
8aa8b1b726f7fff,-22.439343430059857,-41.869136360236226,Novo Horizonte,-1,70.79816356969,63.09184342766476,7.706320142025241,70.79816356969,visitar_agora,
8aa8b1b72767fff,-22.444174156373847,-41.87362957373186,Novo Horizonte,1,70.71508501352758,73.15515961377099,0.0,70.71508501352758,visitar_agora,
8aa8b1a250effff,-22.403399644325415,-41.83061873523681,Cancela Preta,28,70.65499780336162,78.11311343372513,0.0,70.65499780336162,visitar_agora,
8aa8b1b5211ffff,-22.397069940562456,-41.850229723380906,Cancela Preta,4,70.61228098055801,83.64312477403224,0.0,70.61228098055801,visitar_agora,
8aa8b1b09b6ffff,-22.4418569500784,-41.86524094636529,Novo Horizonte,1,70.59471900293732,68.8130442525852,1.7816747503521242,70.59471900293732,visitar_agora,
8aa8b1b7268ffff,-22.439141681463767,-41.867815400161646,Novo Horizonte,3,70.56928018797596,68.66449298858588,1.9047871993900856,70.56928018797596,visitar_agora,
8aa8b1b09187fff,-22.44033991832805,-41.8485312758074,Novo Horizonte,2,70.54479390276691,65.95953281156089,4.585261091206021,70.54479390276691,visitar_agora,
8aa8b1b5635ffff,-22.41096380191957,-41.8597455298341,Cancela Preta,-1,70.5250981222498,72.47381123668588,0.0,70.5250981222498,visitar_agora,
8aa8b1a22a37fff,-22.38746881865651,-41.79429167336344,Visconde de Araújo,5,70.44585238416312,74.34785866177464,0.0,70.44585238416312,visitar_agora,
8aa8b1b56957fff,-22.4259560069242,-41.85611991986898,Cancela Preta,13,70.42673502176487,62.540808524430304,7.885926497334566,70.42673502176487,visitar_agora,
8aa8b1b09b47fff,-22.441655175400566,-41.86391998279159,Novo Horizonte,-1,70.36643004815014,69.24097713059005,1.1254529175600823,70.36643004815014,visitar_agora,
8aa8b1b54597fff,-22.427466782853333,-41.859224563421456,Cancela Preta,3,70.34311918458152,85.30176495425917,0.0,70.34311918458152,visitar_agora,
8aa8b1b09b4ffff,-22.440750104678152,-41.864778137921434,Novo Horizonte,-1,70.32099080635712,66.54243360577372,3.7785572005833927,70.32099080635712,visitar_agora,
8aa8b1b52067fff,-22.394555505226514,-41.85412491739609,Cancela Preta,4,70.2916541332573,82.2053419495045,0.0,70.2916541332573,visitar_agora,
8aa8b1b52c97fff,-22.39968143148204,-41.840192905532966,Cancela Preta,27,70.2575550321612,78.22228429980908,0.0,70.2575550321612,visitar_agora,
8aa8b1b52c8ffff,-22.39897811225371,-41.84237190040079,Cancela Preta,27,70.22520979228135,84.00911623657446,0.0,70.22520979228135,visitar_agora,
8aa8b1b72617fff,-22.441355380268107,-41.868741027138455,Novo Horizonte,-1,70.18639452851278,66.66464504748937,3.521749481023406,70.18639452851278,visitar_agora,
8aa8b1b54617fff,-22.419521364061435,-41.868268677877765,Cancela Preta,8,70.09149069050392,71.67039898307824,0.0,70.09149069050392,visitar_agora,
8aa8b1b52847fff,-22.401199981367135,-41.856901477735136,Cancela Preta,4,70.0677761269966,65.47135081165854,4.596425315338067,70.0677761269966,visitar_agora,
8aa8b1b5284ffff,-22.400294533679453,-41.85775958784575,Cancela Preta,4,70.00826119387827,61.45218267057271,8.556078523305558,70.00826119387827,visitar_agora,
8aa8b1b72687fff,-22.440046784849688,-41.86695725126339,Novo Horizonte,3,69.99168542721704,61.81284251458956,8.178842912627474,69.99168542721704,visitar_agora,
8aa8b1a25377fff,-22.402397471324974,-41.83761850049761,Cancela Preta,27,69.97756049861525,70.0377923229929,0.0,69.97756049861525,visitar_agora,
8aa8b1b09b5ffff,-22.44054832378847,-41.863457176842886,Novo Horizonte,-1,69.94285193944638,66.35864039712176,3.584211542324624,69.94285193944638,visitar_agora,
8aa8b1a25647fff,-22.396957059547113,-41.82916330094254,Cancela Preta,22,69.92074218655185,67.56306904338827,2.3576731431635807,69.92074218655185,visitar_agora,
8aa8b1b72397fff,-22.444375846568796,-41.87495054674907,Novo Horizonte,1,69.91276618529726,72.75829288900569,0.0,69.91276618529726,visitar_agora,
8aa8b1b726dffff,-22.43733143315267,-41.869531690854686,Novo Horizonte,3,69.89169095498754,71.71765069272492,0.0,69.89169095498754,visitar_agora,
8aa8b1b56877fff,-22.42394373894469,-41.85651528275547,Cancela Preta,13,69.88517581550504,68.27571385472847,1.6094619607765708,69.88517581550504,visitar_agora,
8aa8b1b56937fff,-22.428671494037488,-41.85354547237465,Novo Horizonte,-1,69.83644383206733,82.59792894984102,0.0,69.83644383206733,visitar_agora,
8aa8b1b0974ffff,-22.43158875911746,-41.852291940188785,Novo Horizonte,2,69.8237922290096,76.92976683953266,0.0,69.8237922290096,visitar_agora,
8aa8b1a22b9ffff,-22.387063867199934,-41.79165003874387,Aroeira,5,69.81194616485126,74.42163019869497,0.0,69.81194616485126,visitar_agora,
8aa8b1b726c7fff,-22.438438307860835,-41.869994505266774,Novo Horizonte,-1,69.79140140752513,71.83948149652632,0.0,69.79140140752513,visitar_agora,
8aa8b1b54637fff,-22.42062846419755,-41.868731477128065,Cancela Preta,8,69.72964753401857,74.2927854690342,0.0,69.72964753401857,visitar_agora,
8aa8b1b09b57fff,-22.44145338954278,-41.86259902021665,Novo Horizonte,-1,69.71866932602254,71.82616302978543,0.0,69.71866932602254,visitar_agora,
8aa8b1b72607fff,-22.44155711643753,-41.870061992199915,Novo Horizonte,-1,69.70643670036404,66.81674115135779,2.889695549006248,69.70643670036404,visitar_agora,
8aa8b1a22b8ffff,-22.387266348501964,-41.79297085551667,Visconde de Araújo,5,69.61879195242253,72.28674330740358,0.0,69.61879195242253,visitar_agora,
8aa8b1b091affff,-22.44054182094257,-41.849852229804384,Novo Horizonte,-1,69.60645509092733,63.73128868571338,5.875166405213946,69.60645509092733,visitar_agora,
8aa8b1b5696ffff,-22.426359741305127,-41.85876177611689,Cancela Preta,8,69.58579903758462,76.85212111759141,0.0,69.58579903758462,visitar_agora,
8aa8b1b092cffff,-22.428371960126277,-41.85836641873131,Cancela Preta,3,69.54970159954783,84.92252358972581,0.0,69.54970159954783,visitar_agora,
8aa8b1b09a27fff,-22.44125159250528,-41.861278058641844,Novo Horizonte,-1,69.5409641594583,60.905115547066416,8.635848612391882,69.5409641594583,visitar_agora,
8aa8b1b56277fff,-22.409856556336237,-41.85928275357012,Cancela Preta,-1,69.5202481149616,69.19151102310177,0.3287370918598356,69.5202481149616,visitar_agora,
8aa8b1b72747fff,-22.443067363351965,-41.8731667487026,Novo Horizonte,1,69.4048405771999,75.20943461217409,0.0,69.4048405771999,visitar_agora,
8aa8b1b72757fff,-22.44286565575925,-41.87184577916588,Novo Horizonte,1,69.39435885908196,63.20474067159414,6.189618187487824,69.39435885908196,visitar_agora,
8aa8b1a25ab7fff,-22.407126027374865,-41.83464865623492,Cancela Preta,28,69.35274164008462,73.78649765708762,0.0,69.35274164008462,visitar_agora,
8aa8b1a22ab7fff,-22.385956135041535,-41.791187401609676,Aroeira,5,69.33253169348347,67.27692887564952,2.0556028178339574,69.33253169348347,visitar_agora,
8aa8b1b5472ffff,-22.423044388965806,-41.870978007637845,Cancela Preta,8,69.30667709966369,63.37145376094626,5.935223338717428,69.30667709966369,visitar_agora,
8aa8b1b7276ffff,-22.443269059762937,-41.87448771922823,Novo Horizonte,1,69.29041622271319,71.24480918161163,0.0,69.29041622271319,visitar_agora,
8aa8b1b5685ffff,-22.421931424288207,-41.85691064316375,Cancela Preta,13,69.19768940249347,70.73368062451284,0.0,69.19768940249347,visitar_agora,
8aa8b1b090effff,-22.435814768778215,-41.85282212170607,Novo Horizonte,2,69.15949833889744,64.88148927270758,4.278009066189853,69.15949833889744,visitar_agora,
8aa8b1b56967fff,-22.427264927455315,-41.85790363229744,Cancela Preta,3,69.14873724721701,84.4020800068049,0.0,69.14873724721701,visitar_agora,
8aa8b1a25677fff,-22.397862389132747,-41.828305157355246,Cancela Preta,22,69.12991162065521,68.87380660881657,0.25610501183864187,69.12991162065521,visitar_agora,
8aa8b1a22aa7fff,-22.386158622515758,-41.79250821586097,Visconde de Araújo,5,69.0851091475404,73.64412662276368,0.0,69.0851091475404,visitar_agora,
8aa8b1b724f7fff,-22.445678897713115,-41.86312927873132,Novo Horizonte,1,69.07460960067415,74.30916023663629,0.0,69.07460960067415,visitar_agora,
8aa8b1b56ba7fff,-22.42102618879028,-41.857768781136585,Cancela Preta,13,69.04831421554465,68.93622604356968,0.11208817197497467,69.04831421554465,visitar_agora,
8aa8b1a21d6ffff,-22.392526948832753,-41.82731246446592,São Marcos,26,69.02436940793194,73.29739817413929,0.0,69.02436940793194,visitar_agora,
8aa8b1b521affff,-22.39686794503092,-41.84890885919417,Cancela Preta,4,68.96941807995196,83.55075747083647,0.0,68.96941807995196,visitar_agora,
8aa8b1a25a97fff,-22.406018664036313,-41.834185927496435,Cancela Preta,28,68.96365888837609,71.5840734750931,0.0,68.96365888837609,visitar_agora,
8aa8b1b726e7fff,-22.43954516747631,-41.87045732130399,Novo Horizonte,-1,68.92835094948833,63.70235139160169,5.225999557886645,68.92835094948833,visitar_agora,
8aa8b1b09a57fff,-22.438334575288142,-41.86253156982339,Novo Horizonte,3,68.91407440827734,64.82650997362904,4.0875644346483,68.91407440827734,visitar_agora,
8aa8b1b5215ffff,-22.395460992292367,-41.853266810151766,Cancela Preta,4,68.90382964979447,71.15672170819232,0.0,68.90382964979447,visitar_agora,
8aa8b1b540d7fff,-22.424151437642827,-41.87144081425629,Cancela Preta,8,68.85179022050059,62.235138689892565,6.616651530608024,68.85179022050059,visitar_agora,
8aa8b1a2531ffff,-22.40199328799733,-41.834976762608605,Cancela Preta,28,68.82286045952239,66.50242566445156,2.320434795070824,68.82286045952239,visitar_agora,
8aa8b1b09b27fff,-22.4443703044684,-41.86134550320767,Novo Horizonte,-1,68.8118633597106,72.22739392421055,0.0,68.8118633597106,visitar_agora,
8aa8b1b56267fff,-22.410058439025722,-41.86060364927286,Cancela Preta,-1,68.76126746707321,67.57463103228075,1.1866364347924616,68.76126746707321,visitar_agora,
8aa8b1b52047fff,-22.393448039807954,-41.85366216303334,Cancela Preta,-1,68.6869926798138,82.62736901606921,0.0,68.6869926798138,visitar_agora,
8aa8b1b724d7fff,-22.44457209405197,-41.86266647126979,Novo Horizonte,1,68.63293208302532,71.36394621892326,0.0,68.63293208302532,visitar_agora,
8aa8b1b0976ffff,-22.43269575360179,-41.852754719766736,Novo Horizonte,2,68.57585331154182,77.85600356078089,0.0,68.57585331154182,visitar_agora,
8aa8b1a21c6ffff,-22.389406406490416,-41.82724519197711,São Marcos,26,68.52799898891165,72.23360026925853,0.0,68.52799898891165,visitar_agora,
8aa8b1b56b87fff,-22.41991906295839,-41.857306001093804,Cancela Preta,13,68.52271815466658,72.40301856754903,0.0,68.52271815466658,visitar_agora,
8aa8b1b56907fff,-22.42776634551182,-41.85440362390119,Novo Horizonte,-1,68.5134889814069,80.34994082979823,0.0,68.5134889814069,visitar_agora,
8aa8b1b726b7fff,-22.440951874388162,-41.86609909999782,Novo Horizonte,-1,68.5060215872934,61.333718129284364,7.17230345800904,68.5060215872934,visitar_agora,
8aa8b1b52007fff,-22.39505703223888,-41.85062508671504,Cancela Preta,4,68.4505466372017,79.56723089721342,0.0,68.4505466372017,visitar_agora,
8aa8b1a21c4ffff,-22.388298802189702,-41.82678248931536,São Marcos,26,68.36854391950115,73.16806910929844,0.0,68.36854391950115,visitar_agora,
8aa8b1a25347fff,-22.40149213854835,-41.83847663786388,Cancela Preta,27,68.34840270006258,72.32347698864679,0.0,68.34840270006258,visitar_agora,
8aa8b1b521b7fff,-22.39757136902567,-41.84672987723768,Cancela Preta,14,68.32638235383519,83.4173753804775,0.0,68.32638235383519,visitar_agora,
8aa8b1b52827fff,-22.40391624144039,-41.85432713322941,Cancela Preta,4,68.31223443117025,66.92801394504711,1.3842204861231409,68.31223443117025,visitar_agora,
8aa8b1a211a7fff,-22.38719118283514,-41.826319788283854,São Marcos,26,68.29066268590084,70.44076057868669,0.0,68.29066268590084,visitar_agora,
8aa8b1a22b97fff,-22.387969098036585,-41.79079185929335,Aroeira,5,68.2315269453895,77.3489480178162,0.0,68.2315269453895,visitar_agora,
8aa8b1b09a2ffff,-22.440346531719364,-41.862136216763574,Novo Horizonte,-1,68.18010235267829,67.96551763331358,0.21458471936470858,68.18010235267829,visitar_agora,
8aa8b1a21997fff,-22.39363449909775,-41.82777517113992,São Marcos,26,68.14747450699043,72.40663629550038,0.0,68.14747450699043,visitar_agora,
8aa8b1b5682ffff,-22.424848937881833,-41.855657139186235,Cancela Preta,13,68.07293897947248,70.10993737885036,0.0,68.07293897947248,visitar_agora,
8aa8b1b52077fff,-22.394353535740958,-41.85280405666089,Cancela Preta,4,67.87160346924873,79.61568521085923,0.0,67.87160346924873,visitar_agora,
8aa8b1b09b37fff,-22.44416850370403,-41.86002453614704,Novo Horizonte,-1,67.8462142488817,72.40420242794151,0.0,67.8462142488817,visitar_agora,
8aa8b1b56807fff,-22.424647047728193,-41.85433621507046,Cancela Preta,13,67.74424890596042,67.90439493428299,0.0,67.74424890596042,visitar_agora,
8aa8b1b56bb7fff,-22.420824307331646,-41.856447863992,Cancela Preta,13,67.71186187287786,67.08529318077576,0.6265686921020972,67.71186187287786,visitar_agora,
8aa8b1b726effff,-22.438640040311142,-41.87131546483362,Novo Horizonte,-1,67.66975735794433,65.48195018656496,2.187807171379376,67.66975735794433,visitar_agora,
8aa8b1b52b17fff,-22.399389072161455,-41.858617695593445,Cancela Preta,4,67.61098212735318,64.66678725538732,2.9441948719658626,67.61098212735318,visitar_agora,
8aa8b1b7260ffff,-22.44065201199836,-41.87092013896628,Novo Horizonte,-1,67.52893765924416,69.22631410205115,0.0,67.52893765924416,visitar_agora,
8aa8b1b54627fff,-22.420830246359785,-41.87005239927577,Cancela Preta,8,67.49709639354565,65.26519266762877,2.2319037259168795,67.49709639354565,visitar_agora,
8aa8b1a21d4ffff,-22.391419383511384,-41.82684975942212,São Marcos,26,67.48320267208068,67.83214512552081,0.0,67.48320267208068,visitar_agora,
8aa8b1b56977fff,-22.427063060884272,-41.85658270217852,Cancela Preta,-1,67.45989966590804,77.48076013789344,0.0,67.45989966590804,visitar_agora,
8aa8b1b09377fff,-22.434812016239178,-41.859822223891,Novo Horizonte,3,67.43493430920533,65.45460606552783,1.980328243677505,67.43493430920533,visitar_agora,
8aa8b1b5202ffff,-22.3952590178449,-41.851945947927746,Cancela Preta,4,67.4245862315389,71.94113545727248,0.0,67.4245862315389,visitar_agora,
8aa8b1a21187fff,-22.386083548427465,-41.82585708888263,São Marcos,26,67.41394189391691,67.2244373911573,0.18950450275961828,67.41394189391691,visitar_agora,
8aa8b1b52c9ffff,-22.398776057193892,-41.84105103583504,Cancela Preta,27,67.40112095284387,84.14276889293826,0.0,67.40112095284387,visitar_agora,
8aa8b1a22a17fff,-22.386361098843032,-41.793829031186704,Visconde de Araújo,5,67.3948468120821,72.14275620316745,0.0,67.3948468120821,visitar_agora,
8aa8b1b56b9ffff,-22.418811922047347,-41.856843222677625,Cancela Preta,13,67.33589059310319,66.55416143443927,0.7817291586639215,67.33589059310319,visitar_agora,
8aa8b1b7262ffff,-22.441758841426253,-41.87138295825359,Novo Horizonte,-1,67.31844807104686,66.50580460112896,0.8126434699179015,67.31844807104686,visitar_agora,
8aa8b1b7274ffff,-22.442162257860566,-41.87402489333199,Novo Horizonte,-1,67.28461969236868,66.03730039665014,1.2473192957185404,67.28461969236868,visitar_agora,
8aa8b1b56257fff,-22.40874929567896,-41.85881997893246,Cancela Preta,-1,67.24426631164653,62.74075586120531,4.503510450441219,67.24426631164653,visitar_agora,
8aa8b1a22a27fff,-22.387671277663312,-41.795612492282764,Visconde de Araújo,10,67.15904551312963,73.31670397483524,0.0,67.15904551312963,visitar_agora,
8aa8b1b54607fff,-22.419723152432255,-41.86958959753227,Cancela Preta,8,67.10898305843689,62.854499411522504,4.254483646914387,67.10898305843689,visitar_agora,
8aa8b1a2069ffff,-22.38536031203332,-41.80082863594073,Botafogo,18,67.10257441087563,67.2343898855459,0.0,67.10257441087563,visitar_agora,
8aa8b1b5626ffff,-22.409153062297552,-41.86146176634736,Cancela Preta,-1,67.05209491168094,66.9999291477509,0.05216576393003436,67.05209491168094,visitar_agora,
8aa8b1b52037fff,-22.3959624955504,-41.84976697413428,Cancela Preta,4,67.04195366049416,81.75155423023502,0.0,67.04195366049416,visitar_agora,
8aa8b1b52867fff,-22.402307341321873,-41.85736424348492,Cancela Preta,4,67.0210542677086,71.48450885389722,0.0,67.0210542677086,visitar_agora,
8aa8b1b09baffff,-22.4419548262551,-41.85909893608806,Novo Horizonte,-1,66.95847406581308,67.5944255781748,0.0,66.95847406581308,visitar_agora,
8aa8b1b56817fff,-22.424445146403094,-41.85301529196357,Cancela Preta,-1,66.93940087317588,67.02235928826532,0.0,66.93940087317588,visitar_agora,
8aa8b1b52057fff,-22.393246064125943,-41.852341304797044,Cancela Preta,-1,66.82625645280724,80.24935664550749,0.0,66.82625645280724,visitar_agora,
8aa8b1a22b5ffff,-22.386968460940597,-41.79779148359658,Visconde de Araújo,10,66.77103828579988,67.66339324821203,0.0,66.77103828579988,visitar_agora,
8aa8b1a22a87fff,-22.38505088148527,-41.79204557783974,Visconde de Araújo,-1,66.72991336224672,70.01293858446746,0.0,66.72991336224672,visitar_agora,
8aa8b1b09a37fff,-22.44104978428835,-41.85995709806859,Novo Horizonte,-1,66.72463666089757,67.46648960727055,0.0,66.72463666089757,visitar_agora,
8aa8b1b5295ffff,-22.403212766309167,-41.85650613014065,Cancela Preta,4,66.67975099912881,65.1119056094936,1.5678453896352096,66.67975099912881,visitar_agora,
8aa8b1b568a7fff,-22.424243233906815,-41.85169436986696,Cancela Preta,-1,66.64587882234773,66.44020573101076,0.205673091336962,66.64587882234773,visitar_agora,
8aa8b1a219b7fff,-22.39474203430563,-41.82823787944405,Cancela Preta,22,66.613851715226,68.78387436949207,0.0,66.613851715226,visitar_agora,
8aa8b1b52187fff,-22.396665938340526,-41.847587996021986,Cancela Preta,14,66.57254735698012,84.88017629115498,0.0,66.57254735698012,visitar_agora,
8aa8b1b0911ffff,-22.440743712379426,-41.85117318481505,Novo Horizonte,-1,66.56402242733132,61.97067474001088,4.5933476873204455,66.56402242733132,visitar_agora,
8aa8b1a2565ffff,-22.395849554455665,-41.82870058937827,Cancela Preta,22,66.54763711964682,64.52660466078245,2.0210324588643687,66.54763711964682,visitar_agora,
8aa8b1a22b07fff,-22.389684213146325,-41.795216962619634,Visconde de Araújo,10,66.45613268092488,74.8052371583098,0.0,66.45613268092488,visitar_agora,
8aa8b1a22b87fff,-22.388171584313742,-41.79211267751265,Visconde de Araújo,5,66.44675977280713,70.33637679522975,0.0,66.44675977280713,visitar_agora,
8aa8b1b568b7fff,-22.424041310239595,-41.85037344878204,Cancela Preta,-1,66.42487351308293,65.86432404660323,0.5605494664796993,66.42487351308293,visitar_agora,
8aa8b1b56927fff,-22.42887338171662,-41.85486640446783,Novo Horizonte,-1,66.34734886374028,77.31566855782785,0.0,66.34734886374028,visitar_agora,
8aa8b1b72657fff,-22.439746893712865,-41.871778283363554,Novo Horizonte,-1,66.25675141755323,71.79136007675882,0.0,66.25675141755323,visitar_agora,
8aa8b1b5200ffff,-22.39415155509713,-41.85148319693609,Cancela Preta,4,66.22000740113322,79.96090130132126,0.0,66.22000740113322,visitar_agora,
8aa8b1a25357fff,-22.401290057431247,-41.837155769883424,Cancela Preta,27,66.1935810101536,71.05127297935961,0.0,66.1935810101536,visitar_agora,
8aa8b1b091a7fff,-22.441446814264395,-41.84899405503186,Novo Horizonte,-1,66.18485302869323,62.083014725957185,4.101838302736041,66.18485302869323,visitar_agora,
8aa8b1b72297fff,-22.4412571385232,-41.8748830355909,Novo Horizonte,-1,66.15392565079222,68.99512044180723,0.0,66.15392565079222,visitar_agora,
8aa8b1b09a07fff,-22.44014472847109,-41.860815257684905,Novo Horizonte,-1,66.13327833678457,67.74645891587407,0.0,66.13327833678457,visitar_agora,
8aa8b1b7249ffff,-22.44527531978862,-41.860487338616146,Novo Horizonte,-1,65.9858522489155,72.22630731850295,0.0,65.9858522489155,visitar_agora,
8aa8b1a22aaffff,-22.38525336398483,-41.793366390644294,Visconde de Araújo,-1,65.82525598713664,73.03669495323547,0.0,65.82525598713664,visitar_agora,
8aa8b1b52ceffff,-22.398476785877865,-41.84587175609538,Cancela Preta,14,65.80529607315543,85.98697257104936,0.0,65.80529607315543,visitar_agora,
8aa8b1b091b7fff,-22.44124490667824,-41.8476730995488,Novo Horizonte,-1,65.74589158072123,55.052515615569185,10.69337596515205,65.74589158072123,visitar_agora,
8aa8b1b098effff,-22.443563034328765,-41.85606164098813,Novo Horizonte,-1,65.73768433002793,61.55327264586031,4.184411684167621,65.73768433002793,visitar_agora,
8aa8b1b724a7fff,-22.447488906674344,-41.86141294843334,Aphaville (Costa do Sol),1,65.66146481274959,74.04478918325862,0.0,65.66146481274959,visitar_agora,
8aa8b1b0984ffff,-22.443966691759133,-41.858703570089304,Novo Horizonte,-1,65.64416963346825,64.55617351401385,1.0879961194544023,65.64416963346825,visitar_agora,
8aa8b1b546affff,-22.41841424884372,-41.8678058802527,Cancela Preta,8,65.63689030385412,69.1109748876932,0.0,65.63689030385412,visitar_agora,
8aa8b1a22b2ffff,-22.389886659805292,-41.79653778657954,Visconde de Araújo,10,65.6265507528163,76.56879723368459,0.0,65.6265507528163,visitar_agora,
8aa8b1a22baffff,-22.38837405944313,-41.793433496806806,Visconde de Araújo,5,65.61669846133351,71.00374715963753,0.0,65.61669846133351,visitar_agora,
8aa8b1b09bb7fff,-22.442658025035428,-41.85691980918785,Novo Horizonte,-1,65.5582255069799,62.18075293647634,3.3774725705035564,65.5582255069799,visitar_agora,
8aa8b1b7275ffff,-22.44196055523402,-41.87270392529808,Novo Horizonte,-1,65.53363688875557,74.85517899380987,0.0,65.53363688875557,visitar_agora,
8aa8b1b7248ffff,-22.445477114341532,-41.861808308173224,Novo Horizonte,1,65.52163780212484,73.52760052863349,0.0,65.52163780212484,visitar_agora,
8aa8b1b5201ffff,-22.39394956329529,-41.85016233822311,Cancela Preta,4,65.51089734608733,78.01603639215473,0.0,65.51089734608733,visitar_agora,
8aa8b1b0905ffff,-22.436016646540246,-41.85414306826381,Novo Horizonte,-1,65.35875811905329,64.5135584089732,0.8451997100800952,65.35875811905329,visitar_agora,
8aa8b1a25237fff,-22.400885861719622,-41.834514037005064,Cancela Preta,28,65.34277381662807,66.40367433850548,0.0,65.34277381662807,visitar_agora,
8aa8b1b092dffff,-22.428170099761346,-41.8570454861148,Novo Horizonte,3,65.33499817170829,74.55177486738845,0.0,65.33499817170829,visitar_agora,
8aa8b1b09877fff,-22.44577668866734,-41.85698723256859,Aphaville (Costa do Sol),-1,65.26018066952956,67.09704141784061,0.0,65.26018066952956,visitar_agora,
8aa8b1b56ab7fff,-22.41770476605788,-41.85638044588812,Cancela Preta,13,65.20906134448347,70.05101594607281,0.0,65.20906134448347,visitar_agora,
8aa8b1b72667fff,-22.441055440862435,-41.8735620690604,Novo Horizonte,-1,65.1660575172154,67.93710420505067,0.0,65.1660575172154,visitar_agora,
8aa8b1b7266ffff,-22.440150312645287,-41.87442021045244,Novo Horizonte,-1,65.09511361953983,62.3150713796096,2.780042239930232,65.09511361953983,visitar_agora,
8aa8b1b72647fff,-22.439948608769278,-41.8730992464135,Novo Horizonte,-1,65.06148145076868,64.64039305544947,0.4210883953192166,65.06148145076868,visitar_agora,
8aa8b1b09117fff,-22.441648710672606,-41.85031501152952,Novo Horizonte,-1,64.98133641490405,69.95305029065855,0.0,64.98133641490405,visitar_agora,
8aa8b1b7259ffff,-22.448393890375414,-41.8605547797368,Aphaville (Costa do Sol),1,64.85691441477542,73.67583807030962,0.0,64.85691441477542,visitar_agora,
8aa8b1b0980ffff,-22.445574855601464,-41.85566626453131,Aphaville (Costa do Sol),-1,64.74897574326599,63.27937080253996,1.469604940726029,64.74897574326599,visitar_agora,
8aa8b1b5461ffff,-22.418616043422695,-41.86912679741384,Cancela Preta,8,64.71990396909877,64.94435384044695,0.0,64.71990396909877,visitar_agora,
8aa8b1b09b8ffff,-22.44084796489222,-41.8586361384983,Novo Horizonte,-1,64.69921669575123,67.95382303959956,0.0,64.69921669575123,visitar_agora,
8aa8b1b505a7fff,-22.406938520572744,-41.8605362119647,Cancela Preta,-1,64.68578802434386,73.52020461911485,0.0,64.68578802434386,visitar_agora,
8aa8b1b0986ffff,-22.44507351405465,-41.859166370061466,Novo Horizonte,-1,64.64736676961736,66.15764924113336,0.0,64.64736676961736,visitar_agora,
8aa8b1b5692ffff,-22.427968228223108,-41.85572455450429,Novo Horizonte,-1,64.58580581498559,78.35495659767948,0.0,64.58580581498559,visitar_agora,
8aa8b1b52b1ffff,-22.39848359681389,-41.859475800977826,Cancela Preta,4,64.56741716249468,64.33581164527357,0.23160551722111222,64.56741716249468,visitar_agora,
8aa8b1b5218ffff,-22.39576049382324,-41.8484461124479,Cancela Preta,4,64.55615115890981,81.60188837426277,0.0,64.55615115890981,visitar_agora,
8aa8b1b09ae7fff,-22.438132770797708,-41.86121061473584,Novo Horizonte,3,64.50472362169376,65.4873620721306,0.0,64.50472362169376,visitar_agora,
8aa8b1b09847fff,-22.44487169713986,-41.857845402510605,Novo Horizonte,-1,64.49299987972485,61.69239322280673,2.80060665691812,64.49299987972485,visitar_agora,
8aa8b1b52947fff,-22.404320102325116,-41.856968896645974,Cancela Preta,4,64.47141217262673,64.3672390090529,0.104173163573833,64.47141217262673,visitar_agora,
8aa8b1b724affff,-22.446583909119987,-41.86227111476498,Novo Horizonte,1,64.46254251035325,72.33356980116925,0.0,64.46254251035325,visitar_agora,
8aa8b1b72677fff,-22.440853732020734,-41.87224110351839,Novo Horizonte,-1,64.37278638230617,74.52795280698318,0.0,64.37278638230617,visitar_agora,
8aa8b1b50537fff,-22.40824767173583,-41.86231988105722,Cancela Preta,-1,64.34379161155076,67.2986771111866,0.0,64.34379161155076,visitar_agora,
8aa8b1b540a7fff,-22.427068992183244,-41.87018737064433,Cancela Preta,8,64.25270159499951,66.40338876828253,0.0,64.25270159499951,visitar_agora,
8aa8b1b098e7fff,-22.444468029768885,-41.855203470425906,Novo Horizonte,-1,64.18513253829758,60.48703514749103,3.698097390806552,64.18513253829758,visitar_agora,
8aa8b1b56d4ffff,-22.423839375401712,-41.849052528710196,Novo Horizonte,-1,64.13567122230408,65.03527692545161,0.0,64.13567122230408,visitar_agora,
8aa8b1a2199ffff,-22.39272912906208,-41.828633309743246,São Marcos,26,64.12014305650833,69.56613117364637,0.0,64.12014305650833,visitar_agora,
8aa8b1b5294ffff,-22.403414686207405,-41.857827010861214,Cancela Preta,4,64.10933291864372,69.84373749728083,0.0,64.10933291864372,visitar_agora,
8aa8b1b505b7fff,-22.40673663044133,-41.85921532274867,Cancela Preta,4,64.07053734958814,69.95231068479117,0.0,64.07053734958814,visitar_agora,
8aa8b1a22a07fff,-22.386563564023106,-41.79514984758549,Visconde de Araújo,10,64.04265531615461,73.69684485457863,0.0,64.04265531615461,visitar_agora,
8aa8b1b52527fff,-22.39787066907013,-41.84190916378161,Cancela Preta,27,63.92537461821771,85.5961442773791,0.0,63.92537461821771,visitar_agora,
8aa8b1b5052ffff,-22.407544123978017,-41.86449888562056,Cancela Preta,-1,63.91641317789194,70.35063907841388,0.0,63.91641317789194,visitar_agora,
8aa8b1b50507fff,-22.40734226734135,-41.86317799340205,Cancela Preta,-1,63.90540946242479,72.44967734858896,0.0,63.90540946242479,visitar_agora,
8aa8b1b50597fff,-22.40562933076787,-41.85875255049314,Cancela Preta,4,63.74817868836629,69.03007516293972,0.0,63.74817868836629,visitar_agora,
8aa8b1b09817fff,-22.446277979086375,-41.85348712221547,Aphaville (Costa do Sol),-1,63.72004951990854,64.03730024969391,0.0,63.72004951990854,visitar_agora,
8aa8b1b098cffff,-22.442456184520815,-41.85559884763819,Novo Horizonte,-1,63.707614149405245,66.90978016856072,0.0,63.707614149405245,visitar_agora,
8aa8b1b09a1ffff,-22.439037849345468,-41.86035245835424,Novo Horizonte,3,63.67874323257527,63.96852687623892,0.0,63.67874323257527,visitar_agora,
8aa8b1b5290ffff,-22.405023574786096,-41.85478989636529,Cancela Preta,4,63.54623063434352,67.08659548312745,0.0,63.54623063434352,visitar_agora,
8aa8b1b52017fff,-22.394855035474567,-41.84930422651507,Cancela Preta,4,63.54086819183852,81.79642743512196,0.0,63.54086819183852,visitar_agora,
8aa8b1b520e7fff,-22.393044077286195,-41.85102044757164,Cancela Preta,-1,63.489819924883705,75.678577128689,0.0,63.489819924883705,visitar_agora,
8aa8b1b50587fff,-22.40583122710106,-41.86007343721255,Cancela Preta,4,63.45606377530575,65.69277992142972,0.0,63.45606377530575,visitar_agora,
8aa8b1a21987fff,-22.393836673140004,-41.82909601892542,Cancela Preta,26,63.43893456209354,69.05000436654612,0.0,63.43893456209354,visitar_agora,
8aa8b1a2566ffff,-22.397159215025525,-41.830484156251586,Cancela Preta,22,63.412838119667335,66.23456296071633,0.0,63.412838119667335,visitar_agora,
8aa8b1b5296ffff,-22.404522016022987,-41.85828977986397,Cancela Preta,4,63.28909210696243,69.14032499573432,0.0,63.28909210696243,visitar_agora,
8aa8b1b50517fff,-22.407140399539504,-41.86185710218295,Cancela Preta,-1,63.24021373299288,73.57092821025918,0.0,63.24021373299288,visitar_agora,
8aa8b1b09a17fff,-22.4399429140439,-41.85949429960827,Novo Horizonte,-1,63.183030603210945,63.824240317889114,0.0,63.183030603210945,visitar_agora,
8aa8b1b50cdffff,-22.407745969449252,-41.86581977883711,Cancela Preta,-1,63.08782395099383,65.66340374646383,0.0,63.08782395099383,visitar_agora,
8aa8b1b09b97fff,-22.441551166345008,-41.85645701496661,Novo Horizonte,-1,62.930772089702515,64.0182132164224,0.0,62.930772089702515,visitar_agora,
8aa8b1b540f7fff,-22.425258471234876,-41.871903622499616,Cancela Preta,8,62.9215967299696,63.81672419400783,0.0,62.9215967299696,visitar_agora,
8aa8b1b5051ffff,-22.406234986274818,-41.86271521365812,Cancela Preta,-1,62.91421305627605,67.22509326211488,0.0,62.91421305627605,visitar_agora,
8aa8b1b09807fff,-22.446479828304007,-41.85480809073535,Aphaville (Costa do Sol),-1,62.89071681841554,65.14520524938165,0.0,62.89071681841554,visitar_agora,
8aa8b1b098affff,-22.445171155928236,-41.853024331480746,Aphaville (Costa do Sol),-1,62.76502524007655,68.40882467240476,0.0,62.76502524007655,visitar_agora,
8aa8b1a22a2ffff,-22.38676601805571,-41.79647066505592,Visconde de Araújo,10,62.62944931123575,73.79391333038372,0.0,62.62944931123575,visitar_agora,
8aa8b1b09867fff,-22.445978510552386,-41.858308201612004,Aphaville (Costa do Sol),-1,62.61136582008648,63.03904638838305,0.0,62.61136582008648,visitar_agora,
8aa8b1b50577fff,-22.40663870079002,-41.86535699410335,Cancela Preta,-1,62.54597981936354,68.81312610430686,0.0,62.54597981936354,visitar_agora,
8aa8b1b0910ffff,-22.44094559263836,-41.85249414083802,Novo Horizonte,-1,62.48525939189392,67.58122953765337,0.0,62.48525939189392,visitar_agora,
8aa8b1b0982ffff,-22.446681666340805,-41.85612906026367,Aphaville (Costa do Sol),-1,62.44903665966696,65.78356750632386,0.0,62.44903665966696,visitar_agora,
8aa8b1b562e7fff,-22.40854739562171,-41.8574990867304,Cancela Preta,4,62.4413524705242,69.76035213738234,0.0,62.4413524705242,visitar_agora,
8aa8b1b09c4ffff,-22.442553695111464,-41.849456835884055,Novo Horizonte,-1,62.42016882196414,63.618927972512964,0.0,62.42016882196414,visitar_agora,
8aa8b1b52977fff,-22.405225504610133,-41.856110780068114,Cancela Preta,4,62.19694978277788,68.14971020888959,0.0,62.19694978277788,visitar_agora,
8aa8b1b562c7fff,-22.40744011368964,-41.857036316216366,Cancela Preta,4,62.13101347201765,62.76581393493416,0.0,62.13101347201765,visitar_agora,
8aa8b1b56d5ffff,-22.423637429393402,-41.847731609652854,Novo Horizonte,-1,62.082700332563604,59.081949892839106,3.0007504397244986,62.082700332563604,visitar_agora,
8aa8b1b7299ffff,-22.45755287701206,-41.8730414347372,Aphaville (Costa do Sol),-1,61.98717003878905,65.7229336998276,0.0,61.98717003878905,visitar_agora,
8aa8b1b504b7fff,-22.403616594942847,-41.85914789258689,Cancela Preta,4,61.95226898972741,59.743707340007155,2.2085616497202523,61.95226898972741,visitar_agora,
8aa8b1b50567fff,-22.406840541300014,-41.86667788582233,Cancela Preta,-1,61.87417674161686,71.01693416609771,0.0,61.87417674161686,visitar_agora,
8aa8b1b098a7fff,-22.44607611868813,-41.85216615470544,Aphaville (Costa do Sol),-1,61.78940960225066,60.74756702779944,1.0418425744512163,61.78940960225066,visitar_agora,
8aa8b1b50427fff,-22.405329559178547,-41.8635733227681,Cancela Preta,-1,61.76964067442676,65.71370991854025,0.0,61.76964067442676,visitar_agora,
8aa8b1b09137fff,-22.44275558531291,-41.85077779488225,Novo Horizonte,-1,61.68702640466288,63.88048361002732,0.0,61.68702640466288,visitar_agora,
8aa8b1b50ceffff,-22.409055051134818,-41.86760346190354,Cancela Preta,-1,61.51960658631425,64.33813017960792,0.0,61.51960658631425,visitar_agora,
8aa8b1b09157fff,-22.440040575520946,-41.853352310274744,Novo Horizonte,-1,61.4380966941431,65.45340833015112,0.0,61.4380966941431,visitar_agora,
8aa8b1b09b9ffff,-22.440646134317163,-41.857315179932364,Novo Horizonte,-1,61.33228919176376,68.38158274965141,0.0,61.33228919176376,visitar_agora,
8aa8b1b72497fff,-22.446180321256353,-41.859629171660146,Novo Horizonte,-1,61.32706242538154,70.85692938817087,0.0,61.32706242538154,visitar_agora,
8aa8b1a22b1ffff,-22.388576523424515,-41.79475431717444,Visconde de Araújo,10,61.303512346287704,71.65119582030393,0.0,61.303512346287704,visitar_agora,
8aa8b1b50557fff,-22.40553141705717,-41.86489421099514,Cancela Preta,-1,61.27287246446033,65.43029453276804,0.0,61.27287246446033,visitar_agora,
8aa8b1b724b7fff,-22.447287113363515,-41.86009197488528,Aphaville (Costa do Sol),1,61.05245557590862,67.29130922973519,0.0,61.05245557590862,visitar_agora,
8aa8b1b0d227fff,-22.45533382046682,-41.85851049517525,Aphaville (Costa do Sol),-1,61.005612586152004,65.15775776883844,0.0,61.005612586152004,visitar_agora,
8aa8b1b0995ffff,-22.446883493196495,-41.85745003079903,Aphaville (Costa do Sol),-1,60.98368414261929,62.96990684725054,0.0,60.98368414261929,visitar_agora,
8aa8b1b09887fff,-22.444969289321413,-41.85170336647026,Aphaville (Costa do Sol),-1,60.955320961322215,63.90604272370541,0.0,60.955320961322215,visitar_agora,
8aa8b1b50197fff,-22.407042370644607,-41.86799877853703,Cancela Preta,-1,60.88827796646036,72.12340346974091,0.0,60.88827796646036,visitar_agora,
8aa8b1b56c67fff,-22.422732260261814,-41.84858976215203,Cancela Preta,-1,60.8321095643452,62.46413733212033,0.0,60.8321095643452,visitar_agora,
8aa8b1b72987fff,-22.458659489714194,-41.87350427005388,Aphaville (Costa do Sol),-1,60.793561336339444,61.13113375094478,0.0,60.793561336339444,visitar_agora,
8aa8b1b72d67fff,-22.458256138006426,-41.87086226710104,Aphaville (Costa do Sol),-1,60.73318950439655,65.16905967456205,0.0,60.73318950439655,visitar_agora,
8aa8b1b54777fff,-22.42213908998538,-41.87183612827674,Cancela Preta,8,60.711726742613045,62.01519943210499,0.0,60.711726742613045,visitar_agora,
8aa8b1b540dffff,-22.423246147536638,-41.87229893576265,Cancela Preta,8,60.55807247380556,70.43429498783622,0.0,60.55807247380556,visitar_agora,
8aa8b1b52a27fff,-22.397578107637568,-41.86033390399852,Cancela Preta,4,60.533597831414255,64.12906041800571,0.0,60.533597831414255,visitar_agora,
8aa8b1b501b7fff,-22.40814962689442,-41.86846156825866,Cancela Preta,-1,60.52681609786491,65.08257966057009,0.0,60.52681609786491,visitar_agora,
8aa8b1b72997fff,-22.458457819454413,-41.87218326808245,Aphaville (Costa do Sol),-1,60.46929952363871,65.13219610280552,0.0,60.46929952363871,visitar_agora,
8aa8b1b50c57fff,-22.41016228343931,-41.868066252382086,Cancela Preta,-1,60.45590847712319,68.07332651666185,0.0,60.45590847712319,visitar_agora,
8aa8b1b098dffff,-22.44225433282697,-41.85427788709613,Novo Horizonte,-1,60.443511667752226,59.81574597126071,0.6277656964915153,60.443511667752226,visitar_agora,
8aa8b1b0989ffff,-22.44386244486276,-41.85124057986251,Novo Horizonte,-1,60.378623248784756,69.47971151935842,0.0,60.378623248784756,visitar_agora,
8aa8b1b09177fff,-22.4411474617191,-41.85381509787186,Novo Horizonte,-1,60.36173169708944,66.84773694868329,0.0,60.36173169708944,visitar_agora,
8aa8b1b0915ffff,-22.43913554455115,-41.854210477350215,Novo Horizonte,-1,60.337972015403516,62.29638213256327,0.0,60.337972015403516,visitar_agora,
8aa8b1b09837fff,-22.447384787151385,-41.85394991457741,Aphaville (Costa do Sol),-1,60.23288610922304,61.3363415529951,0.0,60.23288610922304,visitar_agora,
8aa8b1b0988ffff,-22.444064317677746,-41.852561542373294,Novo Horizonte,-1,60.0380258577902,69.33615745919909,0.0,60.0380258577902,visitar_agora,
8aa8b1b52567fff,-22.39626189148424,-41.8449462727269,Cancela Preta,27,60.013739173029215,82.3609963673137,0.0,60.013739173029215,visitar_agora,
8aa8b1b50497fff,-22.402509256257794,-41.858685122713474,Cancela Preta,4,63.22150056562103,53.42119087754726,9.800309688073767,63.22150056562103,validar_visualmente,
8aa8b1b0912ffff,-22.44205246995414,-41.852956927563056,Novo Horizonte,-1,61.148917260841905,52.172942186351676,8.97597507449023,61.148917260841905,validar_visualmente,
8aa8b1b72487fff,-22.44638212077897,-41.8609501427116,Novo Horizonte,1,59.98378196756563,70.84686923395742,0.0,59.98378196756563,validar_visualmente,
8aa8b1b766cffff,-22.459362748041755,-41.871325099057906,Aphaville (Costa do Sol),-1,59.95275941445761,61.59282192158513,0.0,59.95275941445761,validar_visualmente,
8aa8b1b54017fff,-22.427270748259552,-41.87150830675719,Cancela Preta,8,59.93961538971193,66.70298345829416,0.0,59.93961538971193,validar_visualmente,
8aa8b1b0994ffff,-22.447085308870818,-41.858771002340035,Aphaville (Costa do Sol),-1,59.925746073864005,66.91544759726943,0.0,59.925746073864005,validar_visualmente,
8aa8b1b766dffff,-22.459161061624076,-41.87000409657489,Aphaville (Costa do Sol),-1,59.86801608334174,65.75487994757394,0.0,59.86801608334174,validar_visualmente,
8aa8b1b56c77fff,-22.422530308051904,-41.84726884559569,Novo Horizonte,-1,59.853356574026996,64.53793834221615,0.0,59.853356574026996,validar_visualmente,
8aa8b1b5401ffff,-22.42636548974121,-41.87236643236776,Cancela Preta,8,59.831780487121364,62.16074290097541,0.0,59.831780487121364,validar_visualmente,
8aa8b1b0dad7fff,-22.4586538184076,-41.859898923681214,Aphaville (Costa do Sol),-1,59.758073550469405,65.37221025311273,0.0,59.758073550469405,validar_visualmente,
8aa8b1b50c5ffff,-22.409256868069022,-41.868924359605465,Cancela Preta,-1,59.66618053111067,60.08121518019524,0.0,59.66618053111067,validar_visualmente,
8aa8b1b09147fff,-22.440242439631266,-41.85467326581919,Novo Horizonte,-1,59.64122689719886,67.38069240906414,0.0,59.64122689719886,validar_visualmente,
8aa8b1b0d30ffff,-22.45644050154749,-41.85897330305066,Aphaville (Costa do Sol),-1,59.54507941907905,66.04837071191297,0.0,59.54507941907905,validar_visualmente,
8aa8b1b540c7fff,-22.424353190003238,-41.87276174487332,Cancela Preta,8,59.446814074560926,53.26221353383256,6.184600540728368,59.446814074560926,validar_visualmente,
8aa8b1b562d7fff,-22.407238196266388,-41.85571542751754,Cancela Preta,4,59.349462291068335,71.45386110002005,0.0,59.349462291068335,validar_visualmente,
8aa8b1b52cc7fff,-22.398274758100754,-41.84455089097113,Cancela Preta,27,59.34377705313666,87.83929462954943,0.0,59.34377705313666,validar_visualmente,
8aa8b1b72d2ffff,-22.458959364018177,-41.8686830950842,Aphaville (Costa do Sol),-1,59.31169101858795,65.26280353198474,0.0,59.31169101858795,validar_visualmente,
8aa8b1b0d32ffff,-22.45754716752799,-41.85943611255267,Aphaville (Costa do Sol),-1,59.259139690919774,69.79758667758531,0.0,59.259139690919774,validar_visualmente,
8aa8b1b56c0ffff,-22.422328344672366,-41.84594793005574,Novo Horizonte,-1,59.200309980592394,64.55063397375291,0.0,59.200309980592394,validar_visualmente,
8aa8b1b56a97fff,-22.416597594990733,-41.855917670725326,Cancela Preta,13,59.19253358514034,65.67594198598249,0.0,59.19253358514034,validar_visualmente,
8aa8b1b50d2ffff,-22.41529462590926,-41.86773840680958,Cancela Preta,13,59.1867735939786,63.622707421686464,0.0,59.1867735939786,validar_visualmente,
8aa8b1b54757fff,-22.421032017350175,-41.87137332241565,Cancela Preta,8,59.173627267019036,67.89630489885622,0.0,59.173627267019036,validar_visualmente,
8aa8b1b09417fff,-22.43711633842099,-41.8410009925355,Novo Horizonte,2,66.60464776070738,30.0,36.60464776070738,59.12559863172012,validar_visualmente,
8aa8b1b50c8ffff,-22.409556784253237,-41.8641035577673,Cancela Preta,-1,66.52951664218183,30.0,36.52951664218183,59.07590019803278,validar_visualmente,
8aa8b1b50c17fff,-22.41177124086532,-41.86502912863541,Cancela Preta,-1,66.4796625929798,30.0,36.47966259297981,59.04295400412483,validar_visualmente,
8aa8b1b09adffff,-22.43591894951451,-41.86028501921298,Novo Horizonte,3,66.47397916691223,30.0,36.47397916691223,59.03919970581797,validar_visualmente,
8aa8b1b0ba5ffff,-22.426854002168056,-41.841657129142305,Novo Horizonte,2,66.4172430877631,30.0,36.4172430877631,59.001739677269455,validar_visualmente,
8aa8b1a2409ffff,-22.414954606598673,-41.80453737796242,Bosque Azul,23,66.40924169814339,30.0,36.40924169814339,58.99645940525261,validar_visualmente,
8aa8b1b72127fff,-22.45352964431104,-41.87383209170868,Aphaville (Costa do Sol),1,66.39870190263134,30.0,36.398701902631345,58.98950499091515,validar_visualmente,
8aa8b1a24a07fff,-22.41898958875754,-41.81735075455971,Virgem Santa,15,66.39131451310783,30.0,36.39131451310783,58.98463128956434,validar_visualmente,
8aa8b1b5469ffff,-22.417105306588475,-41.86602217058036,Cancela Preta,13,66.36588366133753,30.0,36.365883661337534,58.96785800789247,validar_visualmente,
8aa8b1b7289ffff,-22.454434632229813,-41.87297393152862,Aphaville (Costa do Sol),1,66.32277296605587,30.0,36.322772966055865,58.93943890020948,validar_visualmente,
8aa8b1b09027fff,-22.439838700232713,-41.85203135574029,Novo Horizonte,-1,66.3164477067553,30.0,36.3164477067553,58.935270817318305,validar_visualmente,
8aa8b1b0916ffff,-22.44044429256342,-41.85599422237219,Novo Horizonte,-1,58.924625838196356,57.01160024445513,1.9130255937412244,58.924625838196356,validar_visualmente,
8aa8b1b56d47fff,-22.424744535655968,-41.84819437533782,Novo Horizonte,-1,66.29601864906273,30.0,36.29601864906273,58.92181172934156,validar_visualmente,
8aa8b1a240affff,-22.4162642506841,-41.806320943432624,Bosque Azul,23,66.27193988958122,30.0,36.27193988958122,58.90595365919805,validar_visualmente,
8aa8b1b52417fff,-22.393440745713722,-41.84005823358947,Cancela Preta,27,58.905393965987095,59.09369705803782,0.0,58.905393965987095,validar_visualmente,
8aa8b1b568cffff,-22.42062241470293,-41.85512694785406,Cancela Preta,13,66.25084975150988,30.0,36.250849751509875,58.89206877928264,validar_visualmente,
8aa8b1b0daf7fff,-22.459760454185563,-41.86036173643624,Aphaville (Costa do Sol),-1,58.87255470239593,65.11140600446059,0.0,58.87255470239593,validar_visualmente,
8aa8b1b52957fff,-22.404118177464166,-41.85564801443398,Cancela Preta,4,66.10817535654499,30.0,36.10817535654499,58.79825857106369,validar_visualmente,
8aa8b1b0ba37fff,-22.430474278871912,-41.83822444600196,Novo Horizonte,2,66.07825952860343,30.0,36.078259528603425,58.77861529918319,validar_visualmente,
8aa8b1a25297fff,-22.398266698868824,-41.83094687195337,Cancela Preta,22,66.06801628924681,30.0,36.06801628924681,58.771891541577325,validar_visualmente,
8aa8b1b09aaffff,-22.438836028708465,-41.859031502774386,Novo Horizonte,3,58.75612987275729,65.78139198485712,0.0,58.75612987275729,validar_visualmente,
8aa8b1b50cf7fff,-22.409758628481843,-41.86542445497565,Cancela Preta,-1,66.03683616318155,30.0,36.03683616318155,58.75143133690243,validar_visualmente,
8aa8b1b54767fff,-22.422340843593588,-41.873157054899444,Cancela Preta,8,58.75029381939078,63.10462819382313,0.0,58.75029381939078,validar_visualmente,
8aa8b1b52a37fff,-22.397376195186162,-41.859013034242295,Cancela Preta,4,66.0292094115301,30.0,36.029209411530104,58.74642825101644,validar_visualmente,
8aa8b1b56c1ffff,-22.422126370123458,-41.84462701553357,Novo Horizonte,-1,58.733364182272105,64.28667288506918,0.0,58.733364182272105,validar_visualmente,
8aa8b1b56d0ffff,-22.425447726117813,-41.84601529757893,Novo Horizonte,2,65.92837778649918,30.0,35.92837778649918,58.680340603748576,validar_visualmente,
8aa8b1b0902ffff,-22.438933674233233,-41.852889524304835,Novo Horizonte,-1,65.9213606724758,30.0,35.9213606724758,58.675745362024486,validar_visualmente,
8aa8b1b50c77fff,-22.411269500667558,-41.868529044485854,Cancela Preta,-1,58.649359532058895,67.79657981364818,0.0,58.649359532058895,validar_visualmente,
8aa8b1b52a1ffff,-22.395363271580855,-41.85940837041294,Cancela Preta,4,65.87166025696293,30.0,35.871660256962926,58.643213215375624,validar_visualmente,
8aa8b1b0996ffff,-22.448192092094395,-41.859233804694625,Aphaville (Costa do Sol),1,58.6407438112752,66.62484936731826,0.0,58.6407438112752,validar_visualmente,
8aa8b1b09a0ffff,-22.439239658804098,-41.86167341493663,Novo Horizonte,3,65.77911187255924,30.0,35.77911187255924,58.58270342767338,validar_visualmente,
8aa8b1b72897fff,-22.455339606295926,-41.872115768978446,Aphaville (Costa do Sol),1,65.77216740323419,30.0,35.77216740323419,58.578166646103014,validar_visualmente,
8aa8b1a26b2ffff,-22.411728084560572,-41.79700765563594,Cavaleiros,12,65.72283704566662,30.0,35.72283704566662,58.545954053804074,validar_visualmente,
8aa8b1b50c47fff,-22.41036409416767,-41.869387152577374,Cancela Preta,-1,58.47603055828837,65.99624712529766,0.0,58.47603055828837,validar_visualmente,
8aa8b1b766d7fff,-22.460065971385553,-41.869145923679916,Aphaville (Costa do Sol),-1,58.457348382051975,63.75270260209177,0.0,58.457348382051975,validar_visualmente,
8aa8b1b54997fff,-22.436628021927007,-41.87171078822152,Novo Horizonte,-1,65.57221569946637,30.0,35.57221569946637,58.44775809191609,validar_visualmente,
8aa8b1b50c37fff,-22.412878446557094,-41.86549191650791,Cancela Preta,13,65.54327436884961,30.0,35.54327436884961,58.42891770059162,validar_visualmente,
8aa8b1b56067fff,-22.416395688718193,-41.854596763572765,Cancela Preta,13,58.4069282374275,69.17592431554323,0.0,58.4069282374275,validar_visualmente,
8aa8b1b0bb37fff,-22.433593375834313,-41.83829177657394,Novo Horizonte,2,65.48063764543423,30.0,35.48063764543423,58.388172665514944,validar_visualmente,
8aa8b1b0949ffff,-22.434700384419745,-41.83875453263961,Novo Horizonte,2,65.46241833019027,30.0,35.462418330190275,58.37632891067096,validar_visualmente,
8aa8b1b540effff,-22.424554931189952,-41.87408267647966,Cancela Preta,8,58.368022289840496,64.77666016361772,0.0,58.368022289840496,validar_visualmente,
8aa8b1b56167fff,-22.419515276463315,-41.85466417280729,Cancela Preta,13,65.4196808739339,30.0,35.4196808739339,58.34856068443855,validar_visualmente,
8aa8b1b5019ffff,-22.40613692370432,-41.868856881656235,Cancela Preta,-1,58.347908435623154,68.90434052540226,0.0,58.347908435623154,validar_visualmente,
8aa8b1b09077fff,-22.438028634381773,-41.85374769050834,Novo Horizonte,-1,65.40250059733724,30.0,35.40250059733724,58.33740348790149,validar_visualmente,
8aa8b1b54747fff,-22.42123377716848,-41.87269424654628,Cancela Preta,8,58.327639874502204,61.10065091486141,0.0,58.327639874502204,validar_visualmente,
8aa8b1b5624ffff,-22.40804579897182,-41.860998988342985,Cancela Preta,-1,65.38562475096722,30.0,35.385624750967224,58.32644707564511,validar_visualmente,
8aa8b1b5252ffff,-22.39696526711152,-41.84276728937233,Cancela Preta,27,58.322123850346784,77.64089033648372,0.0,58.322123850346784,validar_visualmente,
8aa8b1a2535ffff,-22.40038471578327,-41.838013906373945,Cancela Preta,27,65.32970348983847,30.0,35.329703489838465,58.290162819541585,validar_visualmente,
8aa8b1b5291ffff,-22.40482163379896,-41.853469013670804,Cancela Preta,4,65.30520569675305,30.0,35.30520569675305,58.27427813127383,validar_visualmente,
8aa8b1b56c17fff,-22.423031524348524,-41.84376885858177,Novo Horizonte,-1,58.2640040246725,64.12016842945877,0.0,58.2640040246725,validar_visualmente,
8aa8b1b09ac7fff,-22.43702586770093,-41.86074781616127,Novo Horizonte,3,65.28543501497288,30.0,35.285435014972876,58.26146327695785,validar_visualmente,
8aa8b1a2416ffff,-22.419287939205304,-41.81252988168529,Virgem Santa,15,65.25313174467911,30.0,35.25313174467911,58.240534186437216,validar_visualmente,
8aa8b1b540cffff,-22.423447894934323,-41.87361986487724,Cancela Preta,8,58.23810903950317,64.95774752678344,0.0,58.23810903950317,validar_visualmente,
8aa8b1b09ccffff,-22.441042987914397,-41.84635214508175,Novo Horizonte,-1,65.19004771937362,30.0,35.190047719373624,58.19969493511296,validar_visualmente,
8aa8b1b72597fff,-22.449298860222406,-41.85969660867573,Aphaville (Costa do Sol),1,58.17739039473005,75.7313028036605,0.0,58.17739039473005,validar_visualmente,
8aa8b1b09aa7fff,-22.439741088438055,-41.85817334253508,Novo Horizonte,-1,58.1704710191016,62.20762392174599,0.0,58.1704710191016,validar_visualmente,
8aa8b1b09857fff,-22.444669869044517,-41.85652443596494,Novo Horizonte,-1,65.13995716119427,30.0,35.139957161194275,58.16729806484462,validar_visualmente,
8aa8b1b548b7fff,-22.434615956849576,-41.87210610912996,Cancela Preta,3,65.11894134111851,30.0,35.118941341118514,58.15371385288913,validar_visualmente,
8aa8b1b5625ffff,-22.407843915042612,-41.8596780966305,Cancela Preta,-1,65.10764740352761,30.0,35.10764740352761,58.14641565609894,validar_visualmente,
8aa8b1b5419ffff,-22.427974231898414,-41.8693292411635,Cancela Preta,8,65.0884304072803,30.0,35.0884304072803,58.13400072775036,validar_visualmente,
8aa8b1b50c1ffff,-22.410865858121056,-41.865887242091546,Cancela Preta,-1,65.07470400204174,30.0,35.07470400204174,58.125135394752135,validar_visualmente,
8aa8b1b500a7fff,-22.405231462934733,-41.86971498240753,Cancela Preta,-1,58.1148481719042,62.23631946131134,0.0,58.1148481719042,validar_visualmente,
8aa8b1b5018ffff,-22.40633873692294,-41.87017777386525,Cancela Preta,-1,58.09689646807333,66.09178699899488,0.0,58.09689646807333,validar_visualmente,
8aa8b1b5475ffff,-22.420126695659746,-41.87223143981783,Cancela Preta,8,58.088719911119455,64.9959501411269,0.0,58.088719911119455,validar_visualmente,
8aa8b1b5499ffff,-22.43572285819375,-41.872568926144965,Cancela Preta,-1,65.00610686615424,30.0,35.00610686615424,58.08086202859549,validar_visualmente,
8aa8b1b54c6ffff,-22.432402108888834,-41.871180479974534,Cancela Preta,3,64.98908115300988,30.0,34.98908115300988,58.069881394952205,validar_visualmente,
8aa8b1b7265ffff,-22.438841761581827,-41.87263642539135,Novo Horizonte,-1,64.93541376651466,30.0,34.93541376651466,58.03528967388136,validar_visualmente,
8aa8b1b54897fff,-22.433509040414354,-41.871643293739794,Cancela Preta,3,64.9230474756356,30.0,34.9230474756356,58.02732335798573,validar_visualmente,
8aa8b1b50d1ffff,-22.4139856371717,-41.86595470600595,Cancela Preta,13,64.81489757520067,30.0,34.814897575200675,57.95772516757084,validar_visualmente,
8aa8b1b09c6ffff,-22.4436605608685,-41.84991961836396,Aphaville (Costa do Sol),-1,57.941377551834265,61.37508805464778,0.0,57.941377551834265,validar_visualmente,
8aa8b1b09b87fff,-22.44175300188965,-41.857777975024696,Novo Horizonte,-1,64.7366989574432,30.0,34.736698957443195,57.90748190060924,validar_visualmente,
8aa8b1b0985ffff,-22.443764868633956,-41.857382605035866,Novo Horizonte,-1,64.65574965710334,30.0,34.65574965710334,57.855542528659726,validar_visualmente,
8aa8b1b52197fff,-22.39646392049155,-41.84626713386576,Cancela Preta,27,57.85520056914496,85.01026262640194,0.0,57.85520056914496,validar_visualmente,
8aa8b1b56d8ffff,-22.42393666472646,-41.84291069927309,Novo Horizonte,-1,57.84887205200666,61.18088074914579,0.0,57.84887205200666,validar_visualmente,
8aa8b1b0bb17fff,-22.432486352166627,-41.83782902213731,Novo Horizonte,2,64.62025977042158,30.0,34.62025977042158,57.83279412619633,validar_visualmente,
8aa8b1b0db27fff,-22.466198214298778,-41.86181763364465,Aphaville (Costa do Sol),-1,64.61502264027425,30.0,34.61502264027425,57.82943840161853,validar_visualmente,
8aa8b1b5616ffff,-22.418610028180886,-41.85552231052874,Cancela Preta,13,64.60010729708394,30.0,34.60010729708394,57.81988297178642,validar_visualmente,
8aa8b1b54007fff,-22.427472493161094,-41.872829243860686,Cancela Preta,8,57.80928571283077,64.60743355307076,0.0,57.80928571283077,validar_visualmente,
8aa8b1b0da1ffff,-22.460867074861167,-41.860824550817696,Aphaville (Costa do Sol),-1,57.791006889419926,63.8588004877907,0.0,57.791006889419926,validar_visualmente,
8aa8b1b5681ffff,-22.423539957400028,-41.85387343851312,Cancela Preta,13,64.54902208732152,30.0,34.54902208732152,57.78717429311031,validar_visualmente,
8aa8b1b0db37fff,-22.46599646572944,-41.86049662117067,Aphaville (Costa do Sol),-1,64.54351004396544,30.0,34.54351004396544,57.78364679788907,validar_visualmente,
8aa8b1b56ca7fff,-22.4228295336611,-41.84244794359641,Novo Horizonte,-1,57.71812915956149,54.977719765455454,2.740409394106038,57.71812915956149,validar_visualmente,
8aa8b1a26067fff,-22.406488605669654,-41.789873576097804,Glória,21,64.43412890380462,30.0,34.43412890380462,57.71371730701543,validar_visualmente,
8aa8b1a24a0ffff,-22.418084533972944,-41.818208940985244,Virgem Santa,15,64.42626762401191,30.0,34.42626762401191,57.70869659776399,validar_visualmente,
8aa8b1b7288ffff,-22.45463630498965,-41.87429492550993,Aphaville (Costa do Sol),1,64.41400783821823,30.0,34.414007838218225,57.7008681088505,validar_visualmente,
8aa8b1b09487fff,-22.435807377922174,-41.839217290334275,Novo Horizonte,2,64.39239172317687,30.0,34.39239172317687,57.68706924421858,validar_visualmente,
8aa8b1a24007fff,-22.41757385617406,-41.808104516628575,Virgem Santa,15,64.38231592292087,30.0,34.38231592292087,57.68063904934916,validar_visualmente,
8aa8b1b56da7fff,-22.42594889836552,-41.84251529403842,Novo Horizonte,2,64.29472818581102,30.0,34.294728185811024,57.62479026594016,validar_visualmente,
8aa8b1b72d07fff,-22.458757655224296,-41.86736209458725,Aphaville (Costa do Sol),-1,57.59996346572039,66.91863133406409,0.0,57.59996346572039,validar_visualmente,
8aa8b1b0950ffff,-22.43953219609834,-41.843247469984476,Novo Horizonte,2,64.23210187907651,30.0,34.23210187907651,57.58491077242245,validar_visualmente,
8aa8b1b5286ffff,-22.401401902503075,-41.85822235446642,Cancela Preta,4,64.19109195188149,30.0,34.19109195188149,57.55882031401031,validar_visualmente,
8aa8b1b52ccffff,-22.397369346212805,-41.845409013597155,Cancela Preta,27,57.547470559560274,85.5876391597995,0.0,57.547470559560274,validar_visualmente,
8aa8b1b72887fff,-22.455541284024218,-41.87343676446281,Aphaville (Costa do Sol),1,64.16221532378052,30.0,34.162215323780515,57.54046048614874,validar_visualmente,
8aa8b1a25227fff,-22.401087965154925,-41.83583490293001,Cancela Preta,27,64.15025746819609,30.0,34.15025746819609,57.53286042569253,validar_visualmente,
8aa8b1b562effff,-22.407642019948465,-41.85835720592115,Cancela Preta,4,64.14275230288283,30.0,34.142752302882826,57.528091193814454,validar_visualmente,
8aa8b1b56cb7fff,-22.422627531804544,-41.84112702963255,Novo Horizonte,-1,57.49694627227133,63.08856909934277,0.0,57.49694627227133,validar_visualmente,
8aa8b1b09067fff,-22.438230499729734,-41.85506864206404,Novo Horizonte,-1,57.44634101718658,62.64557632174955,0.0,57.44634101718658,validar_visualmente,
8aa8b1a218b7fff,-22.391621569927345,-41.8281706021911,São Marcos,26,64.00904953203641,30.0,34.009049532036414,57.44323596296057,validar_visualmente,
8aa8b1b568affff,-22.423338049871198,-41.852552517905295,Cancela Preta,-1,63.98442519467977,30.0,33.98442519467977,57.42763024709811,validar_visualmente,
8aa8b1b50c07fff,-22.411973072684127,-41.86635003083293,Cancela Preta,-1,63.96612002798609,30.0,33.96612002798609,57.4160338158433,validar_visualmente,
8aa8b1b56887fff,-22.42313613117172,-41.85123159830823,Cancela Preta,-1,63.94552934077089,30.0,33.94552934077089,57.402994084027284,validar_visualmente,
8aa8b1b50527fff,-22.408449533334398,-41.863640774771795,Cancela Preta,-1,63.936147285603184,30.0,33.936147285603184,57.3970542010526,validar_visualmente,
8aa8b1b50cd7fff,-22.408651383767253,-41.86496166948531,Cancela Preta,-1,63.86628652653575,30.0,33.86628652653575,57.35285638333753,validar_visualmente,
8aa8b1a252a7fff,-22.3995762995943,-41.83273045064202,Cancela Preta,28,63.85185563825725,30.0,33.85185563825725,57.34373359554038,validar_visualmente,
8aa8b1b09cdffff,-22.44084105797311,-41.84503119163212,Novo Horizonte,-1,63.845448156732964,30.0,33.845448156732964,57.33968374135411,validar_visualmente,
8aa8b1b72d4ffff,-22.456244566508587,-41.87125760405854,Aphaville (Costa do Sol),1,63.83058237691527,30.0,33.83058237691527,57.33028963546104,validar_visualmente,
8aa8b1b5400ffff,-22.42656722967945,-41.873687367968756,Cancela Preta,8,57.316974790775156,61.22041939265894,0.0,57.316974790775156,validar_visualmente,
8aa8b1a2444ffff,-22.413644923921705,-41.80275382022133,Bosque Azul,23,63.79814918072422,30.0,33.79814918072422,57.309803033736074,validar_visualmente,
8aa8b1b568e7fff,-22.422634754553243,-41.85473158270129,Cancela Preta,13,63.767828779901784,30.0,33.767828779901784,57.29066198122237,validar_visualmente,
8aa8b1b54c4ffff,-22.431295162273734,-41.870717667834214,Cancela Preta,3,63.658389233299005,30.0,33.658389233299005,57.221662166623034,validar_visualmente,
8aa8b1b562cffff,-22.406534729145505,-41.85789443453628,Cancela Preta,4,63.650667983185926,30.0,33.650667983185926,57.216799298512306,validar_visualmente,
8aa8b1b7264ffff,-22.439043471672655,-41.87395738693856,Novo Horizonte,-1,63.63266356511986,30.0,33.63266356511986,57.205462752834876,validar_visualmente,
8aa8b1b728b7fff,-22.45644624920572,-41.872578601045376,Aphaville (Costa do Sol),1,63.598759347781694,30.0,33.598759347781694,57.18412509049126,validar_visualmente,
8aa8b1b52b37fff,-22.400496449853545,-41.859080463084766,Cancela Preta,4,63.56058554318543,30.0,33.56058554318543,57.160116403089866,validar_visualmente,
8aa8b1b50d07fff,-22.415092812708405,-41.86641749712952,Cancela Preta,13,63.52296265231788,30.0,33.52296265231788,57.136470860522756,validar_visualmente,
8aa8b1b09437fff,-22.43822329555296,-41.84146375599192,Novo Horizonte,2,63.51587968382806,30.0,33.51587968382806,57.13202115060395,validar_visualmente,
8aa8b1b568f7fff,-22.4224328519915,-41.853410663582835,Cancela Preta,13,63.50753801509954,30.0,33.50753801509954,57.126781444806426,validar_visualmente,
8aa8b1b52967fff,-22.4054274232708,-41.85743166477786,Cancela Preta,4,63.49506139613341,30.0,33.49506139613341,57.11894594743402,validar_visualmente,
8aa8b1b56d57fff,-22.424542584678996,-41.846873454795016,Novo Horizonte,-1,63.470869111077235,30.0,33.470869111077235,57.10375804119294,validar_visualmente,
8aa8b1b72d1ffff,-22.457651026535785,-41.86689927011094,Aphaville (Costa do Sol),-1,57.08114571993534,62.86859509361549,0.0,57.08114571993534,validar_visualmente,
8aa8b1a2564ffff,-22.39605171612247,-41.83002144217964,Cancela Preta,22,63.42349485644727,30.0,33.42349485644727,57.07403640095061,validar_visualmente,
8aa8b1b5292ffff,-22.406130893061675,-41.85525266112802,Cancela Preta,4,57.058730005033034,67.69330807289681,0.0,57.058730005033034,validar_visualmente,
8aa8b1a22a67fff,-22.386063182513823,-41.79864965258378,Visconde de Araújo,10,63.396950214088974,30.0,33.396950214088974,57.05739436691589,validar_visualmente,
8aa8b1a2446ffff,-22.414752279743315,-41.80321649820466,Bosque Azul,23,63.32282958367605,30.0,33.32282958367605,57.01096875657688,validar_visualmente,
8aa8b1b0b34ffff,-22.422425518779114,-41.839806116691605,Novo Horizonte,-1,56.991647276947376,63.99103358452369,0.0,56.991647276947376,validar_visualmente,
8aa8b1b54987fff,-22.43682974444615,-41.87303174478477,Cancela Preta,-1,63.27167814949123,30.0,33.27167814949123,56.97896779108993,validar_visualmente,
8aa8b1b5474ffff,-22.420328450515903,-41.87355236244609,Cancela Preta,-1,56.9272398633485,63.18603702797214,0.0,56.9272398633485,validar_visualmente,
8aa8b1b564e7fff,-22.4134707815946,-41.84224589622403,Cancela Preta,25,63.17506619053101,30.0,33.17506619053101,56.91861076357694,validar_visualmente,
8aa8b1b0da0ffff,-22.461068832132895,-41.86214555281258,Aphaville (Costa do Sol),-1,56.91338516394304,64.63468318998612,0.0,56.91338516394304,validar_visualmente,
8aa8b1b0bae7fff,-22.427557087751495,-41.83947803847714,Novo Horizonte,2,63.16559467349136,30.0,33.16559467349136,56.912699529443955,validar_visualmente,
8aa8b1b5050ffff,-22.40643684911487,-41.86403610338148,Cancela Preta,-1,63.156472314475444,30.0,33.156472314475444,56.90700721659981,validar_visualmente,
8aa8b1a25267fff,-22.399479360297736,-41.838872040510324,Cancela Preta,27,63.13562284416957,30.0,33.13562284416957,56.89400095825388,validar_visualmente,
8aa8b1a24147fff,-22.41908568671673,-41.81120898908872,Virgem Santa,15,63.12973581582073,30.0,33.12973581582073,56.890329466587914,validar_visualmente,
8aa8b1b540affff,-22.426163738628468,-41.871045497756484,Cancela Preta,8,63.101518550690535,30.0,33.101518550690535,56.872737286021355,validar_visualmente,
8aa8b1b549a7fff,-22.437936615606027,-41.87349456504933,Novo Horizonte,-1,63.07846883754708,30.0,33.07846883754708,56.85837389299659,validar_visualmente,
8aa8b1b0db2ffff,-22.465293406525202,-41.86267582460683,Aphaville (Costa do Sol),-1,63.072657388200895,30.0,33.072657388200895,56.854753499480445,validar_visualmente,
8aa8b1b0da57fff,-22.460163969972122,-41.86300373643429,Aphaville (Costa do Sol),-1,56.84872808187519,65.33686930752,0.0,56.84872808187519,validar_visualmente,
8aa8b1b56d9ffff,-22.423734669069272,-41.84158978280595,Novo Horizonte,-1,56.843374690974905,61.825430308491434,0.0,56.843374690974905,validar_visualmente,
8aa8b1b568c7fff,-22.42152764026848,-41.85426880689921,Cancela Preta,13,63.052886982459555,30.0,33.052886982459555,56.84244003523697,validar_visualmente,
8aa8b1b0bbaffff,-22.431379313417416,-41.83736626932978,Novo Horizonte,2,63.0378449487225,30.0,33.0378449487225,56.833074643204604,validar_visualmente,
8aa8b1b0db07fff,-22.46509166292911,-41.861354813627926,Aphaville (Costa do Sol),-1,63.01634734915583,30.0,33.01634734915583,56.81969462488609,validar_visualmente,
8aa8b1a24b9ffff,-22.41949018053013,-41.813850775335155,Virgem Santa,15,63.004575247343716,30.0,33.004575247343716,56.812370064010466,validar_visualmente,
8aa8b1b0baeffff,-22.426652002769806,-41.84033620720956,Novo Horizonte,2,62.96233822934023,30.0,32.96233822934023,56.786104026224265,validar_visualmente,
8aa8b1b56d1ffff,-22.425245759001086,-41.844694376569,Novo Horizonte,2,62.95367247864807,30.0,32.95367247864807,56.78071768413237,validar_visualmente,
8aa8b1b0db17fff,-22.464889908143366,-41.86003380365055,Aphaville (Costa do Sol),-1,62.939661262447736,30.0,32.939661262447736,56.77201068907165,validar_visualmente,
8aa8b1b548a7fff,-22.434817680617304,-41.87342706169862,Cancela Preta,-1,62.897318868716226,30.0,32.897318868716226,56.74571220215715,validar_visualmente,
8aa8b1b0ba1ffff,-22.428462158882184,-41.83861986738972,Novo Horizonte,2,62.85037920966451,30.0,32.85037920966451,56.71658366001642,validar_visualmente,
8aa8b1b50cc7fff,-22.40885322303415,-41.86628256519636,Cancela Preta,-1,62.83295634071201,30.0,32.83295634071201,56.705778619935074,validar_visualmente,
8aa8b1b52927fff,-22.40703626767897,-41.85439453982606,Cancela Preta,4,56.70444567649907,65.58323720170421,0.0,56.70444567649907,validar_visualmente,
8aa8b1a24a57fff,-22.417179465334502,-41.81906712506532,Virgem Santa,15,62.803569156099535,30.0,32.803569156099535,56.687562058982486,validar_visualmente,
8aa8b1b5688ffff,-22.422230938259375,-41.85208974547423,Cancela Preta,-1,62.7976476021517,30.0,32.7976476021517,56.683892665073515,validar_visualmente,
8aa8b1b5645ffff,-22.412767545553063,-41.84442493638151,Cancela Preta,25,62.75960767610744,30.0,32.75960767610744,56.66033069753336,validar_visualmente,
8aa8b1b5489ffff,-22.432603845082483,-41.872501427558916,Cancela Preta,3,62.74804767477763,30.0,32.74804767477763,56.65317389917399,validar_visualmente,
8aa8b1a21937fff,-22.396253866633202,-41.831342296015634,Cancela Preta,22,56.65011411013327,67.58763922594989,0.0,56.65011411013327,validar_visualmente,
8aa8b1b5498ffff,-22.43592457574787,-41.87388988120553,Cancela Preta,-1,62.731834686443456,30.0,32.731834686443456,56.64313917000505,validar_visualmente,
8aa8b1b54887fff,-22.433710770395265,-41.8729642438164,Cancela Preta,3,62.72322289044961,30.0,32.72322289044961,56.637810357038376,validar_visualmente,
8aa8b1b541a7fff,-22.430188200569813,-41.87025485731891,Cancela Preta,3,62.70950926354671,30.0,32.70950926354671,56.62932649088317,validar_visualmente,
8aa8b1b5059ffff,-22.404723918557522,-41.85961066408659,Cancela Preta,4,62.68885837903343,30.0,32.68885837903343,56.61655524233572,validar_visualmente,
8aa8b1a24087fff,-22.416061941173666,-41.80500006009632,Bosque Azul,23,62.68018917434925,30.0,32.68018917434925,56.611195442177305,validar_visualmente,
8aa8b1a26b0ffff,-22.41062067389145,-41.796544990995315,Cavaleiros,12,62.66400386486948,30.0,32.66400386486948,56.60119120506313,validar_visualmente,
8aa8b1b764d7fff,-22.466399951677936,-41.86313864711968,Aphaville (Costa do Sol),-1,62.657705622475376,30.0,32.657705622475376,56.597299086650175,validar_visualmente,
8aa8b1b54057fff,-22.425661952359732,-41.87454548970662,Cancela Preta,8,56.566351891285414,64.35524656396939,0.0,56.566351891285414,validar_visualmente,
8aa8b1b50c27fff,-22.413080272170355,-41.86681282119977,Cancela Preta,13,62.59926191734824,30.0,32.59926191734824,56.56120578148671,validar_visualmente,
8aa8b1a24017fff,-22.41737156401031,-41.80678362971625,Virgem Santa,23,62.583921876143734,30.0,32.583921876143734,56.55173908914238,validar_visualmente,
8aa8b1a24b8ffff,-22.41969241069095,-41.81517167003689,Virgem Santa,15,62.568231633096694,30.0,32.568231633096694,56.54205925852931,validar_visualmente,
8aa8b1a24157fff,-22.41888342306467,-41.80988809754683,Virgem Santa,15,62.52166454676845,30.0,32.52166454676845,56.51334824351242,validar_visualmente,
8aa8b1a2445ffff,-22.41344257972319,-41.80143294404466,Bosque Azul,23,62.50881141695579,30.0,32.50881141695579,56.505428309804245,validar_visualmente,
8aa8b1b568d7fff,-22.421325731503337,-41.85294789027965,Cancela Preta,13,62.494564076789075,30.0,32.494564076789075,56.49665165286852,validar_visualmente,
8aa8b1b0d84ffff,-22.46579470597017,-41.859175609699165,Aphaville (Costa do Sol),-1,62.47611253170937,30.0,32.47611253170937,56.48528882670826,validar_visualmente,
8aa8b1b0998ffff,-22.44718293296218,-41.85262894456801,Aphaville (Costa do Sol),-1,62.462180076036034,30.0,32.462180076036034,56.47671172020904,validar_visualmente,
8aa8b1a244effff,-22.41324022436486,-41.80011206893306,Bosque Azul,23,62.39991611943696,30.0,32.39991611943696,56.438409971398485,validar_visualmente,
8aa8b1b72d47fff,-22.457149512867034,-41.87039943676929,Aphaville (Costa do Sol),1,62.38389678211872,30.0,32.38389678211872,56.4285633927808,validar_visualmente,
8aa8b1b56457fff,-22.413672794566992,-41.8435667917461,Cancela Preta,25,62.37816905211566,30.0,32.37816905211566,56.425043508254014,validar_visualmente,
8aa8b1b52a07fff,-22.396470697142473,-41.85987113639264,Cancela Preta,4,62.366524984252734,30.0,32.366524984252734,56.41788908348295,validar_visualmente,
8aa8b1b0ba17fff,-22.42936721616108,-41.83776169394767,Novo Horizonte,2,62.302308146925576,30.0,32.302308146925576,56.37846270066373,validar_visualmente,
8aa8b1a244c7fff,-22.413037857846994,-41.798791194887905,Cavaleiros,23,62.29023451162094,30.0,32.29023451162094,56.371055715146156,validar_visualmente,
8aa8b1b72d57fff,-22.45694781401327,-41.86907843927249,Aphaville (Costa do Sol),1,62.28195652909856,30.0,32.28195652909856,56.36597834847075,validar_visualmente,
8aa8b1a26b07fff,-22.41152568954441,-41.795686786247956,Cavaleiros,12,62.26742425057428,30.0,32.26742425057428,56.35706691772164,validar_visualmente,
8aa8b1a260e7fff,-22.404976157845397,-41.786769224194416,Glória,21,62.25868474156617,30.0,32.25868474156617,56.35170897146201,validar_visualmente,
8aa8b1b09c5ffff,-22.442351793731525,-41.84813587789999,Novo Horizonte,-1,62.25300360360706,30.0,32.25300360360706,56.348226535357895,validar_visualmente,
8aa8b1b0d64ffff,-22.450301438478952,-41.85269634742218,Aphaville (Costa do Sol),-1,62.234348125256304,30.0,32.234348125256304,56.33679388368245,validar_visualmente,
8aa8b1b50ccffff,-22.407947803754805,-41.86714067305028,Cancela Preta,-1,62.2290765837925,30.0,32.2290765837925,56.33356410547739,validar_visualmente,
8aa8b1b728a7fff,-22.45664792071546,-41.8738995990218,Aphaville (Costa do Sol),-1,62.21817527687834,30.0,32.21817527687834,56.32688616923126,validar_visualmente,
8aa8b1b56897fff,-22.422934201301835,-41.849910679723344,Cancela Preta,-1,62.16954475574876,30.0,32.16954475574876,56.29711406469559,validar_visualmente,
8aa8b1a24167fff,-22.420192951352,-41.81167168618401,Virgem Santa,15,62.150090135802714,30.0,32.150090135802714,56.285212011288095,validar_visualmente,
8aa8b1a219a7fff,-22.394944202160374,-41.82955872973757,Cancela Preta,22,62.118850745246476,30.0,32.118850745246476,56.26611010378805,validar_visualmente,
8aa8b1b50d5ffff,-22.41237670281881,-41.8689918382148,Cancela Preta,-1,56.255602820545434,65.17477767226198,0.0,56.255602820545434,validar_visualmente,
8aa8b1b568dffff,-22.420420510904393,-41.85380603272413,Cancela Preta,13,62.089559616660786,30.0,32.089559616660786,56.248210592138115,validar_visualmente,
8aa8b1a21897fff,-22.39051399573655,-41.82770789626903,São Marcos,26,62.04999191458691,30.0,32.04999191458691,56.22404824749959,validar_visualmente,
8aa8b1b50c67fff,-22.41147130518963,-41.869849947174345,Cancela Preta,-1,56.22359444435474,65.85638740953922,0.0,56.22359444435474,validar_visualmente,
8aa8b1b0db0ffff,-22.46418684626642,-41.86221300372016,Aphaville (Costa do Sol),-1,62.03685840227608,30.0,32.03685840227608,56.21603250347406,validar_visualmente,
8aa8b1a22a6ffff,-22.38515789024258,-41.799507819234464,Botafogo,18,62.01240708675525,30.0,32.01240708675525,56.20111496744601,validar_visualmente,
8aa8b1b0da5ffff,-22.459259093952117,-41.863861917690286,Aphaville (Costa do Sol),-1,56.19291924339693,65.85845589063855,0.0,56.19291924339693,validar_visualmente,
8aa8b1b0db77fff,-22.46438858488964,-41.863534013203406,Aphaville (Costa do Sol),-1,61.969732222592214,30.0,31.969732222592214,56.175097425915574,validar_visualmente,
8aa8b1a244d7fff,-22.412835480169846,-41.79747032191061,Cavaleiros,23,61.959753612899235,30.0,31.959753612899235,56.169017086918586,validar_visualmente,
8aa8b1b0db1ffff,-22.463985096453822,-41.86089199523754,Aphaville (Costa do Sol),-1,61.93782727694449,30.0,31.93782727694449,56.15566096512028,validar_visualmente,
8aa8b1b50c6ffff,-22.41056589372875,-41.8707080537655,Cancela Preta,-1,56.15559932515137,65.72350601851153,0.0,56.15559932515137,validar_visualmente,
8aa8b1b50ce7fff,-22.40996046154396,-41.866745353181045,Cancela Preta,-1,61.91233461083472,30.0,31.91233461083472,56.140140094646966,validar_visualmente,
8aa8b1b56db7fff,-22.42574690393788,-41.84119437358662,Novo Horizonte,2,61.90671397576091,30.0,31.90671397576091,56.13671915076202,validar_visualmente,
8aa8b1b094a7fff,-22.436914356340875,-41.83968004965786,Novo Horizonte,2,61.868088331553125,30.0,31.868088331553125,56.11322084577355,validar_visualmente,
8aa8b1b0d36ffff,-22.455939151942136,-41.86247346671627,Aphaville (Costa do Sol),1,61.858060742012,30.0,31.858060742012,56.107123548167,validar_visualmente,
8aa8b1b72d6ffff,-22.457351200533378,-41.871720435258,Aphaville (Costa do Sol),1,61.83542236474822,30.0,31.83542236474822,56.09336292108435,validar_visualmente,
8aa8b1b0dbaffff,-22.463783335452113,-41.85957098775694,Aphaville (Costa do Sol),-1,61.822147566932415,30.0,31.822147566932415,56.085296924143094,validar_visualmente,
8aa8b1b505affff,-22.406033112270137,-41.86139432493467,Cancela Preta,-1,61.81186729494878,30.0,31.811867294948783,56.079051990121044,validar_visualmente,
8aa8b1b5460ffff,-22.418817826830914,-41.87044771556812,Cancela Preta,8,56.053919630426954,66.69512007783747,0.0,56.053919630426954,validar_visualmente,
8aa8b1a26baffff,-22.4102158603423,-41.79390325833141,Cavaleiros,12,61.76158918181996,30.0,31.761589181819957,56.0485290075448,validar_visualmente,
8aa8b1b09947fff,-22.447990282631235,-41.8579128306562,Aphaville (Costa do Sol),-1,56.010478691899365,69.64049788985768,0.0,56.010478691899365,validar_visualmente,
8aa8b1b54677fff,-22.419019599068108,-41.871768634714144,Cancela Preta,8,55.99966052345079,66.80546247426336,0.0,55.99966052345079,validar_visualmente,
8aa8b1a24a37fff,-22.419894629687505,-41.816492565789105,Virgem Santa,15,61.67700813170796,30.0,31.677008131707957,55.997253964593206,validar_visualmente,
8aa8b1b099a7fff,-22.449194663277527,-41.852233555177165,Aphaville (Costa do Sol),-1,61.670995945267904,30.0,31.670995945267904,55.99361271200908,validar_visualmente,
8aa8b1b5612ffff,-22.420218595936284,-41.85248511860363,Cancela Preta,13,61.64187868216846,30.0,31.64187868216846,55.975984521708924,validar_visualmente,
8aa8b1a218a7fff,-22.39182374518939,-41.82949144599666,São Marcos,26,55.97254229964518,66.5672004409913,0.0,55.97254229964518,validar_visualmente,
8aa8b1b50d0ffff,-22.414187456578976,-41.86727561319201,Cancela Preta,13,61.63102841833295,30.0,31.631028418332953,55.96941832509306,validar_visualmente,
8aa8b1b09ceffff,-22.442149881173368,-41.84681492093145,Novo Horizonte,-1,61.60641355483202,30.0,31.606413554832017,55.9545278735619,validar_visualmente,
8aa8b1b0da27fff,-22.46308027090234,-41.86175018445971,Aphaville (Costa do Sol),-1,61.60091076042023,30.0,31.600910760420227,55.951200090294535,validar_visualmente,
8aa8b1b54917fff,-22.43813832073162,-41.87481552509319,Novo Horizonte,-1,61.59110030095758,30.0,31.591100300957578,55.945268235455075,validar_visualmente,
8aa8b1b09987fff,-22.448087872981674,-41.85177076455955,Aphaville (Costa do Sol),-1,61.56443699116456,30.0,31.564436991164563,55.929152617740876,validar_visualmente,
8aa8b1b50d57fff,-22.413282086615514,-41.86813372688722,Cancela Preta,-1,55.92826797230141,66.46601650708445,0.0,55.92826797230141,validar_visualmente,
8aa8b1b72c27fff,-22.456746103972343,-41.867757442769005,Aphaville (Costa do Sol),1,61.55235342763869,30.0,31.552353427638693,55.921852179029386,validar_visualmente,
8aa8b1b0db57fff,-22.463282015742152,-41.863071191447006,Aphaville (Costa do Sol),-1,61.512174932169,30.0,31.512174932169003,55.89759134207627,validar_visualmente,
8aa8b1b0db47fff,-22.463483749392875,-41.864392199434015,Aphaville (Costa do Sol),-1,61.484068405992154,30.0,31.484068405992154,55.88063224583415,validar_visualmente,
8aa8b1b0da37fff,-22.462878514873665,-41.86042917847354,Aphaville (Costa do Sol),-1,61.42463564906582,30.0,31.42463564906582,55.8448049207221,validar_visualmente,
8aa8b1b56127fff,-22.42112381156835,-41.85162697467044,Cancela Preta,-1,61.41256165400686,30.0,31.412561654006858,55.83753204444379,validar_visualmente,
8aa8b1b5689ffff,-22.422029013357122,-41.850768828376886,Cancela Preta,-1,61.39036903991172,30.0,31.390369039911718,55.8241690554289,validar_visualmente,
8aa8b1b764dffff,-22.465495138931377,-41.86399683658588,Aphaville (Costa do Sol),-1,61.373069581690565,30.0,31.373069581690565,55.81375684442274,validar_visualmente,
8aa8b1b0d347fff,-22.45573738596924,-41.86115247520039,Aphaville (Costa do Sol),-1,61.363932589574844,30.0,31.363932589574844,55.80825903182825,validar_visualmente,
8aa8b1b50437fff,-22.405127690135558,-41.86225243554006,Cancela Preta,-1,61.210685801022954,30.0,31.210685801022954,55.71621094537499,validar_visualmente,
8aa8b1b54187fff,-22.429081223777793,-41.86979204842865,Cancela Preta,3,61.205586643952884,30.0,31.205586643952884,55.713153391508925,validar_visualmente,
8aa8b1b56daffff,-22.425043780713906,-41.84337345657819,Novo Horizonte,2,61.20021419209175,30.0,31.20021419209175,55.70993233281403,validar_visualmente,
8aa8b1b50d27fff,-22.416199973166464,-41.86688028987852,Cancela Preta,13,61.19259408486878,30.0,31.19259408486878,55.70536433807346,validar_visualmente,
8aa8b1b09047fff,-22.437123580679092,-41.85460585435041,Novo Horizonte,-1,61.168309504782556,30.0,31.168309504782556,55.69081163282845,validar_visualmente,
8aa8b1a21887fff,-22.39071617718533,-41.82902873756659,São Marcos,26,55.67632412707619,68.2574103453104,0.0,55.67632412707619,validar_visualmente,
8aa8b1b0dba7fff,-22.46468814216822,-41.858712794676144,Aphaville (Costa do Sol),-1,61.14257669780755,30.0,31.14257669780755,55.67539950332381,validar_visualmente,
8aa8b1b0da17fff,-22.461771918189363,-41.85996636333598,Aphaville (Costa do Sol),-1,61.12754285089963,30.0,31.12754285089963,55.66639931465039,validar_visualmente,
8aa8b1b0952ffff,-22.440639116854644,-41.84371023920131,Novo Horizonte,-1,61.10620158853995,30.0,31.106201588539953,55.65362821636875,validar_visualmente,
8aa8b1b72d9ffff,-22.456140906729157,-41.863794459232466,Aphaville (Costa do Sol),1,61.10010254487675,30.0,31.100102544876748,55.64997950945764,validar_visualmente,
8aa8b1b54667fff,-22.419221360134028,-41.873089554850495,Cancela Preta,-1,55.64404244242698,66.44687267052812,0.0,55.64404244242698,validar_visualmente,
8aa8b1b0db8ffff,-22.46267674765641,-41.85910817348988,Aphaville (Costa do Sol),-1,61.05828850148922,30.0,31.058288501489223,55.624977755535625,validar_visualmente,
8aa8b1b52b07fff,-22.39959098337406,-41.85993856933959,Cancela Preta,4,60.98957546916264,30.0,30.989575469162638,55.58394243206149,validar_visualmente,
8aa8b1a26707fff,-22.402356075238618,-41.78320225369112,Glória,19,60.97718762989959,30.0,30.97718762989959,55.57655106896527,validar_visualmente,
8aa8b1b5610ffff,-22.41911144529108,-41.852022348554826,Cancela Preta,13,60.96831854778133,30.0,30.96831854778133,55.57126046464654,validar_visualmente,
8aa8b1b562dffff,-22.406332816685538,-41.85657354732892,Cancela Preta,4,60.961270326216386,30.0,30.961270326216386,55.56705678659015,validar_visualmente,
8aa8b1b56137fff,-22.420921880463773,-41.85030606007297,Cancela Preta,-1,60.93548308215847,30.0,30.93548308215847,55.55168244792982,validar_visualmente,
8aa8b1b09167fff,-22.441349319621406,-41.855136055915196,Novo Horizonte,-1,60.92105513864785,30.0,30.92105513864785,55.54308436296461,validar_visualmente,
8aa8b1b72da7fff,-22.458354204073665,-41.864720096580186,Aphaville (Costa do Sol),-1,55.54264996018537,66.8433758625246,0.0,55.54264996018537,validar_visualmente,
8aa8b1b0d357fff,-22.45553560881072,-41.859831484686254,Aphaville (Costa do Sol),-1,60.91148415724392,30.0,30.91148415724392,55.53738222480253,validar_visualmente,
8aa8b1b09ad7fff,-22.43682404582291,-41.85942686457196,Novo Horizonte,3,60.89874624372379,30.0,30.898746243723792,55.529795198275785,validar_visualmente,
8aa8b1b764c7fff,-22.46660167786664,-41.86445966159437,Aphaville (Costa do Sol),-1,60.87518148146287,30.0,30.875181481462867,55.51576510677437,validar_visualmente,
8aa8b1b56177fff,-22.419313366461715,-41.853343260176096,Cancela Preta,13,60.87005812794244,30.0,30.870058127942443,55.5127157190878,validar_visualmente,
8aa8b1b56c27fff,-22.42434062253158,-41.845552535269036,Novo Horizonte,-1,60.864900179220484,30.0,30.864900179220484,55.50964609325561,validar_visualmente,
8aa8b1a24a27fff,-22.420096837519544,-41.81781346259038,Virgem Santa,15,60.825235477596806,30.0,30.825235477596806,55.48605245959568,validar_visualmente,
8aa8b1b54137fff,-22.43149690467969,-41.87203861292622,Cancela Preta,3,60.80732707075535,30.0,30.80732707075535,55.475406926569455,validar_visualmente,
8aa8b1b52a2ffff,-22.396672604633245,-41.86119200465516,Cancela Preta,-1,55.47318259620394,61.99149012576576,0.0,55.47318259620394,validar_visualmente,
8aa8b1b09cc7fff,-22.441947957437243,-41.84549396497982,Novo Horizonte,-1,60.77293730978742,30.0,30.772937309787423,55.454976164579236,validar_visualmente,
8aa8b1a26a37fff,-22.409310840788347,-41.794761463641386,Cavaleiros,12,60.76619343973976,30.0,30.76619343973976,55.4509715225978,validar_visualmente,
8aa8b1b0bb8ffff,-22.43027225958742,-41.83690351815138,Novo Horizonte,2,60.73885110541389,30.0,30.738851105413893,55.434741342071646,validar_visualmente,
8aa8b1b54117fff,-22.430389949187635,-41.871575799918354,Cancela Preta,3,60.70370263315955,30.0,30.70370263315955,55.41389220865706,validar_visualmente,
8aa8b1b56107fff,-22.420016669798866,-41.85116420549396,Cancela Preta,-1,60.66414580576662,30.0,30.664145805766623,55.39044797447552,validar_visualmente,
8aa8b1b0d327fff,-22.458452037518988,-41.85857792768247,Aphaville (Costa do Sol),-1,60.61765330471409,30.0,30.61765330471409,55.36292004177777,validar_visualmente,
8aa8b1b72d77fff,-22.458054445370486,-41.869541267111046,Aphaville (Costa do Sol),-1,60.57754743752541,30.0,30.57754743752541,55.33919698345617,validar_visualmente,
8aa8b1b0daa7fff,-22.46157014475701,-41.85864536084942,Aphaville (Costa do Sol),-1,60.563775257299625,30.0,30.563775257299625,55.33105559323292,validar_visualmente,
8aa8b1b729b7fff,-22.459564423270947,-41.87264610253186,Aphaville (Costa do Sol),-1,60.55093250997841,30.0,30.55093250997841,55.32346594293272,validar_visualmente,
8aa8b1b0db67fff,-22.464590312323224,-41.86485502368589,Aphaville (Costa do Sol),-1,60.53981592279847,30.0,30.539815922798468,55.3168981972611,validar_visualmente,
8aa8b1b0d85ffff,-22.465592935021228,-41.85785459923151,Aphaville (Costa do Sol),-1,60.50686824401383,30.0,30.50686824401383,55.29744233141755,validar_visualmente,
8aa8b1b5418ffff,-22.42817599293868,-41.87065017877735,Cancela Preta,8,60.48231032279971,30.0,30.482310322799712,55.28295024535493,validar_visualmente,
8aa8b1b56c6ffff,-22.42182707728501,-41.84944791229219,Cancela Preta,-1,60.47580314952883,30.0,30.47580314952883,55.2791116114469,validar_visualmente,
8aa8b1b5402ffff,-22.427674226887596,-41.87415018195342,Cancela Preta,-1,55.26077125732416,58.877167692055906,0.0,55.26077125732416,validar_visualmente,
8aa8b1b72d17fff,-22.458555935242714,-41.86604109508545,Aphaville (Costa do Sol),-1,55.25450425552104,64.52281391874159,0.0,55.25450425552104,validar_visualmente,
8aa8b1b50547fff,-22.405733263771186,-41.866215100219776,Cancela Preta,-1,60.430990537575454,30.0,30.430990537575454,55.252691897365565,validar_visualmente,
8aa8b1b50c0ffff,-22.411067684977947,-41.86720814279112,Cancela Preta,-1,60.4058715372001,30.0,30.4058715372001,55.237894680451106,validar_visualmente,
8aa8b1b52907fff,-22.40592895827418,-41.85393177593496,Cancela Preta,4,60.39605108701743,30.0,30.396051087017433,55.23211193872494,validar_visualmente,
8aa8b1a26717fff,-22.402153547746074,-41.781881410583836,Glória,19,60.38910480580022,30.0,30.389104805800223,55.2280224354573,validar_visualmente,
8aa8b1b0d367fff,-22.45684405462224,-41.86161528806953,Aphaville (Costa do Sol),-1,60.36712793178871,30.0,30.36712793178871,55.21508826037866,validar_visualmente,
8aa8b1b0db6ffff,-22.46368547185424,-41.865713208419336,Aphaville (Costa do Sol),-1,60.34478276759674,30.0,30.34478276759674,55.20194408636203,validar_visualmente,
8aa8b1b5468ffff,-22.417307118545153,-41.86734308425294,Cancela Preta,13,55.17191811892932,64.35241467996705,0.0,55.17191811892932,validar_visualmente,
8aa8b1a25217fff,-22.399778420379064,-41.83405131303087,Cancela Preta,28,60.28885018426181,30.0,30.28885018426181,55.169072570582415,validar_visualmente,
8aa8b1b52cdffff,-22.397167312241343,-41.8440881509749,Cancela Preta,27,55.15001459203468,84.12625355966085,0.0,55.15001459203468,validar_visualmente,
8aa8b1b09af7fff,-22.43793095512916,-41.85988966064991,Novo Horizonte,3,60.244362175609666,30.0,30.244362175609666,55.14295759317863,validar_visualmente,
8aa8b1b0da07fff,-22.461973680433676,-41.861287366825536,Aphaville (Costa do Sol),-1,60.19777921544486,30.0,30.19777921544486,55.11564195970948,validar_visualmente,
8aa8b1b0999ffff,-22.446981067592098,-41.851307975569355,Aphaville (Costa do Sol),-1,60.190895690864835,30.0,30.190895690864835,55.11160808072307,validar_visualmente,
8aa8b1b56c2ffff,-22.423435472214926,-41.846410691611396,Novo Horizonte,-1,60.18219961039579,30.0,30.18219961039579,55.10651294075954,validar_visualmente,
8aa8b1b0da2ffff,-22.462175431489662,-41.86260837131671,Aphaville (Costa do Sol),-1,60.13032321835122,30.0,30.130323218351222,55.07613956716828,validar_visualmente,
8aa8b1b0db87fff,-22.463581563261528,-41.8582499812798,Aphaville (Costa do Sol),-1,60.07543608880261,30.0,30.07543608880261,55.04404385359224,validar_visualmente,
8aa8b1b0dadffff,-22.457748943444315,-41.86075710705772,Aphaville (Costa do Sol),-1,60.04756568573322,30.0,30.04756568573322,55.027762349332306,validar_visualmente,
8aa8b1a2522ffff,-22.400182628473804,-41.83669304089824,Cancela Preta,27,55.02604003916902,66.68969956035451,0.0,55.02604003916902,validar_visualmente,
8aa8b1a25207fff,-22.399980530005656,-41.83537217645008,Cancela Preta,27,55.01559855787782,66.06015269070299,0.0,55.01559855787782,validar_visualmente,
8aa8b1b0db5ffff,-22.462377171357083,-41.86392937680809,Aphaville (Costa do Sol),-1,60.00139029483702,30.0,30.001390294837023,55.00081101874434,validar_visualmente,
8aa8b1b56117fff,-22.419814732492398,-41.84984329339653,Cancela Preta,-1,59.995266893966594,30.0,29.995266893966594,54.997239177064266,validar_visualmente,
8aa8b1b0da8ffff,-22.45955867951129,-41.85904073794039,Aphaville (Costa do Sol),-1,59.9755205319857,30.0,29.9755205319857,54.98572447344264,validar_visualmente,
8aa8b1b766effff,-22.460469342972274,-41.87178793263985,Aphaville (Costa do Sol),-1,59.95916269339156,30.0,29.959162693391562,54.97618982684958,validar_visualmente,
8aa8b1b0d307fff,-22.457345380425487,-41.85811511905119,Aphaville (Costa do Sol),-1,59.918217459807046,30.0,29.918217459807046,54.95234002872685,validar_visualmente,
8aa8b1b09827fff,-22.447586630159474,-41.855270885596184,Aphaville (Costa do Sol),-1,54.94483167401807,70.18942081523736,0.0,54.94483167401807,validar_visualmente,
8aa8b1b5256ffff,-22.395356456894223,-41.84580439212171,Cancela Preta,-1,54.93781730785331,80.12347244521945,0.0,54.93781730785331,validar_visualmente,
8aa8b1b56c4ffff,-22.420719938189862,-41.848985146488644,Cancela Preta,-1,59.88904008614628,30.0,29.88904008614628,54.935359042709166,validar_visualmente,
8aa8b1b0db4ffff,-22.462578900035684,-41.86525038329826,Aphaville (Costa do Sol),-1,59.84526524408808,30.0,29.845265244088083,54.909904758710006,validar_visualmente,
8aa8b1b56c47fff,-22.42162513004329,-41.84812699722157,Cancela Preta,-1,59.82390105702488,30.0,29.823901057024877,54.897491603555466,validar_visualmente,
8aa8b1b764cffff,-22.465696860147396,-41.86531784956368,Aphaville (Costa do Sol),-1,59.80087386058081,30.0,29.800873860580808,54.88411935791394,validar_visualmente,
8aa8b1b54297fff,-22.41942311002841,-41.87441047597578,Cancela Preta,-1,54.87962333919847,65.70508105292092,0.0,54.87962333919847,validar_visualmente,
8aa8b1b0951ffff,-22.439330237599304,-41.841926521077006,Novo Horizonte,2,59.74351549296158,30.0,29.743515492961578,54.85084283423121,validar_visualmente,
8aa8b1b5058ffff,-22.404925809928464,-41.860931549312426,Cancela Preta,4,59.737093506590675,30.0,29.737093506590675,54.847119990127375,validar_visualmente,
8aa8b1b5611ffff,-22.418909512951668,-41.85070143794486,Cancela Preta,-1,59.727836082120454,30.0,29.727836082120454,54.8417544557517,validar_visualmente,
8aa8b1b0d31ffff,-22.45623870823151,-41.85765231204661,Aphaville (Costa do Sol),-1,59.69952821402781,30.0,29.699528214027808,54.825354914405985,validar_visualmente,
8aa8b1b098b7fff,-22.44587424710955,-41.85084518820666,Aphaville (Costa do Sol),-1,59.67295257805174,30.0,29.672952578051742,54.80996918600343,validar_visualmente,
8aa8b1b0d237fff,-22.455132020937818,-41.85718950666879,Aphaville (Costa do Sol),-1,59.64717989653396,30.0,29.647179896533963,54.79505784486197,validar_visualmente,
8aa8b1b50407fff,-22.4042222541698,-41.863110543780465,Cancela Preta,-1,59.63548818156485,30.0,29.635488181564853,54.78829644621985,validar_visualmente,
8aa8b1b0d377fff,-22.456642283677816,-41.86029429505877,Aphaville (Costa do Sol),-1,59.62563886127252,30.0,29.62563886127252,54.78260201750741,validar_visualmente,
8aa8b1b72d0ffff,-22.457852741546862,-41.86822026811388,Aphaville (Costa do Sol),-1,59.61409588763613,30.0,29.614095887636132,54.775930142864645,validar_visualmente,
8aa8b1b5056ffff,-22.40593509932032,-41.86753599044061,Cancela Preta,-1,59.598528706683695,30.0,29.598528706683695,54.76693525212551,validar_visualmente,
8aa8b1a2616ffff,-22.40870355172188,-41.79079887703757,Cavaleiros,12,59.588614835868704,30.0,29.588614835868704,54.76120869682034,validar_visualmente,
8aa8b1a260c7fff,-22.40386863483181,-41.78630658285826,Glória,21,59.49775414744494,30.0,29.497754147444937,54.70878978221462,validar_visualmente,
8aa8b1a22a1ffff,-22.38545583533773,-41.794687204522376,Visconde de Araújo,-1,59.46878286974183,30.0,29.46878286974183,54.69210050994885,validar_visualmente,
8aa8b1b09897fff,-22.44476741153477,-41.85038240247152,Aphaville (Costa do Sol),-1,59.44045478643045,30.0,29.44045478643045,54.67579333472218,validar_visualmente,
8aa8b1b0db9ffff,-22.46247496925083,-41.85778716951016,Aphaville (Costa do Sol),-1,59.42704233497969,30.0,29.42704233497969,54.66807640066256,validar_visualmente,
8aa8b1b56d87fff,-22.42484179125651,-41.84205253760791,Novo Horizonte,2,59.40582845469227,30.0,29.40582845469227,54.655876118685754,validar_visualmente,
8aa8b1a219affff,-22.394038836027264,-41.83041686774652,Cancela Preta,-1,54.65158465699318,64.52954936077222,0.0,54.65158465699318,validar_visualmente,
8aa8b1b0d337fff,-22.45825024544392,-41.85725693268819,Aphaville (Costa do Sol),-1,59.388445261796704,30.0,29.388445261796704,54.64588369763529,validar_visualmente,
8aa8b1b0dacffff,-22.457950708174213,-41.86207810256492,Aphaville (Costa do Sol),-1,59.373435244701135,30.0,29.373435244701135,54.63725893652415,validar_visualmente,
8aa8b1b0b86ffff,-22.43449837876269,-41.837433595795815,Novo Horizonte,2,59.355438224222034,30.0,29.355438224222034,54.62692209960977,validar_visualmente,
8aa8b1b72d97fff,-22.457045814380507,-41.86293628208152,Aphaville (Costa do Sol),-1,59.317797793956714,30.0,29.317797793956714,54.6053178264826,validar_visualmente,
8aa8b1b5042ffff,-22.404424118251463,-41.864431429512514,Cancela Preta,-1,59.29638040704378,30.0,29.296380407043777,54.59303409320733,validar_visualmente,
8aa8b1b0b84ffff,-22.433391363976845,-41.83697084223506,Novo Horizonte,2,59.272168622456235,30.0,29.272168622456235,54.579155609122694,validar_visualmente,
8aa8b1b0dbb7fff,-22.464486365003943,-41.85739178670608,Aphaville (Costa do Sol),-1,59.25171399399417,30.0,29.251713993994173,54.56743735268118,validar_visualmente,
8aa8b1b0daaffff,-22.460665306401665,-41.85950354982491,Aphaville (Costa do Sol),-1,59.23910382174535,30.0,29.239103821745353,54.56021611462551,validar_visualmente,
8aa8b1b72c37fff,-22.456544382744518,-41.86643644726024,Aphaville (Costa do Sol),1,59.23299316974921,30.0,29.232993169749207,54.55671766399041,validar_visualmente,
8aa8b1b766e7fff,-22.461374248817407,-41.87092976037822,Aphaville (Costa do Sol),-1,59.226202405358784,30.0,29.226202405358784,54.55283046997162,validar_visualmente,
8aa8b1b76797fff,-22.46479202856692,-41.866176035166205,Aphaville (Costa do Sol),-1,59.205481382811044,30.0,29.205481382811044,54.54097338398732,validar_visualmente,
8aa8b1b561affff,-22.41870756944374,-41.84938052834762,Cancela Preta,-1,59.165539810930845,30.0,29.165539810930845,54.51813533855375,validar_visualmente,
8aa8b1b5219ffff,-22.39555848093776,-41.847125251776575,Cancela Preta,-1,54.49546375393935,80.21453903537855,0.0,54.49546375393935,validar_visualmente,
8aa8b1b56c57fff,-22.42142317163222,-41.84680608316641,Cancela Preta,-1,59.11632371231368,30.0,29.11632371231368,54.49002603013147,validar_visualmente,
8aa8b1b540e7fff,-22.425460217384412,-41.873224555608715,Cancela Preta,8,59.09332384740813,30.0,29.09332384740813,54.476901929313414,validar_visualmente,
8aa8b1b72d8ffff,-22.45634265033003,-41.865115452747595,Aphaville (Costa do Sol),1,59.07186616610095,30.0,29.071866166100953,54.46466475794215,validar_visualmente,
8aa8b1b56c5ffff,-22.420517984746873,-41.84766423391887,Cancela Preta,-1,59.06400940690375,30.0,29.06400940690375,54.4601857766148,validar_visualmente,
8aa8b1b7665ffff,-22.460671011982242,-41.87310893860618,Aphaville (Costa do Sol),-1,59.05470426780105,30.0,29.05470426780105,54.45488226543873,validar_visualmente,
8aa8b1a2672ffff,-22.40255859157849,-41.78452309788279,Glória,21,59.04513948792906,30.0,29.045139487929063,54.449432085233425,validar_visualmente,
8aa8b1b0914ffff,-22.439337403691418,-41.85553143140466,Novo Horizonte,-1,54.43968110195634,62.27373812317576,0.0,54.43968110195634,validar_visualmente,
8aa8b1b561a7fff,-22.419612784017126,-41.84852238231274,Cancela Preta,-1,59.000494105575584,30.0,29.000494105575584,54.42401000555937,validar_visualmente,
8aa8b1b5258ffff,-22.394346169314698,-41.83920010914312,Cancela Preta,27,58.98362024414033,30.0,28.983620244140333,54.41440922913852,validar_visualmente,
8aa8b1b0da9ffff,-22.459356893650032,-41.85771974044853,Aphaville (Costa do Sol),-1,58.964159013414076,30.0,28.964159013414076,54.40334147777784,validar_visualmente,
8aa8b1b0dac7fff,-22.458855588109486,-41.86121992068303,Aphaville (Costa do Sol),-1,58.95860514878234,30.0,28.95860514878234,54.400183968612666,validar_visualmente,
8aa8b1b725b7fff,-22.450405613254105,-41.8601594142833,Aphaville (Costa do Sol),-1,54.39472465401256,69.6001401041987,0.0,54.39472465401256,validar_visualmente,
8aa8b1b50417fff,-22.404020378924297,-41.861789659047915,Cancela Preta,4,58.94576398323833,30.0,28.94576398323833,54.392885178012165,validar_visualmente,
8aa8b1b766c7fff,-22.460267662773298,-41.87046692766396,Aphaville (Costa do Sol),-1,58.93961454665462,30.0,28.939614546654617,54.389390754686154,validar_visualmente,
8aa8b1b50187fff,-22.407244188823533,-41.86931967224602,Cancela Preta,-1,58.89819898693144,30.0,28.89819898693144,54.36587076298738,validar_visualmente,
8aa8b1b0958ffff,-22.43802131967511,-41.84014281061034,Novo Horizonte,2,58.84232855771213,30.0,28.84232855771213,54.33418173155128,validar_visualmente,
8aa8b1b56c07fff,-22.42323350386655,-41.84508977458723,Novo Horizonte,-1,58.814895866989914,30.0,28.814895866989914,54.31863905803891,validar_visualmente,
8aa8b1b5652ffff,-22.4188048784332,-41.84323874814196,Cancela Preta,-1,58.77447061807184,30.0,28.774470618071838,54.29575535659883,validar_visualmente,
8aa8b1b5049ffff,-22.401603812477035,-41.85954323220238,Cancela Preta,4,58.768178905700175,30.0,28.768178905700175,54.29219594912278,validar_visualmente,
8aa8b1a24b57fff,-22.420299034186797,-41.81913436043934,Virgem Santa,-1,58.74387570731023,30.0,28.74387570731023,54.278452408951594,validar_visualmente,
8aa8b1b09497fff,-22.435605378465965,-41.837896350985716,Novo Horizonte,2,58.70467875170535,30.0,28.70467875170535,54.25630482131272,validar_visualmente,
8aa8b1b56ce7fff,-22.421221202052045,-41.84548517012813,Cancela Preta,-1,58.68747642167516,30.0,28.687476421675157,54.246592121630556,validar_visualmente,
8aa8b1b56cdffff,-22.41900687158109,-41.844559655157184,Cancela Preta,-1,58.67555089205839,30.0,28.67555089205839,54.23986136200954,validar_visualmente,
8aa8b1b0bba7fff,-22.432284334109177,-41.83650809030351,Novo Horizonte,2,58.66361869574522,30.0,28.66361869574522,54.233128953536266,validar_visualmente,
8aa8b1b093a7fff,-22.43511157010657,-41.85500122887244,Novo Horizonte,-1,58.65726858900131,30.0,28.657268589001312,54.229546945673064,validar_visualmente,
8aa8b1b56ceffff,-22.420316020135076,-41.84634332236505,Cancela Preta,-1,58.608456128846264,30.0,28.608456128846264,54.20203253533551,validar_visualmente,
8aa8b1b0bacffff,-22.42554489834003,-41.83987345415766,Novo Horizonte,-1,58.59563570040066,30.0,28.595635700400663,54.19481185183788,validar_visualmente,
8aa8b1a22a77fff,-22.385860744602482,-41.79732883549352,Visconde de Araújo,10,58.58991208279056,30.0,28.589912082790562,54.1915890042446,validar_visualmente,
8aa8b1a260d7fff,-22.403666135818597,-41.7849857350595,Glória,21,58.58184992187603,30.0,28.581849921876028,54.1870502014913,validar_visualmente,
8aa8b1a260dffff,-22.40276109676543,-41.785843943157445,Glória,21,58.55869380031129,30.0,28.55869380031129,54.17401925676856,validar_visualmente,
8aa8b1b0d8effff,-22.465391152882862,-41.85653358976912,Aphaville (Costa do Sol),-1,58.55355751408722,30.0,28.553557514087217,54.171129932964064,validar_visualmente,
8aa8b1b56197fff,-22.418303648923334,-41.84673871219694,Cancela Preta,-1,58.54778737825094,30.0,28.547787378250938,54.16788451888538,validar_visualmente,
8aa8b1b561b7fff,-22.41941082437331,-41.84720147224398,Cancela Preta,-1,58.53108520279198,30.0,28.531085202791978,54.15849318272208,validar_visualmente,
8aa8b1b76657fff,-22.46157592279726,-41.87225076784681,Aphaville (Costa do Sol),-1,58.522966153303756,30.0,28.522966153303756,54.1539294929041,validar_visualmente,
8aa8b1b50d77fff,-22.414389264817615,-41.86859652137315,Cancela Preta,-1,54.150461257695824,64.05141953978998,0.0,54.150461257695824,validar_visualmente,
8aa8b1b09917fff,-22.449396516229324,-41.85355452917507,Aphaville (Costa do Sol),-1,58.50213580506317,30.0,28.50213580506317,54.142225339540985,validar_visualmente,
8aa8b1b56c37fff,-22.424138649213987,-41.844231616761256,Novo Horizonte,-1,58.49680167694593,30.0,28.49680167694593,54.13922924561696,validar_visualmente,
8aa8b1b56ccffff,-22.41920885356122,-41.845880563191656,Cancela Preta,-1,58.46318938597213,30.0,28.46318938597213,54.12035957723637,validar_visualmente,
8aa8b1a24a2ffff,-22.41919179161455,-41.818671649896594,Virgem Santa,15,58.442539329258324,30.0,28.442539329258324,54.10877521180919,validar_visualmente,
8aa8b1b50c2ffff,-22.41217489333538,-41.86767093402653,Cancela Preta,-1,58.43739175103146,30.0,28.437391751031463,54.10588849692745,validar_visualmente,
8aa8b1b7661ffff,-22.46227914080557,-41.870071585747326,Aphaville (Costa do Sol),-1,58.42826365091742,30.0,28.428263650917422,54.10077052125376,validar_visualmente,
8aa8b1b56cd7fff,-22.41991205740604,-41.84370150231089,Cancela Preta,-1,58.3809325146454,30.0,28.3809325146454,54.07425284014228,validar_visualmente,
8aa8b1b56187fff,-22.418505614767543,-41.84805961976452,Cancela Preta,-1,58.373308139658675,30.0,28.373308139658675,54.069984374132765,validar_visualmente,
8aa8b1b5055ffff,-22.404625971169047,-41.86575231624265,Cancela Preta,-1,58.35936532205809,30.0,28.35936532205809,54.062180829426964,validar_visualmente,
8aa8b1b0db97fff,-22.463379779882338,-41.85692897580748,Aphaville (Costa do Sol),-1,58.35371613949645,30.0,28.35371613949645,54.059019918508596,validar_visualmente,
8aa8b1b56cc7fff,-22.420114044354712,-41.84502241182859,Cancela Preta,-1,58.3367962609691,30.0,28.336796260969102,54.04955555083076,validar_visualmente,
8aa8b1b56527fff,-22.41971005928933,-41.842380593813346,Novo Horizonte,-1,58.30559305040375,30.0,28.30559305040375,54.032112952247246,validar_visualmente,
8aa8b1b0bac7fff,-22.426449992201054,-41.839015286300594,Novo Horizonte,-1,58.2996847109135,30.0,28.299684710913503,54.02881184835761,validar_visualmente,
8aa8b1b0da87fff,-22.460463526754644,-41.858182549835625,Aphaville (Costa do Sol),-1,58.2836244621761,30.0,28.2836244621761,54.01984134713397,validar_visualmente,
8aa8b1b56cf7fff,-22.42101922130304,-41.844164258108094,Novo Horizonte,-1,58.24738017282311,30.0,28.247380172823107,53.999611355571915,validar_visualmente,
8aa8b1b504affff,-22.402913052641786,-41.86132688418174,Cancela Preta,4,58.22780495844644,30.0,28.22780495844644,53.98869361070555,validar_visualmente,
8aa8b1b5462ffff,-22.419924929631776,-41.87091051817942,Cancela Preta,8,58.2214635879456,30.0,28.2214635879456,53.98515806694468,validar_visualmente,
8aa8b1b504a7fff,-22.403818492515228,-41.86046877531625,Cancela Preta,4,58.21216550504249,30.0,28.212165505042492,53.97997515421395,validar_visualmente,
8aa8b1a22a0ffff,-22.385658295543696,-41.79600801947259,Visconde de Araújo,10,58.20142337640629,30.0,28.20142337640629,53.9739889423555,validar_visualmente,
8aa8b1b56caffff,-22.42192438440543,-41.84330610203059,Novo Horizonte,-1,58.15740667152966,30.0,28.157406671529657,53.949478324104035,validar_visualmente,
8aa8b1a21917fff,-22.395146358859602,-41.83087958106619,Cancela Preta,22,58.149367078314086,30.0,28.149367078314086,53.94500468138272,validar_visualmente,
8aa8b1b56c8ffff,-22.420817229385456,-41.84284334710776,Novo Horizonte,-1,58.130556953295184,30.0,28.130556953295184,53.934541615013984,validar_visualmente,
8aa8b1b501a7fff,-22.40835143886784,-41.86978246446086,Cancela Preta,-1,58.069864466062214,30.0,28.069864466062214,53.900818503791115,validar_visualmente,
8aa8b1b0d317fff,-22.45714358213705,-41.856794126554675,Aphaville (Costa do Sol),-1,58.043954982841036,30.0,28.043954982841036,53.88643936288423,validar_visualmente,
8aa8b1b56577fff,-22.41789968373193,-41.84409690011397,Cancela Preta,-1,58.024275743587204,30.0,28.024275743587204,53.875524738552535,validar_visualmente,
8aa8b1b766f7fff,-22.46117256364827,-41.86960875390098,Aphaville (Costa do Sol),-1,58.011362447831374,30.0,28.011362447831374,53.868365915883416,validar_visualmente,
8aa8b1b0d04ffff,-22.45804844218266,-41.8559359386998,Aphaville (Costa do Sol),-1,57.98057872067861,30.0,27.980578720678608,53.85131049150568,validar_visualmente,
8aa8b1b541affff,-22.429282978607056,-41.87111298853539,Cancela Preta,3,57.972004490078675,30.0,27.972004490078675,53.84656261850616,validar_visualmente,
8aa8b1b0d3affff,-22.456036903730144,-41.85633132204801,Aphaville (Costa do Sol),-1,57.94695384298855,30.0,27.94695384298855,53.832697622797205,validar_visualmente,
8aa8b1b56c9ffff,-22.42061522629954,-41.841522437128496,Novo Horizonte,-1,57.926817430823384,30.0,27.926817430823384,53.82155956457362,validar_visualmente,
8aa8b1b56c87fff,-22.421722387518546,-41.84198518954819,Novo Horizonte,-1,57.90231937469292,30.0,27.902319374692922,53.80801738815795,validar_visualmente,
8aa8b1b5046ffff,-22.402815037904606,-41.867468519637725,Cancela Preta,-1,57.89596610277328,30.0,27.89596610277328,53.80450690399757,validar_visualmente,
8aa8b1b0d66ffff,-22.45140819858519,-41.853159141294526,Aphaville (Costa do Sol),-1,57.88712652302419,30.0,27.887126523024193,53.79962365489315,validar_visualmente,
8aa8b1b099affff,-22.44828973214282,-41.853091736057905,Aphaville (Costa do Sol),-1,57.86767949307164,30.0,27.86767949307164,53.78888478659981,validar_visualmente,
8aa8b1b72db7fff,-22.45815246171741,-41.86339909907288,Aphaville (Costa do Sol),-1,57.83086665634143,30.0,27.830866656341428,53.768572361388436,validar_visualmente,
8aa8b1b56157fff,-22.41820620694119,-41.852880489255156,Cancela Preta,13,57.825528824933436,30.0,27.825528824933436,53.765628820235584,validar_visualmente,
8aa8b1b0dae7fff,-22.459962217672597,-41.86168273593467,Aphaville (Costa do Sol),-1,57.819313283503526,30.0,27.819313283503526,53.76220182396577,validar_visualmente,
8aa8b1b7660ffff,-22.462480819755694,-41.87139259471759,Aphaville (Costa do Sol),-1,57.796944115388314,30.0,27.796944115388314,53.74987333955863,validar_visualmente,
8aa8b1b50487fff,-22.402711160031174,-41.860006002946214,Cancela Preta,4,57.78482984462583,30.0,27.784829844625833,53.74319995721871,validar_visualmente,
8aa8b1b0daeffff,-22.45905734662442,-41.86254091868652,Aphaville (Costa do Sol),-1,57.76738964754977,30.0,27.76738964754977,53.733596691901184,validar_visualmente,
8aa8b1b0d06ffff,-22.459155096602032,-41.85639874396206,Aphaville (Costa do Sol),-1,57.73248143044793,30.0,27.732481430447933,53.71438906431771,validar_visualmente,
8aa8b1b0d38ffff,-22.45493021022395,-41.85586851916827,Aphaville (Costa do Sol),-1,57.72480007367425,30.0,27.724800073674253,53.71016508291721,validar_visualmente,
8aa8b1b52cd7fff,-22.39807271916476,-41.84323002686607,Cancela Preta,-1,53.701012361646264,84.0649878472761,0.0,53.701012361646264,validar_visualmente,
8aa8b1b09957fff,-22.44778846198618,-41.85659185762292,Aphaville (Costa do Sol),-1,53.693493422112425,71.36756439587046,0.0,53.693493422112425,validar_visualmente,
8aa8b1b56567fff,-22.418101671911376,-41.84541780564629,Cancela Preta,-1,57.6913857296289,30.0,27.691385729628898,53.69180123411619,validar_visualmente,
8aa8b1b09cd7fff,-22.441746022523397,-41.84417301004654,Novo Horizonte,-1,57.67233925702191,30.0,27.67233925702191,53.681341481036384,validar_visualmente,
8aa8b1b5615ffff,-22.417300954749965,-41.853738627594595,Cancela Preta,13,57.64029322272708,30.0,27.64029322272708,53.66375556362584,validar_visualmente,
8aa8b1b56c97fff,-22.42152037946306,-41.84066427808779,Novo Horizonte,-1,57.62177495039074,30.0,27.621774950390737,53.6536006151055,validar_visualmente,
8aa8b1b09c57fff,-22.443256759343186,-41.84727769840917,Aphaville (Costa do Sol),-1,57.57914752142816,30.0,27.579147521428162,53.63024526374491,validar_visualmente,
8aa8b1b5614ffff,-22.417502865988165,-41.85505953623731,Cancela Preta,13,57.555082999207485,30.0,27.555082999207485,53.61707304134946,validar_visualmente,
8aa8b1b0d297fff,-22.452514943595517,-41.85362193679417,Aphaville (Costa do Sol),-1,57.54094858576544,30.0,27.54094858576544,53.609340519976136,validar_visualmente,
8aa8b1b56077fff,-22.41619377127771,-41.853275857428784,Cancela Preta,-1,53.59332371188608,67.34208248620428,0.0,53.59332371188608,validar_visualmente,
8aa8b1b54817fff,-22.435019393206783,-41.87474801525592,Cancela Preta,-1,57.51110689304314,30.0,27.51110689304314,53.59302534385022,validar_visualmente,
8aa8b1b0d8cffff,-22.46428457665077,-41.85607077974178,Aphaville (Costa do Sol),-1,57.50326643913836,30.0,27.503266439138358,53.58874110669667,validar_visualmente,
8aa8b1b09937fff,-22.450503285220947,-41.854017323919464,Aphaville (Costa do Sol),-1,57.491760825600544,30.0,27.491760825600544,53.58245588276192,validar_visualmente,
8aa8b1b5041ffff,-22.403114934089352,-41.862647766418654,Cancela Preta,4,57.48594151291757,30.0,27.48594151291757,53.57927773605201,validar_visualmente,
8aa8b1b09ab7fff,-22.439539251653812,-41.85685238646674,Novo Horizonte,-1,53.56388120101065,70.43226974231062,0.0,53.56388120101065,validar_visualmente,
8aa8b1b54037fff,-22.428377742803885,-41.87197111738277,Cancela Preta,8,57.451630852506,30.0,27.451630852506,53.5605502642266,validar_visualmente,
8aa8b1b76617fff,-22.46318401893599,-41.86921340874757,Aphaville (Costa do Sol),-1,57.436408069512154,30.0,27.436408069512154,53.55224731532,validar_visualmente,
8aa8b1b5054ffff,-22.404827812922292,-41.86707320396947,Cancela Preta,-1,57.41513372386991,30.0,27.415133723869907,53.54064981539451,validar_visualmente,
8aa8b1b50c4ffff,-22.40945867383649,-41.8702452583007,Cancela Preta,-1,57.393499717691654,30.0,27.393499717691654,53.52886360695144,validar_visualmente,
8aa8b1b0baf7fff,-22.427355072211466,-41.83815711608874,Novo Horizonte,-1,57.38522936259398,30.0,27.385229362593982,53.52435987860375,validar_visualmente,
8aa8b1b52547fff,-22.395154421692887,-41.84448353348467,Cancela Preta,-1,53.50568293702067,78.20176024878431,0.0,53.50568293702067,validar_visualmente,
8aa8b1b0da97fff,-22.460261735920348,-41.85686155085124,Aphaville (Costa do Sol),-1,57.34195114821921,30.0,27.34195114821921,53.50080988887759,validar_visualmente,
8aa8b1b52b27fff,-22.400698354865924,-41.86040133932753,Cancela Preta,4,57.33097416957921,30.0,27.330974169579207,53.49484146342899,validar_visualmente,
8aa8b1b56147fff,-22.41840812314541,-41.85420139938745,Cancela Preta,13,57.285831319237104,30.0,27.285831319237104,53.47031647824511,validar_visualmente,
8aa8b1b72d27fff,-22.459864268809312,-41.86782492068912,Aphaville (Costa do Sol),-1,57.2527791691551,30.0,27.252779169155097,53.452380686632594,validar_visualmente,
8aa8b1b0bb87fff,-22.431177289160427,-41.83604534000121,Novo Horizonte,2,57.24452240918245,30.0,27.24452240918245,53.44790287025149,validar_visualmente,
8aa8b1b50897fff,-22.4116730985439,-41.87117085085518,Cancela Preta,-1,53.43752783114423,65.47126049528622,0.0,53.43752783114423,validar_visualmente,
8aa8b1b76677fff,-22.462682487515977,-41.87271360467874,Aphaville (Costa do Sol),-1,57.17796574631122,30.0,27.177965746311223,53.41184763457639,validar_visualmente,
8aa8b1b099b7fff,-22.44899279914405,-41.85091258219046,Aphaville (Costa do Sol),-1,57.16131083451958,30.0,27.161310834519583,53.40283640664054,validar_visualmente,
8aa8b1b548affff,-22.43391248919845,-41.87428519488212,Cancela Preta,-1,57.12558864384949,30.0,27.12558864384949,53.38352375856274,validar_visualmente,
8aa8b1b72daffff,-22.457449300337533,-41.86557827310364,Aphaville (Costa do Sol),-1,53.378636787391464,55.49798188820656,0.0,53.378636787391464,validar_visualmente,
8aa8b1a24b5ffff,-22.419393983307053,-41.81999254628023,Virgem Santa,-1,57.11350011617105,30.0,27.113500116171053,53.376992932211785,validar_visualmente,
8aa8b1b0d65ffff,-22.450099580554742,-41.8513753719356,Aphaville (Costa do Sol),-1,57.10715634142277,30.0,27.107156341422773,53.373566649651906,validar_visualmente,
8aa8b1b72d87fff,-22.457247562952354,-41.86425727709336,Aphaville (Costa do Sol),-1,57.10035928779168,30.0,27.100359287791683,53.369896269859446,validar_visualmente,
8aa8b1b09c47fff,-22.443458665695225,-41.84859865787905,Aphaville (Costa do Sol),-1,57.09452696404297,30.0,27.09452696404297,53.36674743352284,validar_visualmente,
8aa8b1b7668ffff,-22.46097086729009,-41.868287748416506,Aphaville (Costa do Sol),-1,57.07046919385081,30.0,27.070469193850812,53.353764586165916,validar_visualmente,
8aa8b1b520f7fff,-22.392842079288968,-41.84969959135854,Cancela Preta,-1,57.06527820715639,30.0,27.06527820715639,53.35096447954697,validar_visualmente,
8aa8b1b5488ffff,-22.432805570098942,-41.87382237613289,Cancela Preta,-1,57.03391176608541,30.0,27.03391176608541,53.334054147200476,validar_visualmente,
8aa8b1b76607fff,-22.463385702856748,-41.87053441921892,Aphaville (Costa do Sol),-1,57.02852199971951,30.0,27.02852199971951,53.33115000763768,validar_visualmente,
8aa8b1b7679ffff,-22.463887183125994,-41.86703421840157,Aphaville (Costa do Sol),-1,57.017074354198115,30.0,27.017074354198115,53.324983291822456,validar_visualmente,
8aa8b1b50447fff,-22.402613194907982,-41.86614763590318,Cancela Preta,-1,57.003703263263596,30.0,27.003703263263596,53.31778312352216,validar_visualmente,
8aa8b1b766affff,-22.46207745066589,-41.86875057776933,Aphaville (Costa do Sol),-1,56.94346583629123,30.0,26.94346583629123,53.2853819450227,validar_visualmente,
8aa8b1b56d97fff,-22.424639790629172,-41.840731619659564,Novo Horizonte,-1,56.90685929350183,30.0,26.90685929350183,53.265720397813105,validar_visualmente,
8aa8b1b5040ffff,-22.403316804373624,-41.86396864965555,Cancela Preta,-1,56.89407027645187,30.0,26.89407027645187,53.25885649602459,validar_visualmente,
8aa8b1b09ce7fff,-22.443054841812653,-41.845956739955724,Aphaville (Costa do Sol),-1,56.79111182012206,30.0,26.79111182012206,53.20369561934475,validar_visualmente,
8aa8b1b0d05ffff,-22.457846627735442,-41.854614945718694,Aphaville (Costa do Sol),-1,56.78593086332198,30.0,26.78593086332198,53.200924457604145,validar_visualmente,
8aa8b1b0d2b7fff,-22.453621673509193,-41.85408473392103,Aphaville (Costa do Sol),-1,56.76281607937739,30.0,26.762816079377387,53.18856630823131,validar_visualmente,
8aa8b1b09997fff,-22.44788600263936,-41.850449794072865,Aphaville (Costa do Sol),-1,56.75758770724468,30.0,26.75758770724468,53.18577221249518,validar_visualmente,
8aa8b1b0dab7fff,-22.461368360136856,-41.85732435936728,Aphaville (Costa do Sol),-1,56.735514718668,30.0,26.735514718668,53.17398112613758,validar_visualmente,
8aa8b1b0baaffff,-22.428260138370504,-41.83729894352247,Novo Horizonte,-1,56.72751027047869,30.0,26.72751027047869,53.169707237134716,validar_visualmente,
8aa8b1b0da77fff,-22.461270578216592,-41.86346655580816,Aphaville (Costa do Sol),-1,56.72097011156859,30.0,26.72097011156859,53.166215971248725,validar_visualmente,
8aa8b1b549affff,-22.437031455786222,-41.87435270233707,Cancela Preta,-1,56.69630411704036,30.0,26.696304117040363,53.15305510566728,validar_visualmente,
8aa8b1b5048ffff,-22.401805711288745,-41.8608641109416,Cancela Preta,4,56.68768612427995,30.0,26.68768612427995,53.14845922254077,validar_visualmente,
8aa8b1b543b7fff,-22.423649631158597,-41.87494079498023,Cancela Preta,-1,56.67361978551848,30.0,26.673619785518483,53.14096042260423,validar_visualmente,
8aa8b1b50467fff,-22.40372051145126,-41.86661041912363,Cancela Preta,-1,56.65679947018324,30.0,26.656799470183238,53.13199775224301,validar_visualmente,
8aa8b1b0d047fff,-22.45895328836756,-41.85507774848239,Aphaville (Costa do Sol),-1,56.61975556774096,30.0,26.61975556774096,53.11227544810977,validar_visualmente,
8aa8b1b0da47fff,-22.460365711083888,-41.86432473793368,Aphaville (Costa do Sol),-1,56.608038663762784,30.0,26.608038663762784,53.10604204645574,validar_visualmente,
8aa8b1b0d6effff,-22.44989771144857,-41.85005439746112,Aphaville (Costa do Sol),-1,56.55019199383398,30.0,26.550191993833977,53.07530087699311,validar_visualmente,
8aa8b1b7662ffff,-22.46358737558739,-41.87185543068206,Aphaville (Costa do Sol),-1,56.540987438023414,30.0,26.540987438023414,53.07041446022043,validar_visualmente,
8aa8b1b0d3a7fff,-22.456941772662947,-41.855473135064514,Aphaville (Costa do Sol),-1,56.51136496774908,30.0,26.51136496774908,53.05469834601816,validar_visualmente,
8aa8b1b50097fff,-22.40392234824412,-41.86793130535203,Cancela Preta,-1,56.490391591643686,30.0,26.490391591643686,53.043579801829274,validar_visualmente,
8aa8b1b7678ffff,-22.464088883207886,-41.86835522937932,Aphaville (Costa do Sol),-1,56.46505684945862,30.0,26.46505684945862,53.030158944355065,validar_visualmente,
8aa8b1b0baa7fff,-22.42916519067738,-41.83644076860218,Novo Horizonte,-1,56.45428126061842,30.0,26.454281260618423,53.02445391192406,validar_visualmente,
8aa8b1b0b36ffff,-22.42353266224267,-41.84026886736122,Novo Horizonte,-1,56.448845727750964,30.0,26.448845727750964,53.02157685558306,validar_visualmente,
8aa8b1b766b7fff,-22.462780617525212,-41.866571390785836,Aphaville (Costa do Sol),-1,56.44307439078942,30.0,26.44307439078942,53.01852259572943,validar_visualmente,
8aa8b1b52b0ffff,-22.39868550306541,-41.86079667323051,Cancela Preta,4,56.43633942497765,30.0,26.436339424977653,53.014959074715755,validar_visualmente,
8aa8b1b0da67fff,-22.461472313111994,-41.86478755980303,Aphaville (Costa do Sol),-1,56.43033554100517,30.0,26.43033554100517,53.01178301281797,validar_visualmente,
8aa8b1b501affff,-22.40744599583654,-41.87064056694793,Cancela Preta,-1,56.42520216919469,30.0,26.42520216919469,53.009067930138734,validar_visualmente,
8aa8b1b0d067fff,-22.460059933899043,-41.855540552873165,Aphaville (Costa do Sol),-1,56.40228808361263,30.0,26.402288083612632,52.996953849234586,validar_visualmente,
8aa8b1b500b7fff,-22.40502964351094,-41.86839409269156,Cancela Preta,-1,56.36712401899864,30.0,26.367124018998638,52.978380599952146,validar_visualmente,
8aa8b1a24a67fff,-22.41848891857343,-41.820850729774854,Novo Horizonte,-1,56.34099882393166,30.0,26.340998823931663,52.96459498500741,validar_visualmente,
8aa8b1b56507fff,-22.418602874117788,-41.841917842147396,Cancela Preta,-1,56.33514763634917,30.0,26.33514763634917,52.96150902769048,validar_visualmente,
8aa8b1b0d387fff,-22.45583508804365,-41.85501033305627,Aphaville (Costa do Sol),-1,56.32850555322304,30.0,26.32850555322304,52.958006642732634,validar_visualmente,
8aa8b1b5466ffff,-22.41831601077381,-41.873947667513264,Cancela Preta,-1,52.93964992344486,63.8586348308518,0.0,52.93964992344486,validar_visualmente,
8aa8b1b0b35ffff,-22.422223494585054,-41.83848520477496,Novo Horizonte,-1,56.287264241581816,30.0,26.287264241581816,52.93627659297419,validar_visualmente,
8aa8b1b54647fff,-22.41811425466956,-41.872626748879554,Cancela Preta,-1,52.93071348203458,59.24072699277777,0.0,52.93071348203458,validar_visualmente,
8aa8b1b0d6cffff,-22.448790923829154,-41.84959161021634,Aphaville (Costa do Sol),-1,56.265019181446895,30.0,26.265019181446895,52.92456754421752,validar_visualmente,
8aa8b1b0da6ffff,-22.46056744100764,-41.86564574043145,Aphaville (Costa do Sol),-1,56.231343855802464,30.0,26.231343855802464,52.90685785110273,validar_visualmente,
8aa8b1b76697fff,-22.46167403681884,-41.86610856479578,Aphaville (Costa do Sol),-1,56.204342417813194,30.0,26.204342417813194,52.892671743851096,validar_visualmente,
8aa8b1b76637fff,-22.46429057209965,-41.86967624135116,Aphaville (Costa do Sol),-1,56.19880186320657,30.0,26.19880186320657,52.889762351139176,validar_visualmente,
8aa8b1a2198ffff,-22.39293129813695,-41.82995415605666,Cancela Preta,26,56.18690897478926,30.0,26.18690897478926,52.88351904588325,validar_visualmente,
8aa8b1b09967fff,-22.449097056970835,-41.85837563214003,Aphaville (Costa do Sol),-1,52.87147775429091,72.6220559082955,0.0,52.87147775429091,validar_visualmente,
8aa8b1b766a7fff,-22.462982323825393,-41.86789239926941,Aphaville (Costa do Sol),-1,56.1467525531284,30.0,26.1467525531284,52.8624561653834,validar_visualmente,
8aa8b1b0d647fff,-22.45120634687068,-41.851838163308244,Aphaville (Costa do Sol),-1,56.13763983486908,30.0,26.137639834869077,52.857680157410336,validar_visualmente,
8aa8b1b09d67fff,-22.447684121116165,-41.84912882459927,Aphaville (Costa do Sol),-1,56.09401285201694,30.0,26.094012852016938,52.83483462130609,validar_visualmente,
8aa8b1b094b7fff,-22.436712363085956,-41.83835910780472,Novo Horizonte,2,56.06818621960866,30.0,26.068186219608663,52.82132558682092,validar_visualmente,
8aa8b1b5476ffff,-22.421435525814445,-41.87401517166627,Cancela Preta,-1,56.04825018952352,30.0,26.04825018952352,52.8109054896952,validar_visualmente,
8aa8b1a211affff,-22.386285754618825,-41.82717792014648,São Marcos,-1,52.801617755821,70.51027597070414,0.0,52.801617755821,validar_visualmente,
8aa8b1a24a77fff,-22.418286731855304,-41.819529834857136,Virgem Santa,15,56.019181088438465,30.0,26.019181088438465,52.79572388780434,validar_visualmente,
8aa8b1b09c77fff,-22.444363622423108,-41.84774047751486,Aphaville (Costa do Sol),-1,55.993084809297365,30.0,25.993084809297365,52.78210715212304,validar_visualmente,
8aa8b1b0d14ffff,-22.461166564329154,-41.85600335889097,Aphaville (Costa do Sol),-1,55.98047545716632,30.0,25.98047545716632,52.775531907655576,validar_visualmente,
8aa8b1b50477fff,-22.403518663494353,-41.865289533891,Cancela Preta,-1,55.954189030266264,30.0,25.954189030266264,52.76183339070249,validar_visualmente,
8aa8b1b0da4ffff,-22.45946083009234,-41.865182917692906,Aphaville (Costa do Sol),-1,55.948430189515285,30.0,25.948430189515285,52.75883389376612,validar_visualmente,
8aa8b1b54397fff,-22.422542586028925,-41.87447798251101,Cancela Preta,-1,55.940847289121386,30.0,25.940847289121386,52.754885200408076,validar_visualmente,
8aa8b1b0d39ffff,-22.454728388325478,-41.85454753267509,Aphaville (Costa do Sol),-1,55.934150148935124,30.0,25.934150148935124,52.75139857419894,validar_visualmente,
8aa8b1b7669ffff,-22.46076915974313,-41.8669667439262,Aphaville (Costa do Sol),-1,55.914728499603264,30.0,25.914728499603264,52.741291737063015,validar_visualmente,
8aa8b1b76687fff,-22.461875749336897,-41.86742957078501,Aphaville (Costa do Sol),-1,55.90943501947374,30.0,25.90943501947374,52.7385381838598,validar_visualmente,
8aa8b1b0d667fff,-22.45231309809114,-41.85230095630833,Aphaville (Costa do Sol),-1,55.90085711823437,30.0,25.90085711823437,52.734077167569055,validar_visualmente,
8aa8b1b0b347fff,-22.423330644246914,-41.83894795294031,Novo Horizonte,-1,55.875845049011716,30.0,25.875845049011716,52.72107662777834,validar_visualmente,
8aa8b1b09507fff,-22.440437164559263,-41.84238928779071,Novo Horizonte,-1,55.859723344201484,30.0,25.859723344201484,52.71270273969839,validar_visualmente,
8aa8b1b76627fff,-22.46449224980104,-41.870997254315704,Aphaville (Costa do Sol),-1,55.819819511942434,30.0,25.819819511942434,52.691995257316904,validar_visualmente,
8aa8b1b09d5ffff,-22.44547047041241,-41.848203258248475,Aphaville (Costa do Sol),-1,55.80806031816643,30.0,25.808060318166433,52.685898240652435,validar_visualmente,
8aa8b1a22b0ffff,-22.388778976257626,-41.79607513861413,Visconde de Araújo,-1,52.674304949330605,77.85838943967666,0.0,52.674304949330605,validar_visualmente,
8aa8b1b5650ffff,-22.41769768438524,-41.842775995601386,Cancela Preta,-1,55.75164406490914,30.0,25.751644064909136,52.656680233055454,validar_visualmente,
8aa8b1b0badffff,-22.4253428815722,-41.83855253575295,Novo Horizonte,-1,55.746156761103684,30.0,25.746156761103684,52.65384129311809,validar_visualmente,
8aa8b1a24b97fff,-22.420395197653058,-41.812992581294935,Virgem Santa,15,55.73867736665527,30.0,25.738677366655267,52.64997255460585,validar_visualmente,
8aa8b1b56537fff,-22.419508050004815,-41.841059686337374,Novo Horizonte,-1,55.71411380724663,30.0,25.714113807246633,52.63727380202874,validar_visualmente,
8aa8b1b0b22ffff,-22.422021459222634,-41.837164293884044,Novo Horizonte,-1,55.701806600131306,30.0,25.701806600131306,52.6309152153708,validar_visualmente,
8aa8b1b0d0effff,-22.457644802102546,-41.853293953746274,Aphaville (Costa do Sol),-1,55.66408239129766,30.0,25.66408239129766,52.611441182835115,validar_visualmente,
8aa8b1b50117fff,-22.4085532396748,-41.87110336165547,Cancela Preta,-1,55.657234753563536,30.0,25.657234753563536,52.60790894069534,validar_visualmente,
8aa8b1b0d057fff,-22.458751468946865,-41.85375675401091,Aphaville (Costa do Sol),-1,55.651544988080715,30.0,25.651544988080715,52.604974588665314,validar_visualmente,
8aa8b1b504f7fff,-22.402007598937946,-41.86218499068269,Cancela Preta,4,55.636566068046214,30.0,25.636566068046214,52.597252285909256,validar_visualmente,
8aa8b1b52577fff,-22.396059851318846,-41.843625412606805,Cancela Preta,-1,52.578610141202084,79.722022346096,0.0,52.578610141202084,validar_visualmente,
8aa8b1a26b8ffff,-22.409108422256338,-41.79344060036611,Cavaleiros,12,55.58503949384167,30.0,25.58503949384167,52.57071790046018,validar_visualmente,
8aa8b1b0d74ffff,-22.45341983421538,-41.85276375093582,Aphaville (Costa do Sol),-1,55.5610016123026,30.0,25.561001612302597,52.55835508815971,validar_visualmente,
8aa8b1b0d077fff,-22.45985812069098,-41.8542195559028,Aphaville (Costa do Sol),-1,55.5334599003596,30.0,25.533459900359603,52.544202661415035,validar_visualmente,
8aa8b1b72d37fff,-22.459662555044826,-41.866503918692985,Aphaville (Costa do Sol),-1,55.518492792609706,30.0,25.518492792609706,52.536517320099605,validar_visualmente,
8aa8b1b0b367fff,-22.424437778832154,-41.839410702734554,Novo Horizonte,-1,55.49773306991296,30.0,25.49773306991296,52.52586407682064,validar_visualmente,
8aa8b1b09cf7fff,-22.442852913103867,-41.84463578252012,Aphaville (Costa do Sol),-1,55.482351478305326,30.0,25.482351478305326,52.51797560080722,validar_visualmente,
8aa8b1b0d16ffff,-22.462273179657167,-41.85646616653577,Aphaville (Costa do Sol),-1,55.46770795741494,30.0,25.467707957414937,52.510469507101064,validar_visualmente,
8aa8b1a24a6ffff,-22.41758383998671,-41.821708910922844,Novo Horizonte,-1,55.43677345995742,30.0,25.436773459957422,52.4946252500416,validar_visualmente,
8aa8b1b76787fff,-22.464993733620478,-41.867497047642935,Aphaville (Costa do Sol),-1,55.420199585811226,30.0,25.420199585811226,52.48614325274873,validar_visualmente,
8aa8b1b76757fff,-22.464693916311788,-41.87231826827154,Aphaville (Costa do Sol),-1,55.399535516183775,30.0,25.399535516183775,52.47557480105842,validar_visualmente,
8aa8b1b09d47fff,-22.44657730331034,-41.84866604060997,Aphaville (Costa do Sol),-1,55.38544835831002,30.0,25.385448358310022,52.46837436977636,validar_visualmente,
8aa8b1b09c2ffff,-22.445268565294352,-41.846882294791875,Aphaville (Costa do Sol),-1,55.37867842464749,30.0,25.37867842464749,52.46491527013336,validar_visualmente,
8aa8b1b09c0ffff,-22.444161711098594,-41.846419516559756,Aphaville (Costa do Sol),-1,55.37286284033397,30.0,25.372862840333973,52.46194444200601,validar_visualmente,
8aa8b1b09c67fff,-22.44456552256859,-41.84906143948592,Aphaville (Costa do Sol),-1,55.32840034374533,30.0,25.32840034374533,52.43925102225351,validar_visualmente,
8aa8b1b0b357fff,-22.42312861508226,-41.83762703954463,Novo Horizonte,-1,55.274165441896,30.0,25.274165441896002,52.41161723348921,validar_visualmente,
8aa8b1b767affff,-22.46519542748363,-41.86881806111468,Aphaville (Costa do Sol),-1,55.247922154436544,30.0,25.247922154436544,52.39826449323066,validar_visualmente,
8aa8b1b54027fff,-22.428579481493788,-41.87329205697833,Cancela Preta,-1,55.23902286003886,30.0,25.239022860038858,52.39373926044669,validar_visualmente,
8aa8b1b0d76ffff,-22.45452655524267,-41.85322654719066,Aphaville (Costa do Sol),-1,55.23305090000429,30.0,25.233050900004287,52.39070334827568,validar_visualmente,
8aa8b1b0d15ffff,-22.46096475733417,-41.85468235942187,Aphaville (Costa do Sol),-1,55.19766476169933,30.0,25.19766476169933,52.372727447337134,validar_visualmente,
8aa8b1b0b26ffff,-22.42041321204556,-41.84020152817171,Novo Horizonte,-1,55.16648080283375,30.0,25.166480802833753,52.356904737270206,validar_visualmente,
8aa8b1b520c7fff,-22.391936584412825,-41.85055769983444,Cancela Preta,-1,55.16129949446034,30.0,25.161299494460337,52.35427742911976,validar_visualmente,
8aa8b1b0d3b7fff,-22.45673995200343,-41.854152144582145,Aphaville (Costa do Sol),-1,55.155262927790524,30.0,25.155262927790524,52.351217046689484,validar_visualmente,
8aa8b1b0bb9ffff,-22.430070229131328,-41.835582591328226,Novo Horizonte,-1,55.14429118430099,30.0,25.14429118430099,52.345656326283894,validar_visualmente,
8aa8b1b09d4ffff,-22.445672364350894,-41.84952422272054,Aphaville (Costa do Sol),-1,55.09709143177186,30.0,25.097091431771858,52.32175903255599,validar_visualmente,
8aa8b1b7671ffff,-22.465397110156132,-41.87013907558004,Aphaville (Costa do Sol),-1,55.08131846581972,30.0,25.08131846581972,52.313782062906874,validar_visualmente,
8aa8b1a25d07fff,-22.41577364125707,-41.823425266177395,Novo Horizonte,-1,55.057831793945724,30.0,25.057831793945724,52.301912265798656,validar_visualmente,
8aa8b1b56027fff,-22.41800427956846,-41.85155958013327,Cancela Preta,13,55.038499223254256,30.0,25.038499223254256,52.29214932580351,validar_visualmente,
8aa8b1b09d6ffff,-22.446779191041394,-41.84998700758288,Aphaville (Costa do Sol),-1,55.03167777461212,30.0,25.03167777461212,52.2887061018858,validar_visualmente,
8aa8b1b504e7fff,-22.402209475424392,-41.863505871424266,Cancela Preta,-1,54.98607942226088,30.0,24.98607942226088,52.2657112083513,validar_visualmente,
8aa8b1b09d57fff,-22.446375404399177,-41.847345074652026,Aphaville (Costa do Sol),-1,54.951385428816565,30.0,24.951385428816565,52.248240427005534,validar_visualmente,
8aa8b1b5045ffff,-22.40150586329317,-41.86568485430814,Cancela Preta,-1,54.89171896090485,30.0,24.891718960904853,52.218245227432135,validar_visualmente,
8aa8b1b0d397fff,-22.455633261172263,-41.85368934507278,Aphaville (Costa do Sol),-1,54.86580041190171,30.0,24.86580041190171,52.20523570198843,validar_visualmente,
8aa8b1b095affff,-22.439128267924126,-41.84060557319165,Novo Horizonte,-1,54.83376865914978,30.0,24.833768659149783,52.189174582899,validar_visualmente,
8aa8b1b548d7fff,-22.43190035596138,-41.87468050607906,Cancela Preta,-1,54.82521518640344,30.0,24.82521518640344,52.18488892229418,validar_visualmente,
8aa8b1b7670ffff,-22.465598781637723,-41.871460091037626,Aphaville (Costa do Sol),-1,54.8164704886158,30.0,24.8164704886158,52.18050882653684,validar_visualmente,
8aa8b1b0d147fff,-22.462071378875685,-41.8551451645681,Aphaville (Costa do Sol),-1,54.81079449428387,30.0,24.81079449428387,52.177666546401866,validar_visualmente,
8aa8b1b0b377fff,-22.424235755865695,-41.838089786834274,Novo Horizonte,-1,54.78398856027803,30.0,24.783988560278033,52.16425128703389,validar_visualmente,
8aa8b1b56447fff,-22.413874796374042,-41.84488768828845,Cancela Preta,-1,54.74265982205253,30.0,24.74265982205253,52.14359366187557,validar_visualmente,
8aa8b1b0d777fff,-22.455229573875883,-41.8510473721362,Aphaville (Costa do Sol),-1,54.696166650021425,30.0,24.696166650021425,52.12039200017972,validar_visualmente,
8aa8b1b09d77fff,-22.447482228412333,-41.847807856140165,Aphaville (Costa do Sol),-1,54.684555467908936,30.0,24.684555467908936,52.11460380907648,validar_visualmente,
8aa8b1b0d657fff,-22.451004483973676,-41.850517186333576,Aphaville (Costa do Sol),-1,54.67778304318617,30.0,24.677783043186167,52.111228887456306,validar_visualmente,
8aa8b1b0d0dffff,-22.456336277129196,-41.851510166646314,Aphaville (Costa do Sol),-1,54.67116633466655,30.0,24.67116633466655,52.10793237726078,validar_visualmente,
8aa8b1a24a47fff,-22.417381658242583,-41.820388017471615,Novo Horizonte,-1,54.66559702255409,30.0,24.66559702255409,52.10515831338067,validar_visualmente,
8aa8b1b0d757fff,-22.454122855525014,-41.85058457925365,Aphaville (Costa do Sol),-1,54.64475718808737,30.0,24.644757188087368,52.094783086033935,validar_visualmente,
8aa8b1b5411ffff,-22.42948472226073,-41.87243392963318,Cancela Preta,-1,54.6384528248138,30.0,24.638452824813797,52.09164599646931,validar_visualmente,
8aa8b1b54127fff,-22.43169863590899,-41.87335955900829,Cancela Preta,-1,54.62385660763541,30.0,24.62385660763541,52.08438563572179,validar_visualmente,
8aa8b1b09a87fff,-22.438634196893332,-41.85771054819847,Novo Horizonte,-1,52.08029973702726,58.61221756535484,0.0,52.08029973702726,validar_visualmente,
8aa8b1b0b267fff,-22.421318360239226,-41.839343367650784,Novo Horizonte,-1,54.610346813900925,30.0,24.610346813900925,52.07766917154211,validar_visualmente,
8aa8b1b0d62ffff,-22.45301612207733,-41.85012178799872,Aphaville (Costa do Sol),-1,54.572272639700394,30.0,24.572272639700394,52.058758494950915,validar_visualmente,
8aa8b1b0d6dffff,-22.448589037333093,-41.84827063925623,Aphaville (Costa do Sol),-1,54.53407385556716,30.0,24.534073855567158,52.039812817463385,validar_visualmente,
8aa8b1b0d6c7fff,-22.449695831160703,-41.84873342400016,Aphaville (Costa do Sol),-1,54.51887240028096,30.0,24.518872400280962,52.03228076623003,validar_visualmente,
8aa8b1b0d677fff,-22.452111241403728,-41.85097997683363,Aphaville (Costa do Sol),-1,54.507047618833404,30.0,24.507047618833404,52.026424754969405,validar_visualmente,
8aa8b1b0d6e7fff,-22.45080260989444,-41.84919621037192,Aphaville (Costa do Sol),-1,54.48787153701621,30.0,24.48787153701621,52.016933650976355,validar_visualmente,
8aa8b1b0d60ffff,-22.45190937353356,-41.84965899837147,Aphaville (Costa do Sol),-1,54.48205004853855,30.0,24.482050048538547,52.01405368393106,validar_visualmente,
8aa8b1b542b7fff,-22.420530194199994,-41.874873286062794,Cancela Preta,-1,54.41784491232229,30.0,24.417844912322288,51.9823323045884,validar_visualmente,
8aa8b1b0d75ffff,-22.453217983738007,-41.85144276896125,Aphaville (Costa do Sol),-1,54.36908766544557,30.0,24.36908766544557,51.958294407888836,validar_visualmente,
8aa8b1b546f7fff,-22.41750891933186,-41.86866399892055,Cancela Preta,-1,54.317703392215776,30.0,24.317703392215776,51.93300938497547,validar_visualmente,
8aa8b1b0d167fff,-22.4631779853148,-41.85560797134141,Aphaville (Costa do Sol),-1,54.30308315015694,30.0,24.303083150156937,51.92582412514456,validar_visualmente,
8aa8b1b5602ffff,-22.417099032343547,-41.852417719961366,Cancela Preta,-1,54.29349772732446,30.0,24.293497727324457,51.921115449309795,validar_visualmente,
8aa8b1b0d747fff,-22.45432471097576,-41.851905562716375,Aphaville (Costa do Sol),-1,54.288390832352995,30.0,24.288390832352995,51.918607477236115,validar_visualmente,
8aa8b1b546e7fff,-22.417710708948334,-41.86998491458179,Cancela Preta,-1,54.278282593493145,30.0,24.278282593493145,51.91364481071664,validar_visualmente,
8aa8b1a24b87fff,-22.420597432789833,-41.81431347745866,Virgem Santa,-1,54.262241452973626,30.0,24.262241452973626,51.90577330559669,validar_visualmente,
8aa8b1b0959ffff,-22.437819332621906,-41.83882186625276,Novo Horizonte,-1,54.1445447263697,30.0,24.144544726369702,51.848166717847334,validar_visualmente,
8aa8b1b0d767fff,-22.45543142311626,-41.85236835809896,Aphaville (Costa do Sol),-1,54.13183290250265,30.0,24.13183290250265,51.84196055884239,validar_visualmente,
8aa8b1b09c07fff,-22.445066648996985,-41.84556133235213,Aphaville (Costa do Sol),-1,54.11827172042629,30.0,24.118271720426293,51.83534309604162,validar_visualmente,
8aa8b1b09c1ffff,-22.4439597885953,-41.845098556622006,Aphaville (Costa do Sol),-1,54.081365829847016,30.0,24.081365829847016,51.81735172782453,validar_visualmente,
8aa8b1b0d0cffff,-22.456538120158765,-41.852831155108944,Aphaville (Costa do Sol),-1,53.99755300691432,30.0,23.997553006914323,51.77658958303337,validar_visualmente,
8aa8b1b09c27fff,-22.446173494308173,-41.84602410971046,Aphaville (Costa do Sol),-1,53.88611225039064,30.0,23.88611225039064,51.72259807868726,validar_visualmente,
8aa8b1b52b2ffff,-22.39979288342524,-41.861259444088574,Cancela Preta,-1,53.779362357151285,30.0,23.779362357151285,51.67110250160352,validar_visualmente,
8aa8b1a2189ffff,-22.389608594125505,-41.828566030766474,São Marcos,-1,51.643588002654404,64.71222081785912,0.0,51.643588002654404,validar_visualmente,
8aa8b1b09d0ffff,-22.447280324528123,-41.84648688869694,Aphaville (Costa do Sol),-1,53.62900511511511,30.0,23.629005115115113,51.59894408340732,validar_visualmente,
8aa8b1b09d2ffff,-22.448387139656106,-41.8469496693115,Aphaville (Costa do Sol),-1,53.55344173240222,30.0,23.55344173240222,51.562846011127284,validar_visualmente,
8aa8b1b50457fff,-22.40241134074783,-41.86482675316489,Cancela Preta,-1,53.52732442985896,30.0,23.527324429858957,51.55039518815116,validar_visualmente,
8aa8b1b0d6f7fff,-22.45060072463322,-41.847875235424695,Aphaville (Costa do Sol),-1,53.486926745292216,30.0,23.486926745292216,51.53116280961285,validar_visualmente,
8aa8b1a25d37fff,-22.41667874754767,-41.82256708972381,Novo Horizonte,-1,53.46974147478435,30.0,23.46974147478435,51.52299100671599,validar_visualmente,
8aa8b1b09527fff,-22.44154407643211,-41.84285205613298,Aphaville (Costa do Sol),-1,53.44640072311155,30.0,23.44640072311155,51.51190148098322,validar_visualmente,
8aa8b1b0d6d7fff,-22.449493939691386,-41.8474124515541,Aphaville (Costa do Sol),-1,53.41224858590762,30.0,23.41224858590762,51.49569460648505,validar_visualmente,
8aa8b1b504d7fff,-22.400900248716336,-41.86172221657266,Cancela Preta,-1,53.357370414625905,30.0,23.357370414625905,51.46970032038962,validar_visualmente,
8aa8b1b507b7fff,-22.40039851660758,-41.86522207433859,Cancela Preta,-1,53.274979718820006,30.0,23.274979718820006,51.43078583863177,validar_visualmente,
8aa8b1b54657fff,-22.417912487394318,-41.87130583123526,Cancela Preta,-1,53.19829823836363,30.0,23.198298238363627,51.39468890633211,validar_visualmente,
8aa8b1b0bbb7fff,-22.432082304879316,-41.83518715949755,Novo Horizonte,-1,53.11894019423025,30.0,23.118940194230248,51.35745539267408,validar_visualmente,
8aa8b1a2614ffff,-22.407596086223716,-41.79033622575025,Cavaleiros,-1,53.093590695274784,30.0,23.093590695274784,51.34558835369454,validar_visualmente,
8aa8b1b50d47fff,-22.413483889892326,-41.86945463356885,Cancela Preta,-1,53.07822269280344,30.0,23.078222692803443,51.33840029297347,validar_visualmente,
8aa8b1b54157fff,-22.42878120900813,-41.874612997562636,Cancela Preta,-1,52.90840109555972,30.0,22.908401095559718,51.259286190174414,validar_visualmente,
8aa8b1b50d4ffff,-22.412578501134156,-41.870312743396326,Cancela Preta,-1,52.85701135429154,30.0,22.857011354291537,51.235460335179916,validar_visualmente,
8aa8b1a24baffff,-22.420799656762068,-41.81563437467378,Virgem Santa,-1,52.80959308435955,30.0,22.80959308435955,51.21352336278183,validar_visualmente,
8aa8b1a2529ffff,-22.39736135934735,-41.831805012594785,Cancela Preta,-1,52.78637529644129,30.0,22.786375296441292,51.20279888256932,validar_visualmente,
8aa8b1b0b85ffff,-22.433189340946427,-41.83564990892353,Novo Horizonte,-1,52.756601170039254,30.0,22.756601170039254,51.18906207034186,validar_visualmente,
8aa8b1b5410ffff,-22.429686454738558,-41.87375487172064,Cancela Preta,-1,52.600081447940575,30.0,22.600081447940575,51.117147557136285,validar_visualmente,
8aa8b1b0b207fff,-22.421819412692116,-41.83584338402023,Novo Horizonte,-1,52.58920094360011,30.0,22.58920094360011,51.112167124597846,validar_visualmente,
8aa8b1b56517fff,-22.418400858635124,-41.84059693717487,Cancela Preta,-1,52.5720729265851,30.0,22.5720729265851,51.1043319093095,validar_visualmente,
8aa8b1b0b847fff,-22.434296361932155,-41.83611265997888,Novo Horizonte,-1,52.53399861376046,30.0,22.53399861376046,51.08693651266805,validar_visualmente,
8aa8b1b0bb97fff,-22.430975253731557,-41.83472441170099,Novo Horizonte,-1,52.4723951637285,30.0,22.4723951637285,51.0588546786712,validar_visualmente,
8aa8b1b0bad7fff,-22.426247970462054,-41.83769436641678,Novo Horizonte,-1,52.45423677402924,30.0,22.45423677402924,51.050592230728384,validar_visualmente,
8aa8b1b56547fff,-22.416994475186296,-41.844955049728995,Cancela Preta,-1,52.44203368112239,30.0,22.44203368112239,51.04504341794647,validar_visualmente,
8aa8b1b09d07fff,-22.448185230798472,-41.84562870038357,Aphaville (Costa do Sol),-1,52.40795853379757,30.0,22.40795853379757,51.02956567067277,validar_visualmente,
8aa8b1b54107fff,-22.430591686629345,-41.87289674350838,Cancela Preta,-1,52.34848623565114,30.0,22.348486235651137,51.00260993366264,validar_visualmente,
8aa8b1b09c8ffff,-22.44265097321709,-41.843314826103764,Aphaville (Costa do Sol),-1,52.342396813385236,30.0,22.342396813385236,50.99985408168544,validar_visualmente,
8aa8b1b0b867fff,-22.435403367835747,-41.83657541266354,Novo Horizonte,-1,52.31107267590723,30.0,22.311072675907234,50.985690175977176,validar_visualmente,
8aa8b1b09c17fff,-22.444864721520567,-41.84424037093066,Aphaville (Costa do Sol),-1,52.305064962733994,30.0,22.305064962733994,50.98297600382937,validar_visualmente,
8aa8b1b09d1ffff,-22.447078409463792,-41.845165922271,Aphaville (Costa do Sol),-1,52.283003120162086,30.0,22.283003120162086,50.97301537046355,validar_visualmente,
8aa8b1b09c37fff,-22.44597157303758,-41.84470314578668,Aphaville (Costa do Sol),-1,52.18838552762761,30.0,22.18838552762761,50.93041279739104,validar_visualmente,
8aa8b1b09caffff,-22.443757854913493,-41.84377759770301,Aphaville (Costa do Sol),-1,52.14141707013521,30.0,22.141417070135212,50.90933486535654,validar_visualmente,
8aa8b1b0b227fff,-22.422926574748963,-41.836306127175575,Novo Horizonte,-1,52.10647470893305,30.0,22.10647470893305,50.89368413691691,validar_visualmente,
8aa8b1b504c7fff,-22.401102131404514,-41.863043094818735,Cancela Preta,-1,51.98905695169048,30.0,21.98905695169048,50.84128255358661,validar_visualmente,
8aa8b1a24b1ffff,-22.4210018695695,-41.81695527293887,Virgem Santa,-1,51.97923581125643,30.0,21.97923581125643,50.836912854580056,validar_visualmente,
8aa8b1b5651ffff,-22.417495673871578,-41.84145509210995,Cancela Preta,-1,51.92717046785831,30.0,21.92717046785831,50.81378197557496,validar_visualmente,
8aa8b1b56037fff,-22.417802341027485,-41.850238672023195,Cancela Preta,-1,51.921859041252304,30.0,21.921859041252304,50.81142554942064,validar_visualmente,
8aa8b1a25277fff,-22.39927727795476,-41.8375511765129,Cancela Preta,-1,51.84791979023198,30.0,21.847919790231977,50.77868511444844,validar_visualmente,
8aa8b1b09517fff,-22.440235201087205,-41.84106833740174,Novo Horizonte,-1,51.796838792583166,30.0,21.796838792583166,50.75613505401421,validar_visualmente,
8aa8b1a25287fff,-22.398468837001296,-41.83226773080359,Cancela Preta,-1,51.735403156205685,30.0,21.735403156205685,50.729088495257194,validar_visualmente,
8aa8b1b564effff,-22.41256553754834,-41.84310404234162,Cancela Preta,-1,51.67683056776078,30.0,21.67683056776078,50.703378510424145,validar_visualmente,
8aa8b1b546d7fff,-22.416401780160463,-41.86820120205245,Cancela Preta,-1,50.671893967812885,63.71057164606599,0.0,50.671893967812885,validar_visualmente,
8aa8b1b09587fff,-22.438926287073084,-41.83928462632981,Novo Horizonte,-1,51.553008015907785,30.0,21.553008015907785,50.64927334997215,validar_visualmente,
8aa8b1b0b24ffff,-22.41930602955278,-41.83973877988437,Novo Horizonte,-1,51.541554526648255,30.0,21.541554526648255,50.64428559046324,validar_visualmente,
8aa8b1b0b30ffff,-22.424033721730062,-41.836768871960146,Novo Horizonte,-1,51.47619227447815,30.0,21.47619227447815,50.61587673291271,validar_visualmente,
8aa8b1b5656ffff,-22.417196458397676,-41.84627595377782,Cancela Preta,-1,51.42129738605603,30.0,21.421297386056033,50.59208996132771,validar_visualmente,
8aa8b1b0ba8ffff,-22.427153045500916,-41.83683619472641,Novo Horizonte,-1,51.389923979944896,30.0,21.389923979944896,50.57852524320772,validar_visualmente,
8aa8b1a26a97fff,-22.40669105886893,-41.791194432180454,Glória,-1,51.32722144001378,30.0,21.32722144001378,50.55148018452916,validar_visualmente,
8aa8b1b52b57fff,-22.39778000892835,-41.86165477475717,Cancela Preta,-1,51.29377342967704,30.0,21.29377342967704,50.53708893767874,validar_visualmente,
8aa8b1b09d8ffff,-22.445769640587653,-41.843382182882074,Aphaville (Costa do Sol),-1,51.20667429600506,30.0,21.206674296005062,50.49973073097498,validar_visualmente,
8aa8b1b56557fff,-22.41679248080796,-41.843634146698996,Cancela Preta,-1,51.13825961316736,30.0,21.138259613167357,50.47050539835188,validar_visualmente,
8aa8b1b0b32ffff,-22.425140853634673,-41.8372316183739,Novo Horizonte,-1,51.039886993735806,30.0,21.039886993735806,50.42866679616948,validar_visualmente,
8aa8b1b09ca7fff,-22.444662782865343,-41.842919410528864,Aphaville (Costa do Sol),-1,51.00880599422331,30.0,21.00880599422331,50.415493148787824,validar_visualmente,
8aa8b1b0b277fff,-22.421116329847308,-41.83802245823858,Novo Horizonte,-1,50.94336239957388,30.0,20.94336239957388,50.38782639538871,validar_visualmente,
8aa8b1b09c87fff,-22.44355591005341,-41.84245663980417,Aphaville (Costa do Sol),-1,50.81660458974524,30.0,20.81660458974524,50.3345153614283,validar_visualmente,
8aa8b1a24b0ffff,-22.421204071211882,-41.81827617225257,Virgem Santa,-1,50.78095510367413,30.0,20.78095510367413,50.31958817856624,validar_visualmente,
8aa8b1b5412ffff,-22.430793412894673,-41.87421768808757,Cancela Preta,-1,50.69396793678105,30.0,20.69396793678105,50.283287160531806,validar_visualmente,
8aa8b1b09c9ffff,-22.442449022152584,-41.84199387070805,Aphaville (Costa do Sol),-1,50.58991807934547,30.0,20.589918079345473,50.240094575923166,validar_visualmente,
8aa8b1b0b8effff,-22.43298730674332,-41.834328976640776,Novo Horizonte,-1,50.583387379114264,30.0,20.583387379114264,50.23739193910436,validar_visualmente,
8aa8b1b0ba87fff,-22.428058106688034,-41.83597802068222,Novo Horizonte,-1,50.43114750050761,30.0,20.431147500507613,50.17467058780008,validar_visualmente,
8aa8b1b0b8cffff,-22.431880264477297,-41.83386622972084,Novo Horizonte,-1,50.424545819766806,30.0,20.424545819766806,50.171962987617405,validar_visualmente,
8aa8b1b09537fff,-22.441342119163608,-41.841531103240555,Aphaville (Costa do Sol),-1,50.34502655021617,30.0,20.34502655021617,50.139429349941366,validar_visualmente,
8aa8b1b0b247fff,-22.42021118662377,-41.83888062023881,Novo Horizonte,-1,50.31128814750206,30.0,20.31128814750206,50.12567086818131,validar_visualmente,
8aa8b1b0b94ffff,-22.436510358656484,-41.837038166977464,Novo Horizonte,-1,50.28666690395037,30.0,20.28666690395037,50.11564727493146,validar_visualmente,
8aa8b1b0bab7fff,-22.428963154022615,-41.83511984428459,Novo Horizonte,-1,50.22074171911532,30.0,20.220741719115317,50.088878840416754,validar_visualmente,
8aa8b1b0b96ffff,-22.437617334393614,-41.8375009229206,Novo Horizonte,-1,50.106536155401216,30.0,20.106536155401216,50.042750372003134,validar_visualmente,
8aa8b1b0b857fff,-22.434094333928392,-41.83479172519022,Novo Horizonte,-1,50.03615887260909,30.0,20.036158872609093,50.014479227274315,validar_visualmente,
8aa8b1b504dffff,-22.39999477231472,-41.86258031983901,Cancela Preta,-1,50.02055046700226,30.0,20.02055046700226,50.00822525257915,validar_visualmente,
8aa8b1a201a7fff,-22.398449525451287,-41.805059745127295,Nova Holanda,6,99.98981670061099,30.0,69.98981670061099,52.991344351084564,suspeita_halo,"halo_dominated,inherited_majority"
8aa8b1b7256ffff,-22.44960444522195,-41.868480650989994,Aphaville (Costa do Sol),1,99.79124236252545,30.0,69.79124236252545,52.82262151452301,suspeita_halo,"halo_dominated,inherited_majority"
8aa8b1b7254ffff,-22.4484977054914,-41.868017831167066,Novo Horizonte,1,99.78105906313645,30.0,69.78105906313645,52.81397226413661,suspeita_halo,"halo_dominated,inherited_majority"
8aa8b1a266e7fff,-22.397223180667304,-41.78353076918518,Aroeira,19,99.75050916496944,30.0,69.75050916496944,52.788026392267696,suspeita_halo,"halo_dominated,inherited_majority"
8aa8b1b720b7fff,-22.448699431705595,-41.86933881070267,Novo Horizonte,1,99.67413441955193,30.0,69.67413441955193,52.72317405992791,suspeita_halo,"halo_dominated,inherited_majority"
8aa8b1b72097fff,-22.44759268309216,-41.86887599001149,Novo Horizonte,1,99.63340122199592,30.0,69.63340122199592,52.68859337244564,suspeita_halo,"halo_dominated,inherited_majority"
8aa8b1b7255ffff,-22.44829596809378,-41.866696852625886,Aphaville (Costa do Sol),1,99.62321792260693,30.0,69.62321792260693,52.679948986697696,suspeita_halo,"halo_dominated,inherited_majority"
8aa8b1a20b47fff,-22.398661987513066,-41.819984580110294,São Marcos,11,99.61812627291242,30.0,69.61812627291242,52.67562691180841,suspeita_halo,"halo_dominated,inherited_majority"
8aa8b1a24617fff,-22.40962005439403,-41.80354486002398,Bosque Azul,23,99.48065173116089,30.0,69.48065173116089,52.55896066759246,suspeita_halo,"halo_dominated,inherited_majority"
8aa8b1a2660ffff,-22.39833079398663,-41.78399340070854,Glória,19,99.4602851323829,30.0,69.4602851323829,52.541681671750155,suspeita_halo,"halo_dominated,inherited_majority"
8aa8b1a246f7fff,-22.407607549620806,-41.8039403762142,Bosque Azul,7,99.43991853360488,30.0,69.43991853360488,52.524403940670936,suspeita_halo,"halo_dominated,inherited_majority"
8aa8b1a2014ffff,-22.396340849736223,-41.811596793692814,São Marcos,9,99.42464358452139,30.0,69.42464358452139,52.51144647282989,suspeita_halo,"halo_dominated,inherited_majority"
8aa8b1a246e7fff,-22.40780988627661,-41.80526124153774,Bosque Azul,7,99.41955193482687,30.0,69.41955193482687,52.50712747513211,suspeita_halo,"halo_dominated,inherited_majority"
8aa8b1a246affff,-22.40851263563046,-41.803082185171874,Bosque Azul,7,99.40936863543787,30.0,69.40936863543787,52.49848971718342,suspeita_halo,"halo_dominated,inherited_majority"
8aa8b1a20207fff,-22.389396905942867,-41.81364138905241,São Marcos,16,99.36354378818737,30.0,69.36354378818737,52.45962372669621,suspeita_halo,"halo_dominated,inherited_majority"
8aa8b1a20227fff,-22.390504533101208,-41.814104068985976,São Marcos,16,99.35845213849286,30.0,69.35845213849286,52.45530567954032,suspeita_halo,"halo_dominated,inherited_majority"
8aa8b1a20a27fff,-22.39825750171179,-41.817342874209,São Marcos,11,99.35336048879837,30.0,69.35336048879837,52.450987711675424,suspeita_halo,"halo_dominated,inherited_majority"
8aa8b1a20a97fff,-22.395435593633092,-41.812454957221206,São Marcos,9,99.34826883910387,30.0,69.34826883910387,52.44666982311371,suspeita_halo,"halo_dominated,inherited_majority"
8aa8b1b72cdffff,-22.45141443069843,-41.866764324460796,Aphaville (Costa do Sol),1,99.34317718940936,30.0,69.34317718940936,52.442352013867364,suspeita_halo,"halo_dominated,inherited_majority"
8aa8b1b72087fff,-22.447794404338214,-41.870196968046905,Novo Horizonte,1,99.28716904276985,30.0,69.28716904276985,52.394861350462165,suspeita_halo,"halo_dominated,inherited_majority"
8aa8b1a2461ffff,-22.408714977262342,-41.80440305195049,Bosque Azul,7,99.28207739307535,30.0,69.28207739307535,52.39054449395232,suspeita_halo,"halo_dominated,inherited_majority"
8aa8b1b52d57fff,-22.40270439089283,-41.84640186723635,Cancela Preta,14,99.22097759674133,30.0,69.22097759674133,52.338748418314694,suspeita_halo,"halo_dominated,inherited_majority"
8aa8b1a2630ffff,-22.402868377593485,-41.79330638426862,Glória,17,99.19042769857434,30.0,69.19042769857434,52.31285467870883,suspeita_halo,"halo_dominated,inherited_majority"
8aa8b1b7209ffff,-22.446687646842285,-41.86973414648767,Novo Horizonte,1,99.16496945010182,30.0,69.16496945010182,52.2912787538603,suspeita_halo,"halo_dominated,inherited_majority"
8aa8b1a26a67fff,-22.407905543788445,-41.79911959122134,Glória,12,98.93272419382353,30.0,68.93272419382353,52.09454261359414,suspeita_halo,"halo_dominated,inherited_majority"
8aa8b1a20217fff,-22.389194596850803,-41.81232055777831,São Marcos,29,98.88293227080767,30.0,68.88293227080767,52.05238533569046,suspeita_halo,"halo_dominated,inherited_majority"
8aa8b1a266f7fff,-22.397020644618276,-41.78220993653352,Aroeira,19,98.71521922712633,30.0,68.71521922712633,51.9104445606057,suspeita_halo,"halo_dominated,inherited_majority"
8aa8b1a20237fff,-22.39030223018989,-41.81278323519817,São Marcos,16,98.3343103113933,30.0,68.3343103113933,51.58839604454157,suspeita_halo,"halo_dominated,inherited_majority"
8aa8b1a26a47fff,-22.406798091423894,-41.798656925557765,Glória,12,98.28172539131023,30.0,68.28172539131023,51.54397271173248,suspeita_halo,"halo_dominated,inherited_majority"
8aa8b1a204effff,-22.391399175825313,-41.799642092346524,Visconde de Araújo,10,98.24050123145477,30.0,68.24050123145477,51.509152970781685,suspeita_halo,"halo_dominated,inherited_majority"
8aa8b1a24697fff,-22.408107918893258,-41.800440454805894,Bosque Azul,7,98.10722417492612,30.0,68.10722417492612,51.39661812745999,suspeita_halo,"halo_dominated,inherited_majority"
8aa8b1a246a7fff,-22.409417707785707,-41.80222399179088,Bosque Azul,23,97.84881996061745,30.0,67.84881996061745,51.178590933877274,suspeita_halo,"halo_dominated,inherited_majority"
8aa8b1a246b7fff,-22.409215350019203,-41.800903124621975,Bosque Azul,7,97.83932992070731,30.0,67.83932992070731,51.170587822980934,suspeita_halo,"halo_dominated,inherited_majority"
8aa8b1a20147fff,-22.397246091994298,-41.81073862782205,Nova Holanda,9,97.53511920938132,30.0,67.53511920938132,50.91419509670257,suspeita_halo,"halo_dominated,inherited_majority"
8aa8b1a2000ffff,-22.39482864378663,-41.808492430791894,Nova Holanda,9,97.4705831468398,30.0,67.4705831468398,50.85984164486524,suspeita_halo,"halo_dominated,inherited_majority"
8aa8b1a20077fff,-22.39503097155521,-41.80981327187938,Nova Holanda,9,97.41807196308517,30.0,67.41807196308517,50.81562572054814,suspeita_halo,"halo_dominated,inherited_majority"
8aa8b1a26aeffff,-22.40548822538154,-41.796873404049904,Glória,12,97.2980263288093,30.0,67.2980263288093,50.71457748197345,suspeita_halo,"halo_dominated,inherited_majority"
8aa8b1b52d07fff,-22.40451510220152,-41.84468560792102,Cancela Preta,14,97.20595820141055,30.0,67.20595820141055,50.63711106234942,suspeita_halo,"halo_dominated,inherited_majority"
8aa8b1a2021ffff,-22.388289263733256,-41.81317871075071,São Marcos,29,97.03484480683066,30.0,67.03484480683066,50.49320930451273,suspeita_halo,"halo_dominated,inherited_majority"
8aa8b1a20017fff,-22.395531541078686,-41.806313421399004,Nova Holanda,6,96.99218308183194,30.0,66.99218308183194,50.457346895440054,suspeita_halo,"halo_dominated,inherited_majority"
8aa8b1a2632ffff,-22.40397589366095,-41.79376903746946,Glória,12,96.88208827998808,30.0,66.88208827998808,50.364826385973345,suspeita_halo,"halo_dominated,inherited_majority"
8aa8b1a266c7fff,-22.396115552299612,-41.78306813929744,Aroeira,19,96.87270711006786,30.0,66.87270711006786,50.35694456712254,suspeita_halo,"halo_dominated,inherited_majority"
8aa8b1a2020ffff,-22.388491567855095,-41.81449954056343,São Marcos,16,96.74267639817677,30.0,66.74267639817677,50.247726039621966,suspeita_halo,"halo_dominated,inherited_majority"
8aa8b1a20057fff,-22.393923388755,-41.80935059635658,Nova Holanda,9,96.54500189157746,30.0,66.54500189157746,50.08179789976998,suspeita_halo,"halo_dominated,inherited_majority"
8aa8b1b7242ffff,-22.448094219513017,-41.86537587508052,Aphaville (Costa do Sol),1,96.48846323011591,30.0,66.48846323011591,50.034363224632784,suspeita_halo,"halo_dominated,inherited_majority"
8aa8b1b52c2ffff,-22.401597005293127,-41.8459391207281,Cancela Preta,14,96.41528558997867,30.0,66.41528558997867,49.97298467079651,suspeita_halo,"halo_dominated,inherited_majority"
8aa8b1b721affff,-22.451114586235,-41.87158544247528,Aphaville (Costa do Sol),1,96.39771807845352,30.0,66.39771807845352,49.95825239296107,suspeita_halo,"halo_dominated,inherited_majority"
8aa8b1a2044ffff,-22.391803978744562,-41.80228375278162,Morro de São Jorge,10,96.3686684347804,30.0,66.3686684347804,49.93389336071323,suspeita_halo,"halo_dominated,inherited_majority"
8aa8b1a26a57fff,-22.406595698982535,-41.797336065560096,Glória,12,96.11699439513264,30.0,66.11699439513264,49.72297551678078,suspeita_halo,"halo_dominated,inherited_majority"
8aa8b1a26b4ffff,-22.409012981094776,-41.79958225851868,Bosque Azul,12,96.01511914364252,30.0,66.01511914364252,49.63765873301635,suspeita_halo,"halo_dominated,inherited_majority"
8aa8b1a208affff,-22.402176742663617,-41.80908947333543,Nova Holanda,20,95.9525325963819,30.0,65.9525325963819,49.58526223270795,suspeita_halo,"halo_dominated,inherited_majority"
8aa8b1a26ac7fff,-22.405285815605396,-41.79555254764168,Glória,12,95.91976750848757,30.0,65.91976750848757,49.557837105218724,suspeita_halo,"halo_dominated,inherited_majority"
8aa8b1a2631ffff,-22.402665933153088,-41.79198553504686,Glória,21,95.88743801561783,30.0,65.88743801561783,49.530780157637366,suspeita_halo,"halo_dominated,inherited_majority"
8aa8b1b52c17fff,-22.401192953429067,-41.84329737852417,Cancela Preta,27,95.77990199783291,30.0,65.77990199783291,49.44080756060889,suspeita_halo,"halo_dominated,inherited_majority"
8aa8b1b541b7fff,-22.429986440776133,-41.86893391571144,Cancela Preta,3,69.96143766404317,30.0,39.961437664043174,49.40182039607111,suspeita_halo,inherited_majority
8aa8b1b094affff,-22.436009366204104,-41.84053823070781,Novo Horizonte,2,69.93462306666002,30.0,39.93462306666002,49.383226551234976,suspeita_halo,inherited_majority
8aa8b1b54d47fff,-22.435319389550177,-41.86992701899385,Novo Horizonte,3,69.85766884475315,30.0,39.85766884475315,49.32989980816386,suspeita_halo,inherited_majority
8aa8b1b5699ffff,-22.425148404097566,-41.85083621946822,Novo Horizonte,-1,69.85168159655487,30.0,39.85168159655487,49.32575302497959,suspeita_halo,inherited_majority
8aa8b1b7261ffff,-22.44045028079556,-41.86959917540547,Novo Horizonte,-1,69.84334633678573,30.0,39.84334633678573,49.31998052849494,suspeita_halo,inherited_majority
8aa8b1b09567fff,-22.439936079566998,-41.845889370860135,Novo Horizonte,2,69.78567408021503,30.0,39.78567408021503,49.28005698573555,suspeita_halo,inherited_majority
8aa8b1b5282ffff,-22.403010835248374,-41.85518525042659,Cancela Preta,4,69.76925099952463,30.0,39.76925099952463,49.2686934976277,suspeita_halo,inherited_majority
8aa8b1a2408ffff,-22.415156922293185,-41.805858258781925,Bosque Azul,23,69.75447637662154,30.0,39.75447637662154,49.25847264922105,suspeita_halo,inherited_majority
8aa8b1a24647fff,-22.4082145261143,-41.80790297536633,Bosque Azul,7,95.50333971251096,30.0,65.50333971251096,49.20959673467769,suspeita_halo,"halo_dominated,inherited_majority"
8aa8b1a26077fff,-22.406286141315064,-41.78855272109247,Glória,21,69.6766425802507,30.0,39.6766425802507,49.20466035568185,suspeita_halo,inherited_majority
8aa8b1b50ca7fff,-22.411569397879205,-41.86370822743537,Cancela Preta,-1,69.67000077040078,30.0,39.670000770400776,49.20007086388746,suspeita_halo,inherited_majority
8aa8b1b54c5ffff,-22.431093408691396,-41.86939672373371,Cancela Preta,3,69.64910357773226,30.0,39.64910357773226,49.185633453180216,suspeita_halo,inherited_majority
8aa8b1a26b77fff,-22.410823063929215,-41.79786585893332,Cavaleiros,12,69.55497345573927,30.0,39.55497345573927,49.120649143251576,suspeita_halo,inherited_majority
8aa8b1b56d6ffff,-22.424946475462235,-41.849515296896016,Novo Horizonte,-1,69.52684338943467,30.0,39.526843389434674,49.101244395937734,suspeita_halo,inherited_majority
8aa8b1b5408ffff,-22.425056713911374,-41.87058269038073,Cancela Preta,8,69.51490810774871,30.0,39.51490810774871,49.093013306060804,suspeita_halo,inherited_majority
8aa8b1b56d07fff,-22.42635285370909,-41.84515713800495,Novo Horizonte,2,69.48898163472256,30.0,39.48898163472256,49.07513766568782,suspeita_halo,inherited_majority
8aa8b1a2662ffff,-22.39943839225684,-41.784456033867514,Glória,19,95.33405747064853,30.0,65.33405747064853,49.06820369076321,suspeita_halo,"halo_dominated,inherited_majority"
8aa8b1a24a17fff,-22.41878737473629,-41.816029860271,Virgem Santa,15,69.47216594319129,30.0,39.472165943191285,49.063546888857765,suspeita_halo,inherited_majority
8aa8b1b56d77fff,-22.425649682063828,-41.84733621960658,Novo Horizonte,2,69.46035476104583,30.0,39.460354761045835,49.05540714971025,suspeita_halo,inherited_majority
8aa8b1b56a6ffff,-22.41690348346207,-41.864701257904215,Cancela Preta,13,69.37359337362614,30.0,39.373593373626136,48.99565339755243,suspeita_halo,inherited_majority
8aa8b1b09057fff,-22.43692170912388,-41.853284905293606,Novo Horizonte,-1,69.29600355159135,30.0,39.296003551591355,48.942273511203666,suspeita_halo,inherited_majority
8aa8b1a200effff,-22.392815790902,-41.8088879224662,Nova Holanda,18,95.0818719918971,30.0,65.0818719918971,48.857749859844745,suspeita_halo,"halo_dominated,inherited_majority"
8aa8b1a20a17fff,-22.396947714115456,-41.81555933398715,São Marcos,9,95.06694305528953,30.0,65.06694305528953,48.84529830468071,suspeita_halo,"halo_dominated,inherited_majority"
8aa8b1a247a7fff,-22.412537553037748,-41.802291143871344,Bosque Azul,23,69.12016407159236,30.0,39.120164071592356,48.821501447561985,suspeita_halo,inherited_majority
8aa8b1a200e7fff,-22.393721054806157,-41.808029757784425,Nova Holanda,18,95.01712578634198,30.0,65.01712578634198,48.80375359250125,suspeita_halo,"halo_dominated,inherited_majority"
8aa8b1a26b5ffff,-22.408810601012686,-41.79826139348238,Glória,12,94.94405281639075,30.0,64.94405281639075,48.74283068087482,suspeita_halo,"halo_dominated,inherited_majority"
8aa8b1b5470ffff,-22.421937325204546,-41.87051520264432,Cancela Preta,8,68.86100583303684,30.0,38.86100583303684,48.64401614277527,suspeita_halo,inherited_majority
8aa8b1b50c97fff,-22.410260310549198,-41.861924545977786,Cancela Preta,-1,68.84014349809694,30.0,38.840143498096936,48.62975525335813,suspeita_halo,inherited_majority
8aa8b1a252b7fff,-22.399374167651615,-41.83140958928491,Cancela Preta,22,68.83075844717911,30.0,38.83075844717911,48.62334120872319,suspeita_halo,inherited_majority
8aa8b1a24317fff,-22.414155954318336,-41.81285817133103,Virgem Santa,15,94.76552131869704,30.0,64.76552131869704,48.59406295627734,suspeita_halo,"halo_dominated,inherited_majority"
8aa8b1b0bb1ffff,-22.43158132650226,-41.83868719968527,Novo Horizonte,2,68.77684834315417,30.0,38.77684834315417,48.58651302153435,suspeita_halo,inherited_majority
8aa8b1a26a77fff,-22.4077031575265,-41.79779872870428,Glória,12,94.73185496886694,30.0,64.73185496886694,48.56602184433841,suspeita_halo,"halo_dominated,inherited_majority"
8aa8b1a2575ffff,-22.398969870293513,-41.82876786967158,Cancela Preta,22,68.70387731540121,30.0,38.703877315401215,48.53670624169163,suspeita_halo,inherited_majority
8aa8b1b50d8ffff,-22.412676609775996,-41.86417101281303,Cancela Preta,13,68.59670160440758,30.0,38.596701604407585,48.463642214036255,suspeita_halo,inherited_majority
8aa8b1b5690ffff,-22.426861183140463,-41.85526177306609,Cancela Preta,-1,68.55905219523018,30.0,38.55905219523018,48.43800110089138,suspeita_halo,inherited_majority
8aa8b1a2639ffff,-22.401153461162686,-41.78888119582956,Glória,21,94.57282065058324,30.0,64.57282065058324,48.433614372090474,suspeita_halo,"halo_dominated,inherited_majority"
8aa8b1a2401ffff,-22.416466549032883,-41.80764182782881,Virgem Santa,23,68.53686211637518,30.0,38.536862116375175,48.42289473708385,suspeita_halo,inherited_majority
8aa8b1a20177fff,-22.39815132040652,-41.80988045960932,Nova Holanda,9,94.54426159646438,30.0,64.54426159646438,48.40984639950963,suspeita_halo,"halo_dominated,inherited_majority"
8aa8b1a26237fff,-22.401558395855606,-41.79152288600199,Glória,21,94.50401478410993,30.0,64.50401478410993,48.376356328822936,suspeita_halo,"halo_dominated,inherited_majority"
8aa8b1a26ae7fff,-22.40639329538485,-41.79601520663182,Glória,12,94.46911760540347,30.0,64.46911760540347,48.347322441247115,suspeita_halo,"halo_dominated,inherited_majority"
8aa8b1b50c87fff,-22.41046217090642,-41.86324544368347,Cancela Preta,-1,68.42394114080655,30.0,38.42394114080655,48.3460925835774,suspeita_halo,inherited_majority
8aa8b1b7244ffff,-22.44537914057328,-41.86795035350512,Novo Horizonte,1,94.41879110731226,30.0,64.41879110731226,48.305459241997085,suspeita_halo,"halo_dominated,inherited_majority"
8aa8b1a2478ffff,-22.410525117670907,-41.802686665758614,Bosque Azul,23,94.41259994630792,30.0,64.41259994630792,48.30030985847054,suspeita_halo,"halo_dominated,inherited_majority"
8aa8b1a2538ffff,-22.400683747125612,-41.833193172109986,Cancela Preta,28,68.31871585816279,30.0,38.31871585816279,48.27463205416048,suspeita_halo,inherited_majority
8aa8b1b52d47fff,-22.402906393888152,-41.84772274236694,Cancela Preta,14,94.36209723508175,30.0,64.36209723508175,48.25831026925256,suspeita_halo,"halo_dominated,inherited_majority"
8aa8b1a247b7fff,-22.4123352026571,-41.80097027021277,Bosque Azul,23,68.26631233435549,30.0,38.26631233435549,48.23908263214577,suspeita_halo,inherited_majority
8aa8b1a244cffff,-22.41213284111718,-41.79964939761975,Bosque Azul,23,68.25256850513877,30.0,38.25256850513877,48.229763398354606,suspeita_halo,inherited_majority
8aa8b1a20047fff,-22.39412571155137,-41.810671435985306,São Marcos,9,94.32341511317772,30.0,64.32341511317772,48.22614719937461,suspeita_halo,"halo_dominated,inherited_majority"
8aa8b1b726cffff,-22.437533171816288,-41.87085264792867,Novo Horizonte,-1,68.22260104385613,30.0,38.22260104385613,48.20944964019948,suspeita_halo,inherited_majority
8aa8b1b54d4ffff,-22.43441422190385,-41.870785157551325,Cancela Preta,3,68.21548778110052,30.0,38.21548778110052,48.20462908598148,suspeita_halo,inherited_majority
8aa8b1a202dffff,-22.385168569465993,-41.81311150790896,São Marcos,29,68.19506059438883,30.0,38.195060594388835,48.1907885389934,suspeita_halo,inherited_majority
8aa8b1a20697fff,-22.38626560927746,-41.799970470741954,Botafogo,18,68.16328747484334,30.0,38.163287474843344,48.169268341796055,suspeita_halo,inherited_majority
8aa8b1b54d67fff,-22.436426288229057,-41.870389832648726,Novo Horizonte,3,68.1559750378086,30.0,38.1559750378086,48.164316920789446,suspeita_halo,inherited_majority
8aa8b1b56247fff,-22.408951184570995,-41.86014087213859,Cancela Preta,-1,68.12365659917914,30.0,38.12365659917914,48.14243942561472,suspeita_halo,inherited_majority
8aa8b1a24607fff,-22.409822389843917,-41.804865729319886,Bosque Azul,23,94.19914117396398,30.0,64.19914117396398,48.122853230211376,suspeita_halo,"halo_dominated,inherited_majority"
8aa8b1a2606ffff,-22.405583569435915,-41.79073178164058,Glória,21,68.06011667949981,30.0,38.060116679499814,48.0994559163632,suspeita_halo,inherited_majority
8aa8b1a2460ffff,-22.408917307736054,-41.80572391979099,Bosque Azul,7,94.14479239641331,30.0,64.14479239641331,48.07769704061269,suspeita_halo,"halo_dominated,inherited_majority"
8aa8b1b50daffff,-22.413783806596054,-41.8646337998164,Cancela Preta,13,68.01703234807994,30.0,38.01703234807994,48.07033206165299,suspeita_halo,inherited_majority
8aa8b1a2462ffff,-22.410024714135112,-41.80618659967718,Bosque Azul,23,94.1300788272815,30.0,64.1300788272815,48.0654739601416,suspeita_halo,"halo_dominated,inherited_majority"
8aa8b1a244dffff,-22.411930468418255,-41.79832852609367,Cavaleiros,23,68.00488938528662,30.0,38.00488938528662,48.062126939216625,suspeita_halo,inherited_majority
8aa8b1b0ba0ffff,-22.428664168222795,-41.83994079228255,Novo Horizonte,2,67.9739279830679,30.0,37.973927983067895,48.04121237442521,suspeita_halo,inherited_majority
8aa8b1a2006ffff,-22.394328023195012,-41.8119922766692,São Marcos,9,94.09335789183491,30.0,64.09335789183491,48.03497198243126,suspeita_halo,"halo_dominated,inherited_majority"
8aa8b1b09ba7fff,-22.44285985437056,-41.858240771743695,Novo Horizonte,-1,67.94420690165222,30.0,37.94420690165222,48.0211442654398,suspeita_halo,inherited_majority
8aa8b1b09427fff,-22.43842526025523,-41.842784702396095,Novo Horizonte,2,67.93160148676196,30.0,37.93160148676196,48.012635455794914,suspeita_halo,inherited_majority
8aa8b1b0ba57fff,-22.427759092120745,-41.84079896189022,Novo Horizonte,2,67.86244759766885,30.0,37.86244759766885,47.96598280896775,suspeita_halo,inherited_majority
8aa8b1b52a17fff,-22.396268778491603,-41.85855026913304,Cancela Preta,4,67.81602792837845,30.0,37.816027928378446,47.934692878560625,suspeita_halo,inherited_majority
8aa8b1b50caffff,-22.410664020097123,-41.86456634238853,Cancela Preta,-1,67.78448762058422,30.0,37.784487620584216,47.91344444616466,suspeita_halo,inherited_majority
8aa8b1b0ba07fff,-22.429569230473447,-41.83908262031967,Novo Horizonte,2,67.70357967935526,30.0,37.70357967935526,47.85898131548754,suspeita_halo,inherited_majority
8aa8b1b50d37fff,-22.41599815500303,-41.86555937870013,Cancela Preta,13,67.68460552199858,30.0,37.68460552199858,47.84621802504369,suspeita_halo,inherited_majority
8aa8b1b54d6ffff,-22.4355211294611,-41.871247972073945,Cancela Preta,3,67.57182101628372,30.0,37.57182101628372,47.77042359114291,suspeita_halo,inherited_majority
8aa8b1a26ad7fff,-22.40508339467373,-41.79423169230471,Glória,12,93.7569544473898,30.0,63.7569544473898,47.75576764307334,suspeita_halo,"halo_dominated,inherited_majority"
8aa8b1b568effff,-22.421729537863524,-41.85558972452772,Cancela Preta,13,67.54020097306007,30.0,37.54020097306007,47.74919618464241,suspeita_halo,inherited_majority
8aa8b1b528b7fff,-22.40220299938489,-41.84990174166343,Cancela Preta,14,93.59442288373255,30.0,63.59442288373255,47.621018847290884,suspeita_halo,"halo_dominated,inherited_majority"
8aa8b1a26307fff,-22.40377345539705,-41.79244818572637,Glória,12,93.58652736220019,30.0,63.58652736220019,47.614475425650326,suspeita_halo,"halo_dominated,inherited_majority"
8aa8b1b09577fff,-22.439734143420996,-41.844568419912655,Novo Horizonte,2,67.2967691121932,30.0,37.2967691121932,47.58610067726862,suspeita_halo,inherited_majority
8aa8b1a2002ffff,-22.395936217714013,-41.80895510543189,Nova Holanda,9,93.36466316836866,30.0,63.364663168368665,47.43069874432295,suspeita_halo,"halo_dominated,inherited_majority"
8aa8b1b50c9ffff,-22.409354928858384,-41.862782661557404,Cancela Preta,-1,66.98217684120377,30.0,36.98217684120377,47.37619373850595,suspeita_halo,inherited_majority
8aa8b1a24737fff,-22.413847256960175,-41.80407469746163,Bosque Azul,23,66.97437589445046,30.0,36.97437589445046,47.37100117042098,suspeita_halo,inherited_majority
8aa8b1a20337fff,-22.393422744375364,-41.81285043697294,São Marcos,9,93.23416688819364,30.0,63.23416688819364,47.32268947668632,suspeita_halo,"halo_dominated,inherited_majority"
8aa8b1b549b7fff,-22.43773489930083,-41.87217360599401,Novo Horizonte,-1,66.88865691492664,30.0,36.88865691492664,47.31398385650057,suspeita_halo,inherited_majority
8aa8b1b56b97fff,-22.419717175295624,-41.855985086446985,Cancela Preta,13,66.83241010175493,30.0,36.83241010175493,47.276610418879386,suspeita_halo,inherited_majority
8aa8b1a2402ffff,-22.417776137175373,-41.80942540459888,Virgem Santa,15,66.78714749443446,30.0,36.787147494434464,47.246558567874885,suspeita_halo,inherited_majority
8aa8b1b56d17fff,-22.426150881622675,-41.84383621551166,Novo Horizonte,2,66.78099103734169,30.0,36.78099103734169,47.242472616152796,suspeita_halo,inherited_majority
8aa8b1b50d17fff,-22.414890988338644,-41.86509658844546,Cancela Preta,13,66.75685681646158,30.0,36.75685681646158,47.22645876497805,suspeita_halo,inherited_majority
8aa8b1b52d5ffff,-22.401799014484553,-41.847259993357355,Cancela Preta,14,93.11046385427699,30.0,63.110463854276986,47.2203610442167,suspeita_halo,"halo_dominated,inherited_majority"
8aa8b1a26b6ffff,-22.41012040334216,-41.800044927449726,Bosque Azul,23,93.10342161874414,30.0,63.103421618744136,47.21453734274468,suspeita_halo,"halo_dominated,inherited_majority"
8aa8b1a24657fff,-22.408012211774526,-41.80658210792225,Bosque Azul,7,92.88752078332058,30.0,62.88752078332058,47.03608398481954,suspeita_halo,"halo_dominated,inherited_majority"
8aa8b1a26a0ffff,-22.407500760107695,-41.79647786725611,Glória,12,92.87370267663152,30.0,62.873702676631524,47.02466852347315,suspeita_halo,"halo_dominated,inherited_majority"
8aa8b1a266d7fff,-22.39591301007948,-41.781747309170875,Aroeira,19,92.79136130537134,30.0,62.79136130537134,46.956659226409286,suspeita_halo,"halo_dominated,inherited_majority"
8aa8b1a2004ffff,-22.393220437703263,-41.81152959774931,São Marcos,9,92.77744828552126,30.0,62.77744828552126,46.94517037444713,suspeita_halo,"halo_dominated,inherited_majority"
8aa8b1a2001ffff,-22.394626304865312,-41.807171590761904,Nova Holanda,6,92.72721073983013,30.0,62.72721073983013,46.90369214191428,suspeita_halo,"halo_dominated,inherited_majority"
8aa8b1a26657fff,-22.397425705565812,-41.78485160292084,Glória,19,92.71994348018666,30.0,62.71994348018666,46.897692772285126,suspeita_halo,"halo_dominated,inherited_majority"
8aa8b1a26a2ffff,-22.408608209773192,-41.796940529514494,Glória,12,92.68357224157539,30.0,62.68357224157539,46.86767006735104,suspeita_halo,"halo_dominated,inherited_majority"
8aa8b1a202affff,-22.38808694846088,-41.811857881990484,São Marcos,29,92.63747801564783,30.0,62.63747801564783,46.82962866710045,suspeita_halo,"halo_dominated,inherited_majority"
8aa8b1a202e7fff,-22.38738391677537,-41.81403686138011,São Marcos,29,92.62300412399482,30.0,62.62300412399482,46.81768506947509,suspeita_halo,"halo_dominated,inherited_majority"
8aa8b1a20b17fff,-22.400067994410968,-41.81562655005459,São Marcos,9,92.54888117555868,30.0,62.54888117555868,46.756532537163,suspeita_halo,"halo_dominated,inherited_majority"
8aa8b1a20727fff,-22.392208737061264,-41.804925417473044,Morro de São Jorge,18,92.52344351152388,30.0,62.52344351152388,46.735550876649924,suspeita_halo,"halo_dominated,inherited_majority"
8aa8b1a20007fff,-22.395733884972856,-41.80763426288625,Nova Holanda,6,92.43294528097023,30.0,62.43294528097023,46.66092541771067,suspeita_halo,"halo_dominated,inherited_majority"
8aa8b1a24677fff,-22.40911962705135,-41.80704478869197,Bosque Azul,23,92.42056353544987,30.0,62.42056353544987,46.65071776324403,suspeita_halo,"halo_dominated,inherited_majority"
8aa8b1a2661ffff,-22.39812826410914,-41.78267256553197,Glória,19,92.4055343219755,30.0,62.405534321975495,46.63832828833512,suspeita_halo,"halo_dominated,inherited_majority"
8aa8b1a26af7fff,-22.40619088063108,-41.79469434877433,Glória,12,92.23521673265252,30.0,62.23521673265252,46.49798547908274,suspeita_halo,"halo_dominated,inherited_majority"
8aa8b1b52d4ffff,-22.40200101251522,-41.84858086700294,Cancela Preta,14,92.15362109730104,30.0,62.15362109730104,46.43078939670204,suspeita_halo,"halo_dominated,inherited_majority"
8aa8b1a243a7fff,-22.413953693221124,-41.811537289198625,Bosque Azul,15,92.0379730173082,30.0,62.037973017308204,46.33559399726957,suspeita_halo,"halo_dominated,inherited_majority"
8aa8b1b72117fff,-22.452221283334467,-41.872048270534805,Aphaville (Costa do Sol),1,91.89617277879871,30.0,61.896172778798714,46.218941776051935,suspeita_halo,"halo_dominated,inherited_majority"
8aa8b1a2676ffff,-22.40095097708675,-41.78756035236016,Glória,21,91.8095806541515,30.0,61.8095806541515,46.147744812100655,suspeita_halo,"halo_dominated,inherited_majority"
8aa8b1a202effff,-22.386478555977916,-41.81489500966613,São Marcos,29,91.77895861546466,30.0,61.77895861546466,46.12257399995271,suspeita_halo,"halo_dominated,inherited_majority"
8aa8b1a263affff,-22.402463477558737,-41.79066468690017,Glória,21,91.40559133399098,30.0,61.405591333990984,45.81596599607356,suspeita_halo,"halo_dominated,inherited_majority"
8aa8b1a202a7fff,-22.388992276607915,-41.810999727557615,São Marcos,29,91.37263743087817,30.0,61.37263743087817,45.788930559493664,suspeita_halo,"halo_dominated,inherited_majority"
8aa8b1a24637fff,-22.410727458097337,-41.80400753650933,Bosque Azul,23,91.33984185235813,30.0,61.339841852358134,45.76202925251373,suspeita_halo,"halo_dominated,inherited_majority"
8aa8b1a26297fff,-22.39893831671172,-41.78795591273385,Glória,21,91.24865564318226,30.0,61.24865564318226,45.68725399213311,suspeita_halo,"halo_dominated,inherited_majority"
8aa8b1b52c67fff,-22.40089362424135,-41.848118117120094,Cancela Preta,14,90.87811356842393,30.0,60.87811356842393,45.383737872240715,suspeita_halo,"halo_dominated,inherited_majority"
8aa8b1a26337fff,-22.404678519344785,-41.79158998485023,Glória,12,90.83067580293009,30.0,60.83067580293009,45.34492043163307,suspeita_halo,"halo_dominated,inherited_majority"
8aa8b1a2404ffff,-22.415061020815195,-41.81199998316163,Virgem Santa,15,90.70282743190187,30.0,60.702827431901866,45.24034938650878,suspeita_halo,"halo_dominated,inherited_majority"
8aa8b1a20247fff,-22.387788503928807,-41.816678519131784,São Marcos,16,90.69696325242768,30.0,60.69696325242768,45.235554471024514,suspeita_halo,"halo_dominated,inherited_majority"
8aa8b1b54c9ffff,-22.431191457020407,-41.8632548153284,Cancela Preta,3,90.60991800211487,30.0,60.60991800211487,45.1643971703334,suspeita_halo,"halo_dominated,inherited_majority"
8aa8b1a24337fff,-22.415263275726,-41.81332086780822,Virgem Santa,15,90.5103791518109,30.0,60.510379151810895,45.0830641196209,suspeita_halo,"halo_dominated,inherited_majority"
8aa8b1a20707fff,-22.39110110561965,-41.804462752763584,Morro de São Jorge,18,90.45370961605785,30.0,60.45370961605785,45.03677742352467,suspeita_halo,"halo_dominated,inherited_majority"
8aa8b1a20797fff,-22.38938626786472,-41.80003760935159,Visconde de Araújo,10,90.27582341423745,30.0,60.27582341423745,44.89156773281472,suspeita_halo,"halo_dominated,inherited_majority"
8aa8b1a243b7fff,-22.41375142096258,-41.81021640812055,Bosque Azul,15,90.25975316343072,30.0,60.259753163430716,44.878455823563115,suspeita_halo,"halo_dominated,inherited_majority"
8aa8b1a26a1ffff,-22.40729835153227,-41.79515700687824,Glória,12,90.25266318368848,30.0,60.25266318368848,44.872671359481544,suspeita_halo,"halo_dominated,inherited_majority"
8aa8b1b52897fff,-22.401095617307746,-41.84943898928006,Cancela Preta,14,90.11299344958906,30.0,60.112993449589055,44.75876164104447,suspeita_halo,"halo_dominated,inherited_majority"
8aa8b1a24327fff,-22.415465519474687,-41.81464175350724,Virgem Santa,15,90.08749898711328,30.0,60.08749898711328,44.73797787558337,suspeita_halo,"halo_dominated,inherited_majority"
8aa8b1a20717fff,-22.39089872585896,-41.80314192240366,Morro de São Jorge,18,90.061261752778,30.0,60.061261752777995,44.71659136738593,suspeita_halo,"halo_dominated,inherited_majority"
8aa8b1a26327fff,-22.404880962586766,-41.792910838040434,Glória,12,90.05565684320396,30.0,60.05565684320396,44.712023056951665,suspeita_halo,"halo_dominated,inherited_majority"
8aa8b1a26607fff,-22.399235868551337,-41.78313519616617,Glória,19,90.02322648218582,30.0,60.02322648218582,44.685593058180814,suspeita_halo,"halo_dominated,inherited_majority"
8aa8b1a24757fff,-22.411132105473037,-41.80664928119627,Bosque Azul,23,89.96885493865861,30.0,59.96885493865861,44.64129120588365,suspeita_halo,"halo_dominated,inherited_majority"
8aa8b1a26a9ffff,-22.40578601765636,-41.792052636277305,Glória,12,89.81142705329326,30.0,59.81142705329326,44.5130879578674,suspeita_halo,"halo_dominated,inherited_majority"
8aa8b1b72407fff,-22.447892459749355,-41.86405489853237,Aphaville (Costa do Sol),1,89.77114480077569,30.0,59.77114480077569,44.48030010150032,suspeita_halo,"halo_dominated,inherited_majority"
8aa8b1a26317fff,-22.40357100597867,-41.79112733505784,Glória,21,89.69401071738126,30.0,59.69401071738126,44.41753537641766,suspeita_halo,"halo_dominated,inherited_majority"
8aa8b1b544cffff,-22.422035428523266,-41.864373381909665,Cancela Preta,8,89.6859486294083,30.0,59.6859486294083,44.41097660673569,suspeita_halo,"halo_dominated,inherited_majority"
8aa8b1a26a07fff,-22.408405807376553,-41.79561966661641,Glória,12,89.2820259713411,30.0,59.2820259713411,44.08271999324299,suspeita_halo,"halo_dominated,inherited_majority"
8aa8b1a2479ffff,-22.410322766085756,-41.80136579607162,Bosque Azul,23,89.2337559642859,30.0,59.233755964285905,44.043538134615545,suspeita_halo,"halo_dominated,inherited_majority"
8aa8b1a24747fff,-22.411334412421766,-41.80797015512971,Bosque Azul,23,89.17918584442775,30.0,59.17918584442775,43.99925417984332,suspeita_halo,"halo_dominated,inherited_majority"
8aa8b1b566cffff,-22.40512110749299,-41.84864824526921,Cancela Preta,14,89.10793665696517,30.0,59.107936656965165,43.94145403235321,suspeita_halo,"halo_dominated,inherited_majority"
8aa8b1b52997fff,-22.404215743861517,-41.84950637165137,Cancela Preta,14,89.00465574440416,30.0,59.00465574440416,43.85770671633949,suspeita_halo,"halo_dominated,inherited_majority"
8aa8b1a26667fff,-22.398735820288174,-41.78663507431088,Glória,19,88.96010992118063,30.0,58.96010992118063,43.82159987807269,suspeita_halo,"halo_dominated,inherited_majority"
8aa8b1a262b7fff,-22.400045896462792,-41.78841855346417,Glória,21,88.93677445303008,30.0,58.93677445303008,43.802688572640875,suspeita_halo,"halo_dominated,inherited_majority"
8aa8b1a24397fff,-22.41264407211841,-41.80975371830466,Bosque Azul,15,88.79715630366518,30.0,58.797156303665176,43.6895891521942,suspeita_halo,"halo_dominated,inherited_majority"
8aa8b1a26a8ffff,-22.405988454721502,-41.793373491989016,Glória,12,88.782140777163,30.0,58.782140777162994,43.67743060538302,suspeita_halo,"halo_dominated,inherited_majority"
8aa8b1a26387fff,-22.40226101081069,-41.789343839829954,Glória,21,88.68280674038651,30.0,58.68280674038651,43.59702106370128,suspeita_halo,"halo_dominated,inherited_majority"
8aa8b1b72507fff,-22.451010937272407,-41.864122357392716,Aphaville (Costa do Sol),1,88.65676863133764,30.0,58.65676863133764,43.57595058615787,suspeita_halo,"halo_dominated,inherited_majority"
8aa8b1a26677fff,-22.398533312713063,-41.785314236968645,Glória,19,88.62143869006944,30.0,58.62143869006944,43.54736566859505,suspeita_halo,"halo_dominated,inherited_majority"
8aa8b1a2405ffff,-22.414858754742518,-41.810679099568866,Virgem Santa,15,88.29336484491081,30.0,58.29336484491081,43.28218391002156,suspeita_halo,"halo_dominated,inherited_majority"
8aa8b1b72c77fff,-22.454936217279,-41.869473780981366,Aphaville (Costa do Sol),1,88.23395923415023,30.0,58.233959234150234,43.23421642559492,suspeita_halo,"halo_dominated,inherited_majority"
8aa8b1b72c0ffff,-22.45473450599087,-41.86815278847145,Aphaville (Costa do Sol),1,88.19650551026199,30.0,58.196505510261986,43.203982068678116,suspeita_halo,"halo_dominated,inherited_majority"
8aa8b1a262a7fff,-22.400248375560388,-41.78973939548927,Glória,21,88.18447718463854,30.0,58.18447718463854,43.194273555708875,suspeita_halo,"halo_dominated,inherited_majority"
8aa8b1a2674ffff,-22.39984340621282,-41.78709771251792,Glória,21,88.1565954746806,30.0,58.1565954746806,43.17177161576484,suspeita_halo,"halo_dominated,inherited_majority"
8aa8b1a24627fff,-22.4109297873648,-41.80532840832235,Bosque Azul,23,88.12910313066193,30.0,58.12910313066193,43.14958724674412,suspeita_halo,"halo_dominated,inherited_majority"
8aa8b1a207affff,-22.389791073190004,-41.80267926184451,Botafogo,18,88.04365281902517,30.0,58.04365281902517,43.08065607788892,suspeita_halo,"halo_dominated,inherited_majority"
8aa8b1a2428ffff,-22.40882140218218,-41.811865584041904,Bosque Azul,20,87.90913556732379,30.0,57.90913556732379,42.97220859516911,suspeita_halo,"halo_dominated,inherited_majority"
8aa8b1a26b47fff,-22.409918029440355,-41.79872405989436,Cavaleiros,12,87.78680353417509,30.0,57.78680353417509,42.87365417244962,suspeita_halo,"halo_dominated,inherited_majority"
8aa8b1a21c37fff,-22.391718116376055,-41.82202909374553,São Marcos,26,87.76445063653262,30.0,57.764450636532615,42.855653157837,suspeita_halo,"halo_dominated,inherited_majority"
8aa8b1b52887fff,-22.40129759921342,-41.85075986245404,Cancela Preta,4,87.62621348564932,30.0,57.626213485649316,42.744378705074865,suspeita_halo,"halo_dominated,inherited_majority"
8aa8b1a200f7fff,-22.393518709705123,-41.80670892027025,Morro de São Jorge,18,86.91453523244668,30.0,56.91453523244668,42.17286832930279,suspeita_halo,"halo_dominated,inherited_majority"
8aa8b1a200d7fff,-22.392411099493003,-41.806246251411366,Morro de São Jorge,18,86.88007528233848,30.0,56.88007528233848,42.145253692064486,suspeita_halo,"halo_dominated,inherited_majority"
8aa8b1a21c1ffff,-22.389705158410152,-41.822424541463505,São Marcos,26,86.6274880620411,30.0,56.627488062041095,41.9430080379375,suspeita_halo,"halo_dominated,inherited_majority"
8aa8b1a2066ffff,-22.386574608667328,-41.80875355850689,Botafogo,29,86.61337461392948,30.0,56.61337461392948,41.93171611356624,suspeita_halo,"halo_dominated,inherited_majority"
8aa8b1a24767fff,-22.412441782513884,-41.808432840797636,Bosque Azul,23,86.53437107668354,30.0,56.53437107668354,41.868523753089505,suspeita_halo,"halo_dominated,inherited_majority"
8aa8b1a2074ffff,-22.388587602670704,-41.80835807028207,Botafogo,18,86.52874060454006,30.0,56.52874060454006,41.86402122367457,suspeita_halo,"halo_dominated,inherited_majority"
8aa8b1a26aaffff,-22.407095931800498,-41.79383614757208,Glória,12,86.4762579276142,30.0,56.4762579276142,41.8220593758636,suspeita_halo,"halo_dominated,inherited_majority"
8aa8b1a20627fff,-22.389088178552548,-41.804858254631704,Botafogo,18,86.23119442560866,30.0,56.23119442560866,41.626291524652615,suspeita_halo,"halo_dominated,inherited_majority"
8aa8b1a20747fff,-22.389492907033652,-41.80749991059015,Botafogo,18,86.18432364393762,30.0,56.18432364393762,41.588880952957155,suspeita_halo,"halo_dominated,inherited_majority"
8aa8b1a26747fff,-22.400748481858166,-41.786239509970514,Glória,21,85.94818504971504,30.0,55.948185049715036,41.400560560987955,suspeita_halo,"halo_dominated,inherited_majority"
8aa8b1a25617fff,-22.398363340578406,-41.82480529802481,São Marcos,22,85.90275695353836,30.0,55.90275695353836,41.36436183324315,suspeita_halo,"halo_dominated,inherited_majority"
8aa8b1a20647fff,-22.38637225376658,-41.80743273542805,Botafogo,29,85.87644754412746,30.0,55.87644754412746,41.343402022294796,suspeita_halo,"halo_dominated,inherited_majority"
8aa8b1b56b47fff,-22.419821223835456,-41.863447798486945,Cancela Preta,13,85.8548968552843,30.0,55.854896855284295,41.32623576479784,suspeita_halo,"halo_dominated,inherited_majority"
8aa8b1b547a7fff,-22.42243904621693,-41.86701522921615,Cancela Preta,8,85.59273696519638,30.0,55.59273696519638,41.11758840919131,suspeita_halo,"halo_dominated,inherited_majority"
8aa8b1a20757fff,-22.38929054836814,-41.80617908208096,Botafogo,18,85.51705421967135,30.0,55.51705421967135,41.05741518845409,suspeita_halo,"halo_dominated,inherited_majority"
8aa8b1a26757fff,-22.400545975477208,-41.784918668662016,Glória,19,85.4665975616041,30.0,55.466597561604104,41.01731378051997,suspeita_halo,"halo_dominated,inherited_majority"
8aa8b1a2406ffff,-22.41616833334387,-41.81246267875683,Virgem Santa,15,85.43363251082813,30.0,55.43363251082813,40.99112077295821,suspeita_halo,"halo_dominated,inherited_majority"
8aa8b1a20667fff,-22.38747993574303,-41.807895402038774,Botafogo,18,85.39983316207159,30.0,55.39983316207159,40.96427028636086,suspeita_halo,"halo_dominated,inherited_majority"
8aa8b1a256f7fff,-22.396350526174878,-41.8252007412342,São Marcos,11,85.34088989158874,30.0,55.340889891588745,40.91745842638488,suspeita_halo,"halo_dominated,inherited_majority"
8aa8b1a26397fff,-22.40205853290921,-41.78802299383757,Glória,21,85.31931990550589,30.0,55.31931990550589,40.9003320568135,suspeita_halo,"halo_dominated,inherited_majority"
8aa8b1a24047fff,-22.415966073457497,-41.81114179264955,Virgem Santa,15,85.23055042277903,30.0,55.23055042277903,40.82987358283579,suspeita_halo,"halo_dominated,inherited_majority"
8aa8b1b52987fff,-22.40441771833641,-41.85082725131244,Cancela Preta,14,85.13492276428039,30.0,55.13492276428039,40.75401433441273,suspeita_halo,"halo_dominated,inherited_majority"
8aa8b1a240effff,-22.41465647750823,-41.809358217031345,Bosque Azul,15,85.11711302282755,30.0,55.11711302282755,40.73989117788217,suspeita_halo,"halo_dominated,inherited_majority"
8aa8b1a202c7fff,-22.386276250645423,-41.81357418382861,São Marcos,29,85.06844168512917,30.0,55.06844168512917,40.701302594372976,suspeita_halo,"halo_dominated,inherited_majority"
8aa8b1b54577fff,-22.428475892239057,-41.86582923406886,Cancela Preta,3,85.05681822085758,30.0,55.05681822085758,40.692088753845496,suspeita_halo,"halo_dominated,inherited_majority"
8aa8b1b56b57fff,-22.419619385817917,-41.86212688132112,Cancela Preta,13,85.02389711431601,30.0,55.023897114316014,40.665995993684305,suspeita_halo,"halo_dominated,inherited_majority"
8aa8b1a26b57fff,-22.40971564438061,-41.79740319340691,Cavaleiros,12,84.99162029046701,30.0,54.99162029046701,40.64041901760747,suspeita_halo,"halo_dominated,inherited_majority"
8aa8b1b5442ffff,-22.426261856135355,-41.864903636127316,Cancela Preta,8,84.97110162046923,30.0,54.97110162046923,40.624162148034,suspeita_halo,"halo_dominated,inherited_majority"
8aa8b1a26a87fff,-22.40689350091263,-41.79251528933901,Glória,12,84.96576760011165,30.0,54.96576760011165,40.619936359696055,suspeita_halo,"halo_dominated,inherited_majority"
8aa8b1a242f7fff,-22.4090236718868,-41.81318645571021,Bosque Azul,20,84.87686159918115,30.0,54.876861599181154,40.549522578136006,suspeita_halo,"halo_dominated,inherited_majority"
8aa8b1b72c87fff,-22.454129305010966,-41.86418981691304,Aphaville (Costa do Sol),1,84.74067539776141,30.0,54.74067539776141,40.44173799797318,suspeita_halo,"halo_dominated,inherited_majority"
8aa8b1a23927fff,-22.385871606531484,-41.81093253531114,Botafogo,29,84.6485776777071,30.0,54.648577677707095,40.36889904815155,suspeita_halo,"halo_dominated,inherited_majority"
8aa8b1b72137fff,-22.453327965332978,-41.87251110021926,Aphaville (Costa do Sol),1,84.60544480466233,30.0,54.605444804662326,40.33480020800795,suspeita_halo,"halo_dominated,inherited_majority"
8aa8b1a24a9ffff,-22.416370582067835,-41.813783565917454,Virgem Santa,15,84.59824805213233,30.0,54.598248052132334,40.3291116874602,suspeita_halo,"halo_dominated,inherited_majority"
8aa8b1b0936ffff,-22.434108715355237,-41.862001321401664,Novo Horizonte,3,84.59253968962119,30.0,54.59253968962119,40.324599815770085,suspeita_halo,"halo_dominated,inherited_majority"
8aa8b1a2638ffff,-22.401355934085725,-41.79020204037731,Glória,21,84.51164325045278,30.0,54.51164325045278,40.260676902001904,suspeita_halo,"halo_dominated,inherited_majority"
8aa8b1b54447fff,-22.424451374899625,-41.86661989997937,Cancela Preta,8,84.48096000221736,30.0,54.48096000221736,40.23644005311439,suspeita_halo,"halo_dominated,inherited_majority"
8aa8b1a240cffff,-22.413549137542958,-41.80889552809819,Bosque Azul,15,84.44989067643321,30.0,54.44989067643321,40.21190301280434,suspeita_halo,"halo_dominated,inherited_majority"
8aa8b1a26a17fff,-22.408203393823023,-41.79429880478955,Cavaleiros,12,84.43666916849402,30.0,54.43666916849402,40.201462767904474,suspeita_halo,"halo_dominated,inherited_majority"
8aa8b1b52d9ffff,-22.40189626730386,-41.84111837690038,Cancela Preta,27,84.34965528582833,30.0,54.349655285828334,40.13277478900923,suspeita_halo,"halo_dominated,inherited_majority"
8aa8b1b72c6ffff,-22.45423294828339,-41.87165293853647,Aphaville (Costa do Sol),1,84.33726484995414,30.0,54.33726484995414,40.122996965747504,suspeita_halo,"halo_dominated,inherited_majority"
8aa8b1a21ce7fff,-22.388799776669106,-41.82328268183991,São Marcos,26,84.22710270763972,30.0,54.227102707639716,40.036097102313875,suspeita_halo,"halo_dominated,inherited_majority"
8aa8b1a20677fff,-22.387277575871046,-41.80657457750254,Botafogo,18,84.0857886531242,30.0,54.0857886531242,39.92471273324303,suspeita_halo,"halo_dominated,inherited_majority"
8aa8b1a2064ffff,-22.385466917820665,-41.80829089101315,Botafogo,29,84.03475435829506,30.0,54.03475435829506,39.88451201456809,suspeita_halo,"halo_dominated,inherited_majority"
8aa8b1b54cdffff,-22.429582887662193,-41.866292035478054,Cancela Preta,3,83.7528573374924,30.0,53.7528573374924,39.662694060501934,suspeita_halo,"halo_dominated,inherited_majority"
8aa8b1a256affff,-22.39725584085469,-41.824342593234974,São Marcos,11,83.65839721194324,30.0,53.65839721194324,39.58845623757631,suspeita_halo,"halo_dominated,inherited_majority"
8aa8b1a2675ffff,-22.399640904810752,-41.785776872651894,Glória,19,83.04213449100305,30.0,53.042134491003054,39.105254004898896,suspeita_halo,"halo_dominated,inherited_majority"
8aa8b1b72c67fff,-22.455137917380757,-41.87079477448416,Aphaville (Costa do Sol),1,82.99127356146153,30.0,52.991273561461526,39.06546299885018,suspeita_halo,"halo_dominated,inherited_majority"
8aa8b1a24057fff,-22.415763802408993,-41.809820907597015,Virgem Santa,15,82.93886766203377,30.0,52.93886766203377,39.02447748868737,suspeita_halo,"halo_dominated,inherited_majority"
8aa8b1b56b37fff,-22.422335163625476,-41.85955248345282,Cancela Preta,13,82.77108485336288,30.0,52.77108485336288,38.89335548274266,suspeita_halo,"halo_dominated,inherited_majority"
8aa8b1a23937fff,-22.38566926775056,-41.80961171263401,Botafogo,29,82.73556409725433,30.0,52.735564097254326,38.86561513838549,suspeita_halo,"halo_dominated,inherited_majority"
8aa8b1a266affff,-22.397925723080867,-41.78135173144033,Aroeira,19,82.65517242123124,30.0,52.65517242123124,38.80285702535534,suspeita_halo,"halo_dominated,inherited_majority"
8aa8b1a24a8ffff,-22.41657281962914,-41.81510445413001,Virgem Santa,15,82.58371204688338,30.0,52.58371204688338,38.74709999375163,suspeita_halo,"halo_dominated,inherited_majority"
8aa8b1b5449ffff,-22.423442253091313,-41.86001526924561,Cancela Preta,8,82.44515165521055,30.0,52.44515165521055,38.63906566816634,suspeita_halo,"halo_dominated,inherited_majority"
8aa8b1b54487fff,-22.424549327475347,-41.86047805666469,Cancela Preta,8,82.30161577126886,30.0,52.30161577126886,38.52726038277652,suspeita_halo,"halo_dominated,inherited_majority"
8aa8b1a2471ffff,-22.41183484673965,-41.80447021462785,Bosque Azul,23,82.27640583443225,30.0,52.27640583443225,38.50763488226528,suspeita_halo,"halo_dominated,inherited_majority"
8aa8b1a2605ffff,-22.404273599396795,-41.78894828169767,Glória,21,82.0865802183527,30.0,52.086580218352694,38.35996907204786,suspeita_halo,"halo_dominated,inherited_majority"
8aa8b1b56b6ffff,-22.420023050682445,-41.864768716651966,Cancela Preta,13,82.03985387243404,30.0,52.03985387243404,38.323650456620925,suspeita_halo,"halo_dominated,inherited_majority"
8aa8b1b5298ffff,-22.403512335905397,-41.85168537384814,Cancela Preta,4,81.98091100811546,30.0,51.980911008115456,38.27785332742576,suspeita_halo,"halo_dominated,inherited_majority"
8aa8b1b529a7fff,-22.40552505520931,-41.851290008577976,Cancela Preta,14,81.91025841617203,30.0,51.91025841617203,38.22298296379532,suspeita_halo,"halo_dominated,inherited_majority"
8aa8b1a24777fff,-22.412239481749076,-41.80711196434822,Bosque Azul,23,81.8112347178442,30.0,51.8112347178442,38.146124848439285,suspeita_halo,"halo_dominated,inherited_majority"
8aa8b1b54cc7fff,-22.43068986799853,-41.86675483851279,Cancela Preta,3,81.54182642247491,30.0,51.54182642247491,37.93729370362675,suspeita_halo,"halo_dominated,inherited_majority"
8aa8b1b544a7fff,-22.425656386776843,-41.86094084571001,Cancela Preta,8,81.51063588381834,30.0,51.51063588381834,37.91314230197503,suspeita_halo,"halo_dominated,inherited_majority"
8aa8b1a21567fff,-22.385679102591244,-41.82321542947336,São Marcos,30,81.46131538375549,30.0,51.46131538375549,37.87496354219317,suspeita_halo,"halo_dominated,inherited_majority"
8aa8b1b54567fff,-22.428677680593538,-41.867150171193984,Cancela Preta,3,81.41113651018948,30.0,51.41113651018948,37.83613417389681,suspeita_halo,"halo_dominated,inherited_majority"
8aa8b1a26aa7fff,-22.408000969112877,-41.7929779440353,Cavaleiros,12,81.35547976965884,30.0,51.35547976965884,37.79308230420155,suspeita_halo,"halo_dominated,inherited_majority"
8aa8b1b54ce7fff,-22.431796833247347,-41.86721764317301,Cancela Preta,3,81.30423642160866,30.0,51.304236421608664,37.75345956198289,suspeita_halo,"halo_dominated,inherited_majority"
8aa8b1a25397fff,-22.401386929312178,-41.83101416349891,Cancela Preta,28,81.09502308087173,30.0,51.09502308087173,37.59184252815311,suspeita_halo,"halo_dominated,inherited_majority"
8aa8b1a256e7fff,-22.396552715121523,-41.82652159343244,São Marcos,22,81.06591137534407,30.0,51.06591137534407,37.56937324422796,suspeita_halo,"halo_dominated,inherited_majority"
8aa8b1a26627fff,-22.400343457944118,-41.78359782843607,Glória,19,80.93389868245822,30.0,50.93389868245822,37.467541870527114,suspeita_halo,"halo_dominated,inherited_majority"
8aa8b1a24af7fff,-22.416775046027517,-41.816425343393114,Virgem Santa,15,80.90402595002229,30.0,50.90402595002229,37.44451243862561,suspeita_halo,"halo_dominated,inherited_majority"
8aa8b1b72717fff,-22.44447408655933,-41.86880850824488,Novo Horizonte,1,80.84271866939083,30.0,50.842718669390834,37.397265382921134,suspeita_halo,"halo_dominated,inherited_majority"
8aa8b1a21d57fff,-22.392122554911765,-41.82467077702513,São Marcos,26,80.78639242697724,30.0,50.786392426977244,37.35387582284554,suspeita_halo,"halo_dominated,inherited_majority"
8aa8b1a247affff,-22.411632512495544,-41.803149341359685,Bosque Azul,23,80.71625779980856,30.0,50.71625779980856,37.29987454428502,suspeita_halo,"halo_dominated,inherited_majority"
8aa8b1b7272ffff,-22.444877532793733,-41.87145045233385,Novo Horizonte,1,80.6860782485729,30.0,50.6860782485729,37.276645946991565,suspeita_halo,"halo_dominated,inherited_majority"
8aa8b1a24067fff,-22.41707337710679,-41.81160448736256,Virgem Santa,15,80.60493880525186,30.0,50.60493880525186,37.21422034846006,suspeita_halo,"halo_dominated,inherited_majority"
8aa8b1a21c2ffff,-22.391014977218724,-41.82420807699947,São Marcos,26,80.57005788854619,30.0,50.57005788854619,37.187395883697846,suspeita_halo,"halo_dominated,inherited_majority"
8aa8b1a260effff,-22.404071122691292,-41.78762743173813,Glória,21,80.51605575707717,30.0,50.51605575707717,37.145880403798685,suspeita_halo,"halo_dominated,inherited_majority"
8aa8b1a20617fff,-22.387778120997766,-41.80307476843353,Botafogo,18,80.43823383233179,30.0,50.43823383233179,37.08608235579206,suspeita_halo,"halo_dominated,inherited_majority"
8aa8b1a26617fff,-22.399033333694504,-41.78181435954928,Glória,19,80.39956388874376,30.0,50.39956388874376,37.05638150625829,suspeita_halo,"halo_dominated,inherited_majority"
8aa8b1a24a97fff,-22.417275630806408,-41.81292537598418,Virgem Santa,15,80.26277838122384,30.0,50.26277838122384,36.95139133797268,suspeita_halo,"halo_dominated,inherited_majority"
8aa8b1b54c0ffff,-22.43290378340789,-41.867680449458675,Cancela Preta,3,80.19244466052106,30.0,50.19244466052106,36.8974486836551,suspeita_halo,"halo_dominated,inherited_majority"
8aa8b1a202d7fff,-22.386073934163193,-41.81225335904314,São Marcos,29,80.07653510306365,30.0,50.07653510306365,36.80861433288301,suspeita_halo,"halo_dominated,inherited_majority"
8aa8b1a2470ffff,-22.41203716982425,-41.805791088957825,Bosque Azul,23,79.73791039192437,30.0,49.73791039192437,36.54953954833522,suspeita_halo,"halo_dominated,inherited_majority"
8aa8b1a202cffff,-22.385370880978567,-41.81443233123311,São Marcos,29,79.66985560144994,30.0,49.66985560144994,36.497553840339435,suspeita_halo,"halo_dominated,inherited_majority"
8aa8b1a263b7fff,-22.403166073679476,-41.788485636950085,Glória,21,79.66342295151856,30.0,49.663422951518555,36.49264148651507,suspeita_halo,"halo_dominated,inherited_majority"
8aa8b1b547affff,-22.42153376212604,-41.86787335435591,Cancela Preta,8,79.62226585336943,30.0,49.62226585336943,36.46121729394217,suspeita_halo,"halo_dominated,inherited_majority"
8aa8b1b54467fff,-22.425558418245828,-41.86708269987503,Cancela Preta,8,79.60322846332606,30.0,49.60322846332606,36.44668530491715,suspeita_halo,"halo_dominated,inherited_majority"
8aa8b1a240c7fff,-22.414454189112604,-41.80803733555045,Bosque Azul,23,79.53147388638486,30.0,49.53147388638486,36.391931598294406,suspeita_halo,"halo_dominated,inherited_majority"
8aa8b1b5686ffff,-22.423240395213647,-41.858694346101764,Cancela Preta,13,79.51417854077955,30.0,49.514178540779554,36.37873864223003,suspeita_halo,"halo_dominated,inherited_majority"
8aa8b1a240dffff,-22.41334684296252,-41.80757464913296,Bosque Azul,23,79.49003089372204,30.0,49.490030893722036,36.360321710510064,suspeita_halo,"halo_dominated,inherited_majority"
8aa8b1b54497fff,-22.42434747580365,-41.85915713102406,Cancela Preta,8,79.43331465438996,30.0,49.43331465438996,36.3170790613824,suspeita_halo,"halo_dominated,inherited_majority"
8aa8b1a26767fff,-22.401856043854558,-41.78670214892446,Glória,21,79.34448590320821,30.0,49.34448590320821,36.24939130305968,suspeita_halo,"halo_dominated,inherited_majority"
8aa8b1b5446ffff,-22.4246531657435,-41.86794082911919,Cancela Preta,8,79.21589052653061,30.0,49.215890526530615,36.151485266800904,suspeita_halo,"halo_dominated,inherited_majority"
8aa8b1b5281ffff,-22.401701529541555,-41.85340161183839,Cancela Preta,4,79.073779919515,30.0,49.073779919515005,36.043405521412,suspeita_halo,"halo_dominated,inherited_majority"
8aa8b1b544b7fff,-22.425454541311538,-41.859619917572765,Cancela Preta,8,79.03954570691111,30.0,49.03954570691111,36.017387578145986,suspeita_halo,"halo_dominated,inherited_majority"
8aa8b1a2561ffff,-22.39745803477023,-41.82566344690294,São Marcos,22,78.84668785268786,30.0,48.846687852687865,35.870949249723395,suspeita_halo,"halo_dominated,inherited_majority"
8aa8b1a24a87fff,-22.417477873343095,-41.81424626565867,Virgem Santa,15,78.62711851961008,30.0,48.62711851961008,35.70450591777464,suspeita_halo,"halo_dominated,inherited_majority"
8aa8b1a250dffff,-22.402090076562857,-41.828835150623156,Cancela Preta,22,78.51730686956095,30.0,48.517306869560954,35.62137525657168,suspeita_halo,"halo_dominated,inherited_majority"
8aa8b1b72c2ffff,-22.45584116755315,-41.86861561305927,Aphaville (Costa do Sol),1,78.45557650764789,30.0,48.45557650764789,35.574676344404295,suspeita_halo,"halo_dominated,inherited_majority"
8aa8b1b72d5ffff,-22.456042872624312,-41.86993660806271,Aphaville (Costa do Sol),1,78.30967900435355,30.0,48.309679004353555,35.464399328473505,suspeita_halo,"halo_dominated,inherited_majority"
8aa8b1a24077fff,-22.416871112244493,-41.81028359979518,Virgem Santa,15,78.24984737889909,30.0,48.24984737889909,35.41921384087753,suspeita_halo,"halo_dominated,inherited_majority"
8aa8b1b54ccffff,-22.429784669806835,-41.86761297509735,Cancela Preta,3,78.20761936438655,30.0,48.207619364386545,35.38733627932254,suspeita_halo,"halo_dominated,inherited_majority"
8aa8b1a2061ffff,-22.386872822679564,-41.80393293160998,Botafogo,18,78.1926658231171,30.0,48.192665823117096,35.376050661194014,suspeita_halo,"halo_dominated,inherited_majority"
8aa8b1b54c2ffff,-22.434010718479442,-41.868143257369724,Cancela Preta,3,78.1831869775893,30.0,48.1831869775893,35.36889758861831,suspeita_halo,"halo_dominated,inherited_majority"
8aa8b1a26637fff,-22.40014092925917,-41.7822769892941,Glória,19,78.14932318344232,30.0,48.14932318344232,35.343347378367255,suspeita_halo,"halo_dominated,inherited_majority"
8aa8b1b56a77fff,-22.417606958825274,-41.86252222156762,Cancela Preta,13,77.80116154785382,30.0,47.80116154785382,35.08107935573105,suspeita_halo,"halo_dominated,inherited_majority"
8aa8b1a25777fff,-22.400982634395945,-41.828372435924706,Cancela Preta,22,77.75496800046598,30.0,47.75496800046598,35.04633983912471,suspeita_halo,"halo_dominated,inherited_majority"
8aa8b1b72c07fff,-22.45563945129537,-41.86729461904964,Aphaville (Costa do Sol),1,77.72116916772099,30.0,47.72116916772099,35.02093030182108,suspeita_halo,"halo_dominated,inherited_majority"
8aa8b1b0968ffff,-22.428566997884836,-41.84608266576123,Novo Horizonte,2,77.68528647501375,30.0,47.685286475013754,34.99396213372361,suspeita_halo,"halo_dominated,inherited_majority"
8aa8b1a26a27fff,-22.409513248163186,-41.796082327988785,Cavaleiros,12,77.66441013484237,30.0,47.66441013484237,34.97827600204812,suspeita_halo,"halo_dominated,inherited_majority"
8aa8b1a20657fff,-22.386169887716846,-41.806111913407804,Botafogo,18,77.63636501832997,30.0,47.63636501832997,34.957207765744144,suspeita_halo,"halo_dominated,inherited_majority"
8aa8b1a2504ffff,-22.403803892162916,-41.833260474907746,Cancela Preta,28,77.55321656553052,30.0,47.55321656553052,34.89477409760964,suspeita_halo,"halo_dominated,inherited_majority"
8aa8b1a206e7fff,-22.385967510518405,-41.804791092447545,Botafogo,18,77.52440106015364,30.0,47.524401060153636,34.873147770703554,suspeita_halo,"halo_dominated,inherited_majority"
8aa8b1b72c17fff,-22.455437723851205,-41.865973626035206,Aphaville (Costa do Sol),1,77.50876324602764,30.0,47.50876324602764,34.86141367135713,suspeita_halo,"halo_dominated,inherited_majority"
8aa8b1a20607fff,-22.387980508140174,-41.80439559230433,Botafogo,18,77.50231526112518,30.0,47.502315261125176,34.8565757750997,suspeita_halo,"halo_dominated,inherited_majority"
8aa8b1a2576ffff,-22.400279484462494,-41.830551445415026,Cancela Preta,22,77.38941325710043,30.0,47.38941325710043,34.771909348868846,suspeita_halo,"halo_dominated,inherited_majority"
8aa8b1b72ca7fff,-22.455235985220924,-41.864652634017375,Aphaville (Costa do Sol),1,77.3821056794479,30.0,47.3821056794479,34.76643215685971,suspeita_halo,"halo_dominated,inherited_majority"
8aa8b1a240e7fff,-22.415561520198597,-41.80850002360064,Virgem Santa,15,77.28828656041749,30.0,47.28828656041749,34.696143387822076,suspeita_halo,"halo_dominated,inherited_majority"
8aa8b1b096d7fff,-22.42766188805094,-41.84694082708278,Novo Horizonte,2,77.1226532392743,30.0,47.1226532392743,34.57219156553268,suspeita_halo,"halo_dominated,inherited_majority"
8aa8b1b529affff,-22.404619681648978,-41.852148131986056,Cancela Preta,4,77.11509083302658,30.0,47.115090833026585,34.566536507231575,suspeita_halo,"halo_dominated,inherited_majority"
8aa8b1a25337fff,-22.404005999342097,-41.83458134629072,Cancela Preta,28,77.0882515609336,30.0,47.0882515609336,34.5464695075988,suspeita_halo,"halo_dominated,inherited_majority"
8aa8b1b09477fff,-22.436615264001667,-41.84450105796426,Novo Horizonte,2,77.03730279080463,30.0,47.03730279080463,34.508389467778,suspeita_halo,"halo_dominated,inherited_majority"
8aa8b1b09a4ffff,-22.437631266268568,-41.86471067693621,Novo Horizonte,3,76.98564222105028,30.0,46.985642221050284,34.469794807490004,suspeita_halo,"halo_dominated,inherited_majority"
8aa8b1b52817fff,-22.402606939640187,-41.85254349402358,Cancela Preta,4,76.91621292613208,30.0,46.916212926132076,34.417953104637135,suspeita_halo,"halo_dominated,inherited_majority"
8aa8b1a2065ffff,-22.385264556742072,-41.806970070449964,Botafogo,29,76.9042698650222,30.0,46.9042698650222,34.40903862016039,suspeita_halo,"halo_dominated,inherited_majority"
8aa8b1b0954ffff,-22.43792415498821,-41.8462847742629,Novo Horizonte,2,76.82245998100284,30.0,46.82245998100284,34.347999782395945,suspeita_halo,"halo_dominated,inherited_majority"
8aa8b1b094c7fff,-22.434199344366434,-41.84225458574072,Novo Horizonte,2,76.8048552059308,30.0,46.80485520593081,34.334870541265644,suspeita_halo,"halo_dominated,inherited_majority"
8aa8b1a206effff,-22.38506218451504,-41.80564925094586,Botafogo,29,76.79473627603267,30.0,46.794736276032666,34.32732500201472,suspeita_halo,"halo_dominated,inherited_majority"
8aa8b1b56a67fff,-22.417808798084756,-41.86384313474217,Cancela Preta,13,76.76760742695326,30.0,46.76760742695326,34.30709876029064,suspeita_halo,"halo_dominated,inherited_majority"
8aa8b1b56b17fff,-22.42122805907858,-41.85908969928637,Cancela Preta,13,76.70500397817604,30.0,46.70500397817604,34.26044263543466,suspeita_halo,"halo_dominated,inherited_majority"
8aa8b1b0969ffff,-22.428365038201264,-41.84476173826347,Novo Horizonte,2,76.68300610678644,30.0,46.683006106786436,34.24405458617372,suspeita_halo,"halo_dominated,inherited_majority"
8aa8b1b096c7fff,-22.427863831592845,-41.84826175411328,Novo Horizonte,2,76.57589492607404,30.0,46.57589492607404,34.16430458747065,suspeita_halo,"halo_dominated,inherited_majority"
8aa8b1b720dffff,-22.445079239137605,-41.87277142586517,Novo Horizonte,1,76.56050013743744,30.0,46.560500137437444,34.15284863708514,suspeita_halo,"halo_dominated,inherited_majority"
8aa8b1b096dffff,-22.42675676436869,-41.847798986046016,Novo Horizonte,2,76.5503828860443,30.0,46.550382886044304,34.14532080076323,suspeita_halo,"halo_dominated,inherited_majority"
8aa8b1b094e7fff,-22.435306334347416,-41.84271734931821,Novo Horizonte,2,76.40722519335537,30.0,46.40722519335537,34.03887646984283,suspeita_halo,"halo_dominated,inherited_majority"
8aa8b1a206affff,-22.386670429360592,-41.80261211025645,Botafogo,18,76.3622204663265,30.0,46.362220466326505,34.005441824215865,suspeita_halo,"halo_dominated,inherited_majority"
8aa8b1a206f7fff,-22.38576512217149,-41.80347027254868,Botafogo,18,76.33437062732757,30.0,46.33437062732757,33.984758619954874,suspeita_halo,"halo_dominated,inherited_majority"
8aa8b1b56d27fff,-22.427459933337246,-41.845619901069036,Novo Horizonte,2,76.16553206781403,30.0,46.16553206781403,33.85947970103575,suspeita_halo,"halo_dominated,inherited_majority"
8aa8b1b50d97fff,-22.413380111940658,-41.861991990432415,Cancela Preta,13,76.11578248588484,30.0,46.115782485884836,33.82260216258152,suspeita_halo,"halo_dominated,inherited_majority"
8aa8b1b54c57fff,-22.431998602971014,-41.86853858778018,Cancela Preta,3,76.10559217767224,30.0,46.105592177672236,33.81505053781713,suspeita_halo,"halo_dominated,inherited_majority"
8aa8b1b0955ffff,-22.4377222176099,-41.844963827301335,Novo Horizonte,2,76.09280097039843,30.0,46.09280097039843,33.80557249241835,suspeita_halo,"halo_dominated,inherited_majority"
8aa8b1b0919ffff,-22.439233007303145,-41.84806849821075,Novo Horizonte,2,76.04710263416055,30.0,46.04710263416055,33.77171998370039,suspeita_halo,"halo_dominated,inherited_majority"
8aa8b1b54c77fff,-22.433105546920416,-41.869001396559526,Cancela Preta,3,75.92959160816955,30.0,45.929591608169545,33.684735396386756,suspeita_halo,"halo_dominated,inherited_majority"
8aa8b1b0ba67fff,-22.429068153389853,-41.84258264513938,Novo Horizonte,2,75.90231859270646,30.0,45.902318592706465,33.66456074566405,suspeita_halo,"halo_dominated,inherited_majority"
8aa8b1b0956ffff,-22.43903108730585,-41.8467475477302,Novo Horizonte,2,75.89019391228376,30.0,45.89019391228376,33.65559340162683,suspeita_halo,"halo_dominated,inherited_majority"
8aa8b1a260cffff,-22.402963590799178,-41.78716478951368,Glória,21,75.8206103319839,30.0,45.8206103319839,33.604149312113236,suspeita_halo,"halo_dominated,inherited_majority"
8aa8b1b0940ffff,-22.436413309244102,-41.8431801145242,Novo Horizonte,2,75.80259216171835,30.0,45.80259216171835,33.59083366142694,suspeita_halo,"halo_dominated,inherited_majority"
8aa8b1a2574ffff,-22.399172024551262,-41.83008872896096,Cancela Preta,22,75.6745728863462,30.0,45.6745728863462,33.49629031120452,suspeita_halo,"halo_dominated,inherited_majority"
8aa8b1b0ba6ffff,-22.428163067345885,-41.843440811784795,Novo Horizonte,2,75.6670580728785,30.0,45.667058072878504,33.49074407577926,suspeita_halo,"halo_dominated,inherited_majority"
8aa8b1b096effff,-22.428065763962703,-41.84958268215911,Novo Horizonte,2,75.57814548952784,30.0,45.57814548952784,33.42515272004849,suspeita_halo,"halo_dominated,inherited_majority"
8aa8b1b09367fff,-22.43501383935836,-41.86114317148967,Novo Horizonte,3,75.56405348524214,30.0,45.56405348524214,33.41476200093808,suspeita_halo,"halo_dominated,inherited_majority"
8aa8b1b096cffff,-22.426958702941356,-41.849119911591,Novo Horizonte,2,75.28902192460393,30.0,45.28902192460393,33.21224527982474,suspeita_halo,"halo_dominated,inherited_majority"
8aa8b1b094d7fff,-22.43399736602936,-41.840933648328175,Novo Horizonte,2,75.27162965381456,30.0,45.27162965381456,33.19945647115229,suspeita_halo,"halo_dominated,inherited_majority"
8aa8b1b09b2ffff,-22.443465275296468,-41.862203665434336,Novo Horizonte,-1,75.2347716418135,30.0,45.234771641813495,33.172361233251024,suspeita_halo,"halo_dominated,inherited_majority"
8aa8b1b094f7fff,-22.435104362212357,-41.84139640940222,Novo Horizonte,2,75.14378532818063,30.0,45.14378532818063,33.10551594168308,suspeita_halo,"halo_dominated,inherited_majority"
8aa8b1b0bb2ffff,-22.432890354763238,-41.84047088888285,Novo Horizonte,2,75.11293970521726,30.0,45.11293970521726,33.082867734752384,suspeita_halo,"halo_dominated,inherited_majority"
8aa8b1a26057fff,-22.405178639530174,-41.78809007559775,Glória,21,75.0994825682823,30.0,45.0994825682823,33.0729890253496,suspeita_halo,"halo_dominated,inherited_majority"
8aa8b1b5684ffff,-22.42213329954228,-41.85823156280592,Cancela Preta,13,75.03573201568466,30.0,45.03573201568466,33.02620801565833,suspeita_halo,"halo_dominated,inherited_majority"
8aa8b1b50db7fff,-22.414487306093424,-41.862454774071,Cancela Preta,13,75.0122475507092,30.0,45.012247550709205,33.00898207044189,suspeita_halo,"halo_dominated,inherited_majority"
8aa8b1b09547fff,-22.438829156131924,-41.84542659826664,Novo Horizonte,2,74.97447837586706,30.0,44.974478375867065,32.9812864590137,suspeita_halo,"halo_dominated,inherited_majority"
8aa8b1a24707fff,-22.412942220320218,-41.80493289437949,Bosque Azul,23,74.9682734798783,30.0,44.968273479878306,32.97673746568164,suspeita_halo,"halo_dominated,inherited_majority"
8aa8b1a240d7fff,-22.41425188955587,-41.8067164551276,Bosque Azul,23,74.92572292918763,30.0,44.92572292918763,32.94554978381339,suspeita_halo,"halo_dominated,inherited_majority"
8aa8b1a2060ffff,-22.387075204849808,-41.8052537540258,Botafogo,18,74.91924877704184,30.0,44.919248777041844,32.94080564641155,suspeita_halo,"halo_dominated,inherited_majority"
8aa8b1b54ceffff,-22.430891643932902,-41.8680757806261,Cancela Preta,3,74.88562981862242,30.0,44.88562981862242,32.916175113268295,suspeita_halo,"halo_dominated,inherited_majority"
8aa8b1b0942ffff,-22.43752026905576,-41.84364288135865,Novo Horizonte,2,74.87898328183927,30.0,44.87898328183927,32.911306562112784,suspeita_halo,"halo_dominated,inherited_majority"
8aa8b1a2472ffff,-22.413144537221516,-41.80625377122627,Bosque Azul,23,74.86426516219773,30.0,44.864265162197725,32.900526745079276,suspeita_halo,"halo_dominated,inherited_majority"
8aa8b1a2604ffff,-22.404476064948042,-41.79026913273551,Glória,21,74.8104564044036,30.0,44.810456404403595,32.86112942652014,suspeita_halo,"halo_dominated,inherited_majority"
8aa8b1b0941ffff,-22.4362113433115,-41.84185917210492,Novo Horizonte,2,74.64473355017573,30.0,44.64473355017573,32.739922167758635,suspeita_halo,"halo_dominated,inherited_majority"
8aa8b1b52bb7fff,-22.39898521625295,-41.85597595111531,Cancela Preta,4,74.63245917968611,30.0,44.63245917968611,32.73095273714185,suspeita_halo,"halo_dominated,inherited_majority"
8aa8b1a24787fff,-22.411430167092192,-41.80182846915475,Bosque Azul,23,74.5766301332971,30.0,44.5766301332971,32.69016968742986,suspeita_halo,"halo_dominated,inherited_majority"
8aa8b1a24aaffff,-22.41768010471658,-41.81556715638462,Virgem Santa,15,74.56905073481671,30.0,44.56905073481671,32.684634683099986,suspeita_halo,"halo_dominated,inherited_majority"
8aa8b1b56a57fff,-22.41649980370114,-41.862059435546854,Cancela Preta,13,74.5081017957462,30.0,44.5081017957462,32.64014064585737,suspeita_halo,"halo_dominated,inherited_majority"
8aa8b1b72cb7fff,-22.45503423540479,-41.86333164299756,Aphaville (Costa do Sol),1,74.44215460552176,30.0,44.442154605521765,32.59202812743534,suspeita_halo,"halo_dominated,inherited_majority"
8aa8b1b0ba77fff,-22.428866166392112,-41.841261718199576,Novo Horizonte,2,74.37112565426925,30.0,44.37112565426925,32.5402435317246,suspeita_halo,"halo_dominated,inherited_majority"
8aa8b1b54d5ffff,-22.434212475780384,-41.86946420696411,Cancela Preta,3,74.31762738593665,30.0,44.317627385936646,32.501264199453246,suspeita_halo,"halo_dominated,inherited_majority"
8aa8b1b56997fff,-22.426053560442668,-41.84997806670944,Novo Horizonte,2,74.16129066737884,30.0,44.161290667378836,32.38747587129684,suspeita_halo,"halo_dominated,inherited_majority"
8aa8b1b56d37fff,-22.427257967452036,-41.84429897607344,Novo Horizonte,2,74.13254209558544,30.0,44.132542095585436,32.366571006477514,suspeita_halo,"halo_dominated,inherited_majority"
8aa8b1b0ba2ffff,-22.429771233614225,-41.840403547716775,Novo Horizonte,2,74.07163073709356,30.0,44.07163073709356,32.3222987063736,suspeita_halo,"halo_dominated,inherited_majority"
8aa8b1b52ba7fff,-22.399187149787664,-41.85729682285155,Cancela Preta,4,74.02746984697693,30.0,44.02746984697693,32.29021829833786,suspeita_halo,"halo_dominated,inherited_majority"
8aa8b1a2068ffff,-22.385562722676376,-41.8021494537126,Botafogo,18,73.99249274313627,30.0,43.99249274313627,32.26481962915193,suspeita_halo,"halo_dominated,inherited_majority"
8aa8b1b56a5ffff,-22.415594485168857,-41.862917559335514,Cancela Preta,13,73.9588005357902,30.0,43.9588005357902,32.24036255590596,suspeita_halo,"halo_dominated,inherited_majority"
8aa8b1a2678ffff,-22.39993838942262,-41.780956151237476,Glória,19,73.95243351415364,30.0,43.95243351415364,32.235741699176614,suspeita_halo,"halo_dominated,inherited_majority"
8aa8b1a24ae7fff,-22.41697726126273,-41.81774623370535,Virgem Santa,15,73.94434633739955,30.0,43.94434633739955,32.229872875908285,suspeita_halo,"halo_dominated,inherited_majority"
8aa8b1b5636ffff,-22.412272902711294,-41.86152920841984,Cancela Preta,13,73.91405321295781,30.0,43.91405321295781,32.20789362349879,suspeita_halo,"halo_dominated,inherited_majority"
8aa8b1a2539ffff,-22.400481621373153,-41.83187230824617,Cancela Preta,28,73.8092608446687,30.0,43.8092608446687,32.13191389435502,suspeita_halo,"halo_dominated,inherited_majority"
8aa8b1a2414ffff,-22.418180665689633,-41.81206718370781,Virgem Santa,15,73.80217870142471,30.0,43.80217870142471,32.12678193662762,suspeita_halo,"halo_dominated,inherited_majority"
8aa8b1b72787fff,-22.443165537669984,-41.86702472350043,Novo Horizonte,1,73.79282176533751,30.0,43.79282176533751,32.12000216196236,suspeita_halo,"halo_dominated,inherited_majority"
8aa8b1a24ab7fff,-22.418382913202073,-41.813388074843644,Virgem Santa,15,73.78406735741963,30.0,43.78406735741963,32.11365955425265,suspeita_halo,"halo_dominated,inherited_majority"
8aa8b1b54697fff,-22.418010626174492,-41.86516404891546,Cancela Preta,13,73.76842520088137,30.0,43.76842520088137,32.10232816702573,suspeita_halo,"halo_dominated,inherited_majority"
8aa8b1b56987fff,-22.426255482874993,-41.851298991781846,Novo Horizonte,2,73.6965634022196,30.0,43.696563402219596,32.05029403431611,suspeita_halo,"halo_dominated,inherited_majority"
8aa8b1a26047fff,-22.405381110060436,-41.789410928080265,Glória,21,73.69136339941893,30.0,43.69136339941893,32.046530284712674,suspeita_halo,"halo_dominated,inherited_majority"
8aa8b1b56d2ffff,-22.426554814624517,-41.84647806151686,Novo Horizonte,2,73.632382821527,30.0,43.632382821527,32.00385448278992,suspeita_halo,"halo_dominated,inherited_majority"
8aa8b1b569b7fff,-22.42716063034226,-41.85044083815042,Novo Horizonte,2,73.61412593365645,30.0,43.61412593365645,31.990649881680383,suspeita_halo,"halo_dominated,inherited_majority"
8aa8b1b5695ffff,-22.42505081686378,-41.85697806430947,Cancela Preta,13,73.48319298747133,30.0,43.48319298747133,31.896023990279623,suspeita_halo,"halo_dominated,inherited_majority"
8aa8b1b56d67fff,-22.425851626838863,-41.84865714265055,Novo Horizonte,2,73.41594103075893,30.0,43.41594103075893,31.847471008309007,suspeita_halo,"halo_dominated,inherited_majority"
8aa8b1a256cffff,-22.394539855295626,-41.82691703018705,São Marcos,26,73.3249901969828,30.0,43.324990196982796,31.781863030792223,suspeita_halo,"halo_dominated,inherited_majority"
8aa8b1a240f7fff,-22.415359226826574,-41.8071791406618,Bosque Azul,23,73.29125900603202,30.0,43.29125900603202,31.757546805461786,suspeita_halo,"halo_dominated,inherited_majority"
8aa8b1b5694ffff,-22.425252684673765,-41.85829899043878,Cancela Preta,8,73.25624567483588,30.0,43.25624567483588,31.732315478605017,suspeita_halo,"halo_dominated,inherited_majority"
8aa8b1b52b87fff,-22.398079750828433,-41.856834059483845,Cancela Preta,4,73.12447269055869,30.0,43.12447269055869,31.637441123815776,suspeita_halo,"halo_dominated,inherited_majority"
8aa8b1b569affff,-22.426457394135568,-41.85261991786636,Novo Horizonte,-1,73.08106831765713,30.0,43.08106831765713,31.606219831316444,suspeita_halo,"halo_dominated,inherited_majority"
8aa8b1b0ba47fff,-22.42796108531896,-41.84211988632657,Novo Horizonte,2,73.0539818642756,30.0,43.0539818642756,31.586743552567924,suspeita_halo,"halo_dominated,inherited_majority"
8aa8b1b0d24ffff,-22.451714130832087,-41.8619432040493,Aphaville (Costa do Sol),1,73.011593880656,30.0,43.011593880655994,31.556276173880335,suspeita_halo,"halo_dominated,inherited_majority"
8aa8b1a2400ffff,-22.41666883621977,-41.808962713283464,Virgem Santa,15,72.84568183783114,30.0,42.84568183783114,31.437156337847433,suspeita_halo,"halo_dominated,inherited_majority"
8aa8b1b50d9ffff,-22.41247476182731,-41.86285011011654,Cancela Preta,13,72.73244706170051,30.0,42.73244706170051,31.355979757190838,suspeita_halo,"halo_dominated,inherited_majority"
8aa8b1b569a7fff,-22.427362546571146,-41.851761765722856,Novo Horizonte,2,72.72278547295183,30.0,42.72278547295183,31.349058108753198,suspeita_halo,"halo_dominated,inherited_majority"
8aa8b1a25767fff,-22.40118478743317,-41.82969329919432,Cancela Preta,22,72.5844015561824,30.0,42.5844015561824,31.249998679538955,suspeita_halo,"halo_dominated,inherited_majority"
8aa8b1b56867fff,-22.424145612960007,-41.85783620638719,Cancela Preta,13,72.51211610485326,30.0,42.51211610485326,31.198314226984806,suspeita_halo,"halo_dominated,inherited_majority"
8aa8b1b52a87fff,-22.394959410721775,-41.856766641892115,Cancela Preta,4,72.4794040663271,30.0,42.479404066327106,31.174938464310365,suspeita_halo,"halo_dominated,inherited_majority"
8aa8b1a25667fff,-22.398064549579225,-41.82962601413679,Cancela Preta,22,72.47216892872147,30.0,42.47216892872147,31.169769430719626,suspeita_halo,"halo_dominated,inherited_majority"
8aa8b1b52917fff,-22.4057270123233,-41.85261089175114,Cancela Preta,4,72.43004850925267,30.0,42.43004850925267,31.139685336409855,suspeita_halo,"halo_dominated,inherited_majority"
8aa8b1b09acffff,-22.436120766424544,-41.8616059693081,Novo Horizonte,3,72.3717748302194,30.0,42.371774830219394,31.09808703575706,suspeita_halo,"halo_dominated,inherited_majority"
8aa8b1a2670ffff,-22.40145103228675,-41.78406046234164,Glória,19,72.31626849477234,30.0,42.316268494772345,31.058489176532674,suspeita_halo,"halo_dominated,inherited_majority"
8aa8b1b52b9ffff,-22.396972336802506,-41.85637129774271,Cancela Preta,4,72.29183832756326,30.0,42.291838327563255,31.041068596176906,suspeita_halo,"halo_dominated,inherited_majority"
8aa8b1a26777fff,-22.401653543646983,-41.78538130509202,Glória,21,72.25242967196498,30.0,42.252429671964975,31.012977196943538,suspeita_halo,"halo_dominated,inherited_majority"
8aa8b1b09007fff,-22.43873179273795,-41.85156857226991,Novo Horizonte,-1,72.1631999940946,30.0,42.1631999940946,30.949417901875172,suspeita_halo,"halo_dominated,inherited_majority"
8aa8b1b52a9ffff,-22.39385195769772,-41.85630388253303,Cancela Preta,-1,72.08822168064393,30.0,42.088221680643926,30.8960591474233,suspeita_halo,"halo_dominated,inherited_majority"
8aa8b1b54c47fff,-22.432200361518255,-41.86985953338116,Cancela Preta,3,72.05663862922215,30.0,42.05663862922215,30.873596352138797,suspeita_halo,"halo_dominated,inherited_majority"
8aa8b1b09407fff,-22.437318309326034,-41.842321936436235,Novo Horizonte,2,72.04483056467443,30.0,42.04483056467443,30.865200162926932,suspeita_halo,"halo_dominated,inherited_majority"
8aa8b1b7278ffff,-22.44226046589317,-41.867882876503316,Novo Horizonte,1,72.02898349338656,30.0,42.02898349338656,30.85393377382089,suspeita_halo,"halo_dominated,inherited_majority"
8aa8b1b0bb27fff,-22.433795376518567,-41.839612711938784,Novo Horizonte,2,72.01906425109034,30.0,42.01906425109034,30.846882768286505,suspeita_halo,"halo_dominated,inherited_majority"
8aa8b1b7202ffff,-22.449506224723176,-41.87462273876113,Novo Horizonte,1,71.99808924929447,30.0,41.998089249294466,30.831975476555684,suspeita_halo,"halo_dominated,inherited_majority"
8aa8b1b0948ffff,-22.434902378903054,-41.840075470508886,Novo Horizonte,2,71.93288629209597,30.0,41.93288629209597,30.785657219554516,suspeita_halo,"halo_dominated,inherited_majority"
8aa8b1b54c67fff,-22.433307299255993,-41.8703223446537,Cancela Preta,3,71.92332129308897,30.0,41.923321293088975,30.77886540634634,suspeita_halo,"halo_dominated,inherited_majority"
8aa8b1b50d87fff,-22.41358196485229,-41.86331289462476,Cancela Preta,13,71.87668297089283,30.0,41.87668297089283,30.745759533697488,suspeita_halo,"halo_dominated,inherited_majority"
8aa8b1b56a47fff,-22.41670164916621,-41.86338034622591,Cancela Preta,13,71.85639759617133,30.0,41.856397596171334,30.731365590391007,suspeita_halo,"halo_dominated,inherited_majority"
8aa8b1a2415ffff,-22.41797840701398,-41.81074629362577,Virgem Santa,15,71.83914936836592,30.0,41.83914936836592,30.719129340129328,suspeita_halo,"halo_dominated,inherited_majority"
8aa8b1b5691ffff,-22.426659294224145,-41.85394084496157,Novo Horizonte,-1,71.73410549192232,30.0,41.73410549192232,30.644661073728642,suspeita_halo,"halo_dominated,inherited_majority"
8aa8b1b7270ffff,-22.44377074243736,-41.87098763066416,Novo Horizonte,1,71.70514768199261,30.0,41.705147681992614,30.624147900113584,suspeita_halo,"halo_dominated,inherited_majority"
8aa8b1b52b8ffff,-22.397174271574393,-41.857692165489894,Cancela Preta,4,71.6805209059581,30.0,41.680520905958105,30.60670811891012,suspeita_halo,"halo_dominated,inherited_majority"
8aa8b1b56837fff,-22.425552227854325,-41.85347806764902,Cancela Preta,-1,71.62598807347824,30.0,41.62598807347824,30.568107551972695,suspeita_halo,"halo_dominated,inherited_majority"
8aa8b1b09557fff,-22.43862721378163,-41.84410564982147,Novo Horizonte,2,71.60475803167414,30.0,41.60475803167414,30.553086623699826,suspeita_halo,"halo_dominated,inherited_majority"
8aa8b1a2671ffff,-22.40124850977412,-41.782739620674725,Glória,19,71.57483700207425,30.0,41.57483700207425,30.531922799650424,suspeita_halo,"halo_dominated,inherited_majority"
8aa8b1b72777fff,-22.44397245499662,-41.8723086017031,Novo Horizonte,1,71.5126002546318,30.0,41.512600254631806,30.48792480805338,suspeita_halo,"halo_dominated,inherited_majority"
8aa8b1b52aaffff,-22.39516134673096,-41.85808750565013,Cancela Preta,4,71.47418215410562,30.0,41.47418215410562,30.46078115800674,suspeita_halo,"halo_dominated,inherited_majority"
8aa8b1b09037fff,-22.43963681376684,-41.85071040221719,Novo Horizonte,-1,71.43497184405932,30.0,41.43497184405932,30.433090290504026,suspeita_halo,"halo_dominated,inherited_majority"
8aa8b1b54197fff,-22.428879457773206,-41.868471109314385,Cancela Preta,3,71.34352763742434,30.0,41.343527637424344,30.368560316256335,suspeita_halo,"halo_dominated,inherited_majority"
8aa8b1a263a7fff,-22.403368545406057,-41.78980648546528,Glória,21,71.33731769589848,30.0,41.33731769589848,30.364180612083544,suspeita_halo,"halo_dominated,inherited_majority"
8aa8b1b09aeffff,-22.437227678401385,-41.862068768752685,Novo Horizonte,3,71.33062688495701,30.0,41.33062688495701,30.359462120335223,suspeita_halo,"halo_dominated,inherited_majority"
8aa8b1a24717fff,-22.412739892258873,-41.803612018594045,Bosque Azul,23,71.31704622688282,30.0,41.31704622688282,30.349885910512036,suspeita_halo,"halo_dominated,inherited_majority"
8aa8b1b52877fff,-22.40210541522369,-41.856043365261954,Cancela Preta,4,71.28357320515039,30.0,41.28357320515039,30.32628939564043,suspeita_halo,"halo_dominated,inherited_majority"
8aa8b1a24aa7fff,-22.418585149551046,-41.814708967031834,Virgem Santa,15,71.26261009245925,30.0,41.262610092459255,30.311516356962258,suspeita_halo,"halo_dominated,inherited_majority"
8aa8b1b52aa7fff,-22.396066848680906,-41.85722940287775,Cancela Preta,4,71.18399520697338,30.0,41.18399520697338,30.256147671001642,suspeita_halo,"halo_dominated,inherited_majority"
8aa8b1a24727fff,-22.41404957883831,-41.805395575764194,Bosque Azul,23,71.15088905206417,30.0,41.15088905206417,30.232846283861875,suspeita_halo,"halo_dominated,inherited_majority"
8aa8b1a25747fff,-22.400077336393892,-41.82923058361796,Cancela Preta,22,71.08469739511006,30.0,41.084697395110055,30.186285429768915,suspeita_halo,"halo_dominated,inherited_majority"
8aa8b1b52837fff,-22.403714294254044,-41.85300625303367,Cancela Preta,4,71.07702518297397,30.0,41.07702518297397,30.180890969964096,suspeita_halo,"halo_dominated,inherited_majority"
8aa8b1b0bb07fff,-22.43268835905139,-41.839149954997566,Novo Horizonte,2,71.06498668008405,30.0,41.06498668008405,30.17242748989672,suspeita_halo,"halo_dominated,inherited_majority"
8aa8b1a22b4ffff,-22.387170892677506,-41.79911230320607,Visconde de Araújo,10,71.02681038029252,30.0,41.02681038029252,30.145596258029165,suspeita_halo,"halo_dominated,inherited_majority"
8aa8b1b09197fff,-22.440138004536102,-41.84721032282552,Novo Horizonte,2,70.91114570301052,30.0,40.91114570301052,30.064378881364284,suspeita_halo,"halo_dominated,inherited_majority"
8aa8b1a24797fff,-22.411227810529848,-41.80050759801445,Bosque Azul,23,70.90228295743692,30.0,40.902282957436924,30.05816027806508,suspeita_halo,"halo_dominated,inherited_majority"
8aa8b1b50da7fff,-22.414689152800232,-41.86377568075882,Cancela Preta,13,70.78445101984397,30.0,40.78445101984397,29.97554565133987,suspeita_halo,"halo_dominated,inherited_majority"
8aa8b1a24a1ffff,-22.417882324926623,-41.81688804816061,Virgem Santa,15,70.70786820201944,30.0,40.70786820201944,29.921914646106117,suspeita_halo,"halo_dominated,inherited_majority"
8aa8b1a26b67fff,-22.411025442808768,-41.79918672794017,Bosque Azul,23,70.68114728743757,30.0,40.68114728743757,29.903213673824602,suspeita_halo,"halo_dominated,inherited_majority"
8aa8b1b72627fff,-22.442663936985046,-41.87052481061949,Novo Horizonte,1,70.64755196498128,30.0,40.647551964981275,29.879710168333077,suspeita_halo,"halo_dominated,inherited_majority"
8aa8b1b50cb7fff,-22.411367543726037,-41.862387327234195,Cancela Preta,-1,70.56112471941023,30.0,40.56112471941023,29.819289267733737,suspeita_halo,"halo_dominated,inherited_majority"
8aa8b1b5698ffff,-22.42535032156168,-41.85215714305302,Novo Horizonte,-1,70.49079520701476,30.0,40.490795207014756,29.77016928124467,suspeita_halo,"halo_dominated,inherited_majority"
8aa8b1b56847fff,-22.423038526164575,-41.857373423962166,Cancela Preta,13,70.41337233075784,30.0,40.41337233075784,29.716144096239276,suspeita_halo,"halo_dominated,inherited_majority"
8aa8b1a267affff,-22.40104597610936,-41.78141878009269,Glória,19,70.38320620229001,30.0,40.38320620229001,29.69510830133357,suspeita_halo,"halo_dominated,inherited_majority"
8aa8b1b56a4ffff,-22.415796325670414,-41.864238468518664,Cancela Preta,13,70.35753451378595,30.0,40.35753451378595,29.67721278798824,suspeita_halo,"halo_dominated,inherited_majority"
8aa8b1b54087fff,-22.42596197634149,-41.86972456413634,Cancela Preta,8,70.32899737402303,30.0,40.32899737402303,29.657326456019092,suspeita_halo,"halo_dominated,inherited_majority"
8aa8b1b52baffff,-22.398281679401492,-41.85815492972847,Cancela Preta,4,70.28146863423238,30.0,40.28146863423238,29.62422127086961,suspeita_halo,"halo_dominated,inherited_majority"
8aa8b1b726a7fff,-22.441153632918223,-41.867420063070625,Novo Horizonte,-1,70.16362799994856,30.0,40.16362799994856,29.542226039392872,suspeita_halo,"halo_dominated,inherited_majority"
8aa8b1b54687fff,-22.418212443094234,-41.866484964086105,Cancela Preta,13,70.142090951176,30.0,40.142090951176,29.527253264687715,suspeita_halo,"halo_dominated,inherited_majority"
8aa8b1b09a77fff,-22.439441457084087,-41.862994372520134,Novo Horizonte,3,70.12136879846867,30.0,40.121368798468666,29.512850820319294,suspeita_halo,"halo_dominated,inherited_majority"
8aa8b1b0ba4ffff,-22.42705599039555,-41.84297805209739,Novo Horizonte,2,70.06233083819005,30.0,40.06233083819005,29.47183837319158,suspeita_halo,"halo_dominated,inherited_majority"
8aa8b1b56947fff,-22.426157879700902,-41.85744084749014,Cancela Preta,8,70.0268517776502,30.0,40.026851777650194,29.4472064262186,suspeita_halo,"halo_dominated,inherited_majority"
