h3,lat,lon,area_km2,score,class,pos_food,pos_shop,pos_supermarket,pos_pharmacy,pos_fitness,pos_education,pos_healthcare,pos_office,pos_bank,pos_transport,pos_leisure,pos_fuel,pos_residential,pos_commercial,pos_mixed_use,pos_road_density,pos_anchor_proximity,positive_total,pen_unsuitable_landuse,pen_industrial,pen_isolation,pen_low_connectivity,penalty_total,raw,score_physical,score_rank_pct,count_shop,count_supermarket,count_food,count_pharmacy,count_healthcare,count_education,count_fitness,count_office,count_bank,count_transport,count_leisure,count_fuel,feat_unsuitable_frac,feat_industrial_frac,feat_residential,feat_commercial,feat_road_density,feat_mixed_use,feat_isolation,feat_anchor_proximity,feat_low_connectivity,raw_lu_frac_unsuitable,raw_lu_frac_residential,raw_lu_frac_commercial,raw_lu_frac_industrial
89a8b1a2513ffff,-22.409437498486646,-41.82943243574934,0.12846589624592414,15.0,muito ruim,0.03898635477582849,0.0,0.0,0.0,0.0,0.0,0.0,0.0,0.0,0.10507075471698114,0.0,0.0,0.12535695355959578,0.0,0.16873021484009937,0.0635032071230908,0.6682162622913023,1.169863747306898,2.2,0.0,0.5182173575014182,0.3745987171507637,3.0928160746521822,-1.9229523273452842,23.88,2.52,0,0,0,0,0,0,0,0,0,0,0,0,4.740209759337196,0.0,0.08055974740216001,0.0,9388.468639783787,0.08938237647089782,0.5757970638904646,0.3341991481524928,0.9364967928769092,1.0,0.0,0.0,0.0
89a8b1b0b6fffff,-22.417285199913156,-41.8265297720848,0.1284633138965141,15.722637165432108,muito ruim,0.09356725146198837,0.0,0.0,0.0,0.0680443548387097,0.0,0.0,0.0,0.0,0.01751179245283019,0.0,0.0,0.013306068348053686,0.0,0.23119582977288833,0.00872478390024573,0.6374269193591751,1.069777000133891,2.2,0.0,0.5842884390166327,0.3965100864399017,3.1807985254565345,-2.111021525322643,21.74,1.68,0,0,0,0,0,0,0,0,0,0,0,0,3.467322227094143,0.0,0.00855104942005052,0.0,1289.8932785799861,0.12247262717495715,0.6492093766851474,0.3220498065876915,0.9912752160997542,0.006012302729095492,0.0,0.0,0.0
89a8b1b19d7ffff,-22.43667110293381,-41.783939929984655,0.1284560320435929,30.0,ruim,0.0,0.0,0.0,0.0,0.0,0.0,0.0,0.0,0.0,0.0,0.0,0.0,0.0,0.0,0.0,0.0,0.09863990414371826,0.09863990414371826,0.0,0.0,0.9,0.4,1.3,-1.2013600958562818,30.73,30.81,0,0,0,0,0,0,0,0,0,0,0,0,0.0,0.0,0.0,0.0,0.0,-0.0,1.0,0.10944678050290826,1.0,0.0,0.0,0.0,0.0
89a8b1a2297ffff,-22.394412650446334,-41.792246879025114,0.1284698165809203,93.49134250478392,muito bom,0.7927225471085128,1.4,1.0137614678899083,0.649305555555556,0.9753024193548392,0.4351648351648351,0.2727272727272727,0.3947368421052635,0.5037878787878791,0.9514740566037737,0.6,0.5,0.7486181545739267,1.2,1.4870702767780668,1.0,1.5706275909577028,14.495298897607535,0.7590987650730637,0.0,6.267140739925183e-08,0.0,0.7590988277444711,13.736200069863063,93.22,94.12,0,0,0,0,0,0,0,0,0,0,0,0,0.34504489321502896,0.0,0.4810940894832414,0.10121954706926668,193082.80175188408,0.7877538438721348,6.96348971102798e-08,0.6902867557407069,0.0,0.0,0.0,0.0,0.0
89a8b1a244bffff,-22.41464545113682,-41.79575390672922,0.1284634220238555,54.96070831607772,médio,0.35087719298245634,0.0584144645340751,0.0,0.0,0.0680443548387097,0.0,0.0,0.0,0.0795454545454546,0.0,0.04808548530721283,0.0,0.011229685980120288,0.07309315446186043,0.579268741447362,0.01831080698805546,0.607713886791584,1.894583227876891,0.011092539282846989,0.0,0.1984217395761144,0.39267567720477786,0.6021899560637393,1.2923932718131517,47.3,72.83,0,0,0,0,0,0,0,0,0,0,0,0,0.005042063310384995,0.0,0.007216677178852983,0.005607923714672618,2707.114253982034,0.3068591880531786,0.22046859952901599,0.31032517243796276,0.9816891930119446,0.0,0.0,0.0,0.0
89a8b1b0aa7ffff,-22.439216274188055,-41.82085872449434,0.12845613634142747,30.0,ruim,0.0,0.0,0.0,0.0,0.0,0.0,0.0,0.0,0.0,0.0,0.0,0.0,0.0,0.0,0.0,0.0,0.19827037437032663,0.19827037437032663,0.0,0.0,0.9,0.4,1.3,-1.1017296256296734,31.56,46.5,0,0,0,0,0,0,0,0,0,0,0,0,0.0,0.0,0.0,0.0,0.0,-0.0,1.0,0.14876053317743482,1.0,0.0,0.0,0.0,0.0
89a8b1b190fffff,-22.425706625626077,-41.78677611165433,0.12845963401091592,30.0,ruim,0.0,0.0,0.0,0.0,0.0,0.0,0.0,0.0,0.0,0.0,0.0,0.0,0.0,0.0,0.0,0.0,0.20933926539648182,0.20933926539648182,0.0,0.0,0.9,0.4,1.3,-1.0906607346035182,31.65,48.46,0,0,0,0,0,0,0,0,0,0,0,0,0.0,0.0,0.0,0.0,0.0,-0.0,1.0,0.1531282697061673,1.0,0.0,0.0,0.0,0.0
89a8b1b0e0fffff,-22.458119534934454,-41.80897793064757,0.12844976557451626,26.228422560850156,ruim,0.0,0.0,0.0,0.0,0.0,0.0,0.0,0.0,0.0,0.0,0.0,0.0,0.0,0.0,0.0,0.0,0.04401396226659681,0.04401396226659681,0.0,0.0,0.9,0.4,1.3,-1.2559860377334033,30.27,16.81,0,0,0,0,0,0,0,0,0,0,0,0,0.0,0.0,0.0,0.0,0.0,-0.0,1.0,0.0878916200817476,1.0,0.0,0.0,0.0,0.0
89a8b1a201bffff,-22.39734196101255,-41.80459707583665,0.12846919304282778,90.20759274875022,muito bom,0.8421052631578955,0.808066759388039,1.1181192660550459,0.8020833333333338,0.723286290322581,0.7516483516483516,1.0,0.9868421052631587,0.3181818181818184,0.9553655660377359,0.2911843276936777,0.0,1.0,0.7637192425875338,1.5,0.9484023282703796,1.1089848069829775,13.917989458922529,1.5488893555696184,0.009508079384862336,2.8771974391839585e-06,0.02063906869184815,1.579039380843768,12.33895007807876,89.25,92.44,0,0,0,0,0,0,1,0,0,0,0,0,0.7040406161680083,0.023770198462155837,1.1168719624653451,0.05859480663258583,140214.10760570443,0.8056216185060274,3.196886043537732e-06,0.508124509673989,0.051597671729620376,0.0,0.09539242302784788,0.0,0.0
89a8b1b1d63ffff,-22.442908775042557,-41.7840740614414,0.12845402800776956,27.77258622414661,ruim,0.0,0.0,0.0,0.0,0.0,0.0,0.0,0.0,0.0,0.0,0.0,0.0,0.0,0.0,0.0,0.0,0.06334242983835899,0.06334242983835899,0.0,0.0,0.9,0.4,1.3,-1.2366575701616411,30.43,21.57,0,0,0,0,0,0,0,0,0,0,0,0,0.0,0.0,0.0,0.0,0.0,-0.0,1.0,0.09551854979477152,1.0,0.0,0.0,0.0,0.0
89a8b1a22bbffff,-22.38817157336555,-41.79211267770965,0.12847181056807253,74.33594911856719,bom,0.3196881091617936,0.8989337042188225,0.268348623853211,0.1718750000000001,0.34022177419354854,0.11868131868131868,0.0,0.0,0.0,0.30353773584905663,0.11487088156723069,0.5,0.2276223846024516,0.1896213749788112,1.2812253221109065,0.9794236784269771,1.2535493175415742,6.967599225185702,0.25233169798311206,0.0,0.0029993474949393684,0.008230528629209167,0.26356157410726055,6.704037651078441,71.02,82.07,0,0,0,0,0,0,0,0,0,0,0,0,0.11469622635596002,0.0,0.14627989342396672,0.014548314590901543,144800.37948555514,0.6787104739568465,0.003332608327710409,0.5651690403350196,0.020576321573022915,0.0,0.0013925699591573403,0.0,0.0
89a8b1a246fffff,-22.406702438801165,-41.80479856510032,0.12846619839076023,94.61421087817207,muito bom,1.6,1.1553082985628187,1.3,1.0312500000000007,1.0,0.989010989010989,1.0,0.6414473684210532,0.5037878787878791,1.1,0.3098842386464827,0.0,0.5932337930147722,0.5676642089157528,1.4343356217617251,0.8378689017296121,1.7140728319857954,15.777864130836882,1.4780969977569418,0.004713765525206831,9.639847811302826e-09,0.06485243930815514,1.5476632122301515,14.23020091860673,94.59,94.68,0,0,0,0,0,0,0,0,0,3,0,0,0.6718622717077007,0.011784413813017076,0.38123744362513706,0.043552882654840266,123872.57690609191,0.759818427608957,1.0710942012558695e-08,0.7468896274855615,0.16213109827038785,0.0,0.023675320398825847,0.0,0.0
89a8b1b0acbffff,-22.444230099601437,-41.79946258114603,0.12845400598299972,30.0,ruim,0.0,0.0,0.0,0.0,0.0,0.0,0.0,0.0,0.0,0.0,0.0,0.0,0.0,0.0,0.0,0.0,0.1053693162365009,0.1053693162365009,0.0,0.0,0.9,0.4,1.3,-1.1946306837634992,30.79,33.05,0,0,0,0,0,0,0,0,0,0,0,0,0.0,0.0,0.0,0.0,0.0,-0.0,1.0,0.1121021774116942,1.0,0.0,0.0,0.0,0.0
89a8b1a25dbffff,-22.414261976193487,-41.820320776432084,0.12846414380898485,15.0,muito ruim,0.33008447043534794,0.02920723226703755,0.1341743119266055,0.0,0.2570564516129033,0.19780219780219782,0.0,0.0,0.0,0.21792452830188683,0.0400712377560107,0.0,0.0835533738202536,0.0,1.0232037112213543,0.1376065123375689,1.2619167485260727,3.712600776007239,2.2,0.0,0.06901989271915375,0.34495739506497247,2.6139772877841265,1.0986234882231125,46.23,71.71,0,0,0,0,0,0,0,0,0,0,0,0,6.4023724301195815,0.0,0.053694976612189964,0.0,20344.08157066961,0.5420272795212014,0.0766887696879486,0.5684707924144541,0.8623934876624311,1.0,0.0,0.0,0.0
89a8b1b0a83ffff,-22.447157259362164,-41.811813786806056,0.1284533675322938,30.0,ruim,0.0,0.0,0.0,0.0,0.0,0.0,0.0,0.0,0.0,0.0,0.0,0.0,0.0,0.0,0.0,0.0,0.11362156521968843,0.11362156521968843,0.0,0.0,0.9,0.4,1.3,-1.1863784347803117,30.86,33.61,0,0,0,0,0,0,0,0,0,0,0,0,0.0,0.0,0.0,0.0,0.0,-0.0,1.0,0.1153584791715448,1.0,0.0,0.0,0.0,0.0
89a8b1b08cfffff,-22.453201797742075,-41.82423238855179,0.12845170817960558,28.739704232665197,ruim,0.0,0.0,0.0,0.0,0.0,0.0,0.0,0.0,0.0,0.0,0.0,0.0,0.0,0.0,0.0,0.0,0.07051711218588981,0.07051711218588981,0.0,0.0,0.9,0.4,1.3,-1.2294828878141102,30.49,24.65,0,0,0,0,0,0,0,0,0,0,0,0,0.0,0.0,0.0,0.0,0.0,-0.0,1.0,0.09834964842039848,1.0,0.0,0.0,0.0,0.0
89a8b1a2427ffff,-22.40963040308506,-41.81714907719384,0.12846555630930043,15.0,muito ruim,0.4288499025341135,0.2920723226703756,0.5814220183486238,0.0,0.5443548387096777,0.9494505494505495,0.0,0.0,0.0,0.6946344339622643,0.08815672306322353,0.0,0.2876093185185865,0.0,1.2309386318641338,0.46699969994347257,1.0843676609785011,6.648856100043522,2.2,0.0,0.0011952970875624778,0.213200120022611,2.414395417110174,4.234460682933348,61.35,77.59,0,0,0,0,0,0,0,0,0,0,0,0,6.299598541801026,0.0,0.18483006640193772,0.0,69042.37181610765,0.6520718314151298,0.0013281078750694197,0.49841069032362906,0.5330003000565274,1.0,0.0,0.0,0.0
89a8b1a2623ffff,-22.400653289344007,-41.792381082967054,0.12846782128129938,99.74789915966386,muito bom,1.6,1.4,1.3,1.1,1.0,0.9626373626373627,1.0,1.0,0.7,0.8963443396226416,0.6,0.5,0.7851395998195935,1.2,1.5,0.9238003621048954,1.8,18.267921664184495,0.7735496951992452,0.0,4.002799268968272e-12,0.030479855158041858,0.8040295503612899,17.463892113823206,100.0,99.16,1,0,5,0,0,0,2,1,1,1,3,0,0.3516134978178387,0.0,0.5045643344134838,0.1839658806994664,136576.89307299643,0.8303915347421226,4.4475547432980796e-12,0.9203669777845128,0.07619963789510464,0.029349423441959444,0.04639375451154591,0.02098681526571323,0.0
89a8b1b1933ffff,-22.425611461064232,-41.79291792500109,0.12845982696576957,30.0,ruim,0.0,0.0,0.0,0.0,0.0,0.0,0.0,0.0,0.0,0.0,0.0,0.0,0.0,0.0,0.0,0.0,0.2511339014001215,0.2511339014001215,0.0,0.0,0.9,0.4,1.3,-1.0488660985998786,31.99,52.66,0,0,0,0,0,0,0,0,0,0,0,0,0.0,0.0,0.0,0.0,0.0,-0.0,1.0,0.16962025232184433,1.0,0.0,0.0,0.0,0.0
89a8b1b0e33ffff,-22.458023578435977,-41.81512007053071,0.12844994338806348,26.41725132836371,ruim,0.0,0.0,0.0,0.0,0.0,0.0,0.0,0.0,0.0,0.0,0.0,0.0,0.0,0.0,0.0,0.0,0.04747780325407235,0.04747780325407235,0.0,0.0,0.9,0.4,1.3,-1.2525221967459277,30.3,17.37,0,0,0,0,0,0,0,0,0,0,0,0,0.0,0.0,0.0,0.0,0.0,-0.0,1.0,0.08925843675515854,1.0,0.0,0.0,0.0,0.0
89a8b1b084fffff,-22.4454537516238,-41.820993218089754,0.12845413120027896,30.0,ruim,0.0,0.0,0.0,0.0,0.0,0.0,0.0,0.0,0.0,0.0,0.0,0.0,0.0,0.0,0.0,0.0,0.129734747518063,0.129734747518063,0.0,0.0,0.9,0.4,1.3,-1.170265252481937,30.99,37.25,0,0,0,0,0,0,0,0,0,0,0,0,0.0,0.0,0.0,0.0,0.0,-0.0,1.0,0.12171667122099551,1.0,0.0,0.0,0.0,0.0
89a8b1b1d1bffff,-22.452264460104466,-41.784275263549176,0.12845101949942145,24.189354902902437,ruim,0.0,0.0,0.0,0.0,0.0,0.0,0.0,0.0,0.0,0.0,0.0,0.0,0.0,0.0,0.0,0.0,0.026333003932165755,0.026333003932165755,0.0,0.0,0.9,0.4,1.3,-1.2736669960678344,30.11,10.36,0,0,0,0,0,0,0,0,0,0,0,0,0.0,0.0,0.0,0.0,0.0,-0.0,1.0,0.08091479038870868,1.0,0.0,0.0,0.0,0.0
89a8b1b0a03ffff,-22.439408443942746,-41.80857480276124,0.1284557844772917,30.0,ruim,0.0,0.0,0.0,0.0,0.0,0.0,0.0,0.0,0.0,0.0,0.0,0.0,0.0,0.0,0.0,0.0,0.18224159370319443,0.18224159370319443,0.0,0.0,0.9,0.4,1.3,-1.1177584062968056,31.43,45.38,0,0,0,0,0,0,0,0,0,0,0,0,0.0,0.0,0.0,0.0,0.0,-0.0,1.0,0.14243564564665637,1.0,0.0,0.0,0.0,0.0
89a8b1b0eb3ffff,-22.465770641880162,-41.81835923121047,0.1284475192209105,22.86214510727554,ruim,0.0,0.0,0.0,0.0,0.0,0.0,0.0,0.0,0.0,0.0,0.0,0.0,0.0,0.0,0.0,0.0,0.015282659502204013,0.015282659502204013,0.0,0.0,0.9,0.4,1.3,-1.284717340497796,30.02,6.16,0,0,0,0,0,0,0,0,0,0,0,0,0.0,0.0,0.0,0.0,0.0,-0.0,1.0,0.07655437226662473,1.0,0.0,0.0,0.0,0.0
89a8b1a255bffff,-22.40651045894311,-41.81708185266452,0.1284665552571626,15.0,muito ruim,0.40545808966861635,0.41539174779786747,0.7305045871559633,0.0,0.6199596774193551,1.2,0.0,0.14802631578947378,0.0,1.0474646226415096,0.07212822796081925,0.0,0.3772378247858218,0.0,1.1894107413758122,0.6221860528336618,1.625387518423971,8.453155405852872,2.2,0.002869426950797326,0.00014309136976722384,0.1511255788665353,2.3541380971871,6.099017308665772,68.78,80.95,0,0,0,0,0,0,0,0,0,2,0,0,5.1099289588531835,0.007173567376993314,0.24242918332279303,0.0,91985.49978455614,0.6300730356144666,0.00015899041085247093,0.7118947862958906,0.3778139471663382,0.7898438182930728,0.0,0.0,0.0
89a8b1b19b3ffff,-22.433361783790364,-41.796156642252384,0.12845741929155594,30.0,ruim,0.0,0.0,0.0,0.0,0.0,0.0,0.0,0.0,0.0,0.0,0.0,0.0,0.0,0.0,0.0,0.0,0.17810744224829014,0.17810744224829014,0.0,0.0,0.9,0.4,1.3,-1.1218925577517098,31.39,43.98,0,0,0,0,0,0,0,0,0,0,0,0,0.0,0.0,0.0,0.0,0.0,-0.0,1.0,0.14080432736172335,1.0,0.0,0.0,0.0,0.0
89a8b1b1d87ffff,-22.456799304369618,-41.793589036648385,0.12844980458730115,24.709241735486838,ruim,0.0,0.0,0.0,0.0,0.0,0.0,0.0,0.0,0.0,0.0,0.0,0.0,0.0,0.0,0.0,0.0,0.028936467554492997,0.028936467554492997,0.0,0.0,0.9,0.4,1.3,-1.271063532445507,30.14,12.04,0,0,0,0,0,0,0,0,0,0,0,0,0.0,0.0,0.0,0.0,0.0,-0.0,1.0,0.08194210587474926,1.0,0.0,0.0,0.0,0.0
89a8b1a26a3ffff,-22.408405796419757,-41.795619666809486,0.12846542031279096,90.0273503463762,muito bom,1.6,0.8340287436254057,0.8944954128440367,1.0312500000000007,0.892137096774194,0.6329670329670329,0.9090909090909092,0.6414473684210532,0.7,0.2218160377358491,0.34728406055209277,0.0,0.16649743656480664,1.0836711520862823,1.3917700093060754,0.32555780453722094,1.1201498125397682,12.792162877044728,0.23070941445376347,0.0,8.237814970721031e-07,0.26977687818511165,0.5004871164203721,12.291675760624356,89.11,92.16,0,0,0,0,0,0,0,0,0,0,0,0,0.10486791566080157,0.0,0.10699838383031007,0.08314246658847207,48131.25788135462,0.7372699136938249,9.153127745245589e-07,0.512530172580839,0.6744421954627791,0.0,0.0,0.0,0.0
89a8b1b0b4bffff,-22.42522847937941,-41.81748520970727,0.12846055665182265,47.18799917260368,médio,0.09356725146198837,0.0,0.0,0.0,0.0680443548387097,0.0,0.0,0.0,0.0,0.01751179245283019,0.0,0.0,0.00796758702763936,0.0,0.23119582977288833,0.006221163941581493,0.5904470455564416,1.0149550250520791,0.2534736928710927,0.0,0.5842884390166327,0.39751153442336745,1.235273666311093,-0.2203186412590139,38.12,68.35,0,0,0,0,0,0,0,0,0,0,0,0,0.11521531494140579,0.0,0.005120312676122945,0.0,919.7520127649386,0.12247262717495715,0.6492093766851474,0.30351175156135013,0.9937788360584185,0.0,0.0,0.0,0.0
89a8b1a2493ffff,-22.428443857586146,-41.81141058252683,0.12845937967312068,30.0,ruim,0.0,0.0,0.0,0.0,0.0,0.0,0.0,0.0,0.0,0.0,0.0,0.0,0.0,0.0,0.0,0.0,0.4072793624295647,0.4072793624295647,0.0,0.0,0.9,0.4,1.3,-0.8927206375704353,33.23,63.87,0,0,0,0,0,0,0,0,0,0,0,0,0.0,0.0,0.0,0.0,0.0,-0.0,1.0,0.2312345759539534,1.0,0.0,0.0,0.0,0.0
89a8b1b0e57ffff,-22.461333387664443,-41.802902953881386,0.12844857929003747,23.929171572781023,ruim,0.0,0.0,0.0,0.0,0.0,0.0,0.0,0.0,0.0,0.0,0.0,0.0,0.0,0.0,0.0,0.0,0.024992206593155628,0.024992206593155628,0.0,0.0,0.9,0.4,1.3,-1.2750077934068444,30.1,9.52,0,0,0,0,0,0,0,0,0,0,0,0,0.0,0.0,0.0,0.0,0.0,-0.0,1.0,0.0803857175573488,1.0,0.0,0.0,0.0,0.0
89a8b1a2217ffff,-22.38665886020702,-41.789008408626195,0.128472212673268,69.19615978615106,bom,0.31362356508555367,0.7496522948539638,0.0,0.0,0.29485887096774205,0.11868131868131868,0.0,0.0,0.0,0.11674528301886795,0.1353517364203028,0.25,0.03351301420526312,0.030653619478651015,1.1500160512416615,0.7771972531495253,1.2316047370395382,5.2018977441423875,0.034909535884801404,0.0,0.013460077697280963,0.0891210987401899,0.13749071232227228,5.0644070318201155,64.76,79.55,0,0,1,0,0,0,0,0,0,0,1,0,0.01586797085672791,0.0,0.021536898292422915,0.00235183665119523,114902.73277028278,0.6092042716656862,0.014955641885867737,0.5565098037737445,0.22280274685047474,0.0,0.0005226405880337036,0.0017025490783836503,0.0
89a8b1b0873ffff,-22.44535732199327,-41.82713524310053,0.1284543007374139,30.0,ruim,0.0,0.0,0.0,0.0,0.0,0.0,0.0,0.0,0.0,0.0,0.0,0.0,0.0,0.0,0.0,0.0,0.12015476898508637,0.12015476898508637,0.0,0.0,0.9,0.4,1.3,-1.1798452310149137,30.91,35.29,0,0,0,0,0,0,0,0,0,0,0,0,0.0,0.0,0.0,0.0,0.0,-0.0,1.0,0.11793645312289673,1.0,0.0,0.0,0.0,0.0
89a8b1b0a27ffff,-22.431466942265708,-41.81761966731734,0.1284585544949162,30.0,ruim,0.0,0.0,0.0,0.0,0.0,0.0,0.0,0.0,0.0,0.0,0.0,0.0,0.0,0.0,0.0,0.0,0.34951222804728427,0.34951222804728427,0.0,0.0,0.9,0.4,1.3,-0.9504877719527158,32.78,60.78,0,0,0,0,0,0,0,0,0,0,0,0,0.0,0.0,0.0,0.0,0.0,-0.0,1.0,0.2084399145551298,1.0,0.0,0.0,0.0,0.0
89a8b1b0bdbffff,-22.436097370866257,-41.82079147868363,0.12845713842180867,30.0,ruim,0.0,0.0,0.0,0.0,0.0,0.0,0.0,0.0,0.0,0.0,0.0,0.0,0.0,0.0,0.0,0.0,0.2452397936356541,0.2452397936356541,0.0,0.0,0.9,0.4,1.3,-1.054760206364346,31.94,51.82,0,0,0,0,0,0,0,0,0,0,0,0,0.0,0.0,0.0,0.0,0.0,-0.0,1.0,0.16729446288852906,1.0,0.0,0.0,0.0,0.0
89a8b1b1dabffff,-22.45056261370378,-41.79345480906476,0.1284518116819523,27.12500862307458,ruim,0.0,0.0,0.0,0.0,0.0,0.0,0.0,0.0,0.0,0.0,0.0,0.0,0.0,0.0,0.0,0.0,0.05340651715823568,0.05340651715823568,0.0,0.0,0.9,0.4,1.3,-1.2465934828417644,30.35,19.61,0,0,0,0,0,0,0,0,0,0,0,0,0.0,0.0,0.0,0.0,0.0,-0.0,1.0,0.09159788162153493,1.0,0.0,0.0,0.0,0.0
89a8b1a24b7ffff,-22.42050120872643,-41.82045525949988,0.12846214390805352,39.60860735338516,ruim,0.15594541910331397,0.0,0.0,0.0,0.11340725806451618,0.11868131868131868,0.0,0.0,0.0,0.02918632075471699,0.024042742653606414,0.0,0.035258523895309396,0.0,0.5665342043310642,0.02748334671971765,0.8914187622141044,1.961957896417668,2.2,0.0,0.37932553329832586,0.389006661312113,2.968332194610439,-1.006374298192771,32.33,56.58,0,0,0,0,0,0,0,0,0,0,0,0,1.6171982643590233,0.0,0.02265863757951639,0.0,4063.204844036155,0.3001132522894493,0.42147281477591764,0.4222738893269809,0.9725166532802824,0.0,0.0,0.0,0.0
89a8b1b0b13ffff,-22.431274065273467,-41.829903446734995,0.12845889390638474,30.0,ruim,0.0,0.0,0.0,0.0,0.0,0.0,0.0,0.0,0.0,0.0,0.0,0.0,0.0,0.0,0.0,0.0,0.26574427785413196,0.26574427785413196,0.06656249696015708,0.0,0.9,0.4,1.366562496960157,-1.1008182191060252,31.57,47.34,0,0,0,0,0,0,0,0,0,0,0,0,0.030255680436435034,0.0,0.0,0.0,0.0,-0.0,1.0,0.17538544368436879,1.0,0.0,0.0,0.0,0.0
89a8b1b0e7bffff,-22.455097020132115,-41.802768634113285,0.12845058747894317,26.860605928772973,ruim,0.0,0.0,0.0,0.0,0.0,0.0,0.0,0.0,0.0,0.0,0.0,0.0,0.0,0.0,0.0,0.0,0.05135023858606627,0.05135023858606627,0.0,0.0,0.9,0.4,1.3,-1.2486497614139338,30.33,18.77,0,0,0,0,0,0,0,0,0,0,0,0,0.0,0.0,0.0,0.0,0.0,-0.0,1.0,0.09078648298984798,1.0,0.0,0.0,0.0,0.0
89a8b1a2087ffff,-22.401878420773496,-41.813910216696115,0.12846796540090918,78.49580555930144,bom,0.4106562703053935,0.6101066295781179,0.9541284403669724,0.0,0.6350806451612906,1.2,0.0,0.9868421052631587,0.0,1.1,0.0400712377560107,0.0,0.4062369669104393,0.11679305756896867,1.1886141558547407,0.7871092924125467,1.733931091297366,10.169569892475005,2.2,0.012772901350754718,8.889019126602555e-06,0.08515628303498134,2.297938073404863,7.871631819070142,75.16,86.27,0,0,0,0,0,1,0,0,0,3,0,0,1.814812685433001,0.03193225337688679,0.2610652740868199,0.008960709960765222,116368.15277020188,0.6296510560241297,9.876687918447282e-06,0.754725610727897,0.21289070758745332,0.1336720139450001,2.812544656874637e-06,0.0,0.0
89a8b1b0a4bffff,-22.4364807886723,-41.796223767138585,0.128456417689757,30.0,ruim,0.0,0.0,0.0,0.0,0.0,0.0,0.0,0.0,0.0,0.0,0.0,0.0,0.0,0.0,0.0,0.0,0.1488444598595563,0.1488444598595563,0.0,0.0,0.9,0.4,1.3,-1.1511555401404436,31.15,40.34,0,0,0,0,0,0,0,0,0,0,0,0,0.0,0.0,0.0,0.0,0.0,-0.0,1.0,0.12925728106621706,1.0,0.0,0.0,0.0,0.0
89a8b1a24dbffff,-22.42551606415666,-41.79905974162091,0.12846001570744897,30.0,ruim,0.0,0.0,0.0,0.0,0.0,0.0,0.0,0.0,0.0,0.0,0.0,0.0,0.0,0.0,0.0,0.0,0.3103264821562838,0.3103264821562838,0.0,0.0,0.9,0.4,1.3,-0.9896735178437163,32.47,58.54,0,0,0,0,0,0,0,0,0,0,0,0,0.0,0.0,0.0,0.0,0.0,-0.0,1.0,0.19297738869510225,1.0,0.0,0.0,0.0,0.0
89a8b1a268fffff,-22.411620968818482,-41.789545106750296,0.12846423031379403,54.05620644605084,médio,0.3274853801169593,0.0584144645340751,0.0,0.0,0.0680443548387097,0.0,0.0,0.0,0.0795454545454546,0.0,0.024042742653606414,0.0,0.0046035590685046856,0.07309315446186043,0.5248649347888444,0.01208679919957604,0.5884743222616085,1.7606551664691992,0.012298402812868058,0.0,0.22915411382232337,0.3951652803201696,0.636617796955361,1.1240373695138381,46.37,71.99,0,0,0,0,0,0,0,0,0,0,0,0,0.005590183096758208,0.0,0.002958444228092618,0.005607923714672618,1786.941799972832,0.27803956299189464,0.2546156820248037,0.3027333234807444,0.987913200800424,0.0,0.0,0.0,0.0
89a8b1b1d07ffff,-22.449050975815,-41.79035023272179,0.12845221744193047,26.949027884986005,ruim,0.0,0.0,0.0,0.0,0.0,0.0,0.0,0.0,0.0,0.0,0.0,0.0,0.0,0.0,0.0,0.0,0.05208362185911436,0.05208362185911436,0.0,0.0,0.9,0.4,1.3,-1.2479163781408857,30.34,19.05,0,0,0,0,0,0,0,0,0,0,0,0,0.0,0.0,0.0,0.0,0.0,-0.0,1.0,0.09107587285769332,1.0,0.0,0.0,0.0,0.0
89a8b1a20abffff,-22.395637876989937,-41.81377580164555,0.12846996129157887,75.62510793806901,bom,0.32575265323803365,0.32777005099675477,0.7305045871559633,0.0,0.36290322580645173,0.8307692307692308,0.0,1.0,0.0,0.5642688679245284,0.0,0.0,0.33713890121985873,0.27341464825569906,1.3268080317080593,0.3868311100482435,1.6906788878890644,8.156840195011887,0.8045285108401852,0.02513851135706596,0.00137675336959588,0.2452675559807026,1.0763113315475494,7.0805288634643375,72.38,83.19,0,0,2,0,0,0,0,3,0,0,0,0,0.3656947776546296,0.06284627839266489,0.21665989760034796,0.020977183173727546,57190.05244162104,0.7028572511872162,0.0015297259662176445,0.7376584783179553,0.6131688899517564,0.0,0.0,0.020250634128119574,0.05548974374601279
89a8b1a2403ffff,-22.417573845213056,-41.80810451680769,0.12846279163278296,57.11266785608737,médio,0.19493177387914246,0.0584144645340751,0.1341743119266055,0.0,0.29485887096774205,0.19780219780219782,0.0,0.0,0.0,0.09923349056603774,0.0801424755120214,0.0,0.08609184579644505,0.0,1.1284614650325917,0.10951983423407716,0.8140288450943598,3.1976595753452957,0.9277003449083995,0.0,0.13515128266092724,0.3561920663063691,1.4190436938756958,1.7786158814695998,49.9,73.95,0,0,0,0,0,0,0,0,0,0,0,0,0.42168197495836335,0.0,0.0553263074269758,0.0,16191.678746994708,0.5977860432171581,0.1501680918454747,0.391736162723587,0.8904801657659228,0.0,0.0,0.0,0.0
89a8b1a2413ffff,-22.42069340263111,-41.808171698543106,0.12846179159240143,53.78246179160201,médio,0.14035087719298256,0.0,0.0,0.0,0.2041330645161291,0.11868131868131868,0.0,0.0,0.0,0.03502358490566038,0.04808548530721283,0.0,0.04870649298745972,0.0,0.6935995147380147,0.039720981557291916,0.6198116326570076,1.9481129525430774,0.13846604346805094,0.0,0.32845333180904446,0.3841116073770833,0.8510309826541786,1.0970819698888987,46.22,71.43,0,0,0,0,0,0,0,0,0,0,0,0,0.06293911066729588,0.0,0.03130087849533957,0.0,5872.446551702833,0.36742425181581523,0.3649481464544938,0.3150988906367304,0.9602790184427081,0.0,0.0,0.0,0.0
89a8b1b0a6fffff,-22.42853971713876,-41.80526872971841,0.12845919939575592,30.0,ruim,0.0,0.0,0.0,0.0,0.0,0.0,0.0,0.0,0.0,0.0,0.0,0.0,0.0,0.0,0.0,0.0,0.32171033428517454,0.32171033428517454,0.0,0.0,0.9,0.4,1.3,-0.9782896657148255,32.56,59.1,0,0,0,0,0,0,0,0,0,0,0,0,0.0,0.0,0.0,0.0,0.0,-0.0,1.0,0.19746940751284608,1.0,0.0,0.0,0.0,0.0
89a8b1a25c7ffff,-22.411045744162656,-41.8263952302108,0.12846531321697605,15.0,muito ruim,0.13255360623781684,0.0,0.0,0.0,0.0680443548387097,0.0,0.0,0.0,0.0,0.1576061320754717,0.0,0.0,0.13866302190764945,0.0,0.44282842713795567,0.07724726514865049,0.7386180447159961,1.75556085206225,2.2,0.0,0.29131197248928314,0.36910109394053986,2.8604130664298233,-1.1048522143675732,31.53,46.22,0,0,0,0,0,0,0,0,0,0,0,0,6.615758096012208,0.0,0.08911079682221053,0.0,11420.423616580802,0.23458191660557118,0.3236799694325368,0.3619793870271565,0.9227527348513496,1.0,0.0,0.0,0.0
89a8b1a209bffff,-22.40509451924718,-41.80783579643972,0.12846678851144522,89.43937951109142,muito bom,1.287416071041803,1.2126410137536703,1.3,0.6875000000000004,0.9299395161290327,1.2,0.7272727272727273,0.5592105263157899,0.1590909090909092,1.1,0.23953695458593063,0.0,0.5729886320312543,0.23245359423205272,1.3603053592700212,0.9469290810328621,1.8,14.315284384756058,2.2,0.007856275875344718,2.2269959320600485e-08,0.02122836758685516,2.229084665732159,12.086199719023899,88.51,91.6,4,1,2,0,0,0,0,0,0,6,1,0,1.2885945573979893,0.019640689688361794,0.36822703607584306,0.017834529556868636,139996.29914980594,0.7206019731135745,2.474439924511165e-08,0.9068971456217048,0.05307091896713789,0.0,0.015699905435259072,0.0,0.0
89a8b1b0b5bffff,-22.428347765666093,-41.81755243818339,0.12845955573675372,30.0,ruim,0.0,0.0,0.0,0.0,0.0,0.0,0.0,0.0,0.0,0.0,0.0,0.0,0.0,0.0,0.0,0.0,0.44760949242975023,0.44760949242975023,0.0,0.0,0.9,0.4,1.3,-0.8523905075702498,33.55,64.15,0,0,0,0,0,0,0,0,0,0,0,0,0.0,0.0,0.0,0.0,0.0,-0.0,1.0,0.24714867083428999,1.0,0.0,0.0,0.0,0.0
89a8b1a26b3ffff,-22.411525678586305,-41.795686786440946,0.12846442133206729,76.43083044579409,bom,1.1695906432748548,0.44784422809457575,0.536697247706422,0.5156250000000003,0.4536290322580647,0.23736263736263735,0.5454545454545454,0.29605263157894757,0.450757575757576,0.12258254716981133,0.15227070347284066,0.0,0.055833041296264284,0.4128792179840293,1.3488946462401488,0.14602176835685504,0.7980694485653568,7.68956491457293,0.04495071571838718,0.0,0.0005037852279884145,0.341591292657258,0.3870457936036336,7.302519120969296,73.17,84.03,0,0,0,0,0,0,0,0,0,0,0,0,0.020432143508357807,0.0,0.035880703669007724,0.031677318825202465,21588.213494269603,0.7145573138994321,0.0005597613644315716,0.3854386538736453,0.853978231643145,0.0,0.0,0.0,0.0
89a8b1b1d2bffff,-22.442813738405718,-41.790216038493874,0.12845422286249464,29.478778162382557,ruim,0.0,0.0,0.0,0.0,0.0,0.0,0.0,0.0,0.0,0.0,0.0,0.0,0.0,0.0,0.0,0.0,0.0817581795547584,0.0817581795547584,0.0,0.0,0.9,0.4,1.3,-1.2182418204452417,30.59,26.89,0,0,0,0,0,0,0,0,0,0,0,0,0.0,0.0,0.0,0.0,0.0,-0.0,1.0,0.102785324989346,1.0,0.0,0.0,0.0,0.0
89a8b1b0e8fffff,-22.46586670966984,-41.8122170147593,0.12844734360816207,22.771833486792026,ruim,0.0,0.0,0.0,0.0,0.0,0.0,0.0,0.0,0.0,0.0,0.0,0.0,0.0,0.0,0.0,0.0,0.014244457875382656,0.014244457875382656,0.0,0.0,0.9,0.4,1.3,-1.2857555421246174,30.01,5.88,0,0,0,0,0,0,0,0,0,0,0,0,0.0,0.0,0.0,0.0,0.0,-0.0,1.0,0.07614470239464369,1.0,0.0,0.0,0.0,0.0
89a8b1a20cfffff,-22.39894996156255,-41.80155987449075,0.12846860224166742,99.24369747899159,muito bom,1.6,1.252665739452944,1.3,1.1,1.0,1.054945054945055,1.0,0.8881578947368429,0.6893939393939399,1.1,0.5449688334817454,0.3,1.0,1.2,1.5,1.0,1.4029151931046389,17.933046655115163,1.602662984480264,0.004713765525206831,3.3801000893444603e-09,0.0,1.607376753385571,16.325669901729594,100.0,97.48,0,0,0,0,0,0,0,0,0,0,0,0,0.7284831747637563,0.011784413813017076,1.1138801325359584,0.11127785937117757,166895.25027376506,0.818953106208004,3.755666765938289e-09,0.6241081688621091,0.0,0.09226354774087915,0.13261385259854636,0.0,0.0
89a8b1b198fffff,-22.433457059251772,-41.79001475207665,0.12845722853710215,30.0,ruim,0.0,0.0,0.0,0.0,0.0,0.0,0.0,0.0,0.0,0.0,0.0,0.0,0.0,0.0,0.0,0.0,0.14372636870283084,0.14372636870283084,0.0,0.0,0.9,0.4,1.3,-1.1562736312971693,31.11,38.38,0,0,0,0,0,0,0,0,0,0,0,0,0.0,0.0,0.0,0.0,0.0,-0.0,1.0,0.1272377044302388,1.0,0.0,0.0,0.0,0.0
89a8b1a2283ffff,-22.392900044697363,-41.78914257921829,0.1284702190516402,86.6463683267329,muito bom,0.5717998700454845,1.4,0.44724770642201833,0.2864583333333335,0.9929435483870971,0.32967032967032966,0.0,0.14802631578947378,0.21212121212121227,0.7017688679245283,0.5877114870881569,0.5,0.43692624990475204,0.5953033030865067,1.3774754658523296,1.0,1.7451503018947303,11.33260299151995,0.4208366616545098,0.0,1.4693449790078218e-06,0.0,0.4208381309994888,10.911764860520462,85.01,90.48,1,0,0,0,0,0,2,0,0,1,0,0,0.19128939166114078,0.0,0.2807875217625332,0.045673435978792344,175072.0284189243,0.7296975872692237,1.632605532230913e-06,0.759152662709334,0.0,0.0,0.0,0.0,0.0
89a8b1a2437ffff,-22.4127502376163,-41.817216302380935,0.12846455703370457,15.0,muito ruim,0.40805717998700486,0.13630041724617525,0.35779816513761464,0.0,0.4385080645161292,0.5670329670329671,0.0,0.0,0.0,0.3191037735849057,0.09082813891362425,0.0,0.16398903990555866,0.0,1.2694774725104663,0.28949731889343944,1.3687428590539814,5.4093353967818665,2.2,0.0,0.01382384173356031,0.2842010724426242,2.4980249141761846,2.911310482605682,55.47,75.35,0,0,0,0,0,0,0,0,0,0,0,0,5.950918259964093,0.0,0.10538638070231947,0.0,42799.98795122675,0.6724872215494152,0.015359824148400343,0.6106239136325272,0.7105026811065606,0.9451193404568029,0.01588304048114619,0.0,0.0
89a8b1b0a93ffff,-22.450275775561686,-41.811880989820835,0.12845236436287197,30.0,ruim,0.0,0.0,0.0,0.0,0.0,0.0,0.0,0.0,0.0,0.0,0.0,0.0,0.0,0.0,0.0,0.0,0.09060481020018123,0.09060481020018123,0.0,0.0,0.9,0.4,1.3,-1.2093951897998187,30.66,29.41,0,0,0,0,0,0,0,0,0,0,0,0,0.0,0.0,0.0,0.0,0.0,-0.0,1.0,0.10627616718256246,1.0,0.0,0.0,0.0,0.0
89a8b1a24cbffff,-22.422396674317927,-41.79899260399958,0.12846101618167657,30.0,ruim,0.0,0.0,0.0,0.0,0.0,0.0,0.0,0.0,0.0,0.0,0.0,0.0,0.0,0.0,0.0,0.0,0.3709099713962064,0.3709099713962064,0.0,0.0,0.9,0.4,1.3,-0.9290900286037936,32.95,61.34,0,0,0,0,0,0,0,0,0,0,0,0,0.0,0.0,0.0,0.0,0.0,-0.0,1.0,0.2168833715407203,1.0,0.0,0.0,0.0,0.0
89a8b1a2007ffff,-22.394125700600142,-41.81067143616157,0.1284703712940925,73.82135153597041,bom,0.2651072124756337,0.30180806675938804,0.7454128440366973,0.0,0.24949596774193558,0.35604395604395606,0.2727272727272727,1.0,0.0,0.44168632075471703,0.024042742653606414,0.0,0.5857696198281267,0.17414987958954575,1.3742640279162557,0.38857171761447423,1.3185859585764237,7.497665586718032,0.6949486861867508,0.01621441054028921,0.005642881071288682,0.2445713129542103,0.9613772907525389,6.536288295965493,70.41,81.79,0,0,0,0,0,0,0,0,0,0,0,0,0.31588576644852306,0.04053602635072303,0.3764406462444775,0.013361295552885033,57447.3880989848,0.7279963747455088,0.006269867856987425,0.5908322176201468,0.6114282823855257,0.0,0.0,0.00105358793974873,0.0
89a8b1a245bffff,-22.417765114058568,-41.79582102767432,0.12846242238815692,30.0,ruim,0.0,0.0,0.0,0.0,0.0,0.0,0.0,0.0,0.0,0.0,0.0,0.0,0.0,0.0,0.0,0.0,0.47085487467527226,0.47085487467527226,0.0,0.0,0.9,0.4,1.3,-0.8291451253247277,33.73,65.83,0,0,0,0,0,0,0,0,0,0,0,0,0.0,0.0,0.0,0.0,0.0,-0.0,1.0,0.25632119813790216,1.0,0.0,0.0,0.0,0.0
89a8b1b0ab7ffff,-22.442335067778135,-41.82092597096303,0.1284551339344361,30.0,ruim,0.0,0.0,0.0,0.0,0.0,0.0,0.0,0.0,0.0,0.0,0.0,0.0,0.0,0.0,0.0,0.0,0.16060027833345242,0.16060027833345242,0.0,0.0,0.9,0.4,1.3,-1.1393997216665477,31.25,41.74,0,0,0,0,0,0,0,0,0,0,0,0,0.0,0.0,0.0,0.0,0.0,-0.0,1.0,0.13389607619503852,1.0,0.0,0.0,0.0,0.0
89a8b1a260fffff,-22.403868623877198,-41.786306583061744,0.12846662992062724,78.10114298713523,bom,0.6003898635477588,0.6815020862308762,0.536697247706422,0.1718750000000001,0.4082661290322583,0.23736263736263735,0.0,0.3947368421052635,0.5037878787878791,0.2159787735849057,0.5609973285841499,0.3,0.23992374416216464,0.7802547791050046,1.5,0.24064438784783665,0.8546827623227534,8.227099460379911,0.14500074600180884,0.0,0.0003600165642893312,0.3037422448608654,0.4491030074269635,7.777996452952948,74.84,85.71,0,0,0,0,0,0,0,0,0,0,0,0,0.0659094300008222,0.0,0.1541852739449005,0.05986346206350647,35577.451769799976,0.7952083660662413,0.00040001840476592356,0.40777802264387564,0.7593556121521634,0.0,0.0,0.0,0.0
89a8b1b0c6bffff,-22.462556370208354,-41.824434183913425,0.12844869550173055,24.017088864801075,ruim,0.0,0.0,0.0,0.0,0.0,0.0,0.0,0.0,0.0,0.0,0.0,0.0,0.0,0.0,0.0,0.0,0.025636402545211285,0.025636402545211285,0.0,0.0,0.9,0.4,1.3,-1.2743635974547887,30.11,9.8,0,0,0,0,0,0,0,0,0,0,0,0,0.0,0.0,0.0,0.0,0.0,-0.0,1.0,0.08063991449404341,1.0,0.0,0.0,0.0,0.0
89a8b1a2547ffff,-22.403294065028554,-41.82315624666106,0.12846772602793824,62.66748767350514,bom,0.06497725795971415,0.09735744089012519,0.22362385321100917,0.0,0.29485887096774205,0.7516483516483516,0.0,0.0,0.0,0.56686320754717,0.0,0.0,0.6513350818772085,0.0,0.8928721643917936,0.37198527449503654,1.8,5.7155215029881505,2.2,4.1167635673227314e-05,0.023190161064158155,0.2512058902019854,2.474437218901817,3.2410842840863334,56.99,75.91,0,0,0,0,0,0,0,0,0,2,0,0,3.053038321007673,0.00010291908918306827,0.4185758203293267,0.0,54995.207994591685,0.47298603877013634,0.025766845626842394,0.794781979082836,0.6280147255049635,0.0,0.37296179352851866,0.0,0.0
89a8b1b1d73ffff,-22.44602744648939,-41.7841411281543,0.12845302549912563,26.681821917752735,ruim,0.0,0.0,0.0,0.0,0.0,0.0,0.0,0.0,0.0,0.0,0.0,0.0,0.0,0.0,0.0,0.0,0.04955987831670451,0.04955987831670451,0.0,0.0,0.9,0.4,1.3,-1.2504401216832954,30.31,18.21,0,0,0,0,0,0,0,0,0,0,0,0,0.0,0.0,0.0,0.0,0.0,-0.0,1.0,0.09008001457041871,1.0,0.0,0.0,0.0,0.0
89a8b1b0adbffff,-22.447348721458994,-41.799529723366504,0.1284530032163452,30.0,ruim,0.0,0.0,0.0,0.0,0.0,0.0,0.0,0.0,0.0,0.0,0.0,0.0,0.0,0.0,0.0,0.0,0.08599302441255362,0.08599302441255362,0.0,0.0,0.9,0.4,1.3,-1.2140069755874465,30.62,28.85,0,0,0,0,0,0,0,0,0,0,0,0,0.0,0.0,0.0,0.0,0.0,-0.0,1.0,0.10445637645558598,1.0,0.0,0.0,0.0,0.0
89a8b1a2633ffff,-22.403773444442304,-41.79244818592298,0.12846682313926178,98.19854764672617,muito bom,1.6,1.4,1.3,1.1,1.0,0.843956043956044,0.7272727272727273,1.0,0.7,0.5623231132075472,0.6,0.5,0.3991870379455947,1.2,1.5,0.5761310410165554,1.520496958712546,16.529366922111013,0.5328915932258997,0.0,5.815288595795518e-10,0.16954758359337785,0.7024391774008064,15.826927744710206,98.87,96.64,0,0,0,0,0,0,0,0,0,0,0,0,0.24222345146631805,0.0,0.25653468778519084,0.14553856852338973,85176.61478900522,0.8072379136035168,6.461431773106131e-10,0.6705054250592284,0.42386895898344457,0.0025375916035796906,0.0,0.0,0.0
89a8b1b0e43ffff,-22.45982211113813,-41.79979829881903,0.1284489888765619,24.36251286172392,ruim,0.0,0.0,0.0,0.0,0.0,0.0,0.0,0.0,0.0,0.0,0.0,0.0,0.0,0.0,0.0,0.0,0.027177765030534554,0.027177765030534554,0.0,0.0,0.9,0.4,1.3,-1.2728222349694656,30.12,10.92,0,0,0,0,0,0,0,0,0,0,0,0,0.0,0.0,0.0,0.0,0.0,-0.0,1.0,0.0812481294647443,1.0,0.0,0.0,0.0,0.0
89a8b1a204fffff,-22.39119674669074,-41.798321263918666,0.128471002894796,78.62983470852902,bom,0.20532813515269674,0.4575799721835883,0.4025229357798165,0.3437500000000002,0.3931451612903227,0.11868131868131868,0.4545454545454546,0.0,0.0,0.5234080188679247,0.19234194122885137,0.3,1.0,0.49542196031515406,1.3742573742296265,0.9986542292168679,1.2807350956436878,8.54037159713531,0.6441594546925057,0.0,0.003328077344834642,0.0005383083132528554,0.6480258403505932,7.892345756784717,75.23,86.55,0,0,0,0,0,0,0,0,0,0,0,0,0.2927997521329571,0.0,0.677664160613619,0.03801024296291171,147643.4709008706,0.7279928500518209,0.0036978637164829355,0.5758964308024151,0.0013457707831321386,0.0,0.0,0.0,0.0
89a8b1b0a13ffff,-22.442527233509914,-41.80864198909863,0.1284547821451325,30.0,ruim,0.0,0.0,0.0,0.0,0.0,0.0,0.0,0.0,0.0,0.0,0.0,0.0,0.0,0.0,0.0,0.0,0.14899009194578064,0.14899009194578064,0.0,0.0,0.9,0.4,1.3,-1.1510099080542193,31.15,40.62,0,0,0,0,0,0,0,0,0,0,0,0,0.0,0.0,0.0,0.0,0.0,-0.0,1.0,0.1293147468576188,1.0,0.0,0.0,0.0,0.0
89a8b1b0bc7ffff,-22.432881920314472,-41.82686613828871,0.12845830986177348,30.0,ruim,0.0,0.0,0.0,0.0,0.0,0.0,0.0,0.0,0.0,0.0,0.0,0.0,0.0,0.0,0.0,0.0,0.26846183175480054,0.26846183175480054,0.039937498176094245,0.0,0.9,0.4,1.3399374981760943,-1.0714756664212937,31.81,51.54,0,0,0,0,0,0,0,0,0,0,0,0,0.01815340826186102,0.0,0.0,0.0,0.0,-0.0,1.0,0.17645777870083093,1.0,0.0,0.0,0.0,0.0
89a8b1b0a3bffff,-22.434682097060872,-41.811544981322925,0.12845737693611398,30.0,ruim,0.0,0.0,0.0,0.0,0.0,0.0,0.0,0.0,0.0,0.0,0.0,0.0,0.0,0.0,0.0,0.0,0.2628850768484084,0.2628850768484084,0.0,0.0,0.9,0.4,1.3,-1.0371149231515917,32.09,54.9,0,0,0,0,0,0,0,0,0,0,0,0,0.0,0.0,0.0,0.0,0.0,-0.0,1.0,0.1742572153328403,1.0,0.0,0.0,0.0,0.0
89a8b1b1d97ffff,-22.45991748500861,-41.793656151425395,0.12844880054928218,23.468294775534478,ruim,0.0,0.0,0.0,0.0,0.0,0.0,0.0,0.0,0.0,0.0,0.0,0.0,0.0,0.0,0.0,0.0,0.018246886854558803,0.018246886854558803,0.0,0.0,0.9,0.4,1.3,-1.2817531131454412,30.04,8.12,0,0,0,0,0,0,0,0,0,0,0,0,0.0,0.0,0.0,0.0,0.0,-0.0,1.0,0.07772404356032118,1.0,0.0,0.0,0.0,0.0
89a8b1a24a3ffff,-22.418989577795678,-41.817350754728494,0.12846255749816782,50.039157157192534,médio,0.2833008447043537,0.0,0.0,0.0,0.2570564516129033,0.19780219780219782,0.0,0.0,0.0,0.0836674528301887,0.0400712377560107,0.0,0.07384643956099143,0.0,0.8296021363755572,0.06580199100811891,1.235204391324222,3.0663531429745436,2.2,0.0,0.15987540023562147,0.37367920359675244,2.733554603832374,0.3327985391421695,41.71,69.47,0,0,0,0,0,0,0,0,0,0,0,0,2.139011773914938,0.0,0.04745688490869488,0.0,9728.326442121132,0.43946966193845394,0.17763933359513495,0.5579302117868753,0.9341980089918811,0.0,0.0,0.0,0.0
89a8b1b1967ffff,-22.419467744728294,-41.786641957345836,0.12846163448093087,30.0,ruim,0.0,0.0,0.0,0.0,0.0,0.0,0.0,0.0,0.0,0.0,0.0,0.0,0.0,0.0,0.0,0.0,0.30557742859718656,0.30557742859718656,0.0,0.0,0.9,0.4,1.3,-0.9944225714028134,32.43,57.42,0,0,0,0,0,0,0,0,0,0,0,0,0.0,0.0,0.0,0.0,0.0,-0.0,1.0,0.19110343269915267,1.0,0.0,0.0,0.0,0.0
89a8b1b0e67ffff,-22.451882943697676,-41.80884355205554,0.12845177318409823,29.1146035632024,ruim,0.0,0.0,0.0,0.0,0.0,0.0,0.0,0.0,0.0,0.0,0.0,0.0,0.0,0.0,0.0,0.0,0.07703567622293578,0.07703567622293578,0.0,0.0,0.9,0.4,1.3,-1.2229643237770642,30.55,25.77,0,0,0,0,0,0,0,0,0,0,0,0,0.0,0.0,0.0,0.0,0.0,-0.0,1.0,0.10092184559825589,1.0,0.0,0.0,0.0,0.0
89a8b1a2073ffff,-22.391101094669864,-41.80446275294679,0.12847118783661707,70.51667387135869,bom,0.1351526965562054,0.13954566527584608,0.5068807339449541,0.0,0.18145161290322587,0.0,0.4545454545454546,0.4440789473684214,0.0,0.25683962264150945,0.08815672306322353,0.0,1.0,0.06400633246983928,1.3267327865796676,0.5396084504199691,1.3023669323254945,6.439365958093811,0.6882985551421886,0.0047943138596555045,0.05052128655072038,0.18415661983201237,0.9277707753845769,5.511595182709234,66.52,79.83,0,0,0,0,0,0,0,0,0,0,0,0,0.3128629796100857,0.011985784649138761,0.7436269733187646,0.004910755766247929,79777.02613838679,0.7028173911751854,0.05613476283413375,0.5844322600047667,0.4603915495800309,0.019112722999878057,0.021515322046578498,0.0,0.0
89a8b1b0a37ffff,-22.434586009165514,-41.81768689710914,0.12845755292483424,30.0,ruim,0.0,0.0,0.0,0.0,0.0,0.0,0.0,0.0,0.0,0.0,0.0,0.0,0.0,0.0,0.0,0.0,0.2779819508930765,0.2779819508930765,0.0,0.0,0.9,0.4,1.3,-1.0220180491069235,32.21,55.74,0,0,0,0,0,0,0,0,0,0,0,0,0.0,0.0,0.0,0.0,0.0,-0.0,1.0,0.18021437654065775,1.0,0.0,0.0,0.0,0.0
89a8b1b1dbbffff,-22.453681013930442,-41.79352192252817,0.1284508082981775,25.95599635223159,ruim,0.0,0.0,0.0,0.0,0.0,0.0,0.0,0.0,0.0,0.0,0.0,0.0,0.0,0.0,0.0,0.0,0.040626178518786984,0.040626178518786984,0.0,0.0,0.9,0.4,1.3,-1.2593738214812131,30.24,15.97,0,0,0,0,0,0,0,0,0,0,0,0,0.0,0.0,0.0,0.0,0.0,-0.0,1.0,0.08655481526618018,1.0,0.0,0.0,0.0,0.0
89a8b1a24c7ffff,-22.422301042998157,-41.80513439368414,0.12846120074772086,30.0,ruim,0.0,0.0,0.0,0.0,0.0,0.0,0.0,0.0,0.0,0.0,0.0,0.0,0.0,0.0,0.0,0.0,0.48334616050956036,0.48334616050956036,0.0,0.0,0.9,0.4,1.3,-0.8166538394904397,33.82,66.39,0,0,0,0,0,0,0,0,0,0,0,0,0.0,0.0,0.0,0.0,0.0,-0.0,1.0,0.2612502055064217,1.0,0.0,0.0,0.0,0.0
89a8b1b198bffff,-22.435064124394632,-41.78697734804037,0.12845663084819975,30.0,ruim,0.0,0.0,0.0,0.0,0.0,0.0,0.0,0.0,0.0,0.0,0.0,0.0,0.0,0.0,0.0,0.0,0.11943701758891388,0.11943701758891388,0.0,0.0,0.9,0.4,1.3,-1.1805629824110861,30.91,34.45,0,0,0,0,0,0,0,0,0,0,0,0,0.0,0.0,0.0,0.0,0.0,-0.0,1.0,0.11765323152606254,1.0,0.0,0.0,0.0,0.0
89a8b1b0e6bffff,-22.451978671668165,-41.802701475215066,0.1284515910829608,28.38289915554967,ruim,0.0,0.0,0.0,0.0,0.0,0.0,0.0,0.0,0.0,0.0,0.0,0.0,0.0,0.0,0.0,0.0,0.06704604857413693,0.06704604857413693,0.0,0.0,0.9,0.4,1.3,-1.2329539514258632,30.46,23.53,0,0,0,0,0,0,0,0,0,0,0,0,0.0,0.0,0.0,0.0,0.0,-0.0,1.0,0.09697998173068374,1.0,0.0,0.0,0.0,0.0
89a8b1a2097ffff,-22.40499852830358,-41.81397742520782,0.12846696696302362,77.53773435277486,bom,0.4678362573099419,0.6101066295781179,0.9541284403669724,0.0,0.6779233870967746,1.2,0.0,0.6907894736842112,0.0,1.1,0.08815672306322353,0.0,0.44552272928649306,0.07581880420477337,1.2307497173022233,0.8132011229756058,1.5456438016571687,9.899877086525505,2.2,0.009549247020535563,1.0022341078873241e-05,0.0747195508097577,2.284278820171372,7.615598266354133,74.27,85.15,0,0,0,0,0,2,1,0,0,1,0,0,3.1029907768096656,0.023873117551338904,0.2863119876008937,0.005817043651330277,120225.63248017954,0.6519717566744585,1.1135934532081379e-05,0.6804282605313632,0.18679887702439424,0.16180562738527093,0.035368278954411636,0.0,0.0
89a8b1b0a5bffff,-22.439599683836413,-41.796290892681675,0.12845541575989036,30.0,ruim,0.0,0.0,0.0,0.0,0.0,0.0,0.0,0.0,0.0,0.0,0.0,0.0,0.0,0.0,0.0,0.0,0.12455818817106325,0.12455818817106325,0.0,0.0,0.9,0.4,1.3,-1.1754418118289367,30.95,36.13,0,0,0,0,0,0,0,0,0,0,0,0,0.0,0.0,0.0,0.0,0.0,-0.0,1.0,0.11967402328999532,1.0,0.0,0.0,0.0,0.0
89a8b1b0b47ffff,-22.425132153108848,-41.823627038007885,0.128460728539389,30.0,ruim,0.0,0.0,0.0,0.0,0.0,0.0,0.0,0.0,0.0,0.0,0.0,0.0,0.0,0.0,0.0,0.0,0.5084086189185862,0.5084086189185862,0.36310311301093406,0.0,0.9,0.4,1.663103113010934,-1.1546944940923476,31.12,39.22,0,0,0,0,0,0,0,0,0,0,0,0,0.16504686955042455,0.0,0.0,0.0,0.0,-0.0,1.0,0.271139743205752,1.0,0.0,0.0,0.0,0.0
89a8b1b0b03ffff,-22.428154884731875,-41.829836157476215,0.12845989522386023,30.0,ruim,0.0,0.0,0.0,0.0,0.0,0.0,0.0,0.0,0.0,0.0,0.0,0.0,0.0,0.0,0.0,0.0,0.3165103826778202,0.3165103826778202,0.11093749493359514,0.0,0.9,0.4,1.410937494933595,-1.094427112255775,31.62,47.62,0,0,0,0,0,0,0,0,0,0,0,0,0.05042613406072506,0.0,0.0,0.0,0.0,-0.0,1.0,0.1954175290970757,1.0,0.0,0.0,0.0,0.0
89a8b1b19afffff,-22.427123444923918,-41.79602239445059,0.12845942151278683,30.0,ruim,0.0,0.0,0.0,0.0,0.0,0.0,0.0,0.0,0.0,0.0,0.0,0.0,0.0,0.0,0.0,0.0,0.25157818787607766,0.25157818787607766,0.0,0.0,0.9,0.4,1.3,-1.0484218121239224,32.0,52.94,0,0,0,0,0,0,0,0,0,0,0,0,0.0,0.0,0.0,0.0,0.0,-0.0,1.0,0.16979556584382863,1.0,0.0,0.0,0.0,0.0
89a8b1a24a7ffff,-22.417381647281303,-41.820388017637015,0.12846314402207135,49.86970053130571,médio,0.2833008447043537,0.0,0.0,0.0,0.2570564516129033,0.19780219780219782,0.0,0.0,0.0,0.0836674528301887,0.0400712377560107,0.0,0.07384643956099143,0.0,0.8296021363755572,0.06580199100811891,1.215600928246169,3.046749679896491,2.2,0.0,0.15987540023562147,0.37367920359675244,2.733554603832374,0.3131950760641167,41.59,69.19,0,0,0,0,0,0,0,0,0,0,0,0,3.8511977077243964,0.0,0.04745688490869488,0.0,9728.326442121132,0.43946966193845394,0.17763933359513495,0.5501947700363558,0.9341980089918811,0.24410210950431366,0.0,0.0,0.0
89a8b1b0eafffff,-22.45953459364678,-41.81822475912694,0.1284495285796911,25.871214050332547,ruim,0.0,0.0,0.0,0.0,0.0,0.0,0.0,0.0,0.0,0.0,0.0,0.0,0.0,0.0,0.0,0.0,0.04050145101261261,0.04050145101261261,0.0,0.0,0.9,0.4,1.3,-1.2594985489873873,30.24,15.69,0,0,0,0,0,0,0,0,0,0,0,0,0.0,0.0,0.0,0.0,0.0,-0.0,1.0,0.08650559833165908,1.0,0.0,0.0,0.0,0.0
89a8b1b1d17ffff,-22.45216942987353,-41.790417330820716,0.128451214240465,25.697332027528514,ruim,0.0,0.0,0.0,0.0,0.0,0.0,0.0,0.0,0.0,0.0,0.0,0.0,0.0,0.0,0.0,0.0,0.03953288720305973,0.03953288720305973,0.0,0.0,0.9,0.4,1.3,-1.2604671127969402,30.23,15.13,0,0,0,0,0,0,0,0,0,0,0,0,0.0,0.0,0.0,0.0,0.0,-0.0,1.0,0.08612340724120601,1.0,0.0,0.0,0.0,0.0
89a8b1a20bbffff,-22.398758203664695,-41.81384300884203,0.1284689635104167,78.86558592460477,bom,0.3404808317089022,0.5030134445989801,0.8646788990825689,0.0,0.5594758064516132,1.2,0.0,1.0,0.0,1.0974056603773588,0.024042742653606414,0.0,0.5015631229265679,0.1828554999887774,1.2387939462777844,0.6280288875596056,1.8,9.940338841625765,1.8180113702556673,0.018145658567786643,6.817991652023351e-05,0.14878844497615776,1.985013653716132,7.955325187909633,75.45,86.83,0,0,0,0,0,0,0,0,0,3,0,0,0.8263688046616668,0.04536414641946661,0.32232594476694565,0.014029216583892978,92849.31868563361,0.6562330699395017,7.575546280025946e-05,0.8882113501645981,0.3719711124403944,0.04622173491380679,0.0,0.0,0.0
89a8b1a2423ffff,-22.411238414576633,-41.814111844204085,0.12846496910430721,15.0,muito ruim,0.4808317089018848,0.30505331478905884,0.6410550458715597,0.0,0.5292338709677422,0.843956043956044,0.0,0.0,0.0,0.6920400943396228,0.13089937666963494,0.0,0.19559871330230447,0.0,1.2504447906571907,0.4734623156997131,1.4965158945454382,7.039091169700193,2.2,0.0,0.0009204076861193701,0.2106150737201148,2.411535481406234,4.62755568829396,62.98,78.99,0,0,0,0,0,0,0,0,0,1,0,0,4.511200188756712,0.0,0.1257001106710045,0.0,69997.82065258657,0.6624049352424105,0.0010226752067993001,0.661042600850999,0.5265376843002869,0.7013114133509539,0.00992805074366997,0.0,0.0
89a8b1b08cbffff,-22.45480914456731,-41.82119496341809,0.12845112103233922,27.857667007475552,ruim,0.0,0.0,0.0,0.0,0.0,0.0,0.0,0.0,0.0,0.0,0.0,0.0,0.0,0.0,0.0,0.0,0.06351801042701842,0.06351801042701842,0.0,0.0,0.9,0.4,1.3,-1.2364819895729817,30.43,21.85,0,0,0,0,0,0,0,0,0,0,0,0,0.0,0.0,0.0,0.0,0.0,-0.0,1.0,0.09558783313571435,1.0,0.0,0.0,0.0,0.0
89a8b1b1d9bffff,-22.460012626229144,-41.78751400728821,0.12844860800959224,22.147733588683916,ruim,0.0,0.0,0.0,0.0,0.0,0.0,0.0,0.0,0.0,0.0,0.0,0.0,0.0,0.0,0.0,0.0,0.008319433083594252,0.008319433083594252,0.0,0.0,0.9,0.4,1.3,-1.2916805669164058,29.96,3.92,0,0,0,0,0,0,0,0,0,0,0,0,0.0,0.0,0.0,0.0,0.0,-0.0,1.0,0.07380671323605596,1.0,0.0,0.0,0.0,0.0
89a8b1a25d7ffff,-22.414165526853033,-41.8264625008187,0.12846431372075404,15.0,muito ruim,0.11695906432748547,0.0,0.0,0.0,0.0680443548387097,0.0,0.0,0.0,0.0,0.01751179245283019,0.0,0.0,0.013306068348053686,0.0,0.239490977603096,0.019845603926046146,0.6436081200700857,1.118765981566307,2.2,0.0,0.5436984445702784,0.3920617584295816,3.13576020299986,-2.016994221433553,22.83,2.24,0,0,0,0,0,0,0,0,0,0,0,0,5.583949639857282,0.0,0.00855104942005052,0.0,2934.0223673444257,0.12686686105265366,0.6041093828558648,0.32448888165606804,0.9801543960739538,0.8452953769566444,0.0,0.0,0.0
89a8b1b0b6bffff,-22.41889324755399,-41.82349252290414,0.12846272946054105,36.21386902533919,ruim,0.15594541910331397,0.0,0.0,0.0,0.11340725806451618,0.11868131868131868,0.0,0.0,0.0,0.02918632075471699,0.024042742653606414,0.0,0.035258523895309396,0.0,0.5665342043310642,0.02748334671971765,0.7967834477074253,1.8673225819109889,2.2,0.0,0.37932553329832586,0.389006661312113,2.968332194610439,-1.1010096126994502,31.57,47.06,0,0,0,0,0,0,0,0,0,0,0,0,2.621493811382562,0.0,0.02265863757951639,0.0,4063.204844036155,0.3001132522894493,0.42147281477591764,0.3849312034967379,0.9725166532802824,0.0,0.0,0.0,0.0
89a8b1b19d3ffff,-22.43827799485721,-41.780902497926505,0.12845543212216806,29.299980727728848,ruim,0.0,0.0,0.0,0.0,0.0,0.0,0.0,0.0,0.0,0.0,0.0,0.0,0.0,0.0,0.0,0.0,0.07995027386059436,0.07995027386059436,0.0,0.0,0.9,0.4,1.3,-1.2200497261394057,30.57,26.33,0,0,0,0,0,0,0,0,0,0,0,0,0.0,0.0,0.0,0.0,0.0,-0.0,1.0,0.10207193322116934,1.0,0.0,0.0,0.0,0.0
89a8b1b1d3bffff,-22.445932411988164,-41.79028313527951,0.12845322031560646,28.292912898217836,ruim,0.0,0.0,0.0,0.0,0.0,0.0,0.0,0.0,0.0,0.0,0.0,0.0,0.0,0.0,0.0,0.0,0.06604708917320762,0.06604708917320762,0.0,0.0,0.9,0.4,1.3,-1.2339529108267924,30.45,23.25,0,0,0,0,0,0,0,0,0,0,0,0,0.0,0.0,0.0,0.0,0.0,-0.0,1.0,0.09658579667132687,1.0,0.0,0.0,0.0,0.0
89a8b1a2293ffff,-22.39602047264005,-41.78920966549905,0.12846922174901826,94.1644976666533,muito bom,0.8724279835390952,1.4,1.0137614678899083,0.649305555555556,0.9753024193548392,0.5670329670329671,0.0,0.3947368421052635,0.5921717171717177,0.94498820754717,0.6,0.5,0.5978067376245287,1.2,1.4545835164647047,1.0,1.8,14.562117414285751,0.5219618505168996,0.0,9.691397677079657e-09,0.0,0.5219618602082973,14.040155554077455,94.06,94.4,6,0,1,0,0,0,0,0,0,4,0,0,0.2372553865985907,0.0,0.38417621369081933,0.10199789219258118,163390.06203081377,0.7705444552430706,1.076821964119962e-08,0.9454058579745072,0.0,0.0,0.025859439192697127,0.0007504127573028286,0.0
89a8b1b0bcbffff,-22.43297835782546,-41.82072423353094,0.12845814017385762,30.0,ruim,0.0,0.0,0.0,0.0,0.0,0.0,0.0,0.0,0.0,0.0,0.0,0.0,0.0,0.0,0.0,0.0,0.3053609991714437,0.3053609991714437,0.0,0.0,0.9,0.4,1.3,-0.9946390008285564,32.43,57.14,0,0,0,0,0,0,0,0,0,0,0,0,0.0,0.0,0.0,0.0,0.0,-0.0,1.0,0.19101803058375774,1.0,0.0,0.0,0.0,0.0
89a8b1a2447ffff,-22.414549930767805,-41.80189561969611,0.12846360879051433,62.98824353994441,bom,0.3820662768031192,0.0584144645340751,0.1341743119266055,0.0,0.3855846774193549,0.0,0.2727272727272727,0.0,0.0795454545454546,0.14009433962264153,0.10418521816562781,0.0,0.07020483552197852,0.06070283383114377,1.174325258152657,0.12474917781104115,0.7129103094682921,3.6996844305292638,0.007457234274640938,0.0,0.05300545131825466,0.35010032887558357,0.41056301446847915,3.2891214160607847,57.21,76.47,0,0,0,0,0,0,0,0,0,0,0,0,0.0033896519430186077,0.0,0.04511663418313703,0.00465730154753589,18443.221953303564,0.622081720354332,0.058894945909171846,0.35183522587794486,0.8752508221889589,0.0,0.0,0.0,0.0
89a8b1b0a17ffff,-22.440919897686754,-41.8116793827493,0.12845537288920267,30.0,ruim,0.0,0.0,0.0,0.0,0.0,0.0,0.0,0.0,0.0,0.0,0.0,0.0,0.0,0.0,0.0,0.0,0.17351720880960889,0.17351720880960889,0.0,0.0,0.9,0.4,1.3,-1.1264827911903912,31.36,42.86,0,0,0,0,0,0,0,0,0,0,0,0,0.0,0.0,0.0,0.0,0.0,-0.0,1.0,0.13899304109843258,1.0,0.0,0.0,0.0,0.0
89a8b1b0aa3ffff,-22.440823813814912,-41.81782135866629,0.12845554880265184,30.0,ruim,0.0,0.0,0.0,0.0,0.0,0.0,0.0,0.0,0.0,0.0,0.0,0.0,0.0,0.0,0.0,0.0,0.18065345424017853,0.18065345424017853,0.0,0.0,0.9,0.4,1.3,-1.1193465457598215,31.42,44.26,0,0,0,0,0,0,0,0,0,0,0,0,0.0,0.0,0.0,0.0,0.0,-0.0,1.0,0.14180897268285672,1.0,0.0,0.0,0.0,0.0
89a8b1b0863ffff,-22.442238636177933,-41.827067965910146,0.12845530350948392,30.0,ruim,0.0,0.0,0.0,0.0,0.0,0.0,0.0,0.0,0.0,0.0,0.0,0.0,0.0,0.0,0.0,0.0,0.14783000509760738,0.14783000509760738,0.0,0.0,0.9,0.4,1.3,-1.1521699949023927,31.14,40.06,0,0,0,0,0,0,0,0,0,0,0,0,0.0,0.0,0.0,0.0,0.0,-0.0,1.0,0.12885698160441542,1.0,0.0,0.0,0.0,0.0
89a8b1b190bffff,-22.427313771923565,-41.783738737721976,0.12845903564058533,30.0,ruim,0.0,0.0,0.0,0.0,0.0,0.0,0.0,0.0,0.0,0.0,0.0,0.0,0.0,0.0,0.0,0.0,0.17328934247753786,0.17328934247753786,0.0,0.0,0.9,0.4,1.3,-1.1267106575224621,31.35,42.58,0,0,0,0,0,0,0,0,0,0,0,0,0.0,0.0,0.0,0.0,0.0,-0.0,1.0,0.1389031260292623,1.0,0.0,0.0,0.0,0.0
89a8b1b0e0bffff,-22.45972650461966,-41.80594044932795,0.12844917299060477,25.161960255671968,ruim,0.0,0.0,0.0,0.0,0.0,0.0,0.0,0.0,0.0,0.0,0.0,0.0,0.0,0.0,0.0,0.0,0.03434545819057333,0.03434545819057333,0.0,0.0,0.9,0.4,1.3,-1.2656545418094267,30.18,13.45,0,0,0,0,0,0,0,0,0,0,0,0,0.0,0.0,0.0,0.0,0.0,-0.0,1.0,0.08407647018721338,1.0,0.0,0.0,0.0,0.0
89a8b1a2017ffff,-22.39724608104175,-41.81073862799825,0.12846937369554717,81.30038333541071,muito bom,0.3560753736192335,0.5917168907433162,1.1131498470948011,0.0,0.4082661290322583,0.9494505494505495,0.2727272727272727,1.0,0.0,0.87623820754717,0.04808548530721283,0.0,0.7738300402613604,0.1866434089773248,1.330842237546208,0.6397523428265925,1.6801229651357772,10.226900750269078,1.255758524388486,0.018099916750371946,0.00015012726618995436,0.144099062869363,1.4181076312744108,8.808793118994666,78.33,88.24,2,1,0,0,0,0,0,0,0,2,0,0,0.5707993292674935,0.04524979187592986,0.49729632705234605,0.014319836202136168,94582.54283462299,0.7049943130366794,0.00016680807354439373,0.7334931568512368,0.36024765717340745,0.0,0.0,0.0,0.0
89a8b1a2053ffff,-22.397437608890776,-41.79845552667944,0.12846900817580537,99.57983193277312,muito bom,1.6,1.3987019007881318,1.3,1.1,1.0,0.9230769230769232,1.0,0.8881578947368429,0.7,1.1,0.6,0.5,1.0,1.2,1.5,1.0,1.8,18.609936718601897,1.4698549387429451,0.0028282593151240983,8.51495260139563e-10,0.0,1.4726831989095646,17.137253519692333,100.0,98.6,0,0,0,0,0,0,0,0,0,4,1,0,0.6681158812467932,0.007070648287810245,1.0734073362238068,0.14156428546927874,180355.54135084891,0.8282033126067049,9.461058445995145e-10,0.8544929525389079,0.0,0.06135675941025145,0.05640943234617902,0.0,0.0
89a8b1a22b7ffff,-22.388076151284352,-41.7982541335236,0.12847199976228288,65.74065241400815,bom,0.1351526965562054,0.1070931849791377,0.1341743119266055,0.0,0.24949596774193558,0.0,0.2727272727272727,0.0,0.0,0.2159787735849057,0.09617097061442566,0.0,0.586045696153726,0.007817473954525924,1.1308018042701762,0.715677209695557,1.046104726007343,4.697240088211816,0.3881257728471892,0.0,0.09354052485689793,0.11372911612177719,0.5953954138258643,4.101844674385952,60.78,77.31,0,0,0,0,0,0,0,0,0,0,0,0,0.17642080583963143,0.0,0.37661806471567083,0.0005997798001904105,105807.45987223572,0.5990258038788844,0.10393391650766436,0.4833123016616446,0.28432279030444296,0.0,0.0,0.0,0.0
89a8b1a246bffff,-22.408310271883753,-41.80176131964275,0.12846560715502395,92.96741090969557,muito bom,1.6,0.9735744089012518,1.073394495412844,1.0312500000000007,1.0,0.6329670329670329,1.0,0.5427631578947373,0.5921717171717177,0.7452240566037738,0.35440783615316135,0.0,0.4467522419065427,0.6218828203168814,1.4214579144868877,0.5966285461317505,1.467200568672028,14.099674796618611,0.4244804096129806,0.0028282593151240983,6.053602574171067e-08,0.1613485815472998,0.5886573110114303,13.511017485607182,92.59,93.84,0,0,1,0,0,0,0,0,0,0,1,0,0.192945640733173,0.007070648287810245,0.2871021250706263,0.047712695415577815,88207.01581418184,0.7529966495367112,6.726225082412296e-08,0.6494749000428118,0.40337145386824946,0.0,0.0197140414387054,0.0,0.0
89a8b1b0ac7ffff,-22.444134482754407,-41.80560458130661,0.12845419028565924,30.0,ruim,0.0,0.0,0.0,0.0,0.0,0.0,0.0,0.0,0.0,0.0,0.0,0.0,0.0,0.0,0.0,0.0,0.1260539802896579,0.1260539802896579,0.0,0.0,0.9,0.4,1.3,-1.1739460197103422,30.96,36.41,0,0,0,0,0,0,0,0,0,0,0,0,0.0,0.0,0.0,0.0,0.0,-0.0,1.0,0.12026425639106555,1.0,0.0,0.0,0.0,0.0
89a8b1b0e47ffff,-22.458215258801772,-41.80283579366872,0.12844958354837674,25.34850193062291,ruim,0.0,0.0,0.0,0.0,0.0,0.0,0.0,0.0,0.0,0.0,0.0,0.0,0.0,0.0,0.0,0.0,0.03741911350278983,0.03741911350278983,0.0,0.0,0.9,0.4,1.3,-1.2625808864972101,30.21,14.01,0,0,0,0,0,0,0,0,0,0,0,0,0.0,0.0,0.0,0.0,0.0,-0.0,1.0,0.08528932128062268,1.0,0.0,0.0,0.0,0.0
89a8b1b192fffff,-22.41937257591855,-41.7927837105525,0.12846182751138435,30.0,ruim,0.0,0.0,0.0,0.0,0.0,0.0,0.0,0.0,0.0,0.0,0.0,0.0,0.0,0.0,0.0,0.0,0.3800954453813978,0.3800954453813978,0.0,0.0,0.9,0.4,1.3,-0.9199045546186022,33.02,62.46,0,0,0,0,0,0,0,0,0,0,0,0,0.0,0.0,0.0,0.0,0.0,-0.0,1.0,0.2205079198503966,1.0,0.0,0.0,0.0,0.0
89a8b1b0c7bffff,-22.46567434139326,-41.8245014503504,0.12844769062116365,22.686560584604887,ruim,0.0,0.0,0.0,0.0,0.0,0.0,0.0,0.0,0.0,0.0,0.0,0.0,0.0,0.0,0.0,0.0,0.014039551858707514,0.014039551858707514,0.0,0.0,0.9,0.4,1.3,-1.2859604481412925,30.01,5.6,0,0,0,0,0,0,0,0,0,0,0,0,0.0,0.0,0.0,0.0,0.0,-0.0,1.0,0.07606384736663101,1.0,0.0,0.0,0.0,0.0
89a8b1b0e2fffff,-22.4517869831513,-41.814985631803324,0.12845195107333418,29.734803698959134,ruim,0.0,0.0,0.0,0.0,0.0,0.0,0.0,0.0,0.0,0.0,0.0,0.0,0.0,0.0,0.0,0.0,0.08241966809801307,0.08241966809801307,0.0,0.0,0.9,0.4,1.3,-1.217580331901987,30.59,27.73,0,0,0,0,0,0,0,0,0,0,0,0,0.0,0.0,0.0,0.0,0.0,-0.0,1.0,0.10304634550774161,1.0,0.0,0.0,0.0,0.0
89a8b1a2637ffff,-22.402165703289537,-41.795485429516944,0.12846741729032213,100.0,muito bom,1.6,1.4,1.3,1.1,1.0,1.2,1.0,1.0,0.7,0.8716981132075473,0.6,0.5,0.9176273505483592,1.2,1.5,0.942255645814809,1.8,18.631581109570714,0.926742957741164,0.0,1.3394320666524685e-13,0.02309774167407639,0.9498406994153743,17.68174041015534,100.0,100.0,5,2,8,0,0,1,1,1,3,0,3,0,0.42124679897325634,0.0,0.5897066374889617,0.21370689176270197,139305.3671170394,0.820085040733386,1.4882578518360762e-13,0.8269839861130146,0.05774435418519097,0.025805516986036142,0.01368281550425148,0.0930010822941369,0.0
89a8b1b032fffff,-22.463035555834733,-41.79372326685923,0.12844779618437083,22.23264954630596,ruim,0.0,0.0,0.0,0.0,0.0,0.0,0.0,0.0,0.0,0.0,0.0,0.0,0.0,0.0,0.0,0.0,0.008465079596157905,0.008465079596157905,0.0,0.0,0.9,0.4,1.3,-1.2915349204038422,29.96,4.2,0,0,0,0,0,0,0,0,0,0,0,0,0.0,0.0,0.0,0.0,0.0,-0.0,1.0,0.0738641847200288,1.0,0.0,0.0,0.0,0.0
89a8b1a2483ffff,-22.42532457331225,-41.81134338411515,0.12846038055027148,30.0,ruim,0.0,0.0,0.0,0.0,0.0,0.0,0.0,0.0,0.0,0.0,0.0,0.0,0.0,0.0,0.0,0.0,0.5147438914778849,0.5147438914778849,0.0,0.0,0.9,0.4,1.3,-0.7852561085221151,34.06,67.23,0,0,0,0,0,0,0,0,0,0,0,0,0.0,0.0,0.0,0.0,0.0,-0.0,1.0,0.2736396143591802,1.0,0.0,0.0,0.0,0.0
89a8b1b084bffff,-22.447061179512648,-41.81795582285492,0.12845354337071238,30.0,ruim,0.0,0.0,0.0,0.0,0.0,0.0,0.0,0.0,0.0,0.0,0.0,0.0,0.0,0.0,0.0,0.0,0.11752164317215166,0.11752164317215166,0.0,0.0,0.9,0.4,1.3,-1.1824783568278483,30.89,34.17,0,0,0,0,0,0,0,0,0,0,0,0,0.0,0.0,0.0,0.0,0.0,-0.0,1.0,0.116897433064724,1.0,0.0,0.0,0.0,0.0
89a8b1a2557ffff,-22.40641412075565,-41.82322350059357,0.12846672737043116,59.448352884492806,médio,0.10829542993285693,0.09735744089012519,0.22362385321100917,0.0,0.2041330645161291,0.5934065934065934,0.0,0.0,0.0,0.455306603773585,0.0,0.0,0.41439701022360775,0.0,0.944937804448416,0.3138677236812263,1.551049130618349,4.906374654701898,2.2,0.0,0.03890261336514096,0.2744529105275095,2.513355523892651,2.3930191308092468,52.99,74.51,0,0,1,0,0,0,0,0,0,0,0,0,5.67929370425947,0.0,0.26630926741493643,0.0,46402.96788648388,0.5005670540918409,0.043225125961267735,0.6825611799627476,0.6861322763187737,0.44354295100740193,0.0,0.0,0.0
89a8b1b1d83ffff,-22.45840600863491,-41.79055152898855,0.12844920685668101,23.38391197610917,ruim,0.0,0.0,0.0,0.0,0.0,0.0,0.0,0.0,0.0,0.0,0.0,0.0,0.0,0.0,0.0,0.0,0.01818908416223975,0.01818908416223975,0.0,0.0,0.9,0.4,1.3,-1.2818109158377602,30.04,7.84,0,0,0,0,0,0,0,0,0,0,0,0,0.0,0.0,0.0,0.0,0.0,-0.0,1.0,0.07770123486791429,1.0,0.0,0.0,0.0,0.0
89a8b1a248fffff,-22.422205179364294,-41.811276186360985,0.12846138109988747,51.89949376360124,médio,0.11695906432748547,0.0,0.0,0.0,0.1360887096774194,0.11868131868131868,0.0,0.0,0.0,0.03502358490566038,0.024042742653606414,0.0,0.03635361345561103,0.0,0.5877633949545826,0.03212853171638079,0.6544534818649916,1.7414944422370566,0.25446336590450075,0.0,0.40764421149890206,0.3871485873134477,1.0492561647168506,0.6922382775202061,43.89,70.59,0,0,0,0,0,0,0,0,0,0,0,0,0.11566516632022761,0.0,0.02336238903370837,0.0,4749.960295341673,0.31135910716068266,0.4529380127765578,0.3287684145168576,0.9678714682836193,0.0,0.0,0.0,0.0
89a8b1b0e53ffff,-22.4629401840567,-41.79986544432488,0.12844798447383265,22.950754755209964,ruim,0.0,0.0,0.0,0.0,0.0,0.0,0.0,0.0,0.0,0.0,0.0,0.0,0.0,0.0,0.0,0.0,0.016039599336974193,0.016039599336974193,0.0,0.0,0.9,0.4,1.3,-1.2839604006630259,30.03,6.44,0,0,0,0,0,0,0,0,0,0,0,0,0.0,0.0,0.0,0.0,0.0,-0.0,1.0,0.07685305745184937,1.0,0.0,0.0,0.0,0.0
89a8b1b1d77ffff,-22.444420635764303,-41.78717859033457,0.12845362473909877,28.20022205722067,ruim,0.0,0.0,0.0,0.0,0.0,0.0,0.0,0.0,0.0,0.0,0.0,0.0,0.0,0.0,0.0,0.0,0.06459475034674778,0.06459475034674778,0.0,0.0,0.9,0.4,1.3,-1.2354052496532524,30.44,22.97,0,0,0,0,0,0,0,0,0,0,0,0,0.0,0.0,0.0,0.0,0.0,-0.0,1.0,0.0960127100514084,1.0,0.0,0.0,0.0,0.0
89a8b1a2213ffff,-22.38826676343334,-41.785971225186884,0.12847161716060707,72.26945154306944,bom,0.353476283300845,1.067686601761706,0.0,0.0,0.36290322580645173,0.19780219780219782,0.0,0.0,0.0,0.13425707547169813,0.10685663401602853,0.4166666666666667,0.08560584326328763,0.021777273144652488,1.1169371637120453,0.7816087300666311,1.5545559213037548,6.2001336163159655,0.03776816219986844,0.0,0.004510440241727467,0.08735650797334756,0.12963511041494347,6.070498505901022,68.67,80.67,0,0,0,0,0,0,0,0,0,0,0,0,0.017167346454485654,0.0,0.05501398138365537,0.00167081701984177,115554.9362505117,0.5916812122586169,0.005011600268586074,0.683944944401215,0.21839126993336888,0.0,0.0,0.0,0.0
89a8b1b086fffff,-22.439119840617884,-41.82700068937805,0.1284563059545261,30.0,ruim,0.0,0.0,0.0,0.0,0.0,0.0,0.0,0.0,0.0,0.0,0.0,0.0,0.0,0.0,0.0,0.0,0.18074696848171717,0.18074696848171717,0.0,0.0,0.9,0.4,1.3,-1.119253031518283,31.42,44.54,0,0,0,0,0,0,0,0,0,0,0,0,0.0,0.0,0.0,0.0,0.0,-0.0,1.0,0.14184587299814214,1.0,0.0,0.0,0.0,0.0
89a8b1b0a23ffff,-22.43307456293057,-41.81458233140725,0.12845796627350645,30.0,ruim,0.0,0.0,0.0,0.0,0.0,0.0,0.0,0.0,0.0,0.0,0.0,0.0,0.0,0.0,0.0,0.0,0.3065144323657551,0.3065144323657551,0.0,0.0,0.9,0.4,1.3,-0.9934855676342449,32.44,57.7,0,0,0,0,0,0,0,0,0,0,0,0,0.0,0.0,0.0,0.0,0.0,-0.0,1.0,0.1914731703339226,1.0,0.0,0.0,0.0,0.0
89a8b1b0bd7ffff,-22.436000935325822,-41.82693341350425,0.12845730807069805,30.0,ruim,0.0,0.0,0.0,0.0,0.0,0.0,0.0,0.0,0.0,0.0,0.0,0.0,0.0,0.0,0.0,0.0,0.22034251095969754,0.22034251095969754,0.0,0.0,0.9,0.4,1.3,-1.0796574890403026,31.74,50.42,0,0,0,0,0,0,0,0,0,0,0,0,0.0,0.0,0.0,0.0,0.0,-0.0,1.0,0.1574701028191241,1.0,0.0,0.0,0.0,0.0
89a8b1b1da7ffff,-22.450467233554136,-41.79959686624402,0.1284520001221206,28.560990868931547,ruim,0.0,0.0,0.0,0.0,0.0,0.0,0.0,0.0,0.0,0.0,0.0,0.0,0.0,0.0,0.0,0.0,0.06872896582327942,0.06872896582327942,0.0,0.0,0.9,0.4,1.3,-1.2312710341767206,30.48,24.09,0,0,0,0,0,0,0,0,0,0,0,0,0.0,0.0,0.0,0.0,0.0,-0.0,1.0,0.0976440535989987,1.0,0.0,0.0,0.0,0.0
89a8b1a24b3ffff,-22.422109083418363,-41.81741798188898,0.12846155723836147,46.10865777979329,médio,0.15594541910331397,0.0,0.0,0.0,0.11340725806451618,0.11868131868131868,0.0,0.0,0.0,0.02918632075471699,0.024042742653606414,0.0,0.035258523895309396,0.0,0.5665342043310642,0.02748334671971765,0.8176598055983828,1.8881989398019465,1.5283098320179622,0.0,0.37932553329832586,0.389006661312113,2.296642026628401,-0.4084430868264546,36.82,67.79,0,0,0,0,0,0,0,0,0,0,0,0,0.6946862872808919,0.0,0.02265863757951639,0.0,4063.204844036155,0.3001132522894493,0.42147281477591764,0.3931689240354774,0.9725166532802824,0.0,0.0,0.0,0.0
89a8b1b0b0fffff,-22.42503559450262,-41.82976886887582,0.12846089621326398,30.0,ruim,0.0,0.0,0.0,0.0,0.0,0.0,0.0,0.0,0.0,0.0,0.0,0.0,0.0,0.0,0.0,0.0,0.37305852080018215,0.37305852080018215,0.25920924985102706,0.0,0.9,0.4,1.559209249851027,-1.1861507290508448,30.86,33.89,0,0,0,0,0,0,0,0,0,0,0,0,0.11782238629592137,0.0,0.0,0.0,0.0,-0.0,1.0,0.2177311798435897,1.0,0.0840435567678751,0.0,0.0,0.0
89a8b1a254bffff,-22.403390405203194,-41.81701462879296,0.12846755387781567,75.75725511656076,bom,0.2962962962962965,0.5625096584762789,1.0237003058103975,0.0,0.5670362903225808,1.2,0.0,0.5921052631578951,0.0,1.0837853773584907,0.024042742653606414,0.0,0.36342231744495995,0.05701209316941541,1.2117946468682042,0.6921414458442271,1.756799107452658,9.43064554485501,2.2,0.007691185900901647,8.529791766550906e-05,0.12314342166230917,2.3309199054808767,7.099725639374133,72.45,83.47,2,1,0,0,0,0,0,0,0,0,0,0,3.1015544161736868,0.019227964752254117,0.23355074658666578,0.004374136971673827,102327.87528364536,0.6419305838876433,9.477546407278783e-05,0.7637492310043186,0.3078585541557729,0.09687880026862476,0.045364702828198517,0.0,0.0
89a8b1a2667ffff,-22.39762820836156,-41.78617243794275,0.1284686258004295,89.60229873388231,muito bom,0.8039852718215299,1.4,0.7155963302752293,0.2864583333333335,0.9047379032258068,0.44835164835164837,0.0,0.3947368421052635,0.5921717171717177,0.5675117924528303,0.6,0.5,0.5053830569293055,0.8907010343751574,1.4688528108192112,0.7248379507585551,1.778828085718247,12.582152777337836,0.3473915713992977,0.0,5.762675146037469e-07,0.11006481969657798,0.4574569673633903,12.124695809974446,88.63,91.88,0,0,2,0,0,0,1,0,0,1,0,0,0.1579052597269535,0.0,0.32478079796507453,0.068337226517734,107161.80611840922,0.7781034063246965,6.402972384486076e-07,0.7724417705580924,0.27516204924144494,0.006015627767396961,0.1538885977850719,0.0,0.0
89a8b1b1977ffff,-22.42258724000725,-41.78670903417188,0.12846063440997785,30.0,ruim,0.0,0.0,0.0,0.0,0.0,0.0,0.0,0.0,0.0,0.0,0.0,0.0,0.0,0.0,0.0,0.0,0.25196725627818367,0.25196725627818367,0.0,0.0,0.9,0.4,1.3,-1.0480327437218164,32.0,53.22,0,0,0,0,0,0,0,0,0,0,0,0,0.0,0.0,0.0,0.0,0.0,-0.0,1.0,0.169949090552676,1.0,0.0,0.0,0.0,0.0
89a8b1b0e77ffff,-22.455001294213368,-41.8089107410228,0.12845076954336887,27.665111928202545,ruim,0.0,0.0,0.0,0.0,0.0,0.0,0.0,0.0,0.0,0.0,0.0,0.0,0.0,0.0,0.0,0.0,0.059414353484381247,0.059414353484381247,0.0,0.0,0.9,0.4,1.3,-1.2405856465156189,30.4,21.29,0,0,0,0,0,0,0,0,0,0,0,0,0.0,0.0,0.0,0.0,0.0,-0.0,1.0,0.09396854785344079,1.0,0.0,0.0,0.0,0.0
89a8b1a2083ffff,-22.403486513233915,-41.81087301364398,0.12846737751426782,82.06746942038572,muito bom,0.6558371236733818,0.7788595271210015,1.0435779816513764,0.0,0.7560483870967744,1.2,0.2727272727272727,0.8552631578947374,0.0,1.1,0.11487088156723069,0.0,0.5048225444756982,0.09265671509593075,1.2213164883884526,0.9181662323737907,1.8,11.314146312065647,2.2,0.012691757370673452,9.53912537957122e-07,0.03273350705048372,2.2454262183336953,9.068720093731951,79.18,88.8,0,0,2,0,0,0,0,0,0,5,0,0,1.7162893815603306,0.03172939342668363,0.32442058865560924,0.007108898141497843,135743.92962612014,0.6469746409005834,1.0599028199523576e-06,0.8835148458752693,0.08183376762620931,0.0,0.0,0.0,0.0
89a8b1b0a47ffff,-22.43638528287818,-41.80236569058194,0.1284566041926064,30.0,ruim,0.0,0.0,0.0,0.0,0.0,0.0,0.0,0.0,0.0,0.0,0.0,0.0,0.0,0.0,0.0,0.0,0.1847756692785552,0.1847756692785552,0.0,0.0,0.9,0.4,1.3,-1.115224330721445,31.45,45.66,0,0,0,0,0,0,0,0,0,0,0,0,0.0,0.0,0.0,0.0,0.0,-0.0,1.0,0.14343558090944997,1.0,0.0,0.0,0.0,0.0
89a8b1a24d7ffff,-22.42542043490534,-41.80520156137264,0.12846020023537164,30.0,ruim,0.0,0.0,0.0,0.0,0.0,0.0,0.0,0.0,0.0,0.0,0.0,0.0,0.0,0.0,0.0,0.0,0.3912687829703917,0.3912687829703917,0.0,0.0,0.9,0.4,1.3,-0.9087312170296084,33.11,63.31,0,0,0,0,0,0,0,0,0,0,0,0,0.0,0.0,0.0,0.0,0.0,-0.0,1.0,0.22491687054111997,1.0,0.0,0.0,0.0,0.0
89a8b1a268bffff,-22.413228425240927,-41.78650780566302,0.12846363364001565,30.0,ruim,0.0,0.0,0.0,0.0,0.0,0.0,0.0,0.0,0.0,0.0,0.0,0.0,0.0,0.0,0.0,0.0,0.4516606266159393,0.4516606266159393,0.0,0.0,0.9,0.4,1.3,-0.8483393733840607,33.58,64.43,0,0,0,0,0,0,0,0,0,0,0,0,0.0,0.0,0.0,0.0,0.0,-0.0,1.0,0.24874723086401695,1.0,0.0,0.0,0.0,0.0
89a8b1b199bffff,-22.43818307124579,-41.78704442814863,0.12845562913951922,30.0,ruim,0.0,0.0,0.0,0.0,0.0,0.0,0.0,0.0,0.0,0.0,0.0,0.0,0.0,0.0,0.0,0.0,0.09786685696161537,0.09786685696161537,0.0,0.0,0.9,0.4,1.3,-1.2021331430383846,30.72,30.53,0,0,0,0,0,0,0,0,0,0,0,0,0.0,0.0,0.0,0.0,0.0,-0.0,1.0,0.1091417394280864,1.0,0.0,0.0,0.0,0.0
89a8b1b1d03ffff,-22.450657761286408,-41.78731275514649,0.12845161902903243,25.43920508330891,ruim,0.0,0.0,0.0,0.0,0.0,0.0,0.0,0.0,0.0,0.0,0.0,0.0,0.0,0.0,0.0,0.0,0.038529406884638726,0.038529406884638726,0.0,0.0,0.9,0.4,1.3,-1.2614705931153614,30.22,14.29,0,0,0,0,0,0,0,0,0,0,0,0,0.0,0.0,0.0,0.0,0.0,-0.0,1.0,0.08572743824735876,1.0,0.0,0.0,0.0,0.0
89a8b1b0e23ffff,-22.454905335691087,-41.81505285083813,0.12845094739417834,27.942782184955846,ruim,0.0,0.0,0.0,0.0,0.0,0.0,0.0,0.0,0.0,0.0,0.0,0.0,0.0,0.0,0.0,0.0,0.06369936699696924,0.06369936699696924,0.0,0.0,0.9,0.4,1.3,-1.2363006330030308,30.43,22.13,0,0,0,0,0,0,0,0,0,0,0,0,0.0,0.0,0.0,0.0,0.0,-0.0,1.0,0.09565939565389509,1.0,0.0,0.0,0.0,0.0
89a8b1a240fffff,-22.41445417815291,-41.80803733572965,0.12846379134350935,60.32519696263158,bom,0.3560753736192336,0.2141863699582754,0.35779816513761464,0.0,0.446068548387097,0.19780219780219782,0.0,0.0,0.0,0.31132075471698123,0.15494211932324134,0.0,0.13598661131632486,0.0,1.2810520788453406,0.2549654410839881,1.120493163750051,4.830690823940346,1.916574703875134,0.0,0.01415962724373813,0.29801382356640477,2.228748154685277,2.601942669255069,54.01,75.07,0,0,0,0,0,0,0,0,0,0,0,0,0.8711703199432427,0.0,0.08739082074542215,0.0,37694.711122318455,0.6786187008574135,0.015732919159709032,0.5126656574835083,0.7450345589160119,0.0,0.0,0.0,0.0
89a8b1b0c6fffff,-22.46094910445499,-41.827471638927136,0.12844928196769195,24.800138547371457,ruim,0.0,0.0,0.0,0.0,0.0,0.0,0.0,0.0,0.0,0.0,0.0,0.0,0.0,0.0,0.0,0.0,0.03007624868759426,0.03007624868759426,0.0,0.0,0.9,0.4,1.3,-1.2699237513124058,30.15,12.32,0,0,0,0,0,0,0,0,0,0,0,0,0.0,0.0,0.0,0.0,0.0,-0.0,1.0,0.08239185858060237,1.0,0.0,0.0,0.0,0.0
89a8b1b1923ffff,-22.422492073321607,-41.79285081744844,0.1284608274022146,30.0,ruim,0.0,0.0,0.0,0.0,0.0,0.0,0.0,0.0,0.0,0.0,0.0,0.0,0.0,0.0,0.0,0.0,0.3083341142295971,0.3083341142295971,0.0,0.0,0.9,0.4,1.3,-0.9916658857704029,32.45,58.26,0,0,0,0,0,0,0,0,0,0,0,0,0.0,0.0,0.0,0.0,0.0,-0.0,1.0,0.1921912089277252,1.0,0.0,0.0,0.0,0.0
89a8b1a2613ffff,-22.41010860105797,-41.78644073080621,0.12846463272759467,47.84929429728367,médio,0.09356725146198837,0.0584144645340751,0.0,0.0,0.0,0.0,0.0,0.0,0.0,0.0,0.0,0.0,0.0042252928655118396,0.013724232913717056,0.1696238573397118,0.006042652735517677,0.5508055537558489,0.8964033056063707,0.012298402812868058,0.0,0.5842884390166327,0.397582938905793,0.9941697807352938,-0.09776647512892311,38.94,68.63,0,0,0,0,0,0,0,0,0,0,0,0,0.005590183096758208,0.0,0.0027153541648884997,0.0010529638758809343,893.3604817556219,0.08985577058354355,0.6492093766851474,0.2878693903363847,0.9939573472644824,0.0,0.0,0.0,0.0
89a8b1b0abbffff,-22.44243126688947,-41.81478397864548,0.1284549601469512,30.0,ruim,0.0,0.0,0.0,0.0,0.0,0.0,0.0,0.0,0.0,0.0,0.0,0.0,0.0,0.0,0.0,0.0,0.16103511963709682,0.16103511963709682,0.0,0.0,0.9,0.4,1.3,-1.138964880362903,31.25,42.02,0,0,0,0,0,0,0,0,0,0,0,0,0.0,0.0,0.0,0.0,0.0,-0.0,1.0,0.1340676626928766,1.0,0.0,0.0,0.0,0.0
89a8b1b0a6bffff,-22.430147159246488,-41.80223138132889,0.12845860714415194,30.0,ruim,0.0,0.0,0.0,0.0,0.0,0.0,0.0,0.0,0.0,0.0,0.0,0.0,0.0,0.0,0.0,0.0,0.2626111935981967,0.2626111935981967,0.0,0.0,0.9,0.4,1.3,-1.0373888064018033,32.08,54.62,0,0,0,0,0,0,0,0,0,0,0,0,0.0,0.0,0.0,0.0,0.0,-0.0,1.0,0.1741491421867834,1.0,0.0,0.0,0.0,0.0
89a8b1a25c3ffff,-22.41265390340231,-41.82335801043273,0.12846472907042122,15.0,muito ruim,0.19493177387914246,0.0,0.0,0.0,0.11340725806451618,0.11868131868131868,0.0,0.0,0.0,0.18679245283018872,0.024042742653606414,0.0,0.16751140250484833,0.0,0.727179361464666,0.10981689378468065,0.8220440572498916,2.464407261112859,2.2,0.0,0.17598429591902545,0.35607324248612776,2.7320575384051535,-0.2676502772922946,37.8,68.07,0,0,0,0,0,0,0,0,0,0,0,0,7.128976018451338,0.0,0.10765000177159417,0.0,16235.596753680313,0.38521268706910383,0.19553810657669493,0.3948989307763697,0.8901831062153194,1.0,0.0,0.0,0.0
89a8b1a26afffff,-22.405285804649925,-41.795552547834816,0.1284664189655515,99.15966386554621,muito bom,1.6,1.4,1.3,1.1,1.0,1.054945054945055,1.0,1.0,0.7,0.558431603773585,0.6,0.3,0.48480270332911757,1.2,1.4777653779138955,0.5992334876102348,1.7346184802143727,17.10979670778626,0.6567937627560629,0.0,6.70648861181378e-11,0.1603066049559061,0.8171003677790339,16.292696340007225,100.0,97.2,2,0,4,0,0,0,0,0,0,0,0,0,0.29854261943457405,0.0,0.3115549812839913,0.14236787562813663,88592.136699995,0.7828247090749725,7.451654013126422e-11,0.7549968514217625,0.40076651238976524,0.02334288569622683,0.01257108409670602,0.0048748327587080295,0.0
89a8b1b0b57ffff,-22.428251441380652,-41.8236942965469,0.1284597275868656,30.0,ruim,0.0,0.0,0.0,0.0,0.0,0.0,0.0,0.0,0.0,0.0,0.0,0.0,0.0,0.0,0.0,0.0,0.403405364911282,0.403405364911282,0.06656249696015708,0.0,0.9,0.4,1.366562496960157,-0.9631571320488751,32.68,59.94,0,0,0,0,0,0,0,0,0,0,0,0,0.030255680436435034,0.0,0.0,0.0,0.0,-0.0,1.0,0.22970591328731046,1.0,0.0,0.0,0.0,0.0
89a8b1b1d27ffff,-22.442718469270034,-41.796358018881655,0.12845441350282683,30.0,ruim,0.0,0.0,0.0,0.0,0.0,0.0,0.0,0.0,0.0,0.0,0.0,0.0,0.0,0.0,0.0,0.0,0.10330141411111858,0.10330141411111858,0.0,0.0,0.9,0.4,1.3,-1.1966985858888814,30.77,31.93,0,0,0,0,0,0,0,0,0,0,0,0,0.0,0.0,0.0,0.0,0.0,-0.0,1.0,0.11128619217617841,1.0,0.0,0.0,0.0,0.0
89a8b1a20cbffff,-22.40055787565892,-41.79852265904519,0.12846801032444846,99.91596638655463,muito bom,1.6,1.4,1.3,1.1,1.0,1.2,1.0,1.0,0.7,1.1,0.6,0.5,1.0,1.2,1.5,1.0,1.8,19.0,1.3575208985639575,0.0028282593151240983,1.3997970571532908e-12,0.0,1.3603491578804814,17.63965084211952,100.0,99.72,2,0,1,1,0,1,0,0,0,1,1,0,0.6170549538927079,0.007070648287810245,0.8782641993565089,0.18386491953204728,167297.0694149896,0.825126485931201,1.5553300635036565e-12,0.7892596490747866,0.0,0.02960995572949147,0.0,0.03222556609664883,0.0
89a8b1a2433ffff,-22.414358193294124,-41.81417905468868,0.12846396968316928,62.2292025893121,bom,0.42625081221572486,0.07788595271210014,0.22362385321100917,0.0,0.5594758064516132,0.7868131868131868,0.0,0.0,0.0,0.24516509433962266,0.15138023152270708,0.0,0.19095708974326855,0.0,1.2861767943893767,0.27216243857826167,1.415706222326032,5.635597482302902,2.2,0.0,0.014121918538374549,0.29113502456869533,2.50525694310707,3.1303405391958323,56.49,75.63,0,0,0,0,0,1,0,0,0,0,1,0,3.4876347747072907,0.0,0.12271720457099244,0.0,40237.1570709219,0.6813334443578434,0.015691020598193942,0.629155453674865,0.7278375614217383,0.002082645272323284,0.049509473960110656,0.0,0.0
89a8b1b08dbffff,-22.457927389308352,-41.82126221317695,0.1284501169881804,26.332304894982357,ruim,0.0,0.0,0.0,0.0,0.0,0.0,0.0,0.0,0.0,0.0,0.0,0.0,0.0,0.0,0.0,0.0,0.04732543770693352,0.04732543770693352,0.0,0.0,0.9,0.4,1.3,-1.2526745622930666,30.29,17.09,0,0,0,0,0,0,0,0,0,0,0,0,0.0,0.0,0.0,0.0,0.0,-0.0,1.0,0.08919831396920049,1.0,0.0,0.0,0.0,0.0
89a8b1b0a8fffff,-22.444038633399625,-41.81174658444888,0.12845437037419166,30.0,ruim,0.0,0.0,0.0,0.0,0.0,0.0,0.0,0.0,0.0,0.0,0.0,0.0,0.0,0.0,0.0,0.0,0.14084863144509224,0.14084863144509224,0.0,0.0,0.9,0.4,1.3,-1.1591513685549077,31.08,38.1,0,0,0,0,0,0,0,0,0,0,0,0,0.0,0.0,0.0,0.0,0.0,-0.0,1.0,0.12610216175382985,1.0,0.0,0.0,0.0,0.0
89a8b1a2003ffff,-22.39573387402104,-41.80763426306591,0.12846978272655318,79.76904740746826,bom,0.2988953866146851,0.5159944367176634,0.8795871559633027,0.1718750000000001,0.32510080645161304,0.5934065934065934,0.4545454545454546,0.9868421052631587,0.0,0.7160377358490567,0.11219946571682995,0.0,1.0,0.214842278376767,1.391305111109764,0.6510306555305306,1.276605773817488,9.588267959362907,1.1721770064454733,0.012745456260305899,0.0005959459900910493,0.13958773778778774,1.325106146483658,8.26316181287925,76.5,87.39,0,0,0,0,0,0,0,0,0,0,0,0,0.5328077302024878,0.031863640650764746,0.7694388339544945,0.01648333714276944,96249.95602409159,0.7370236406380908,0.0006621622112122769,0.574267018268082,0.34896934446946937,0.0,0.0,0.0,0.0
89a8b1b0b7bffff,-22.422012755162385,-41.82355978012697,0.12846172916376053,16.423384075924062,muito ruim,0.09356725146198837,0.0,0.0,0.0,0.0680443548387097,0.0,0.0,0.0,0.0,0.01751179245283019,0.0,0.0,0.00796758702763936,0.0,0.23119582977288833,0.006221163941581493,0.6434535492925086,1.067961528788146,2.1218139693140614,0.0,0.5842884390166327,0.39751153442336745,3.1036139427540617,-2.0356524139659156,22.62,1.96,0,0,0,0,0,0,0,0,0,0,0,0,0.964460895142755,0.0,0.005120312676122945,0.0,919.7520127649386,0.12247262717495715,0.6492093766851474,0.32442788869571615,0.9937788360584185,0.0,0.0,0.0,0.0
89a8b1a22a3ffff,-22.386563553075504,-41.7951498477791,0.12847240399306442,64.41769138174465,bom,0.18973359324236533,0.31154381084840055,0.0,0.0,0.24949596774193558,0.0,0.0,0.0,0.0,0.13425707547169813,0.06411398040961712,0.15,0.22218084636369778,0.011798770928540574,1.1009652695665073,0.72096204139154,1.0359453230246878,4.1909966789889905,0.2799743477215223,0.0,0.07907484138619432,0.11161518344338402,0.4706643725511006,3.72033230643789,59.13,76.75,0,0,0,0,0,0,0,0,0,0,0,0,0.1272610671461465,0.0,0.14278292789038108,0.0009052367185586154,106588.7822477828,0.5832203337086624,0.08786093487354925,0.4793034451815686,0.27903795860846003,0.0,0.0,0.0,0.0
89a8b1a2457ffff,-22.417669595772587,-41.801962770708435,0.12846260911675014,50.68686575946722,médio,0.07017543859649128,0.0,0.0,0.0,0.1360887096774194,0.0,0.0,0.0,0.0,0.01751179245283019,0.04808548530721283,0.0,0.03072430200927317,0.0,0.4393694321099787,0.025112705212438916,0.5727518368726834,1.3398197022383278,0.0,0.0,0.5059282006771402,0.38995491791502446,0.8958831185921646,0.4439365836461632,42.4,70.03,0,0,0,0,0,0,0,0,0,0,0,0,0.0,0.0,0.01974475239459309,0.0,3712.7234360008865,0.23274956431410637,0.5621424451968224,0.29652929874209594,0.9748872947875611,0.0,0.0,0.0,0.0
89a8b1b0ab3ffff,-22.443942551539088,-41.817888590431664,0.12845454625007724,30.0,ruim,0.0,0.0,0.0,0.0,0.0,0.0,0.0,0.0,0.0,0.0,0.0,0.0,0.0,0.0,0.0,0.0,0.14604782845984368,0.14604782845984368,0.0,0.0,0.9,0.4,1.3,-1.1539521715401564,31.13,39.5,0,0,0,0,0,0,0,0,0,0,0,0,0.0,0.0,0.0,0.0,0.0,-0.0,1.0,0.12815374241062258,1.0,0.0,0.0,0.0,0.0
89a8b1b191bffff,-22.430432991956316,-41.78380580115322,0.12845803476892798,30.0,ruim,0.0,0.0,0.0,0.0,0.0,0.0,0.0,0.0,0.0,0.0,0.0,0.0,0.0,0.0,0.0,0.0,0.14435214391449186,0.14435214391449186,0.0,0.0,0.9,0.4,1.3,-1.1556478560855081,31.11,38.66,0,0,0,0,0,0,0,0,0,0,0,0,0.0,0.0,0.0,0.0,0.0,-0.0,1.0,0.12748463262243878,1.0,0.0,0.0,0.0,0.0
89a8b1b0e1bffff,-22.462844579603036,-41.8060076249043,0.12844816855027139,23.827309365821915,ruim,0.0,0.0,0.0,0.0,0.0,0.0,0.0,0.0,0.0,0.0,0.0,0.0,0.0,0.0,0.0,0.0,0.02203645444638511,0.02203645444638511,0.0,0.0,0.9,0.4,1.3,-1.277963545553615,30.08,9.24,0,0,0,0,0,0,0,0,0,0,0,0,0.0,0.0,0.0,0.0,0.0,-0.0,1.0,0.07921939054312276,1.0,0.0,0.0,0.0,0.0
89a8b1b081bffff,-22.451594364339034,-41.827269799456204,0.1284522942113653,29.026918743850143,ruim,0.0,0.0,0.0,0.0,0.0,0.0,0.0,0.0,0.0,0.0,0.0,0.0,0.0,0.0,0.0,0.0,0.07642119784379123,0.07642119784379123,0.0,0.0,0.9,0.4,1.3,-1.2235788021562088,30.54,25.49,0,0,0,0,0,0,0,0,0,0,0,0,0.0,0.0,0.0,0.0,0.0,-0.0,1.0,0.10067937508731092,1.0,0.0,0.0,0.0,0.0
89a8b1a2543ffff,-22.40490230520119,-41.82011905676481,0.1284671412011611,66.84504053430517,bom,0.15854450942170253,0.19146963375057952,0.5068807339449541,0.0,0.34022177419354854,0.989010989010989,0.0,0.0,0.0,0.857429245283019,0.0,0.0,0.4542862279109162,0.0,0.9613879666147841,0.5242106308532137,1.8,6.783441710983706,2.2,4.1167635673227314e-05,0.0029596216226849075,0.1903157476587145,2.393316536917073,4.390125174066633,62.0,78.15,0,0,0,0,0,0,0,0,0,4,0,0,4.576503867361492,0.00010291908918306827,0.29194378715804453,0.0,77500.5750318573,0.5092812881675518,0.0032884684696498972,0.7867684817098216,0.47578936914678627,0.15682140609009512,0.0,0.0,0.0
89a8b1b1d6fffff,-22.439789993853125,-41.78400699538486,0.1284550301894183,29.2142289003551,ruim,0.0,0.0,0.0,0.0,0.0,0.0,0.0,0.0,0.0,0.0,0.0,0.0,0.0,0.0,0.0,0.0,0.07966086049747644,0.07966086049747644,0.0,0.0,0.9,0.4,1.3,-1.2203391395025236,30.57,26.05,0,0,0,0,0,0,0,0,0,0,0,0,0.0,0.0,0.0,0.0,0.0,-0.0,1.0,0.10195773195972349,1.0,0.0,0.0,0.0,0.0
89a8b1a247bffff,-22.411430156133953,-41.80182846934088,0.12846460813658195,77.86591032993216,bom,1.1176088369070836,0.4575799721835883,0.536697247706422,0.5156250000000003,0.6577620967741938,0.23736263736263735,0.7272727272727273,0.14802631578947378,0.21212121212121227,0.367747641509434,0.17097061442564565,0.0,0.18205616229439253,0.16159755052443806,1.3781768011102673,0.3185549951182939,0.9541329008789614,8.143292711978772,0.15476900906818264,0.0,0.0002040061299783927,0.27257800195268245,0.4275510171508435,7.715741694827928,74.62,85.43,0,0,0,0,0,0,0,0,0,0,0,0,0.07034954957644665,0.0,0.1169970873651646,0.012398243617900859,47095.945499532056,0.7300691094184529,0.00022667347775376967,0.44702061722115155,0.6814450048817061,0.0,0.0,0.0,0.0
89a8b1a200bffff,-22.394221582614406,-41.804529914063124,0.1284701906037777,77.01029855885126,bom,0.1819363222871996,0.29531757070004633,0.5963302752293578,0.1718750000000001,0.2570564516129033,0.23736263736263735,0.7575757575757576,0.5921052631578951,0.0,0.49033018867924544,0.1789848619768478,0.0,1.0,0.4004607731012484,1.433398724714455,0.7488360948271562,1.3209403302217106,8.66251025144646,1.0800846979760468,0.007622573174779601,0.005293050656626103,0.10046556206913754,1.19346588387659,7.46904436756987,73.76,84.59,0,0,0,0,0,0,0,0,0,0,0,0,0.49094758998911214,0.019056432936949003,1.1088353868844119,0.030724538881988492,110709.75012325855,0.7593221200289961,0.005881167396251225,0.5917612424893078,0.2511639051728438,0.0,0.4220062433157541,0.0,0.0
89a8b1b0ad7ffff,-22.44725310667828,-41.805671753596194,0.1284531874810307,30.0,ruim,0.0,0.0,0.0,0.0,0.0,0.0,0.0,0.0,0.0,0.0,0.0,0.0,0.0,0.0,0.0,0.0,0.10230160004639356,0.10230160004639356,0.0,0.0,0.9,0.4,1.3,-1.1976983999536064,30.76,31.65,0,0,0,0,0,0,0,0,0,0,0,0,0.0,0.0,0.0,0.0,0.0,-0.0,1.0,0.11089166987018396,1.0,0.0,0.0,0.0,0.0
89a8b1a262fffff,-22.397533024674434,-41.79231398066777,0.12846881909554508,99.32773109243696,muito bom,1.4884123889971854,1.4,1.3,1.1,1.0,0.8307692307692308,0.5454545454545454,0.8059210526315796,0.7,1.1,0.6,0.5,0.8875221812432293,1.2,1.5,1.0,1.8,17.758079399095767,0.9072038847781458,0.0,4.116797302390824e-11,0.0,0.9072038848193138,16.850875514276453,100.0,97.76,4,2,1,1,0,0,0,0,0,5,0,2,0.41236540217188444,0.0,0.5703597662875366,0.17066752304962665,173714.63667332768,0.823408608244188,4.574219224878693e-11,0.8565736423894643,0.0,0.0001296840157051641,0.0032664167251422686,0.059618044310461915,0.0
89a8b1a204bffff,-22.392804741792524,-41.79528407850397,0.1284704102965686,90.86829883987909,muito bom,0.6263807667316444,1.2007417709782104,0.7155963302752293,0.45833333333333365,0.8820564516129036,0.35604395604395606,0.4545454545454546,0.29605263157894757,0.397727272727273,0.7854363207547171,0.5957257346393591,0.5,1.0,1.087315971664087,1.5,1.0,1.622519514492893,13.478475509378008,0.8546344030481695,0.0,3.1502549171412245e-06,0.0,0.8546375533030867,12.62383795607492,90.08,92.72,0,0,0,0,0,0,1,0,0,1,0,0,0.3884701832037134,0.0,0.7065720091811085,0.08342210796250443,192614.65176244357,0.7957475400142494,3.5002832412680273e-06,0.7107630843480878,0.0,0.073462828040407,0.06214096467902768,0.0,0.0
89a8b1b085bffff,-22.450179697722888,-41.81802305593607,0.12845254016396376,30.0,ruim,0.0,0.0,0.0,0.0,0.0,0.0,0.0,0.0,0.0,0.0,0.0,0.0,0.0,0.0,0.0,0.0,0.09360223959744468,0.09360223959744468,0.0,0.0,0.9,0.4,1.3,-1.2063977604025553,30.69,29.69,0,0,0,0,0,0,0,0,0,0,0,0,0.0,0.0,0.0,0.0,0.0,-0.0,1.0,0.10745893985958932,1.0,0.0,0.0,0.0,0.0
89a8b1b0a0fffff,-22.43628954464447,-41.80850761708133,0.12845678648219055,30.0,ruim,0.0,0.0,0.0,0.0,0.0,0.0,0.0,0.0,0.0,0.0,0.0,0.0,0.0,0.0,0.0,0.0,0.2223195694384643,0.2223195694384643,0.0,0.0,0.9,0.4,1.3,-1.0776804305615357,31.76,50.7,0,0,0,0,0,0,0,0,0,0,0,0,0.0,0.0,0.0,0.0,0.0,-0.0,1.0,0.15825024154456147,1.0,0.0,0.0,0.0,0.0
89a8b1b0bc3ffff,-22.43448968884944,-41.82382881559927,0.12845772469976868,30.0,ruim,0.0,0.0,0.0,0.0,0.0,0.0,0.0,0.0,0.0,0.0,0.0,0.0,0.0,0.0,0.0,0.0,0.2611376003009848,0.2611376003009848,0.0,0.0,0.9,0.4,1.3,-1.0388623996990152,32.07,54.34,0,0,0,0,0,0,0,0,0,0,0,0,0.0,0.0,0.0,0.0,0.0,-0.0,1.0,0.17356766864462647,1.0,0.0,0.0,0.0,0.0
89a8b1b1d93ffff,-22.461524133312395,-41.79061862905748,0.12844820267370916,22.318282959746032,ruim,0.0,0.0,0.0,0.0,0.0,0.0,0.0,0.0,0.0,0.0,0.0,0.0,0.0,0.0,0.0,0.0,0.008729170508833475,0.008729170508833475,0.0,0.0,0.9,0.4,1.3,-1.2912708294911666,29.96,4.48,0,0,0,0,0,0,0,0,0,0,0,0,0.0,0.0,0.0,0.0,0.0,-0.0,1.0,0.07396839385204336,1.0,0.0,0.0,0.0,0.0
89a8b1b0a97ffff,-22.448668520829315,-41.8149184134263,0.12845295442496996,30.0,ruim,0.0,0.0,0.0,0.0,0.0,0.0,0.0,0.0,0.0,0.0,0.0,0.0,0.0,0.0,0.0,0.0,0.1042616292746157,0.1042616292746157,0.0,0.0,0.9,0.4,1.3,-1.1957383707253844,30.78,32.49,0,0,0,0,0,0,0,0,0,0,0,0,0.0,0.0,0.0,0.0,0.0,-0.0,1.0,0.11166508892700368,1.0,0.0,0.0,0.0,0.0
89a8b1b1963ffff,-22.421075002833636,-41.783604612828384,0.12846103640043746,30.0,ruim,0.0,0.0,0.0,0.0,0.0,0.0,0.0,0.0,0.0,0.0,0.0,0.0,0.0,0.0,0.0,0.0,0.24953544541084907,0.24953544541084907,0.0,0.0,0.9,0.4,1.3,-1.050464554589151,31.98,52.38,0,0,0,0,0,0,0,0,0,0,0,0,0.0,0.0,0.0,0.0,0.0,-0.0,1.0,0.16898950850140024,1.0,0.0,0.0,0.0,0.0
89a8b1a243bffff,-22.41284633960329,-41.8110745970437,0.12846438078187006,66.95824752424284,bom,0.5501407840589132,0.24663885025498378,0.5068807339449541,0.0,0.6854838709677423,0.5670329670329671,0.0,0.0,0.0,0.5344339622641511,0.1816562778272485,0.0,0.2024159442579894,0.0,1.2830952001879827,0.3988485611194093,1.6854470202714094,6.842074172187751,2.2,0.0,0.0015195204069454486,0.24046057555223632,2.441980095959182,4.400094076228569,62.04,78.43,0,0,1,0,0,0,1,0,0,1,0,0,2.3582328691581917,0.0,0.13008115526547986,0.0,58966.74164557073,0.6797010146634904,0.001688356007717165,0.735594005982549,0.6011514388805907,0.0,0.034944583250932984,0.0,0.0
89a8b1b0e63ffff,-22.45349002522518,-41.805806100147365,0.1284511808901593,28.111946444046644,ruim,0.0,0.0,0.0,0.0,0.0,0.0,0.0,0.0,0.0,0.0,0.0,0.0,0.0,0.0,0.0,0.0,0.06388332667337043,0.06388332667337043,0.0,0.0,0.9,0.4,1.3,-1.2361166733266296,30.44,22.69,0,0,0,0,0,0,0,0,0,0,0,0,0.0,0.0,0.0,0.0,0.0,-0.0,1.0,0.09573198534662336,1.0,0.0,0.0,0.0,0.0
89a8b1a2287ffff,-22.39129216667245,-41.79217977803908,0.12847081373849797,84.95199433314839,muito bom,0.4886289798570504,1.297017462525112,0.44724770642201833,0.2864583333333335,0.7711693548387099,0.19780219780219782,0.2727272727272727,0.14802631578947378,0.1590909090909092,0.6109669811320756,0.4568121104185219,0.5,0.5836686759264265,0.5892163764572221,1.4250733578763852,1.0,1.5031709835142737,10.737077017710982,0.49259085877346276,0.0,2.41628591646687e-05,0.0,0.49261502163262744,10.244461996078355,82.94,89.64,1,0,0,0,0,0,0,0,0,0,0,0,0.22390493580611942,0.0,0.3750904897097096,0.04520642890480364,184462.8754785929,0.7549118780715383,2.6847621294076332e-05,0.6636686701765043,0.0,0.0,0.0,0.0,0.0
89a8b1b0a33ffff,-22.436193573973163,-41.814649546495616,0.12845696455834002,30.0,ruim,0.0,0.0,0.0,0.0,0.0,0.0,0.0,0.0,0.0,0.0,0.0,0.0,0.0,0.0,0.0,0.0,0.24603552071205764,0.24603552071205764,0.0,0.0,0.9,0.4,1.3,-1.0539644792879423,31.95,52.1,0,0,0,0,0,0,0,0,0,0,0,0,0.0,0.0,0.0,0.0,0.0,-0.0,1.0,0.16760845335155708,1.0,0.0,0.0,0.0,0.0
89a8b1a20d3ffff,-22.40519027802996,-41.80169417060168,0.1284666058451846,99.41176470588235,muito bom,1.6,1.4,1.3,1.1,1.0,1.054945054945055,1.0,1.0,0.7,1.0143867924528305,0.5022261798753341,0.0,0.792827106594636,1.19728677857738,1.4790801975465193,0.912062644061483,1.8,17.852814754053238,0.9379859998505916,0.004713765525206831,6.653050739410571e-11,0.03517494237540682,0.9778747078177359,16.8749400462355,100.0,98.04,0,0,1,0,1,0,2,0,0,2,0,0,0.4263572726593598,0.011784413813017076,0.5095046555234364,0.09185939460789794,134841.56028044003,0.783521215646163,7.392278599345078e-11,0.863173981342756,0.08793735593851704,0.0026654231187089447,0.05040394242284356,0.00047380420714910465,0.0
89a8b1a258bffff,-22.412557336963374,-41.82949972105793,0.12846489689513746,6.881929634540955,muito ruim,0.023391812865497092,0.0,0.0,0.0,0.0,0.0,0.0,0.0,0.0,0.0,0.0,0.0,0.0,0.0,0.0,0.011120820025800416,0.5490165694211577,0.5835292023124552,2.2,0.0,0.8374778062300852,0.3955516719896799,3.4330294782197655,-2.8495002759073103,9.47,0.84,0,0,0,0,0,0,0,0,0,0,0,0,4.707632790977703,0.0,0.0,0.0,1644.1290887644395,-0.0,0.9305308958112057,0.28716346485482586,0.9888791799741996,0.8969263103056027,0.0,0.0,0.0
89a8b1b1d2fffff,-22.44120675442573,-41.79325347261523,0.12845481986910368,30.0,ruim,0.0,0.0,0.0,0.0,0.0,0.0,0.0,0.0,0.0,0.0,0.0,0.0,0.0,0.0,0.0,0.0,0.10149647854809192,0.10149647854809192,0.0,0.0,0.9,0.4,1.3,-1.1985035214519082,30.75,31.37,0,0,0,0,0,0,0,0,0,0,0,0,0.0,0.0,0.0,0.0,0.0,-0.0,1.0,0.11057397240890347,1.0,0.0,0.0,0.0,0.0
89a8b1b1db7ffff,-22.453585635874163,-41.79966400977862,0.1284509967007526,27.040486792174175,ruim,0.0,0.0,0.0,0.0,0.0,0.0,0.0,0.0,0.0,0.0,0.0,0.0,0.0,0.0,0.0,0.0,0.0533248879723773,0.0533248879723773,0.0,0.0,0.9,0.4,1.3,-1.2466751120276227,30.35,19.33,0,0,0,0,0,0,0,0,0,0,0,0,0.0,0.0,0.0,0.0,0.0,-0.0,1.0,0.09156567109782104,1.0,0.0,0.0,0.0,0.0
89a8b1b0ec7ffff,-22.46596254476026,-41.806074801138024,0.12844716378253102,22.50030980378582,ruim,0.0,0.0,0.0,0.0,0.0,0.0,0.0,0.0,0.0,0.0,0.0,0.0,0.0,0.0,0.0,0.0,0.011034443390976962,0.011034443390976962,0.0,0.0,0.9,0.4,1.3,-1.288965556609023,29.98,5.04,0,0,0,0,0,0,0,0,0,0,0,0,0.0,0.0,0.0,0.0,0.0,-0.0,1.0,0.07487804456160789,1.0,0.0,0.0,0.0,0.0
89a8b1a24c3ffff,-22.423908596844043,-41.80209707470441,0.12846060878562754,30.0,ruim,0.0,0.0,0.0,0.0,0.0,0.0,0.0,0.0,0.0,0.0,0.0,0.0,0.0,0.0,0.0,0.0,0.38643498972609874,0.38643498972609874,0.0,0.0,0.9,0.4,1.3,-0.9135650102739012,33.07,62.75,0,0,0,0,0,0,0,0,0,0,0,0,0.0,0.0,0.0,0.0,0.0,-0.0,1.0,0.22300947663187012,1.0,0.0,0.0,0.0,0.0
89a8b1b19c7ffff,-22.433552102297302,-41.78387286524078,0.12845703356987148,30.0,ruim,0.0,0.0,0.0,0.0,0.0,0.0,0.0,0.0,0.0,0.0,0.0,0.0,0.0,0.0,0.0,0.0,0.12008907876664991,0.12008907876664991,0.0,0.0,0.9,0.4,1.3,-1.17991092123335,30.91,35.01,0,0,0,0,0,0,0,0,0,0,0,0,0.0,0.0,0.0,0.0,0.0,-0.0,1.0,0.11791053204679548,1.0,0.0,0.0,0.0,0.0
89a8b1a2677ffff,-22.400748470904873,-41.78623951017407,0.12846762802426218,85.17157382870026,muito bom,0.7303443794671871,1.2299490032452483,0.7155963302752293,0.2864583333333335,0.6199596774193551,0.31648351648351647,0.0,0.3947368421052635,0.5921717171717177,0.4280660377358491,0.6,0.5,0.3812557916413826,0.8997918373849781,1.4876005475564706,0.4452264767931974,1.219838481430611,10.847478972043339,0.319084731382048,0.0,6.2849006994451944e-06,0.22190940928272107,0.5410004255654686,10.30647854647787,83.14,89.92,0,0,0,0,0,0,0,0,0,0,0,0,0.14503851426456726,0.0,0.24501130091390336,0.06903469990165796,65823.36553289517,0.7880347471021325,6.983222999383549e-06,0.5518668901965776,0.5547735232068026,0.0,0.0,0.0,0.0
89a8b1a26b7ffff,-22.40991801848284,-41.798724060083956,0.1284650148019653,87.62030350764772,muito bom,1.6,0.7885952712100139,0.8497706422018347,1.0312500000000007,0.7787298387096777,0.5538461538461539,0.9090909090909092,0.3947368421052635,0.5921717171717177,0.36191037735849063,0.27782724844167417,0.0,0.17344040444588452,0.6078628882010867,1.403485941220585,0.3274491047405177,1.1402603276391972,11.790427666383009,0.18973771359345354,0.0,2.3306566276243872e-06,0.26902035810379293,0.4587604023538741,11.331667264029134,86.28,90.76,0,0,0,0,0,0,0,0,0,0,0,0,0.0862444152697516,0.0,0.11146023235836189,0.046637044619424396,48410.8723048065,0.7434762581715018,2.5896184751382078e-06,0.52046569486612,0.6725508952594823,0.0,0.0,0.0,0.0
89a8b1b1987ffff,-22.43496896620232,-41.79311925159935,0.1284568236899504,30.0,ruim,0.0,0.0,0.0,0.0,0.0,0.0,0.0,0.0,0.0,0.0,0.0,0.0,0.0,0.0,0.0,0.0,0.14649659434140144,0.14649659434140144,0.0,0.0,0.9,0.4,1.3,-1.1535034056585987,31.13,39.78,0,0,0,0,0,0,0,0,0,0,0,0,0.0,0.0,0.0,0.0,0.0,-0.0,1.0,0.12833082348668495,1.0,0.0,0.0,0.0,0.0
89a8b1a2093ffff,-22.406606564958963,-41.81094020745306,0.128466378931655,79.45817542892758,bom,0.5969244097899075,0.7399165507649513,1.103211009174312,0.0,0.6880040322580647,1.2,0.2727272727272727,0.24671052631578969,0.0,1.1,0.15494211932324134,0.0,0.39159468178416956,0.032678430675263645,1.246739376180154,0.8608163865400282,1.7938817108852716,10.428146506418425,2.2,0.004713765525206831,6.201658206623198e-06,0.05567344538398871,2.2603934125674026,8.167753093851022,76.18,87.11,0,0,1,0,0,0,0,0,0,0,0,0,2.354777197146264,0.011784413813017076,0.25165551453485446,0.00250718617483829,127265.18889003323,0.6604420458329406,6.890731340692442e-06,0.7783818659458323,0.13918361345997177,0.003353514180463434,0.0,0.0,0.0
89a8b1b0a57ffff,-22.439504180123212,-41.80243284619419,0.12845560222543834,30.0,ruim,0.0,0.0,0.0,0.0,0.0,0.0,0.0,0.0,0.0,0.0,0.0,0.0,0.0,0.0,0.0,0.0,0.15455556225517628,0.15455556225517628,0.0,0.0,0.9,0.4,1.3,-1.1454444377448239,31.2,41.46,0,0,0,0,0,0,0,0,0,0,0,0,0.0,0.0,0.0,0.0,0.0,-0.0,1.0,0.13151085737243765,1.0,0.0,0.0,0.0,0.0
89a8b1b0b43ffff,-22.42674000263768,-41.82058974519947,0.12846014269599543,30.0,ruim,0.0,0.0,0.0,0.0,0.0,0.0,0.0,0.0,0.0,0.0,0.0,0.0,0.0,0.0,0.0,0.0,0.49437514159951584,0.49437514159951584,0.15593482061254407,0.0,0.9,0.4,1.4559348206125442,-0.9615596790130283,32.69,60.22,0,0,0,0,0,0,0,0,0,0,0,0,0.07087946391479276,0.0,0.0,0.0,0.0,-0.0,1.0,0.2656021937469303,1.0,0.0,0.0,0.0,0.0
89a8b1a269bffff,-22.416348139801947,-41.786574881176236,0.12846263422441223,30.0,ruim,0.0,0.0,0.0,0.0,0.0,0.0,0.0,0.0,0.0,0.0,0.0,0.0,0.0,0.0,0.0,0.0,0.3713609388071126,0.3713609388071126,0.0,0.0,0.9,0.4,1.3,-0.9286390611928874,32.95,61.9,0,0,0,0,0,0,0,0,0,0,0,0,0.0,0.0,0.0,0.0,0.0,-0.0,1.0,0.21706132133074246,1.0,0.0,0.0,0.0,0.0
89a8b1b19abffff,-22.428730739133705,-41.79298503321045,0.12845882620172486,30.0,ruim,0.0,0.0,0.0,0.0,0.0,0.0,0.0,0.0,0.0,0.0,0.0,0.0,0.0,0.0,0.0,0.0,0.2074462273440691,0.2074462273440691,0.0,0.0,0.9,0.4,1.3,-1.092553772655931,31.64,47.9,0,0,0,0,0,0,0,0,0,0,0,0,0.0,0.0,0.0,0.0,0.0,-0.0,1.0,0.15238128507760187,1.0,0.0,0.0,0.0,0.0
89a8b1b0eabffff,-22.46114171137328,-41.81518729088106,0.12844893905477478,25.071561270554945,ruim,0.0,0.0,0.0,0.0,0.0,0.0,0.0,0.0,0.0,0.0,0.0,0.0,0.0,0.0,0.0,0.0,0.033287052412266364,0.033287052412266364,0.0,0.0,0.9,0.4,1.3,-1.2667129475877337,30.17,13.17,0,0,0,0,0,0,0,0,0,0,0,0,0.0,0.0,0.0,0.0,0.0,-0.0,1.0,0.08365882784443403,1.0,0.0,0.0,0.0,0.0
89a8b1b1d13ffff,-22.45377615939207,-41.787379838537206,0.12845061568289287,24.448024795757853,ruim,0.0,0.0,0.0,0.0,0.0,0.0,0.0,0.0,0.0,0.0,0.0,0.0,0.0,0.0,0.0,0.0,0.02742311723125962,0.02742311723125962,0.0,0.0,0.9,0.4,1.3,-1.2725768827687405,30.12,11.2,0,0,0,0,0,0,0,0,0,0,0,0,0.0,0.0,0.0,0.0,0.0,-0.0,1.0,0.08134494438206344,1.0,0.0,0.0,0.0,0.0
89a8b1b08c7ffff,-22.454712720844064,-41.82733707862151,0.12845129045682108,27.578011243993977,ruim,0.0,0.0,0.0,0.0,0.0,0.0,0.0,0.0,0.0,0.0,0.0,0.0,0.0,0.0,0.0,0.0,0.05890070853946395,0.05890070853946395,0.0,0.0,0.9,0.4,1.3,-1.241099291460536,30.39,21.01,0,0,0,0,0,0,0,0,0,0,0,0,0.0,0.0,0.0,0.0,0.0,-0.0,1.0,0.09376586577956249,1.0,0.0,0.0,0.0,0.0
89a8b1b0a7bffff,-22.433266275915038,-41.80229853562683,0.12845760583216004,30.0,ruim,0.0,0.0,0.0,0.0,0.0,0.0,0.0,0.0,0.0,0.0,0.0,0.0,0.0,0.0,0.0,0.0,0.219314540022023,0.219314540022023,0.0,0.0,0.9,0.4,1.3,-1.080685459977977,31.73,50.14,0,0,0,0,0,0,0,0,0,0,0,0,0.0,0.0,0.0,0.0,0.0,-0.0,1.0,0.1570644699328352,1.0,0.0,0.0,0.0,0.0
89a8b1a25d3ffff,-22.415773630296393,-41.8234252663394,0.12846372942963766,43.087099841128826,médio,0.17933723196881107,0.0,0.0,0.0,0.11340725806451618,0.11868131868131868,0.0,0.0,0.0,0.04669811320754718,0.024042742653606414,0.0,0.04215444894525251,0.0,0.6155815160878575,0.04897341227683535,0.8877975022482347,2.0766735441339796,2.2,0.0,0.32845333180904435,0.38041063508926587,2.9088639668983105,-0.8321904227643309,33.7,64.99,0,0,0,0,0,0,0,0,0,0,0,0,5.244321957446735,0.0,0.027090254369434148,0.0,7240.348419774307,0.326095352107705,0.3649481464544937,0.4208449558054934,0.9510265877231646,0.3739188707017275,0.0,0.0,0.0
89a8b1b0b67ffff,-22.41879668503199,-41.82963429365016,0.12846289720962545,0.08403361344537814,muito ruim,0.0,0.0,0.0,0.0,0.0,0.0,0.0,0.0,0.0,0.0,0.0,0.0,0.0,0.0,0.0,0.0,0.47751690328382945,0.47751690328382945,2.2,0.0,0.9,0.4,3.5,-3.0224830967161704,0.0,0.28,0,0,0,0,0,0,0,0,0,0,0,0,1.8026224189787483,0.0,0.0,0.0,0.0,-0.0,1.0,0.2589500058152295,1.0,0.0,0.0,0.0,0.0
89a8b1b0ecfffff,-22.464451406707454,-41.8029701147513,0.12844757470525897,22.60139801377276,ruim,0.0,0.0,0.0,0.0,0.0,0.0,0.0,0.0,0.0,0.0,0.0,0.0,0.0,0.0,0.0,0.0,0.01385289872986718,0.01385289872986718,0.0,0.0,0.9,0.4,1.3,-1.2861471012701329,30.01,5.32,0,0,0,0,0,0,0,0,0,0,0,0,0.0,0.0,0.0,0.0,0.0,-0.0,1.0,0.07599019484921876,1.0,0.0,0.0,0.0,0.0
89a8b1b1d37ffff,-22.44583714496042,-41.79642514573855,0.12845341091862789,30.0,ruim,0.0,0.0,0.0,0.0,0.0,0.0,0.0,0.0,0.0,0.0,0.0,0.0,0.0,0.0,0.0,0.0,0.08521133783247159,0.08521133783247159,0.0,0.0,0.9,0.4,1.3,-1.2147886621675283,30.62,28.57,0,0,0,0,0,0,0,0,0,0,0,0,0.0,0.0,0.0,0.0,0.0,-0.0,1.0,0.10414792631168478,1.0,0.0,0.0,0.0,0.0
89a8b1a20dbffff,-22.403678032855467,-41.79858979206785,0.12846701214449552,99.66386554621849,muito bom,1.6,1.4,1.3,1.1,1.0,1.2,1.0,1.0,0.7,0.9813089622641511,0.6,0.3,0.9627755248051509,1.2,1.5,0.9346473968100949,1.8,18.5787318838794,1.1274618462057078,0.0028282593151240983,3.5213019249127015e-14,0.02614104127596204,1.1564311467968291,17.42230073708257,100.0,98.88,7,2,16,3,1,1,2,1,1,2,0,0,0.5124826573662308,0.007070648287810245,0.6187207879649999,0.15319106958487352,138180.54507386338,0.8028404122084982,3.9125576943474457e-14,0.8810298786402692,0.0653526031899051,0.02467991578110185,0.022668053020928287,0.00990835100217743,0.0
89a8b1a25cbffff,-22.41114219547571,-41.82025353588507,0.12846514326753353,15.0,muito ruim,0.2651072124756337,0.08762169680111265,0.268348623853211,0.0,0.24949596774193558,0.4351648351648351,0.0,0.0,0.0,0.3210495283018869,0.0400712377560107,0.0,0.23931666653322725,0.0,1.1487988126073045,0.27177821894087134,0.9545709165272205,4.281323716703249,2.2,0.0,0.03879901126036746,0.2912887124236515,2.530087723684019,1.7512359930192303,49.75,73.39,0,0,0,0,0,0,0,0,0,0,0,0,7.3911387486697455,0.0,0.1537951398593793,0.0,40180.35310495155,0.6085594572086306,0.0431100125115194,0.4471934563016464,0.7282217810591287,1.0,0.0,0.0,0.0
89a8b1b0a73ffff,-22.43477795253345,-41.80540306838179,0.12845719673409625,30.0,ruim,0.0,0.0,0.0,0.0,0.0,0.0,0.0,0.0,0.0,0.0,0.0,0.0,0.0,0.0,0.0,0.0,0.22434040452321055,0.22434040452321055,0.0,0.0,0.9,0.4,1.3,-1.0756595954767896,31.77,51.26,0,0,0,0,0,0,0,0,0,0,0,0,0.0,0.0,0.0,0.0,0.0,-0.0,1.0,0.15904765432939547,1.0,0.0,0.0,0.0,0.0
89a8b1a2417ffff,-22.419085675755003,-41.811208989264365,0.12846238132174073,53.259416761037194,médio,0.24171539961013663,0.02920723226703755,0.1341743119266055,0.0,0.29485887096774205,0.19780219780219782,0.0,0.0,0.0,0.09339622641509436,0.06411398040961712,0.0,0.08316831746030551,0.0,1.0603590867177728,0.09400016422553975,0.8224844644159635,3.115280252218012,1.6105485809679447,0.0,0.13515128266092724,0.3623999343097841,2.108099797938656,1.0071804542793559,45.71,70.87,0,0,0,0,0,0,0,0,0,0,0,0,0.7320675368036111,0.0,0.05344752290330364,0.0,13897.21297469885,0.5617097991202293,0.1501680918454747,0.3950727135394507,0.9059998357744603,0.0,0.0,0.0,0.0
89a8b1a228fffff,-22.389779507215444,-41.78907549359401,0.12847121602655873,80.15970946078895,muito bom,0.4513753519601476,1.395456652758461,0.268348623853211,0.1718750000000001,0.5594758064516132,0.19780219780219782,0.0,0.0,0.0795454545454546,0.38720518867924536,0.3232413178984863,0.5,0.3102138993954813,0.20087250913447754,1.3133320090455753,1.0,1.4941448978643543,8.652888909388706,0.25996973179213845,0.0,0.00014501203064918228,0.0,0.26011474382278765,8.392774165565918,76.94,87.68,0,0,1,0,0,0,0,0,0,0,0,0,0.11816805990551746,0.0,0.19935673822879102,0.015411534991129955,158130.26150399764,0.695718524243201,0.0001611244784990914,0.6601070158146116,0.0,0.0,0.0,0.0008119973620569481,0.0
89a8b1a2443ffff,-22.416157565670947,-41.79885833072784,0.1284630161469914,54.212173855333326,médio,0.2807017543859651,0.0,0.0,0.0,0.1360887096774194,0.0,0.0,0.0,0.0795454545454546,0.0,0.07212822796081925,0.0,0.01935727264645714,0.05936892154814337,0.5372726042241628,0.01986060409344891,0.5764298816198495,1.7807534307017199,0.0,0.0,0.24626169303336734,0.39205575836262047,0.6383174513959878,1.142435979305732,46.47,72.27,0,0,0,0,0,0,0,0,0,0,0,0,0.0,0.0,0.012439812475595686,0.004554959838791684,2936.2400285875715,0.28461234535719343,0.27362410337040816,0.2979806392927031,0.9801393959065511,0.0,0.0,0.0,0.0
89a8b1b1907ffff,-22.42721872460401,-41.789880564414844,0.1284592306832816,30.0,ruim,0.0,0.0,0.0,0.0,0.0,0.0,0.0,0.0,0.0,0.0,0.0,0.0,0.0,0.0,0.0,0.0,0.21044572524108565,0.21044572524108565,0.0,0.0,0.9,0.4,1.3,-1.0895542747589144,31.66,48.74,0,0,0,0,0,0,0,0,0,0,0,0,0.0,0.0,0.0,0.0,0.0,-0.0,1.0,0.15356487397568558,1.0,0.0,0.0,0.0,0.0
89a8b1b0e07ffff,-22.459630665455215,-41.812082602810975,0.12844935289193837,25.60997858368997,ruim,0.0,0.0,0.0,0.0,0.0,0.0,0.0,0.0,0.0,0.0,0.0,0.0,0.0,0.0,0.0,0.0,0.03898002625101216,0.03898002625101216,0.0,0.0,0.9,0.4,1.3,-1.2610199737489878,30.22,14.85,0,0,0,0,0,0,0,0,0,0,0,0,0.0,0.0,0.0,0.0,0.0,-0.0,1.0,0.08590525070051354,1.0,0.0,0.0,0.0,0.0
89a8b1a2013ffff,-22.398854198666328,-41.80770144019985,0.12846878498311406,88.70608606589387,muito bom,0.7823261858349584,0.9184051923968474,1.2224770642201834,0.6875000000000004,0.6653225806451615,1.1076923076923078,1.0,1.0,0.0795454545454546,1.1,0.12822796081923424,0.0,1.0,0.2524932119305147,1.4326414139686088,0.8778328635100405,1.417194308652871,13.671658544216182,1.835679644295355,0.01588796661044379,1.923506922874068e-06,0.04886685459598379,1.9004363890087055,11.771222155207477,87.59,91.32,0,0,0,0,0,0,0,0,0,0,0,0,0.8343998383160703,0.03971991652610947,0.8022398224991446,0.019372028494376085,129780.94624513653,0.7589209456794297,2.1372299143045197e-06,0.6297426461038341,0.12216713648995947,0.34864312168998157,0.0,0.0,0.0
89a8b1b1d0bffff,-22.449146008180918,-41.784208195523554,0.1284520226632269,25.26405132838609,ruim,0.0,0.0,0.0,0.0,0.0,0.0,0.0,0.0,0.0,0.0,0.0,0.0,0.0,0.0,0.0,0.0,0.03734970805869608,0.03734970805869608,0.0,0.0,0.9,0.4,1.3,-1.262650291941304,30.21,13.73,0,0,0,0,0,0,0,0,0,0,0,0,0.0,0.0,0.0,0.0,0.0,-0.0,1.0,0.08526193419254449,1.0,0.0,0.0,0.0,0.0
89a8b1b0b8bffff,-22.434393136114682,-41.82997073665218,0.12845789226132712,30.0,ruim,0.0,0.0,0.0,0.0,0.0,0.0,0.0,0.0,0.0,0.0,0.0,0.0,0.0,0.0,0.0,0.0,0.22174174800754343,0.22174174800754343,0.039937498176094245,0.0,0.9,0.4,1.3399374981760943,-1.1181957501685509,31.42,45.1,0,0,0,0,0,0,0,0,0,0,0,0,0.01815340826186102,0.0,0.0,0.0,0.0,-0.0,1.0,0.15802223570685342,1.0,0.0,0.0,0.0,0.0
89a8b1b0ea3ffff,-22.462652672676846,-41.81829199483974,0.128448524064409,24.27814596177099,ruim,0.0,0.0,0.0,0.0,0.0,0.0,0.0,0.0,0.0,0.0,0.0,0.0,0.0,0.0,0.0,0.0,0.027122452897312653,0.027122452897312653,0.0,0.0,0.9,0.4,1.3,-1.2728775471026874,30.12,10.64,0,0,0,0,0,0,0,0,0,0,0,0,0.0,0.0,0.0,0.0,0.0,-0.0,1.0,0.0812263035361861,1.0,0.0,0.0,0.0,0.0
89a8b1a22b3ffff,-22.389684202197408,-41.79521696281316,0.1284714073084252,77.35435211279626,bom,0.2798353909465023,0.7431617987946221,0.268348623853211,0.1718750000000001,0.4158266129032259,0.11868131868131868,0.2727272727272727,0.0,0.0,0.4514150943396227,0.17631344612644706,0.44999999999999996,0.6197412200917167,0.40867785258748884,1.3385073672740884,1.0,1.3263739366711245,8.04148493499664,0.46447155850886446,0.0,0.0020320831110579012,0.0,0.46650364161992236,7.574981293376719,74.13,84.87,0,0,1,0,0,0,0,0,0,0,0,0,0.21112343568584746,0.0,0.3982722515792457,0.03135497760440377,160624.26419524,0.7090548039907444,0.002257870123397668,0.5939053200952561,0.0,0.0,0.0,0.0,0.0
89a8b1b19a3ffff,-22.430242669203338,-41.79608951802305,0.12845842056571236,30.0,ruim,0.0,0.0,0.0,0.0,0.0,0.0,0.0,0.0,0.0,0.0,0.0,0.0,0.0,0.0,0.0,0.0,0.21209224775320462,0.21209224775320462,0.0,0.0,0.9,0.4,1.3,-1.0879077522467955,31.67,49.02,0,0,0,0,0,0,0,0,0,0,0,0,0.0,0.0,0.0,0.0,0.0,-0.0,1.0,0.1542145846381692,1.0,0.0,0.0,0.0,0.0
89a8b1a2467ffff,-22.408214515157237,-41.80790297554567,0.1284657897826815,84.58843529868629,muito bom,1.1669915529564663,0.9010972029052696,1.1479357798165137,0.5156250000000003,0.8467741935483873,0.8703296703296702,0.7272727272727273,0.3947368421052635,0.1590909090909092,1.1,0.22172751558325923,0.0,0.40237261683663117,0.12083184393553073,1.3883255522147044,0.7629666706906513,1.6904767459344816,12.416554823220466,2.2,0.004713765525206831,8.90015300918728e-07,0.0948133317237395,2.2995279872642476,10.117026835956217,82.55,89.36,1,0,0,0,0,0,0,0,0,1,0,0,1.3987852127396019,0.011784413813017076,0.2585818772190785,0.00927057763592977,112798.84883758586,0.735445262662766,9.889058899096978e-07,0.7375787139768903,0.23703332930934873,0.0,0.0,0.0,0.0
89a8b1a2693ffff,-22.41786040006898,-41.789679287846454,0.12846223144462848,30.0,ruim,0.0,0.0,0.0,0.0,0.0,0.0,0.0,0.0,0.0,0.0,0.0,0.0,0.0,0.0,0.0,0.0,0.3758269673728653,0.3758269673728653,0.0,0.0,0.9,0.4,1.3,-0.9241730326271347,32.99,62.18,0,0,0,0,0,0,0,0,0,0,0,0,0.0,0.0,0.0,0.0,0.0,-0.0,1.0,0.2188235968883307,1.0,0.0,0.0,0.0,0.0
89a8b1b0ac3ffff,-22.445741645408134,-41.80256715939025,0.12845359730887498,30.0,ruim,0.0,0.0,0.0,0.0,0.0,0.0,0.0,0.0,0.0,0.0,0.0,0.0,0.0,0.0,0.0,0.0,0.10503658257113833,0.10503658257113833,0.0,0.0,0.9,0.4,1.3,-1.1949634174288617,30.78,32.77,0,0,0,0,0,0,0,0,0,0,0,0,0.0,0.0,0.0,0.0,0.0,-0.0,1.0,0.1119708821463321,1.0,0.0,0.0,0.0,0.0
89a8b1b192bffff,-22.420979951238817,-41.78974637937935,0.12846123151913882,30.0,ruim,0.0,0.0,0.0,0.0,0.0,0.0,0.0,0.0,0.0,0.0,0.0,0.0,0.0,0.0,0.0,0.0,0.30699700495646554,0.30699700495646554,0.0,0.0,0.9,0.4,1.3,-0.9930029950435345,32.44,57.98,0,0,0,0,0,0,0,0,0,0,0,0,0.0,0.0,0.0,0.0,0.0,-0.0,1.0,0.19166359139121106,1.0,0.0,0.0,0.0,0.0
89a8b1b0e2bffff,-22.453394181985498,-41.81194819349325,0.12845136086656567,28.8260506296787,ruim,0.0,0.0,0.0,0.0,0.0,0.0,0.0,0.0,0.0,0.0,0.0,0.0,0.0,0.0,0.0,0.0,0.07090568987467329,0.07090568987467329,0.0,0.0,0.9,0.4,1.3,-1.2290943101253267,30.5,24.93,0,0,0,0,0,0,0,0,0,0,0,0,0.0,0.0,0.0,0.0,0.0,-0.0,1.0,0.09850297949589101,1.0,0.0,0.0,0.0,0.0
89a8b1b032bffff,-22.46464214817083,-41.79068572978308,0.12844719816362343,21.845170845194676,ruim,0.0,0.0,0.0,0.0,0.0,0.0,0.0,0.0,0.0,0.0,0.0,0.0,0.0,0.0,0.0,0.0,0.0,0.0,0.0,0.0,0.9,0.4,1.3,-1.3,29.89,3.08,0,0,0,0,0,0,0,0,0,0,0,0,0.0,0.0,0.0,0.0,0.0,-0.0,1.0,0.07052390092073932,1.0,0.0,0.0,0.0,0.0
89a8b1b0847ffff,-22.44696486713177,-41.82409786160164,0.1284537149954169,30.0,ruim,0.0,0.0,0.0,0.0,0.0,0.0,0.0,0.0,0.0,0.0,0.0,0.0,0.0,0.0,0.0,0.0,0.11303963407668592,0.11303963407668592,0.0,0.0,0.9,0.4,1.3,-1.186960365923314,30.85,33.33,0,0,0,0,0,0,0,0,0,0,0,0,0.0,0.0,0.0,0.0,0.0,-0.0,1.0,0.11512885165922282,1.0,0.0,0.0,0.0,0.0
89a8b1a2553ffff,-22.408022305140697,-41.82018629599599,0.1284661423987365,15.0,muito ruim,0.275503573749188,0.12656467315716274,0.35779816513761464,0.0,0.3855846774193549,0.8703296703296702,0.0,0.0,0.0,0.61875,0.024042742653606414,0.0,0.3267245321506947,0.0,1.0970362583778435,0.40065544730734237,1.2476467972127312,5.730636537495209,2.2,0.0,0.006675170608758929,0.23973782107706307,2.4464129916858224,3.2842235458093865,57.19,76.19,0,0,0,0,0,0,0,0,0,0,0,0,6.797627989577127,0.0,0.20996717798854064,0.0,59233.87609561805,0.5811389971942964,0.007416856231954365,0.562839931340184,0.5993445526926576,1.0,0.0,0.0,0.0
89a8b1a248bffff,-22.423812850394324,-41.80823888093593,0.12846079122598414,30.0,ruim,0.0,0.0,0.0,0.0,0.0,0.0,0.0,0.0,0.0,0.0,0.0,0.0,0.0,0.0,0.0,0.0,0.4927020203748377,0.4927020203748377,0.0,0.0,0.9,0.4,1.3,-0.8072979796251624,33.89,66.67,0,0,0,0,0,0,0,0,0,0,0,0,0.0,0.0,0.0,0.0,0.0,-0.0,1.0,0.26494198734750357,1.0,0.0,0.0,0.0,0.0
89a8b1b0e4fffff,-22.45670392840639,-41.799731153970285,0.12844999295213982,25.781437236160386,ruim,0.0,0.0,0.0,0.0,0.0,0.0,0.0,0.0,0.0,0.0,0.0,0.0,0.0,0.0,0.0,0.0,0.03954481111200212,0.03954481111200212,0.0,0.0,0.9,0.4,1.3,-1.260455188887998,30.23,15.41,0,0,0,0,0,0,0,0,0,0,0,0,0.0,0.0,0.0,0.0,0.0,-0.0,1.0,0.08612811236410675,1.0,0.0,0.0,0.0,0.0
89a8b1a205bffff,-22.395925171848084,-41.795351194851534,0.12846941295564812,99.04889221488679,muito bom,1.2735542560103974,1.4,1.3,1.1,1.0,0.7516483516483516,0.7272727272727273,0.6414473684210532,0.7,1.1,0.6,0.5,1.0,1.2,1.5,1.0,1.7361496995826575,17.530072402935183,1.2834041538943368,0.0,1.4553386964827166e-09,0.0,1.2834041553496756,16.246668247585507,99.96,96.92,0,0,0,0,0,0,0,0,0,4,1,0,0.5833655244974257,0.0,0.8745632241057055,0.14112519057952466,194092.8100321847,0.8175837000491425,1.6170429960919074e-09,0.7556010639623465,0.0,0.23913549850045035,0.013661606316565187,0.0,0.0
89a8b1b086bffff,-22.440727497467023,-41.82396333728416,0.1284557205024364,30.0,ruim,0.0,0.0,0.0,0.0,0.0,0.0,0.0,0.0,0.0,0.0,0.0,0.0,0.0,0.0,0.0,0.0,0.17256881025915868,0.17256881025915868,0.0,0.0,0.9,0.4,1.3,-1.1274311897408413,31.35,42.3,0,0,0,0,0,0,0,0,0,0,0,0,0.0,0.0,0.0,0.0,0.0,-0.0,1.0,0.13861880713201172,1.0,0.0,0.0,0.0,0.0
89a8b1b0bd3ffff,-22.437608648020976,-41.82389607611264,0.1284567227652198,30.0,ruim,0.0,0.0,0.0,0.0,0.0,0.0,0.0,0.0,0.0,0.0,0.0,0.0,0.0,0.0,0.0,0.0,0.21209914777941546,0.21209914777941546,0.0,0.0,0.9,0.4,1.3,-1.0879008522205846,31.67,49.3,0,0,0,0,0,0,0,0,0,0,0,0,0.0,0.0,0.0,0.0,0.0,-0.0,1.0,0.15421730735867112,1.0,0.0,0.0,0.0,0.0
89a8b1b1da3ffff,-22.452074167060776,-41.79655940142307,0.12845140476829225,27.38079222457227,ruim,0.0,0.0,0.0,0.0,0.0,0.0,0.0,0.0,0.0,0.0,0.0,0.0,0.0,0.0,0.0,0.0,0.05402232944822219,0.05402232944822219,0.0,0.0,0.9,0.4,1.3,-1.2459776705517778,30.35,20.45,0,0,0,0,0,0,0,0,0,0,0,0,0.0,0.0,0.0,0.0,0.0,-0.0,1.0,0.0918408784879293,1.0,0.0,0.0,0.0,0.0
89a8b1a24afffff,-22.41586996252408,-41.817283528225815,0.12846355742976315,59.59607775219621,médio,0.5189517002382503,0.02920723226703755,0.1341743119266055,0.0,0.49647177419354854,0.32967032967032966,0.0,0.0,0.0,0.19198113207547174,0.09082813891362425,0.0,0.13698094214585826,0.0,1.1034612694413248,0.14737990527145287,1.8,4.979106736143503,2.2,0.0,0.0264272259129294,0.3410480378914189,2.567475263804348,2.411631472339155,53.08,74.79,0,0,4,0,0,0,1,0,0,1,0,0,4.206369325213801,0.0,0.08802982032372085,0.0,21789.003759972544,0.5845425533282704,0.029363584347699333,0.9497197306343507,0.8526200947285472,0.28930212633552804,0.02370515127834697,0.0,0.0
89a8b1b0b0bffff,-22.426643561184704,-41.82673158983243,0.12846031245819226,30.0,ruim,0.0,0.0,0.0,0.0,0.0,0.0,0.0,0.0,0.0,0.0,0.0,0.0,0.0,0.0,0.0,0.0,0.39881167272147416,0.39881167272147416,0.11379454119046133,0.0,0.9,0.4,1.4137945411904616,-1.0149828684689874,32.26,56.3,0,0,0,0,0,0,0,0,0,0,0,0,0.05172479145020969,0.0,0.0,0.0,0.0,-0.0,1.0,0.22789326221578338,1.0,0.0,0.0,0.0,0.0
89a8b1b1973ffff,-22.42419444221176,-41.78367167494703,0.12846003618399837,30.0,ruim,0.0,0.0,0.0,0.0,0.0,0.0,0.0,0.0,0.0,0.0,0.0,0.0,0.0,0.0,0.0,0.0,0.2083350136987126,0.2083350136987126,0.0,0.0,0.9,0.4,1.3,-1.0916649863012875,31.64,48.18,0,0,0,0,0,0,0,0,0,0,0,0,0.0,0.0,0.0,0.0,0.0,-0.0,1.0,0.15273199632936527,1.0,0.0,0.0,0.0,0.0
89a8b1b0a4fffff,-22.434873575581257,-41.79926115842689,0.12845701231893097,30.0,ruim,0.0,0.0,0.0,0.0,0.0,0.0,0.0,0.0,0.0,0.0,0.0,0.0,0.0,0.0,0.0,0.0,0.18089229514388427,0.18089229514388427,0.0,0.0,0.9,0.4,1.3,-1.1191077048561158,31.42,44.82,0,0,0,0,0,0,0,0,0,0,0,0,0.0,0.0,0.0,0.0,0.0,-0.0,1.0,0.14190321827053176,1.0,0.0,0.0,0.0,0.0
89a8b1b0e73ffff,-22.45660831982282,-41.80587327440898,0.1284501771035683,26.505594226704048,ruim,0.0,0.0,0.0,0.0,0.0,0.0,0.0,0.0,0.0,0.0,0.0,0.0,0.0,0.0,0.0,0.0,0.048197186526060205,0.048197186526060205,0.0,0.0,0.9,0.4,1.3,-1.2518028134739398,30.3,17.65,0,0,0,0,0,0,0,0,0,0,0,0,0.0,0.0,0.0,0.0,0.0,-0.0,1.0,0.08954230228313202,1.0,0.0,0.0,0.0,0.0
89a8b1b0a43ffff,-22.43799252664987,-41.79932829867623,0.1284560105340296,30.0,ruim,0.0,0.0,0.0,0.0,0.0,0.0,0.0,0.0,0.0,0.0,0.0,0.0,0.0,0.0,0.0,0.0,0.15147145076765636,0.15147145076765636,0.0,0.0,0.9,0.4,1.3,-1.1485285492323436,31.17,40.9,0,0,0,0,0,0,0,0,0,0,0,0,0.0,0.0,0.0,0.0,0.0,-0.0,1.0,0.13029388031747396,1.0,0.0,0.0,0.0,0.0
89a8b1a259bffff,-22.41567706581607,-41.82956700702488,0.12846389721589638,2.4678049587601976,muito ruim,0.0,0.0,0.0,0.0,0.0,0.0,0.0,0.0,0.0,0.0,0.0,0.0,0.0,0.0,0.0,0.0,0.49833087544205684,0.49833087544205684,2.2,0.0,0.9,0.4,3.5,-3.001669124557943,3.29,0.56,0,0,0,0,0,0,0,0,0,0,0,0,3.348801817834932,0.0,0.0,0.0,0.0,-0.0,1.0,0.26716310921363634,1.0,0.1503711673081558,0.0,0.0,0.0
89a8b1b1dc7ffff,-22.45538280224732,-41.784342332231176,0.12845001600945002,23.03791768597929,ruim,0.0,0.0,0.0,0.0,0.0,0.0,0.0,0.0,0.0,0.0,0.0,0.0,0.0,0.0,0.0,0.0,0.016557326898619888,0.016557326898619888,0.0,0.0,0.9,0.4,1.3,-1.2834426731013802,30.03,6.72,0,0,0,0,0,0,0,0,0,0,0,0,0.0,0.0,0.0,0.0,0.0,-0.0,1.0,0.0770573505086324,1.0,0.0,0.0,0.0,0.0
89a8b1a24d3ffff,-22.427027932885252,-41.80216422768808,0.12845960812865045,30.0,ruim,0.0,0.0,0.0,0.0,0.0,0.0,0.0,0.0,0.0,0.0,0.0,0.0,0.0,0.0,0.0,0.0,0.31549068876058994,0.31549068876058994,0.0,0.0,0.9,0.4,1.3,-0.9845093112394101,32.51,58.82,0,0,0,0,0,0,0,0,0,0,0,0,0.0,0.0,0.0,0.0,0.0,-0.0,1.0,0.19501516228725807,1.0,0.0,0.0,0.0,0.0
89a8b1a208bffff,-22.40197441374596,-41.807768617991115,0.1284677869107837,91.73917204788344,muito bom,1.2181069958847748,1.1206923195796632,1.2672018348623852,0.6875000000000004,0.861895161290323,1.2,1.0,1.0,0.1590909090909092,1.1,0.21104185218165636,0.0,0.9513805789549772,0.2931700900501214,1.3975448678707991,0.9764854232680995,1.8,15.244110033033712,2.2,0.017929274620903265,3.7259439469066505e-08,0.009405830692760199,2.227335142573103,13.016774890460608,91.2,93.0,2,0,1,0,0,0,0,1,0,2,0,0,1.0453864278298286,0.04482318655225816,0.6113979077155618,0.02249287929258343,144365.98069430457,0.7403290610005919,4.139937718785167e-08,0.9417270628109545,0.023514576731900494,0.09776227840871907,0.005054014862934581,0.0,0.03273448281393632
89a8b1a2687ffff,-22.413133252182046,-41.79264949873067,0.12846382674652,54.83986291829975,médio,0.35087719298245634,0.0584144645340751,0.0,0.0,0.0680443548387097,0.0,0.0,0.0,0.0795454545454546,0.0,0.04808548530721283,0.0,0.011229685980120288,0.07309315446186043,0.579268741447362,0.01831080698805546,0.5993310722218628,1.8862004133071697,0.012298402812868058,0.0,0.1984217395761144,0.39267567720477786,0.6033958195937603,1.2828045937134094,47.25,72.55,0,0,0,0,0,0,0,0,0,0,0,0,0.005590183096758208,0.0,0.007216677178852983,0.005607923714672618,2707.114253982034,0.3068591880531786,0.22046859952901599,0.3070173500623295,0.9816891930119446,0.0,0.0,0.0,0.0
89a8b1b1997ffff,-22.438087915176027,-41.793186361778915,0.12845582194332952,30.0,ruim,0.0,0.0,0.0,0.0,0.0,0.0,0.0,0.0,0.0,0.0,0.0,0.0,0.0,0.0,0.0,0.0,0.12243256183228095,0.12243256183228095,0.0,0.0,0.9,0.4,1.3,-1.177567438167719,30.93,35.85,0,0,0,0,0,0,0,0,0,0,0,0,0.0,0.0,0.0,0.0,0.0,-0.0,1.0,0.1188352603295147,1.0,0.0,0.0,0.0,0.0
89a8b1a20a3ffff,-22.397149968980393,-41.81688018302311,0.12846955013456812,72.60733998022779,bom,0.2235217673814167,0.282336578581363,0.5814220183486238,0.0,0.446068548387097,1.0945054945054946,0.0,1.0,0.0,0.6498820754716983,0.0,0.0,0.1845641305960943,0.16404878895341946,1.2747108879082583,0.3894451286757132,1.2541581327616582,7.544663551570836,1.1473721919580335,0.01633638872006174,0.001870853536429493,0.2442219485297147,1.4098013827442397,6.134862168826596,68.91,81.23,0,0,0,0,0,0,0,0,0,0,0,0,0.5215328145263788,0.04084097180015435,0.11860881521224942,0.012586309904236528,57576.51531522426,0.675259547215908,0.0020787261515883256,0.565409276187891,0.6105548713242868,0.04580233714909894,0.0,0.0,0.0004764772647364273
89a8b1a240bffff,-22.416061930213388,-41.8050000602789,0.12846320078808654,58.29187146450593,médio,0.12475633528265118,0.0584144645340751,0.1341743119266055,0.0,0.22681451612903236,0.11868131868131868,0.0,0.0,0.0,0.13425707547169813,0.08815672306322353,0.0,0.07627564429475679,0.0,1.0819758671827495,0.11501052450303013,0.780213379639481,2.938730160708622,0.34044348186641177,0.0,0.1598754002356215,0.35399579019878796,0.8543146723008213,2.0844154884078008,51.46,74.23,0,0,0,0,0,0,0,0,0,0,0,0,0.15474703721200533,0.0,0.0490179959135761,0.0,17003.43575480868,0.5731609740709657,0.17763933359513498,0.37839272629853177,0.8849894754969698,0.0,0.0,0.0,0.0
89a8b1b0a67ffff,-22.43005141690537,-41.80837324769378,0.12845878950914913,30.0,ruim,0.0,0.0,0.0,0.0,0.0,0.0,0.0,0.0,0.0,0.0,0.0,0.0,0.0,0.0,0.0,0.0,0.33108925799046623,0.33108925799046623,0.0,0.0,0.9,0.4,1.3,-0.9689107420095338,32.63,59.66,0,0,0,0,0,0,0,0,0,0,0,0,0.0,0.0,0.0,0.0,0.0,-0.0,1.0,0.2011702902454523,1.0,0.0,0.0,0.0,0.0
89a8b1b0b53ffff,-22.42985923507836,-41.820656989036216,0.12845914159890562,30.0,ruim,0.0,0.0,0.0,0.0,0.0,0.0,0.0,0.0,0.0,0.0,0.0,0.0,0.0,0.0,0.0,0.0,0.3848670569621748,0.3848670569621748,0.039937498176094245,0.0,0.9,0.4,1.3399374981760943,-0.9550704412139195,32.74,60.5,0,0,0,0,0,0,0,0,0,0,0,0,0.01815340826186102,0.0,0.0,0.0,0.0,-0.0,1.0,0.22239077714414324,1.0,0.0,0.0,0.0,0.0
89a8b1a26abffff,-22.406893489956566,-41.79251528953555,0.1284658246692809,92.51072199219416,muito bom,1.6,0.9995363931386185,1.1628440366972477,1.1,0.8165322580645166,0.6329670329670329,0.7272727272727273,0.7401315789473691,0.7,0.24516509433962272,0.5449688334817454,0.3,0.2045616005541466,1.2,1.484159775016267,0.31982530397851944,1.0800210370330128,13.857985671490825,0.2644675147609177,0.0,3.584916331553708e-07,0.2720698784085922,0.536537751661143,13.321447919829682,92.06,93.56,0,0,0,0,0,0,0,0,0,0,0,0,0.12021250670950802,0.0,0.1314600458999599,0.09290022660311634,47283.7510519973,0.7862120479084483,3.9832403683930087e-07,0.4966955313128019,0.6801746960214805,0.0,0.0,0.0,0.0
89a8b1b19bbffff,-22.43184990751731,-41.79305214207654,0.12845782510996628,30.0,ruim,0.0,0.0,0.0,0.0,0.0,0.0,0.0,0.0,0.0,0.0,0.0,0.0,0.0,0.0,0.0,0.0,0.17404406912792705,0.17404406912792705,0.0,0.0,0.9,0.4,1.3,-1.125955930872073,31.36,43.42,0,0,0,0,0,0,0,0,0,0,0,0,0.0,0.0,0.0,0.0,0.0,-0.0,1.0,0.13920093790150168,1.0,0.0,0.0,0.0,0.0
89a8b1b0ebbffff,-22.464259734490323,-41.81525451188922,0.1284479343938862,23.7356255576411,ruim,0.0,0.0,0.0,0.0,0.0,0.0,0.0,0.0,0.0,0.0,0.0,0.0,0.0,0.0,0.0,0.0,0.020768917371417353,0.020768917371417353,0.0,0.0,0.9,0.4,1.3,-1.2792310826285826,30.07,8.96,0,0,0,0,0,0,0,0,0,0,0,0,0.0,0.0,0.0,0.0,0.0,-0.0,1.0,0.07871922589512166,1.0,0.0,0.0,0.0,0.0
89a8b1a24bbffff,-22.42059742182738,-41.81431347763083,0.12846196985685882,48.224426923801,médio,0.17933723196881107,0.0,0.0,0.0,0.18145161290322587,0.19780219780219782,0.0,0.0,0.0,0.06420990566037736,0.0400712377560107,0.0,0.061434577538893705,0.0,0.7732436071310789,0.0572205066561411,0.905115637981797,2.4598865153985336,1.8593757514077414,0.0,0.2583705418611315,0.3771117973375436,2.4948580906064164,-0.034971575207882744,39.36,68.91,0,0,0,0,0,0,0,0,0,0,0,0,0.8451707960944278,0.0,0.039480490772606555,0.0,8459.618917394502,0.4096145510263395,0.28707837984570167,0.42767861726934664,0.9427794933438589,0.0,0.0,0.0,0.0
89a8b1b1d23ffff,-22.444325483938727,-41.7933205841083,0.12845381746746087,29.824783229530965,ruim,0.0,0.0,0.0,0.0,0.0,0.0,0.0,0.0,0.0,0.0,0.0,0.0,0.0,0.0,0.0,0.0,0.08342205460550474,0.08342205460550474,0.0,0.0,0.9,0.4,1.3,-1.2165779453944954,30.6,28.01,0,0,0,0,0,0,0,0,0,0,0,0,0.0,0.0,0.0,0.0,0.0,-0.0,1.0,0.1034418828885266,1.0,0.0,0.0,0.0,0.0
89a8b1a20c7ffff,-22.400462229851563,-41.804664238267335,0.12846819515318242,96.95701623300282,muito bom,1.5542560103963625,1.1553082985628187,1.2970183486238533,1.1,0.8467741935483873,1.2,1.0,1.0,0.450757575757576,1.1,0.3285841495992878,0.0,1.0,0.8747252269716612,1.4716111582597657,1.0,1.7962161487606223,17.175251110480332,1.8256398875364506,0.012650589735000224,1.2222012810486193e-08,0.0,1.8382904894934635,15.336960620986869,97.57,95.52,0,0,0,0,0,0,0,0,0,2,0,0,0.8298363125165684,0.03162647433750056,1.0467089620476966,0.06711151516543688,153486.6138132197,0.7795646007503828,1.3580014233873547e-08,0.779303025035585,0.0,0.11338798228129565,0.3422784455081761,0.0,0.0
89a8b1a242fffff,-22.408118526242205,-41.814044634377126,0.12846596819807335,15.0,muito ruim,0.5042235217673819,0.4802967083912843,0.819954128440367,0.0,0.6199596774193551,1.2,0.0,0.14802631578947378,0.0,1.0545990566037737,0.1202137132680321,0.0,0.3264231421855324,0.01880671103535795,1.2266699766913152,0.6788665175583493,1.2732465632638197,8.471286032414042,2.2,0.0028282593151240983,7.56524663869575e-05,0.1284533929766603,2.3313573047581717,6.139928727655871,68.93,81.51,0,0,0,0,0,0,0,0,0,0,0,0,4.268987011497183,0.007070648287810245,0.20977349188837968,0.00144290667965645,100365.27758892161,0.6498105734416074,8.405829598550832e-05,0.5729414883113508,0.32113348244165074,0.6013851637335355,0.0,0.0,0.0
89a8b1b08d7ffff,-22.45783096755361,-41.82740435844515,0.12845028637575587,26.141780763143014,ruim,0.0,0.0,0.0,0.0,0.0,0.0,0.0,0.0,0.0,0.0,0.0,0.0,0.0,0.0,0.0,0.0,0.043579054497548224,0.043579054497548224,0.0,0.0,0.9,0.4,1.3,-1.2564209455024518,30.26,16.53,0,0,0,0,0,0,0,0,0,0,0,0,0.0,0.0,0.0,0.0,0.0,-0.0,1.0,0.08772000735694847,1.0,0.0,0.0,0.0,0.0
89a8b1b0a8bffff,-22.445645913333255,-41.80870917609346,0.12845377948556022,30.0,ruim,0.0,0.0,0.0,0.0,0.0,0.0,0.0,0.0,0.0,0.0,0.0,0.0,0.0,0.0,0.0,0.0,0.12107596104258589,0.12107596104258589,0.0,0.0,0.9,0.4,1.3,-1.178924038957414,30.92,35.57,0,0,0,0,0,0,0,0,0,0,0,0,0.0,0.0,0.0,0.0,0.0,-0.0,1.0,0.11829995152486053,1.0,0.0,0.0,0.0,0.0
89a8b1b1dafffff,-22.448955710894907,-41.79649227325235,0.12845240800718308,28.64565292495655,ruim,0.0,0.0,0.0,0.0,0.0,0.0,0.0,0.0,0.0,0.0,0.0,0.0,0.0,0.0,0.0,0.0,0.06883449551545148,0.06883449551545148,0.0,0.0,0.9,0.4,1.3,-1.2311655044845486,30.48,24.37,0,0,0,0,0,0,0,0,0,0,0,0,0.0,0.0,0.0,0.0,0.0,-0.0,1.0,0.09768569515914025,1.0,0.0,0.0,0.0,0.0
89a8b1a251bffff,-22.407925851854753,-41.826327960261104,0.12846631238541198,15.0,muito ruim,0.06497725795971415,0.0584144645340751,0.1341743119266055,0.0,0.0,0.0,0.0,0.0,0.0,0.21014150943396231,0.0,0.0,0.24163824608368353,0.0,0.5281816251538434,0.15312257678807303,0.9649130329104904,2.3555630247904475,2.2,0.0,0.25023357040787475,0.3387509692847708,2.788984539692646,-0.43342151490219827,36.64,67.51,0,0,0,0,0,0,0,0,0,0,0,0,5.772004449091105,0.0,0.15528708631187396,0.0,22638.014288493767,0.27979653145852446,0.27803730045319414,0.4512744106994151,0.8468774232119269,0.9999999961322056,0.0,0.0,0.0
89a8b1b0b77ffff,-22.421916194598424,-41.8297015809338,0.12846189687496418,14.563384413074418,muito ruim,0.0,0.0,0.0,0.0,0.0,0.0,0.0,0.0,0.0,0.0,0.0,0.0,0.0,0.0,0.0,0.0,0.43049736546849937,0.43049736546849937,1.3563805187840288,0.0,0.9,0.4,2.6563805187840286,-2.225883153315529,20.32,1.12,0,0,0,0,0,0,0,0,0,0,0,0,0.6165365994472858,0.0,0.0,0.0,0.0,-0.0,1.0,0.2403962995410544,1.0,0.0,0.0,0.0,0.0
89a8b1a2453ffff,-22.419277174818447,-41.79892546703522,0.1284620163286961,30.0,ruim,0.0,0.0,0.0,0.0,0.0,0.0,0.0,0.0,0.0,0.0,0.0,0.0,0.0,0.0,0.0,0.0,0.4517319888405384,0.4517319888405384,0.0,0.0,0.9,0.4,1.3,-0.8482680111594616,33.58,64.71,0,0,0,0,0,0,0,0,0,0,0,0,0.0,0.0,0.0,0.0,0.0,-0.0,1.0,0.24877539008921995,1.0,0.0,0.0,0.0,0.0
89a8b1b0aafffff,-22.437704966352825,-41.817754127558786,0.12845655102696246,30.0,ruim,0.0,0.0,0.0,0.0,0.0,0.0,0.0,0.0,0.0,0.0,0.0,0.0,0.0,0.0,0.0,0.0,0.22351371042054238,0.22351371042054238,0.0,0.0,0.9,0.4,1.3,-1.0764862895794576,31.77,50.98,0,0,0,0,0,0,0,0,0,0,0,0,0.0,0.0,0.0,0.0,0.0,-0.0,1.0,0.15872144441172806,1.0,0.0,0.0,0.0,0.0
89a8b1a2607ffff,-22.4053810991051,-41.789410928280276,0.12846622787142467,88.41325180090689,muito bom,1.3879142300194944,0.9930458970792768,0.9839449541284403,0.8593750000000004,0.6123991935483873,0.4351648351648351,0.2727272727272727,0.6414473684210532,0.7,0.25683962264150945,0.6,0.3,0.21749972440886312,1.141945920648188,1.4997143907258725,0.28417268904963616,0.9565771601603703,12.1427682587232,0.1858036044033624,0.0,2.6278080097590955e-06,0.28633092438014557,0.4721371565915177,11.670631102131681,87.29,91.04,0,0,0,0,0,0,0,0,0,0,0,0,0.08445618381971018,0.0,0.1397746384295104,0.08761347976325429,42012.78172067991,0.7944518792779138,2.919786677510106e-06,0.44798511136278485,0.7158273109503639,0.0,0.0,0.0,0.0
89a8b1b1917ffff,-22.430337946773925,-41.78994765791745,0.1284582297739899,30.0,ruim,0.0,0.0,0.0,0.0,0.0,0.0,0.0,0.0,0.0,0.0,0.0,0.0,0.0,0.0,0.0,0.0,0.17352245703111194,0.17352245703111194,0.0,0.0,0.9,0.4,1.3,-1.126477542968888,31.36,43.14,0,0,0,0,0,0,0,0,0,0,0,0,0.0,0.0,0.0,0.0,0.0,-0.0,1.0,0.13899511202394044,1.0,0.0,0.0,0.0,0.0
89a8b1b0c63ffff,-22.46406713153551,-41.82753892006746,0.12844827723205118,23.29929734057994,ruim,0.0,0.0,0.0,0.0,0.0,0.0,0.0,0.0,0.0,0.0,0.0,0.0,0.0,0.0,0.0,0.0,0.0180929064805781,0.0180929064805781,0.0,0.0,0.9,0.4,1.3,-1.281907093519422,30.04,7.56,0,0,0,0,0,0,0,0,0,0,0,0,0.0,0.0,0.0,0.0,0.0,-0.0,1.0,0.07766328357067505,1.0,0.0,0.0,0.0,0.0
89a8b1b0a2bffff,-22.43156303217325,-41.811477781596096,0.12845837846869632,30.0,ruim,0.0,0.0,0.0,0.0,0.0,0.0,0.0,0.0,0.0,0.0,0.0,0.0,0.0,0.0,0.0,0.0,0.3257432331867537,0.3257432331867537,0.0,0.0,0.9,0.4,1.3,-0.9742567668132464,32.59,59.38,0,0,0,0,0,0,0,0,0,0,0,0,0.0,0.0,0.0,0.0,0.0,-0.0,1.0,0.19906077197812902,1.0,0.0,0.0,0.0,0.0
89a8b1b0e17ffff,-22.462748742475757,-41.812149808456304,0.12844834841355116,24.102548316971948,ruim,0.0,0.0,0.0,0.0,0.0,0.0,0.0,0.0,0.0,0.0,0.0,0.0,0.0,0.0,0.0,0.0,0.02587293994823433,0.02587293994823433,0.0,0.0,0.9,0.4,1.3,-1.2741270600517658,30.11,10.08,0,0,0,0,0,0,0,0,0,0,0,0,0.0,0.0,0.0,0.0,0.0,-0.0,1.0,0.08073325113031113,1.0,0.0,0.0,0.0,0.0
89a8b1b1d6bffff,-22.441396829834765,-41.780969548618145,0.12845443012311414,28.027200021590165,ruim,0.0,0.0,0.0,0.0,0.0,0.0,0.0,0.0,0.0,0.0,0.0,0.0,0.0,0.0,0.0,0.0,0.06376379572665705,0.06376379572665705,0.0,0.0,0.9,0.4,1.3,-1.236236204273343,30.44,22.41,0,0,0,0,0,0,0,0,0,0,0,0,0.0,0.0,0.0,0.0,0.0,-0.0,1.0,0.09568481895199174,1.0,0.0,0.0,0.0,0.0
89a8b1a2477ffff,-22.411334401463392,-41.80797015530897,0.1284647907270225,71.04958939970555,bom,0.8152479965345469,0.4153917477978674,0.5963302752293578,0.0,0.8442540322580648,0.4351648351648351,0.2727272727272727,0.14802631578947378,0.0795454545454546,0.6654481132075472,0.25556544968833494,0.0,0.21844730555311404,0.0795095448665017,1.341305740396771,0.4844997357357562,1.434626409401486,8.086090228896385,2.2,0.0028282593151240983,0.00014578749421067375,0.20620010570569752,2.4091741525150323,5.676916076381353,67.17,80.11,0,0,1,0,0,0,1,0,0,0,1,0,1.2011749227602855,0.007070648287810245,0.14038359465775516,0.00610020822719234,71629.61968395916,0.710537201439208,0.00016198610467852638,0.6366212776697568,0.5155002642642438,0.0,0.03675226602607038,0.0,0.0
89a8b1b0ad3ffff,-22.448860213422606,-41.80263431697406,0.12845259435941378,29.917097053045623,ruim,0.0,0.0,0.0,0.0,0.0,0.0,0.0,0.0,0.0,0.0,0.0,0.0,0.0,0.0,0.0,0.0,0.08481842914203223,0.08481842914203223,0.0,0.0,0.9,0.4,1.3,-1.2151815708579679,30.61,28.29,0,0,0,0,0,0,0,0,0,0,0,0,0.0,0.0,0.0,0.0,0.0,-0.0,1.0,0.10399288624166933,1.0,0.0,0.0,0.0,0.0
89a8b1a262bffff,-22.39914079103073,-41.789276752436294,0.1284682241180424,97.9471481024388,muito bom,1.4580896686159857,1.4,1.3,1.1,1.0,0.6329670329670329,0.2727272727272727,0.8059210526315796,0.7,0.8386202830188679,0.6,0.5,0.7165697715389352,1.2,1.5,0.8405941634530036,1.621202178007324,16.48669142296,0.6413672894600437,0.0,2.9071030822236473e-10,0.06376233461879854,0.7051296243695526,15.781561798590447,98.75,96.08,1,0,0,0,0,0,0,0,1,0,8,0,0.29153058611820165,0.0,0.4604984259110633,0.12363217477572674,124275.4862296426,0.810521995003673,3.230114535804052e-10,0.7102432690680335,0.15940583654699636,0.10838913093837906,0.19153047620404365,0.0019924167516390196,0.0
89a8b1b193bffff,-22.424099392754734,-41.78981347156882,0.12846023126463071,30.0,ruim,0.0,0.0,0.0,0.0,0.0,0.0,0.0,0.0,0.0,0.0,0.0,0.0,0.0,0.0,0.0,0.0,0.2545010156497996,0.2545010156497996,0.0,0.0,0.9,0.4,1.3,-1.0454989843502005,32.02,53.5,0,0,0,0,0,0,0,0,0,0,0,0,0.0,0.0,0.0,0.0,0.0,-0.0,1.0,0.17094890104283939,1.0,0.0,0.0,0.0,0.0
89a8b1b0e3bffff,-22.4565124786209,-41.812015397823295,0.1284503570427225,27.29580895054048,ruim,0.0,0.0,0.0,0.0,0.0,0.0,0.0,0.0,0.0,0.0,0.0,0.0,0.0,0.0,0.0,0.0,0.05386352189791088,0.05386352189791088,0.0,0.0,0.9,0.4,1.3,-1.2461364781020892,30.35,20.17,0,0,0,0,0,0,0,0,0,0,0,0,0.0,0.0,0.0,0.0,0.0,-0.0,1.0,0.09177821371537943,1.0,0.0,0.0,0.0,0.0
89a8b1a2047ffff,-22.392709206833686,-41.80142558100802,0.12847059732636096,76.65307199464115,bom,0.12475633528265118,0.31154381084840055,0.6261467889908257,0.3437500000000002,0.22681451612903236,0.23736263736263735,0.7575757575757576,0.0,0.0,0.5039504716981132,0.19501335707925205,0.3,1.0,0.48968837501046425,1.4039563977983776,0.8845615835358576,1.0034344365650492,8.408554467876417,0.9980974070119264,0.0,0.005967897950596083,0.04617536658565698,1.0502406715481796,7.358313796328238,73.37,84.31,0,0,0,0,0,0,0,0,0,0,0,0,0.4536806395508756,0.0,1.0129527457891463,0.03757034528388835,130775.73658424205,0.7437254756989572,0.006630997722884537,0.4664747899860569,0.11543841646414243,0.039550174891122857,0.11796678440730685,0.0,0.0
89a8b1b0857ffff,-22.450083387325073,-41.82416512474762,0.1284527117513717,30.0,ruim,0.0,0.0,0.0,0.0,0.0,0.0,0.0,0.0,0.0,0.0,0.0,0.0,0.0,0.0,0.0,0.0,0.09013347236248433,0.09013347236248433,0.0,0.0,0.9,0.4,1.3,-1.2098665276375158,30.66,29.13,0,0,0,0,0,0,0,0,0,0,0,0,0.0,0.0,0.0,0.0,0.0,-0.0,1.0,0.10609017931022566,1.0,0.0,0.0,0.0,0.0
89a8b1b0e5bffff,-22.46142887681981,-41.796760789876885,0.1284483930881704,23.211812205593386,ruim,0.0,0.0,0.0,0.0,0.0,0.0,0.0,0.0,0.0,0.0,0.0,0.0,0.0,0.0,0.0,0.0,0.017521624384139463,0.017521624384139463,0.0,0.0,0.9,0.4,1.3,-1.2824783756158606,30.04,7.28,0,0,0,0,0,0,0,0,0,0,0,0,0.0,0.0,0.0,0.0,0.0,-0.0,1.0,0.0774378581260727,1.0,0.0,0.0,0.0,0.0
89a8b1b0a0bffff,-22.437896905669284,-41.80547023869943,0.12845619491182456,30.0,ruim,0.0,0.0,0.0,0.0,0.0,0.0,0.0,0.0,0.0,0.0,0.0,0.0,0.0,0.0,0.0,0.0,0.18616679932380628,0.18616679932380628,0.0,0.0,0.9,0.4,1.3,-1.1138332006761937,31.46,45.94,0,0,0,0,0,0,0,0,0,0,0,0,0.0,0.0,0.0,0.0,0.0,-0.0,1.0,0.14398451480901614,1.0,0.0,0.0,0.0,0.0
89a8b1b1d8fffff,-22.45528777415106,-41.79048442957631,0.12845021071216786,24.53817954404703,ruim,0.0,0.0,0.0,0.0,0.0,0.0,0.0,0.0,0.0,0.0,0.0,0.0,0.0,0.0,0.0,0.0,0.028439205723762892,0.028439205723762892,0.0,0.0,0.9,0.4,1.3,-1.2715607942762372,30.13,11.48,0,0,0,0,0,0,0,0,0,0,0,0,0.0,0.0,0.0,0.0,0.0,-0.0,1.0,0.08174588850687635,1.0,0.0,0.0,0.0,0.0
89a8b1a249bffff,-22.426932188489985,-41.80830606398616,0.12845979053124762,30.0,ruim,0.0,0.0,0.0,0.0,0.0,0.0,0.0,0.0,0.0,0.0,0.0,0.0,0.0,0.0,0.0,0.0,0.40431745791881313,0.40431745791881313,0.0,0.0,0.9,0.4,1.3,-0.8956825420811869,33.21,63.59,0,0,0,0,0,0,0,0,0,0,0,0,0.0,0.0,0.0,0.0,0.0,-0.0,1.0,0.23006582124350786,1.0,0.0,0.0,0.0,0.0
89a8b1b087bffff,-22.443846237174853,-41.82403059911382,0.12845471791305996,30.0,ruim,0.0,0.0,0.0,0.0,0.0,0.0,0.0,0.0,0.0,0.0,0.0,0.0,0.0,0.0,0.0,0.0,0.1401149675955258,0.1401149675955258,0.0,0.0,0.9,0.4,1.3,-1.1598850324044743,31.08,37.82,0,0,0,0,0,0,0,0,0,0,0,0,0.0,0.0,0.0,0.0,0.0,-0.0,1.0,0.12581266117170378,1.0,0.0,0.0,0.0,0.0
89a8b1b0a2fffff,-22.42995544218199,-41.814515116976615,0.12845896766085946,30.0,ruim,0.0,0.0,0.0,0.0,0.0,0.0,0.0,0.0,0.0,0.0,0.0,0.0,0.0,0.0,0.0,0.0,0.3866534824868783,0.3866534824868783,0.0,0.0,0.9,0.4,1.3,-0.9133465175131217,33.07,63.03,0,0,0,0,0,0,0,0,0,0,0,0,0.0,0.0,0.0,0.0,0.0,-0.0,1.0,0.22309569293034714,1.0,0.0,0.0,0.0,0.0
89a8b1a2497ffff,-22.426836211740117,-41.814447903203664,0.12845996872038462,30.0,ruim,0.0,0.0,0.0,0.0,0.0,0.0,0.0,0.0,0.0,0.0,0.0,0.0,0.0,0.0,0.0,0.0,0.4974069416549996,0.4974069416549996,0.0,0.0,0.9,0.4,1.3,-0.8025930583450005,33.93,66.95,0,0,0,0,0,0,0,0,0,0,0,0,0.0,0.0,0.0,0.0,0.0,-0.0,1.0,0.26679852893704636,1.0,0.0,0.0,0.0,0.0
89a8b1b1db3ffff,-22.45519251344534,-41.796626530250734,0.12845040120218318,26.040054153554266,ruim,0.0,0.0,0.0,0.0,0.0,0.0,0.0,0.0,0.0,0.0,0.0,0.0,0.0,0.0,0.0,0.0,0.040630208163803194,0.040630208163803194,0.0,0.0,0.9,0.4,1.3,-1.2593697918361968,30.24,16.25,0,0,0,0,0,0,0,0,0,0,0,0,0.0,0.0,0.0,0.0,0.0,-0.0,1.0,0.08655640534667637,1.0,0.0,0.0,0.0,0.0
89a8b1b0b1bffff,-22.429762795596524,-41.82679886373144,0.12845931132311683,30.0,ruim,0.0,0.0,0.0,0.0,0.0,0.0,0.0,0.0,0.0,0.0,0.0,0.0,0.0,0.0,0.0,0.0,0.32729534636630964,0.32729534636630964,0.06656249696015708,0.0,0.9,0.4,1.366562496960157,-1.0392671505938473,32.07,54.06,0,0,0,0,0,0,0,0,0,0,0,0,0.030255680436435034,0.0,0.0,0.0,0.0,-0.0,1.0,0.19967322912628005,1.0,0.0,0.0,0.0,0.0
89a8b1b1983ffff,-22.43657606202482,-41.79008184689244,0.12845622697299497,30.0,ruim,0.0,0.0,0.0,0.0,0.0,0.0,0.0,0.0,0.0,0.0,0.0,0.0,0.0,0.0,0.0,0.0,0.11991530095981291,0.11991530095981291,0.0,0.0,0.9,0.4,1.3,-1.1800846990401872,30.91,34.73,0,0,0,0,0,0,0,0,0,0,0,0,0.0,0.0,0.0,0.0,0.0,-0.0,1.0,0.11784196007576321,1.0,0.0,0.0,0.0,0.0
89a8b1a208fffff,-22.400366351923928,-41.81080582049237,0.12846837576893436,81.95676234539174,muito bom,0.46003898635477614,0.7042188224385721,1.088302752293578,0.0,0.5897177419354841,1.2,0.5454545454545454,1.0,0.0,1.1,0.06411398040961712,0.0,0.6914774880054193,0.13338044944044372,1.253835583232354,0.844566813830489,1.6600760337657032,11.335183197160982,2.2,0.01591541170089261,8.678222347066798e-06,0.062173274467804386,2.2780973643910443,9.057085832769937,79.15,88.52,0,0,0,0,0,0,0,0,0,1,0,0,1.0243543452508246,0.039788529252231516,0.4443730498086327,0.01023334388832612,124862.81252662084,0.6642011582767685,9.642469274518663e-06,0.7255827244305756,0.15543318616951096,0.07225920879144387,0.0,0.0,0.0
89a8b1b0a53ffff,-22.441111367994164,-41.79939543958262,0.1284550084226596,30.0,ruim,0.0,0.0,0.0,0.0,0.0,0.0,0.0,0.0,0.0,0.0,0.0,0.0,0.0,0.0,0.0,0.0,0.12710368582911133,0.12710368582911133,0.0,0.0,0.9,0.4,1.3,-1.1728963141708888,30.97,36.69,0,0,0,0,0,0,0,0,0,0,0,0,0.0,0.0,0.0,0.0,0.0,-0.0,1.0,0.12067846565721967,1.0,0.0,0.0,0.0,0.0
89a8b1b1d8bffff,-22.45689444771054,-41.78744692258445,0.12844961200951385,23.126761048591394,ruim,0.0,0.0,0.0,0.0,0.0,0.0,0.0,0.0,0.0,0.0,0.0,0.0,0.0,0.0,0.0,0.0,0.017353222524507883,0.017353222524507883,0.0,0.0,0.9,0.4,1.3,-1.2826467774754922,30.04,7.0,0,0,0,0,0,0,0,0,0,0,0,0,0.0,0.0,0.0,0.0,0.0,-0.0,1.0,0.07737140748055805,1.0,0.0,0.0,0.0,0.0
89a8b1a2697ffff,-22.41625296886779,-41.792716604313235,0.12846282729274988,30.0,ruim,0.0,0.0,0.0,0.0,0.0,0.0,0.0,0.0,0.0,0.0,0.0,0.0,0.0,0.0,0.0,0.0,0.4698057163497685,0.4698057163497685,0.0,0.0,0.9,0.4,1.3,-0.8301942836502316,33.72,65.55,0,0,0,0,0,0,0,0,0,0,0,0,0.0,0.0,0.0,0.0,0.0,-0.0,1.0,0.255907204800006,1.0,0.0,0.0,0.0,0.0
89a8b1b19a7ffff,-22.428635344321947,-41.799126879899234,0.12845901490607034,30.0,ruim,0.0,0.0,0.0,0.0,0.0,0.0,0.0,0.0,0.0,0.0,0.0,0.0,0.0,0.0,0.0,0.0,0.2588905387887805,0.2588905387887805,0.0,0.0,0.9,0.4,1.3,-1.0411094612112195,32.05,53.78,0,0,0,0,0,0,0,0,0,0,0,0,0.0,0.0,0.0,0.0,0.0,-0.0,1.0,0.1726809878898903,1.0,0.0,0.0,0.0,0.0
89a8b1b0ea7ffff,-22.46104552424151,-41.821329463593884,0.12844911261730638,24.986747792654352,ruim,0.0,0.0,0.0,0.0,0.0,0.0,0.0,0.0,0.0,0.0,0.0,0.0,0.0,0.0,0.0,0.0,0.033157401938242924,0.033157401938242924,0.0,0.0,0.9,0.4,1.3,-1.266842598061757,30.17,12.89,0,0,0,0,0,0,0,0,0,0,0,0,0.0,0.0,0.0,0.0,0.0,-0.0,1.0,0.08360766832809029,1.0,0.0,0.0,0.0,0.0
89a8b1b1d0fffff,-22.44753925340626,-41.78724567241227,0.12845262204753172,26.772982490289593,ruim,0.0,0.0,0.0,0.0,0.0,0.0,0.0,0.0,0.0,0.0,0.0,0.0,0.0,0.0,0.0,0.0,0.050750416933285074,0.050750416933285074,0.0,0.0,0.9,0.4,1.3,-1.249249583066715,30.32,18.49,0,0,0,0,0,0,0,0,0,0,0,0,0.0,0.0,0.0,0.0,0.0,-0.0,1.0,0.09054979595973932,1.0,0.0,0.0,0.0,0.0
89a8b1a20b3ffff,-22.40027024187804,-41.816947405579164,0.12846855217049838,74.66739888298238,bom,0.27290448343079937,0.4348632359758925,0.7305045871559633,0.0,0.7434475806451616,1.2,0.0,0.8881578947368429,0.0,1.0091981132075474,0.024042742653606414,0.0,0.3117513348819485,0.09798634653361071,1.2411568111462103,0.5868339180132721,1.603555487649807,9.144402536030663,2.2,0.010933136958086682,0.00012895756227687376,0.16526643279469116,2.3763285273150547,6.768074008715608,71.25,82.63,0,0,0,0,0,2,2,0,0,1,0,0,1.373460151835818,0.027332842395216703,0.20034476012083577,0.007517803281108772,86758.9541635248,0.657484763226443,0.0001432861803076375,0.7032799613704843,0.4131660819867279,0.0,0.0,0.0,0.0
89a8b1a241bffff,-22.419181541429932,-41.805067226652895,0.12846220093221997,51.775910948925684,médio,0.046783625730994184,0.0,0.0,0.0,0.1360887096774194,0.11868131868131868,0.0,0.0,0.0,0.01751179245283019,0.04808548530721283,0.0,0.04073890595982036,0.0,0.5187662458444928,0.03349981761571042,0.6160426890680991,1.5761985903378979,0.0009896730334080243,0.0,0.5059282006771402,0.38660007295371585,0.893517946664264,0.6826806436736339,43.83,70.31,0,0,0,0,0,0,0,0,0,0,0,0,0.00044985137882182924,0.0,0.026180565819216628,0.0,4952.694538937894,0.2748088712528986,0.5621424451968224,0.31361168179628657,0.9665001823842896,0.0,0.0,0.0,0.0
89a8b1b08c3ffff,-22.45632009837007,-41.82429965301414,0.1284507042808561,27.209830337420506,ruim,0.0,0.0,0.0,0.0,0.0,0.0,0.0,0.0,0.0,0.0,0.0,0.0,0.0,0.0,0.0,0.0,0.053538290340184286,0.053538290340184286,0.0,0.0,0.9,0.4,1.3,-1.2464617096598158,30.35,19.89,0,0,0,0,0,0,0,0,0,0,0,0,0.0,0.0,0.0,0.0,0.0,-0.0,1.0,0.09164987874924575,1.0,0.0,0.0,0.0,0.0
89a8b1b0a07ffff,-22.437801052236267,-41.811612181707325,0.12845637507614222,30.0,ruim,0.0,0.0,0.0,0.0,0.0,0.0,0.0,0.0,0.0,0.0,0.0,0.0,0.0,0.0,0.0,0.0,0.21336284496232535,0.21336284496232535,0.0,0.0,0.9,0.4,1.3,-1.0866371550376748,31.68,49.58,0,0,0,0,0,0,0,0,0,0,0,0,0.0,0.0,0.0,0.0,0.0,-0.0,1.0,0.15471595680187275,1.0,0.0,0.0,0.0,0.0
89a8b1b0a77ffff,-22.433170535627774,-41.80844043205883,0.12845778815972655,30.0,ruim,0.0,0.0,0.0,0.0,0.0,0.0,0.0,0.0,0.0,0.0,0.0,0.0,0.0,0.0,0.0,0.0,0.2711565635866283,0.2711565635866283,0.0,0.0,0.9,0.4,1.3,-1.0288434364133718,32.15,55.46,0,0,0,0,0,0,0,0,0,0,0,0,0.0,0.0,0.0,0.0,0.0,-0.0,1.0,0.17752110822762823,1.0,0.0,0.0,0.0,0.0
89a8b1b0853ffff,-22.45169079003108,-41.82112771431728,0.12845212474873444,29.64947031661212,ruim,0.0,0.0,0.0,0.0,0.0,0.0,0.0,0.0,0.0,0.0,0.0,0.0,0.0,0.0,0.0,0.0,0.0822005849175922,0.0822005849175922,0.0,0.0,0.9,0.4,1.3,-1.2177994150824079,30.59,27.45,0,0,0,0,0,0,0,0,0,0,0,0,0.0,0.0,0.0,0.0,0.0,-0.0,1.0,0.10295989623222755,1.0,0.0,0.0,0.0,0.0
89a8b1a25cfffff,-22.40953406688449,-41.82329075518412,0.12846572838444895,15.0,muito ruim,0.15854450942170253,0.0584144645340751,0.1341743119266055,0.0,0.1360887096774194,0.35604395604395606,0.0,0.0,0.0,0.2860259433962265,0.024042742653606414,0.0,0.28503019382135203,0.0,0.9962028241691252,0.21053944876556585,1.011458959114691,3.6565660635243256,2.2,0.0,0.08915663470207258,0.3157842204937737,2.6049408551958466,1.051625208328479,45.96,71.15,0,0,0,0,0,0,0,0,0,0,0,0,7.27568110536495,0.0,0.1831726104074515,0.0,31126.664332739518,0.5277239524387483,0.09906292744674731,0.4696412318800903,0.7894605512344341,1.0,0.0,0.0,0.0
89a8b1a26bbffff,-22.410013425874062,-41.79258239380478,0.128464825871649,78.39197312003994,bom,1.2709551656920088,0.47705146036161333,0.536697247706422,0.5156250000000003,0.5897177419354841,0.23736263736263735,0.5454545454545454,0.4440789473684214,0.5303030303030307,0.08755896226415096,0.20837043633125563,0.0,0.059051562852022614,0.47196389946552003,1.3515974682400902,0.14683201648250993,0.7920340093942289,8.264654131213943,0.059701470758020354,0.0,0.00025117503389809567,0.34126719340699607,0.4012198391989145,7.863434292015029,75.13,85.99,0,0,0,0,0,0,0,0,0,0,0,0,0.027137032162736524,0.0,0.037949063470181676,0.03621047092259652,21708.00254844146,0.7159890945307881,0.00027908337099788406,0.3830570956784848,0.8531679835174901,0.0,0.0,0.0,0.0
89a8b1b0b63ffff,-22.420404763330296,-41.82659704400911,0.12846231374512443,14.999517164853302,muito ruim,0.09356725146198837,0.0,0.0,0.0,0.0680443548387097,0.0,0.0,0.0,0.0,0.01751179245283019,0.0,0.0,0.00796758702763936,0.0,0.23119582977288833,0.006221163941581493,0.5713256020215911,0.9958335815172286,2.2,0.0,0.5842884390166327,0.39751153442336745,3.1817999734400004,-2.185966391922772,20.83,1.4,0,0,0,0,0,0,0,0,0,0,0,0,1.519015913197879,0.0,0.005120312676122945,0.0,919.7520127649386,0.12247262717495715,0.6492093766851474,0.2959665126379643,0.9937788360584185,0.0,0.0,0.0,0.0
89a8b1a2043ffff,-22.394317232563793,-41.7983883949706,0.12847000569907474,94.88853065019018,muito bom,0.8654970760233924,0.983310152990264,1.1181192660550459,1.0885416666666672,0.7787298387096776,0.5538461538461539,1.0,0.4440789473684214,0.47727272727272757,0.886615566037736,0.6,0.5,1.0,1.168707315720917,1.5,1.0,1.6010491176740524,15.565767828365054,1.280148852701587,0.0,7.809975305721639e-07,0.0,1.2801496336991176,14.285618194665936,94.74,95.24,0,0,0,0,0,0,0,0,0,1,0,0,0.5818858421370849,0.0,1.1161834689704626,0.08966669340782875,175519.22007978384,0.8294036679504005,8.677750339690711e-07,0.7022909586174756,0.0,0.07096636345848957,0.3995807687978115,0.0,0.0
89a8b1b1d33ffff,-22.447444103702303,-41.793387696258144,0.1284528147379078,28.46879730112238,ruim,0.0,0.0,0.0,0.0,0.0,0.0,0.0,0.0,0.0,0.0,0.0,0.0,0.0,0.0,0.0,0.0,0.06735900755222583,0.06735900755222583,0.0,0.0,0.9,0.4,1.3,-1.2326409924477741,30.47,23.81,0,0,0,0,0,0,0,0,0,0,0,0,0.0,0.0,0.0,0.0,0.0,-0.0,1.0,0.09710347398996823,1.0,0.0,0.0,0.0,0.0
89a8b1a20d7ffff,-22.40358238911867,-41.80473140135523,0.12846719693645675,97.11807956379593,muito bom,1.6,1.2656467315716273,1.3,1.1,1.0,1.2,1.0,0.8059210526315796,0.5037878787878791,1.1,0.3552983081032949,0.0,1.0,0.8898973796026477,1.4535821910214548,1.0,1.4491670963825432,17.023300638101027,1.63704924187772,0.007856275875344718,3.407249342275086e-09,0.0,1.644905521160314,15.378395116940712,97.68,95.8,0,0,0,0,0,0,0,0,0,0,0,0,0.7441132917626,0.019640689688361794,0.6810800526601221,0.06827556773873687,148638.28103457647,0.7700140176577023,3.785832602527873e-09,0.6423589698676435,0.0,0.058087921355476586,0.04080652083463297,0.0066801235169280096,0.0
89a8b1a228bffff,-22.39138735461304,-41.78603829544917,0.12847062036854806,80.81687839164975,muito bom,0.4842971626597361,1.4,0.268348623853211,0.1718750000000001,0.5594758064516132,0.32967032967032966,0.0,0.0,0.0795454545454546,0.36969339622641517,0.3232413178984863,0.5,0.19777704377306593,0.19131330219192075,1.2621520108262965,0.9318192455091054,1.8,8.869208693605636,0.2048792428301746,0.0,3.3364196890233434e-05,0.027272301796357826,0.2321849088234227,8.637023784782214,77.76,87.96,8,0,2,0,0,0,0,0,0,0,0,1,0.09312692855917028,0.0,0.12709999912952186,0.0146781242674951,137762.4243048377,0.6686066647997062,3.707132987803715e-05,0.8040598662362735,0.06818075449089456,0.0,0.0,0.0,0.0
89a8b1b0e37ffff,-22.456416404802646,-41.81815752407207,0.12845053276846086,27.475098703563933,ruim,0.0,0.0,0.0,0.0,0.0,0.0,0.0,0.0,0.0,0.0,0.0,0.0,0.0,0.0,0.0,0.0,0.05574066914573771,0.05574066914573771,0.0,0.0,0.9,0.4,1.3,-1.2442593308542624,30.37,20.73,0,0,0,0,0,0,0,0,0,0,0,0,0.0,0.0,0.0,0.0,0.0,-0.0,1.0,0.09251892790117902,1.0,0.0,0.0,0.0,0.0
89a8b1b0a9bffff,-22.448764483400076,-41.808776363745764,0.12845277649901563,30.0,ruim,0.0,0.0,0.0,0.0,0.0,0.0,0.0,0.0,0.0,0.0,0.0,0.0,0.0,0.0,0.0,0.0,0.09737425644176208,0.09737425644176208,0.0,0.0,0.9,0.4,1.3,-1.202625743558238,30.72,30.25,0,0,0,0,0,0,0,0,0,0,0,0,0.0,0.0,0.0,0.0,0.0,-0.0,1.0,0.10894736139332648,1.0,0.0,0.0,0.0,0.0
89a8b1b1937ffff,-22.424004110964837,-41.79595527153499,0.12846042213202707,30.0,ruim,0.0,0.0,0.0,0.0,0.0,0.0,0.0,0.0,0.0,0.0,0.0,0.0,0.0,0.0,0.0,0.0,0.30146246997345916,0.30146246997345916,0.0,0.0,0.9,0.4,1.3,-0.9985375300265409,32.4,56.86,0,0,0,0,0,0,0,0,0,0,0,0,0.0,0.0,0.0,0.0,0.0,-0.0,1.0,0.18947968782239785,1.0,0.0,0.0,0.0,0.0
89a8b1b1903ffff,-22.42882590157206,-41.78684318979323,0.1284586332841022,30.0,ruim,0.0,0.0,0.0,0.0,0.0,0.0,0.0,0.0,0.0,0.0,0.0,0.0,0.0,0.0,0.0,0.0,0.17496371448022374,0.17496371448022374,0.0,0.0,0.9,0.4,1.3,-1.1250362855197764,31.37,43.7,0,0,0,0,0,0,0,0,0,0,0,0,0.0,0.0,0.0,0.0,0.0,-0.0,1.0,0.13956382598028155,1.0,0.0,0.0,0.0,0.0
89a8b1a2627ffff,-22.39904549235134,-41.795418311855855,0.12846841528660388,99.83193277310924,muito bom,1.6,1.4,1.3,1.1,1.0,1.173626373626374,1.0,1.0,0.7,1.0974056603773588,0.6,0.5,1.0,1.2,1.5,1.0,1.4738476452958613,18.644879679299592,1.1103655210555228,0.0,8.400802751495485e-12,0.0,1.1103655210639236,17.53451415823567,100.0,99.44,0,0,0,0,0,0,0,0,0,0,1,0,0.504711600479783,0.0,0.8001224516966808,0.21651104333639545,175327.80704701957,0.833788368154486,9.334225279439429e-12,0.6520978077316307,0.0,0.012038540386979768,0.0,0.08060256555188876,0.0
89a8b1b0acfffff,-22.442622967637433,-41.80250000246363,0.12845459993071287,30.0,ruim,0.0,0.0,0.0,0.0,0.0,0.0,0.0,0.0,0.0,0.0,0.0,0.0,0.0,0.0,0.0,0.0,0.1281267387691114,0.1281267387691114,0.0,0.0,0.9,0.4,1.3,-1.1718732612308886,30.98,36.97,0,0,0,0,0,0,0,0,0,0,0,0,0.0,0.0,0.0,0.0,0.0,-0.0,1.0,0.12108215792289533,1.0,0.0,0.0,0.0,0.0
89a8b1a2473ffff,-22.412942209361248,-41.80493289456215,0.12846420031704261,66.75739352050687,bom,0.509421702404159,0.2141863699582754,0.35779816513761464,0.0,0.5065524193548389,0.11868131868131868,0.2727272727272727,0.0,0.0795454545454546,0.3327240566037737,0.1789848619768478,0.0,0.13706942939390154,0.0795095448665017,1.3209317998332029,0.28542474586368455,0.9483896650038379,5.341946806350684,0.6608123743776972,0.0,0.006413433425435557,0.2858301016545262,0.953055909457659,4.388890896893026,61.99,77.87,0,0,0,0,0,0,0,0,0,0,0,0,0.30036926108077144,0.0,0.08808668601922684,0.00610020822719234,42197.88884623241,0.6997444028442775,0.007126037139372841,0.4447543611828882,0.7145752541363155,0.0,0.0,0.0,0.0
89a8b1b0c4fffff,-22.467281464633466,-41.821463966401964,0.12844710289478617,22.407274242423956,ruim,0.0,0.0,0.0,0.0,0.0,0.0,0.0,0.0,0.0,0.0,0.0,0.0,0.0,0.0,0.0,0.0,0.009547697873416212,0.009547697873416212,0.0,0.0,0.9,0.4,1.3,-1.290452302126584,29.97,4.76,0,0,0,0,0,0,0,0,0,0,0,0,0.0,0.0,0.0,0.0,0.0,-0.0,1.0,0.07429138121018135,1.0,0.0,0.0,0.0,0.0
89a8b1b0e03ffff,-22.46123766584827,-41.809045120929845,0.12844876127865312,24.88641417243396,ruim,0.0,0.0,0.0,0.0,0.0,0.0,0.0,0.0,0.0,0.0,0.0,0.0,0.0,0.0,0.0,0.0,0.030448663086828257,0.030448663086828257,0.0,0.0,0.9,0.4,1.3,-1.2695513369131717,30.15,12.61,0,0,0,0,0,0,0,0,0,0,0,0,0.0,0.0,0.0,0.0,0.0,-0.0,1.0,0.08253881169194087,1.0,0.0,0.0,0.0,0.0
89a8b1a200fffff,-22.39261343982283,-41.80756708658929,0.12847078014327173,75.09635391597615,bom,0.209659952350011,0.29099057332715195,0.8448012232415901,0.0,0.11340725806451618,0.0,0.4545454545454546,0.8881578947368429,0.0,0.2860259433962265,0.06411398040961712,0.0,0.9863760517800298,0.10667722078306548,1.3656197009327184,0.44267340774338304,1.8,7.8530486613106065,0.6962679448250653,0.010859950050223166,0.019037196261072007,0.2229306369026468,0.9490957280390072,6.903952933271599,71.75,82.91,1,1,1,0,0,0,0,0,0,0,0,0,0.3164854294659387,0.027149875125557915,0.6338874974108404,0.00818459294374655,65445.91359313844,0.7234171682915119,0.021152440290080007,0.90913059954175,0.557326592256617,0.014502582147540877,0.0,0.0002622118937742656,0.0
89a8b1a2463ffff,-22.409822378886265,-41.80486572950262,0.128465199518519,82.85756328760854,muito bom,1.2917478882391173,0.645804357904497,0.7155963302752293,0.5156250000000003,0.8467741935483873,0.5934065934065934,0.7272727272727273,0.29605263157894757,0.21212121212121227,0.7316037735849057,0.23775601068566352,0.0,0.37475695005133935,0.17413535788134335,1.3966506400248857,0.5399098999079267,1.241999881544979,10.541213448027754,0.9756204637957219,0.0028282593151240983,7.676395049065149e-06,0.18403604003682933,1.1624924395427243,9.37872100848503,80.19,89.08,0,0,0,0,0,0,0,0,0,0,0,0,0.4434638471798735,0.007070648287810245,0.24083486696242223,0.013360181404338492,79821.59316409123,0.7398553568092594,8.52932783229461e-06,0.5606116828391885,0.4600901000920733,0.0,0.0,0.0,0.0
89a8b1a2617ffff,-22.408501088763288,-41.78947801718702,0.12846522925706066,76.2803671234252,bom,1.0682261208577006,0.506258692628651,0.536697247706422,0.5156250000000003,0.4082661290322582,0.23736263736263735,0.2727272727272727,0.4440789473684214,0.5568181818181822,0.05253537735849057,0.36064113980409623,0.0,0.09960758726414959,0.4366600045436539,1.378348683388214,0.11879346810917361,0.7459383002219836,7.738584790191309,0.10994137671392759,0.0,0.00040591754275264523,0.3524826127563306,0.4628299070130108,7.2757548831782985,73.08,83.75,0,0,0,0,0,0,0,0,0,0,0,0,0.04997335305178526,0.0,0.06401210177402444,0.03350185133967855,17562.715341168885,0.7301601615544954,0.0004510194919473836,0.36486792819154285,0.8812065318908264,0.0,0.0,0.0,0.0
89a8b1b1d67ffff,-22.44130190837325,-41.787111508913355,0.1284546271028202,29.384755159864785,ruim,0.0,0.0,0.0,0.0,0.0,0.0,0.0,0.0,0.0,0.0,0.0,0.0,0.0,0.0,0.0,0.0,0.0800750634129802,0.0800750634129802,0.0,0.0,0.9,0.4,1.3,-1.21992493658702,30.57,26.61,0,0,0,0,0,0,0,0,0,0,0,0,0.0,0.0,0.0,0.0,0.0,-0.0,1.0,0.10212117463885714,1.0,0.0,0.0,0.0,0.0
89a8b1b1927ffff,-22.420884667338814,-41.79588814927622,0.12846142242356395,30.0,ruim,0.0,0.0,0.0,0.0,0.0,0.0,0.0,0.0,0.0,0.0,0.0,0.0,0.0,0.0,0.0,0.0,0.3711009901745262,0.3711009901745262,0.0,0.0,0.9,0.4,1.3,-0.9288990098254739,32.95,61.62,0,0,0,0,0,0,0,0,0,0,0,0,0.0,0.0,0.0,0.0,0.0,-0.0,1.0,0.21695874672453677,1.0,0.0,0.0,0.0,0.0
89a8b1b0c73ffff,-22.4671850487825,-41.827606201866146,0.12844727216951518,21.974038232727374,ruim,0.0,0.0,0.0,0.0,0.0,0.0,0.0,0.0,0.0,0.0,0.0,0.0,0.0,0.0,0.0,0.0,0.007390555038613079,0.007390555038613079,0.0,0.0,0.9,0.4,1.3,-1.292609444961387,29.95,3.36,0,0,0,0,0,0,0,0,0,0,0,0,0.0,0.0,0.0,0.0,0.0,-0.0,1.0,0.07344018197667188,1.0,0.0,0.0,0.0,0.0
89a8b1b0e27ffff,-22.453298106157117,-41.81809028967512,0.12845153662955996,28.92407406223585,ruim,0.0,0.0,0.0,0.0,0.0,0.0,0.0,0.0,0.0,0.0,0.0,0.0,0.0,0.0,0.0,0.0,0.07325705881925107,0.07325705881925107,0.0,0.0,0.9,0.4,1.3,-1.226742941180749,30.52,25.21,0,0,0,0,0,0,0,0,0,0,0,0,0.0,0.0,0.0,0.0,0.0,-0.0,1.0,0.09943081951233816,1.0,0.0,0.0,0.0,0.0
89a8b1b0327ffff,-22.46454689378435,-41.79682792067538,0.1284473885409044,22.058952396611716,ruim,0.0,0.0,0.0,0.0,0.0,0.0,0.0,0.0,0.0,0.0,0.0,0.0,0.0,0.0,0.0,0.0,0.007535866449461669,0.007535866449461669,0.0,0.0,0.9,0.4,1.3,-1.2924641335505385,29.95,3.64,0,0,0,0,0,0,0,0,0,0,0,0,0.0,0.0,0.0,0.0,0.0,-0.0,1.0,0.07349752123095718,1.0,0.0,0.0,0.0,0.0
89a8b1b0843ffff,-22.44857232571234,-41.821060465874496,0.12845312813805276,30.0,ruim,0.0,0.0,0.0,0.0,0.0,0.0,0.0,0.0,0.0,0.0,0.0,0.0,0.0,0.0,0.0,0.0,0.10399232834016124,0.10399232834016124,0.0,0.0,0.9,0.4,1.3,-1.196007671659839,30.78,32.21,0,0,0,0,0,0,0,0,0,0,0,0,0.0,0.0,0.0,0.0,0.0,-0.0,1.0,0.11155882394292721,1.0,0.0,0.0,0.0,0.0
89a8b1a254fffff,-22.401782195669934,-41.820051818191544,0.12846813967615797,68.63550477794358,bom,0.15594541910331397,0.22067686601761707,0.5068807339449541,0.0,0.49143145161290347,1.2,0.0,0.4440789473684214,0.0,0.7432783018867926,0.0,0.0,0.46651178555042966,0.05701209316941541,1.1439428949913264,0.5127721959802537,1.3550649118279339,7.297595601453361,2.2,0.004862926585777551,0.0025970982480400715,0.19489112160789854,2.4023511464417164,4.895244455011644,64.08,79.27,0,0,0,0,0,0,0,0,0,0,0,0,2.1059715202778784,0.012157316464443875,0.2998004541184579,0.004374136971673827,75809.48899135484,0.6059871054998727,0.002885664720044524,0.6052266548108334,0.4872278040197463,0.0,0.036070963364763016,0.0,0.0
89a8b1b1d7bffff,-22.444515555076226,-41.78103659996599,0.1284534277970486,26.59566941176868,ruim,0.0,0.0,0.0,0.0,0.0,0.0,0.0,0.0,0.0,0.0,0.0,0.0,0.0,0.0,0.0,0.0,0.049206000334385415,0.049206000334385415,0.0,0.0,0.9,0.4,1.3,-1.2507939996656146,30.31,17.93,0,0,0,0,0,0,0,0,0,0,0,0,0.0,0.0,0.0,0.0,0.0,-0.0,1.0,0.08994037584902946,1.0,0.0,0.0,0.0,0.0
89a8b1a2487ffff,-22.42371687161767,-41.81438069008841,0.12846096945279903,50.13262171867421,médio,0.09356725146198837,0.0,0.0,0.0,0.0680443548387097,0.11868131868131868,0.0,0.0,0.0,0.01751179245283019,0.024042742653606414,0.0,0.024608317889802153,0.0,0.4611255518617713,0.020832284133332414,0.6586113777494713,1.4870249917228304,0.25446336590450075,0.0,0.5059282006771402,0.3916670863466671,1.1520586529283081,0.3349663387945223,41.73,69.75,0,0,0,0,0,0,0,0,0,0,0,0,0.11566516632022761,0.0,0.015814359051506844,0.0,3079.895569711148,0.2442745522247987,0.5621424451968224,0.3304091022510124,0.9791677158666676,0.0,0.0,0.0,0.0
89a8b1a263bffff,-22.402260999856665,-41.78934384003003,0.12846722615899894,94.7540606239089,muito bom,1.5802469135802482,1.3694946685210942,1.1628440366972477,0.9739583333333337,0.9450604838709682,0.5538461538461539,0.2727272727272727,0.8059210526315796,0.7,0.5506485849056604,0.6,0.5,0.3727366069875378,1.2,1.5,0.5251469028345364,1.2436957833853435,14.856326793320973,0.40708412644282854,0.0,2.2151502370211713e-08,0.18994123886618547,0.5970253874605164,14.259301405860457,94.67,94.96,0,0,0,0,0,0,0,0,0,0,0,0,0.1850382392921948,0.0,0.23953650797822612,0.11342832270464892,77638.99575945799,0.8074043494996873,2.4612780411346347e-08,0.5612808783710445,0.47485309716546364,0.0,0.0,0.0,0.0
89a8b1b0e4bffff,-22.45831075003591,-41.796693659735325,0.1284493973087007,24.62264074240375,ruim,0.0,0.0,0.0,0.0,0.0,0.0,0.0,0.0,0.0,0.0,0.0,0.0,0.0,0.0,0.0,0.0,0.028510194449429507,0.028510194449429507,0.0,0.0,0.9,0.4,1.3,-1.2714898055505706,30.13,11.76,0,0,0,0,0,0,0,0,0,0,0,0,0.0,0.0,0.0,0.0,0.0,-0.0,1.0,0.0817739003510159,1.0,0.0,0.0,0.0,0.0
89a8b1a2057ffff,-22.39582963897442,-41.801492727420865,0.12846959994837143,91.99511351153517,muito bom,0.849902534113061,0.7885952712100139,1.1628440366972477,0.9739583333333337,0.7787298387096776,0.6329670329670329,1.0,0.5921052631578951,0.397727272727273,0.7685731132075474,0.4425645592163848,0.3,1.0,1.0704022144722758,1.5,1.0,1.2211447218517504,14.479514191663496,1.3734108047216127,0.0028282593151240983,3.175558033995964e-06,0.0,1.3762422395947709,13.103271952068726,91.45,93.28,0,0,0,0,1,0,0,0,0,0,1,0,0.6242776385098239,0.007070648287810245,1.239520388276162,0.08212443431907637,159169.4326267657,0.849204809701926,3.528397815551071e-06,0.5523823270175958,0.0,0.0,0.24667487907843716,0.0,0.0
89a8b1b0a1bffff,-22.441015749080506,-41.80553740967436,0.12845519276230838,30.0,ruim,0.0,0.0,0.0,0.0,0.0,0.0,0.0,0.0,0.0,0.0,0.0,0.0,0.0,0.0,0.0,0.0,0.15372613716493191,0.15372613716493191,0.0,0.0,0.9,0.4,1.3,-1.1462738628350682,31.19,41.18,0,0,0,0,0,0,0,0,0,0,0,0,0.0,0.0,0.0,0.0,0.0,-0.0,1.0,0.13118356981888352,1.0,0.0,0.0,0.0,0.0
89a8b1b0bcfffff,-22.431370619965087,-41.82376155574403,0.12845872630713312,30.0,ruim,0.0,0.0,0.0,0.0,0.0,0.0,0.0,0.0,0.0,0.0,0.0,0.0,0.0,0.0,0.0,0.0,0.3232135100935759,0.3232135100935759,0.039937498176094245,0.0,0.9,0.4,1.3399374981760943,-1.0167239880825183,32.25,56.02,0,0,0,0,0,0,0,0,0,0,0,0,0.01815340826186102,0.0,0.0,0.0,0.0,-0.0,1.0,0.19806255418598145,1.0,0.0,0.0,0.0,0.0
89a8b1a24abffff,-22.41747786238195,-41.81424626583093,0.12846296993409945,55.5609786856046,médio,0.34567901234567927,0.02920723226703755,0.1341743119266055,0.0,0.3704637096774195,0.32967032967032966,0.0,0.0,0.0,0.12452830188679247,0.09082813891362425,0.0,0.11629450544236203,0.0,1.1284926729416713,0.12805815722617586,1.247290167694043,4.044686539991741,2.2,0.0,0.06792436205220409,0.34877673710952967,2.616701099161734,1.4279854408300068,48.04,73.11,0,0,0,0,0,0,0,0,0,0,0,0,2.07690228574445,0.0,0.07473583009690697,0.0,18932.429520544465,0.597802575152952,0.07547151339133788,0.5626992068744432,0.8719418427738241,0.0,0.0,0.0,0.0
89a8b1b0e6fffff,-22.45037162083944,-41.80573892654311,0.12845218434886124,29.56286368922627,ruim,0.0,0.0,0.0,0.0,0.0,0.0,0.0,0.0,0.0,0.0,0.0,0.0,0.0,0.0,0.0,0.0,0.08176692851539494,0.08176692851539494,0.0,0.0,0.9,0.4,1.3,-1.218233071484605,30.59,27.17,0,0,0,0,0,0,0,0,0,0,0,0,0.0,0.0,0.0,0.0,0.0,-0.0,1.0,0.10278877729137612,1.0,0.0,0.0,0.0,0.0
89a8b1a207bffff,-22.38958866515309,-41.801358435252205,0.12847159437641179,65.46526996862478,bom,0.07797270955165699,0.07788595271210014,0.22362385321100917,0.0,0.18145161290322587,0.0,0.4545454545454546,0.0,0.0,0.19846698113207548,0.08815672306322353,0.0,0.8641188557866927,0.0041965435802543164,1.1032828091086517,0.6396437817746877,0.916787945735546,4.830133223104578,0.5192653655475867,0.0,0.12881725387099185,0.1441424872901249,0.7922251067087035,4.037908116395875,60.51,77.03,0,0,0,0,0,0,0,0,0,0,0,0,0.23602971161253938,0.0,0.555319786983534,0.0003219712767444612,94566.4929045882,0.58444801656344,0.14313028207887984,0.432284459429161,0.3603562182253123,0.058781280344479866,0.0,0.0,0.0
89a8b1a24cfffff,-22.420789151135587,-41.80202992237787,0.12846160911504126,30.0,ruim,0.0,0.0,0.0,0.0,0.0,0.0,0.0,0.0,0.0,0.0,0.0,0.0,0.0,0.0,0.0,0.0,0.4724210631579128,0.4724210631579128,0.0,0.0,0.9,0.4,1.3,-0.8275789368420872,33.74,66.11,0,0,0,0,0,0,0,0,0,0,0,0,0.0,0.0,0.0,0.0,0.0,-0.0,1.0,0.2569392093397782,1.0,0.0,0.0,0.0,0.0
89a8b1b0e13ffff,-22.464355686942113,-41.80911231186964,0.12844775665634017,23.55334390631455,ruim,0.0,0.0,0.0,0.0,0.0,0.0,0.0,0.0,0.0,0.0,0.0,0.0,0.0,0.0,0.0,0.0,0.01841499652652308,0.01841499652652308,0.0,0.0,0.9,0.4,1.3,-1.281585003473477,30.05,8.4,0,0,0,0,0,0,0,0,0,0,0,0,0.0,0.0,0.0,0.0,0.0,-0.0,1.0,0.07779037890984596,1.0,0.0,0.0,0.0,0.0
89a8b1a2683ffff,-22.414740739257965,-41.789612196970104,0.12846323104339202,30.0,ruim,0.0,0.0,0.0,0.0,0.0,0.0,0.0,0.0,0.0,0.0,0.0,0.0,0.0,0.0,0.0,0.0,0.4678535342534812,0.4678535342534812,0.0,0.0,0.9,0.4,1.3,-0.8321464657465188,33.7,65.27,0,0,0,0,0,0,0,0,0,0,0,0,0.0,0.0,0.0,0.0,0.0,-0.0,1.0,0.2551368821875109,1.0,0.0,0.0,0.0,0.0
89a8b1b1913ffff,-22.431945067832487,-41.78691026858857,0.1284576322305735,30.0,ruim,0.0,0.0,0.0,0.0,0.0,0.0,0.0,0.0,0.0,0.0,0.0,0.0,0.0,0.0,0.0,0.0,0.14519706786595307,0.14519706786595307,0.0,0.0,0.9,0.4,1.3,-1.154802932134047,31.12,38.94,0,0,0,0,0,0,0,0,0,0,0,0,0.0,0.0,0.0,0.0,0.0,-0.0,1.0,0.12781803595960037,1.0,0.0,0.0,0.0,0.0
89a8b1b1993ffff,-22.439694955080377,-41.790148942364844,0.1284552250812873,30.0,ruim,0.0,0.0,0.0,0.0,0.0,0.0,0.0,0.0,0.0,0.0,0.0,0.0,0.0,0.0,0.0,0.0,0.09967099587296405,0.09967099587296405,0.0,0.0,0.9,0.4,1.3,-1.200329004127036,30.74,31.09,0,0,0,0,0,0,0,0,0,0,0,0,0.0,0.0,0.0,0.0,0.0,-0.0,1.0,0.10985364484005453,1.0,0.0,0.0,0.0,0.0
89a8b1a2603ffff,-22.406988667265818,-41.78637365660578,0.12846563148858003,67.48615740800214,bom,0.44444444444444475,0.26286509040333794,0.268348623853211,0.0,0.2721774193548388,0.11868131868131868,0.0,0.29605263157894757,0.397727272727273,0.03502358490566038,0.33659839715048984,0.0,0.1405172656524118,0.3402463775295758,1.3552977794377778,0.08715582248636035,0.6701009873682875,5.025237015573935,0.09367708086125037,0.0,0.013823841733560322,0.3651376710054559,0.4726385936002666,4.552598421973668,62.68,78.71,0,0,0,0,0,0,0,0,0,0,0,0,0.042580491300568346,0.0,0.09030241326994969,0.026104711767162586,12885.328840190567,0.71794928055227,0.015359824148400357,0.3349428525169061,0.9128441775136397,0.0,0.0,0.0,0.0
89a8b1b0aabffff,-22.439312475297026,-41.81471676224169,0.12845596251630992,30.0,ruim,0.0,0.0,0.0,0.0,0.0,0.0,0.0,0.0,0.0,0.0,0.0,0.0,0.0,0.0,0.0,0.0,0.19884735328116374,0.19884735328116374,0.0,0.0,0.9,0.4,1.3,-1.1011526467188364,31.56,46.78,0,0,0,0,0,0,0,0,0,0,0,0,0.0,0.0,0.0,0.0,0.0,-0.0,1.0,0.1489882065603615,1.0,0.0,0.0,0.0,0.0
89a8b1a244fffff,-22.413037846888166,-41.79879119507743,0.12846401563845558,71.44707654752051,bom,0.9434697855750495,0.29207232267037553,0.268348623853211,0.5156250000000003,0.4536290322580647,0.11868131868131868,0.5454545454545454,0.14802631578947378,0.21212121212121227,0.14009433962264153,0.10418521816562781,0.0,0.0607700997281361,0.14190156463374654,1.3043515828550933,0.13130817484867935,0.7874634311362071,6.167502567393384,0.02408704432803708,0.0,0.002638986028651432,0.3474767300605283,0.37420276041721684,5.793299806976167,67.61,80.39,0,0,0,0,0,0,0,0,0,0,0,0,0.010948656512744126,0.0,0.039053468871794936,0.010887109132414939,19412.920032912993,0.6909612741242022,0.0029322066985015913,0.38125356526447846,0.8686918251513207,0.0,0.0,0.0,0.0
89a8b1a2407ffff,-22.41596606249709,-41.81114179282527,0.12846338121558185,56.93482011389103,médio,0.3222871994801822,0.07788595271210014,0.22362385321100917,0.0,0.4158266129032259,0.32967032967032966,0.0,0.0,0.0,0.15371462264150948,0.10685663401602853,0.0,0.12976098795868768,0.0,1.238251682676517,0.1990025933794256,1.1260974160645714,4.322977884713588,2.2,0.0,0.049719378338905565,0.32039896264822976,2.5701183409871353,1.7528595437264523,49.76,73.67,0,0,0,0,0,0,0,0,0,0,0,0,1.5341529016796276,0.0,0.08338996853203612,0.0,29421.027564118525,0.6559458136860745,0.05524375370989507,0.514877071209827,0.8009974066205744,0.0,0.0,0.0,0.0
89a8b1a229bffff,-22.394507836260033,-41.786105366367785,0.12846962324881123,85.94757524925917,muito bom,0.5666016894087074,1.4,0.44724770642201833,0.2864583333333335,0.7711693548387099,0.5494505494505495,0.0,0.14802631578947378,0.21212121212121227,0.542865566037736,0.5761353517364205,0.5,0.3270920672478872,0.5895677789209727,1.3802536405065189,0.9262272032743653,1.6937262198972478,10.916942988985152,0.262101815280326,0.0,2.7277671360158427e-06,0.0295091186902539,0.2916136617377159,10.625329327247437,84.13,90.2,3,0,0,0,0,1,0,0,0,0,1,0,0.11913718876378454,0.0,0.21020337178354365,0.045233389544611424,136935.68317581975,0.7311692848728686,3.0308523733509363e-06,0.7388609423494349,0.07377279672563475,0.0,0.005419576354640038,0.0,0.0
89a8b1b0a63ffff,-22.4316588896857,-41.80533589872145,0.128458198228953,30.0,ruim,0.0,0.0,0.0,0.0,0.0,0.0,0.0,0.0,0.0,0.0,0.0,0.0,0.0,0.0,0.0,0.0,0.26917413448704736,0.26917413448704736,0.0,0.0,0.9,0.4,1.3,-1.0308258655129527,32.14,55.18,0,0,0,0,0,0,0,0,0,0,0,0,0.0,0.0,0.0,0.0,0.0,-0.0,1.0,0.17673885027844416,1.0,0.0,0.0,0.0,0.0
89a8b1a26a7ffff,-22.406798080467688,-41.79865692574744,0.12846601363721669,98.0841965618148,muito bom,1.6,1.3045897079276774,1.3,1.1,1.0,0.9230769230769232,1.0,0.9539473684210534,0.7,0.6206957547169812,0.506678539626002,0.0,0.45207092672060367,1.2,1.4171023665062896,0.606450839377966,1.795288203097935,16.47990062947143,0.50923605690538,0.0028282593151240983,2.4185231395167133e-10,0.15741966424881362,0.66948398071117,15.81041664876026,98.82,96.36,0,0,10,0,0,0,1,0,1,0,1,0,0.2314709349569909,0.007070648287810245,0.29052013973168583,0.09967171395564269,89659.16754463078,0.7506893613624632,2.687247932796348e-10,0.7789368616902218,0.39354916062203404,0.0,0.0011254169592783245,0.021087777031442982,0.0
89a8b1b0b4fffff,-22.42362066051612,-41.820522502020694,0.12846114346592957,41.37217021188246,médio,0.09356725146198837,0.0,0.0,0.0,0.0680443548387097,0.0,0.0,0.0,0.0,0.01751179245283019,0.0,0.0,0.00796758702763936,0.0,0.23119582977288833,0.006221163941581493,0.6527440965145556,1.077252076010193,1.0264860329524808,0.0,0.5842884390166327,0.39751153442336745,2.008286006392481,-0.9310339303822879,32.93,61.06,0,0,0,0,0,0,0,0,0,0,0,0,0.4665845604329457,0.0,0.005120312676122945,0.0,919.7520127649386,0.12247262717495715,0.6492093766851474,0.3280938984502402,0.9937788360584185,0.0,0.0,0.0,0.0
89a8b1b19b7ffff,-22.431754514801053,-41.799194018834555,0.12845801377565025,30.0,ruim,0.0,0.0,0.0,0.0,0.0,0.0,0.0,0.0,0.0,0.0,0.0,0.0,0.0,0.0,0.0,0.0,0.21517853137686438,0.21517853137686438,0.0,0.0,0.9,0.4,1.3,-1.0848214686231357,31.7,49.86,0,0,0,0,0,0,0,0,0,0,0,0,0.0,0.0,0.0,0.0,0.0,-0.0,1.0,0.1554324188086597,1.0,0.0,0.0,0.0,0.0
89a8b1b0eb7ffff,-22.46416354935411,-41.82139671466888,0.12844810791998312,23.650918550872866,ruim,0.0,0.0,0.0,0.0,0.0,0.0,0.0,0.0,0.0,0.0,0.0,0.0,0.0,0.0,0.0,0.0,0.020657366975674232,0.020657366975674232,0.0,0.0,0.9,0.4,1.3,-1.2793426330243258,30.07,8.68,0,0,0,0,0,0,0,0,0,0,0,0,0.0,0.0,0.0,0.0,0.0,-0.0,1.0,0.07867520859138902,1.0,0.0,0.0,0.0,0.0
89a8b1a20c3ffff,-22.402070174585305,-41.80162702221769,0.12846760420731668,99.49579831932772,muito bom,1.6,1.4,1.3,1.1,1.0,1.2,1.0,1.0,0.7,1.1,0.5235975066785398,0.3,1.0,1.2,1.5,1.0,1.5925223326911044,18.516119839369644,1.5284932519399563,0.004713765525206831,4.239345273148052e-11,0.0,1.5332070175075565,16.982912821862087,100.0,98.32,0,0,0,0,0,1,0,0,0,1,0,0,0.6947696599727073,0.011784413813017076,0.9152767413449653,0.11882720931121944,159871.0547405357,0.8067187932398996,4.710383636831169e-11,0.6989263261394191,0.0,0.1987583403216108,0.16899336878044496,0.0,0.0
89a8b1a242bffff,-22.40972650708634,-41.811007401919625,0.12846538002043303,74.4692387549954,bom,0.622915312973793,0.5278936794931232,0.9789755351681957,0.0,0.6955645161290326,0.7120879120879122,0.2727272727272727,0.14802631578947378,0.0,0.9508254716981135,0.17097061442564565,0.0,0.22408791844027184,0.020140623318358346,1.2857030543190635,0.6544999568493907,1.8,9.064418183419647,2.2,0.0028282593151240983,6.891106147052678e-05,0.13820001726024375,2.3410971876368385,6.723320995782808,71.09,82.35,1,1,1,0,0,0,0,0,0,1,0,0,2.684253002532219,0.007070648287810245,0.14400849408678262,0.0015452483884006564,96762.86597163082,0.6810824874479964,7.656784607836309e-05,0.8709431965472624,0.34550004315060934,0.013027409950821649,0.004613530930238521,0.0,0.0
89a8b1b08d3ffff,-22.4594382891964,-41.82436691813467,0.12844970005526124,25.524288709329568,ruim,0.0,0.0,0.0,0.0,0.0,0.0,0.0,0.0,0.0,0.0,0.0,0.0,0.0,0.0,0.0,0.0,0.038704236768173694,0.038704236768173694,0.0,0.0,0.9,0.4,1.3,-1.2612957632318262,30.22,14.57,0,0,0,0,0,0,0,0,0,0,0,0,0.0,0.0,0.0,0.0,0.0,-0.0,1.0,0.08579642536330609,1.0,0.0,0.0,0.0,0.0
89a8b1b0a87ffff,-22.445549948737803,-41.81485119570702,0.1284539574494257,30.0,ruim,0.0,0.0,0.0,0.0,0.0,0.0,0.0,0.0,0.0,0.0,0.0,0.0,0.0,0.0,0.0,0.0,0.1300726995366456,0.1300726995366456,0.0,0.0,0.9,0.4,1.3,-1.1699273004633544,30.99,37.54,0,0,0,0,0,0,0,0,0,0,0,0,0.0,0.0,0.0,0.0,0.0,-0.0,1.0,0.12185002562597015,1.0,0.0,0.0,0.0,0.0
89a8b1b0b73ffff,-22.423524217091718,-41.826664316591646,0.12846131326545468,19.173497846690633,muito ruim,0.0,0.0,0.0,0.0,0.0,0.0,0.0,0.0,0.0,0.0,0.0,0.0,0.0,0.0,0.0,0.0,0.482776187694982,0.482776187694982,0.8825235503235824,0.0,0.9,0.4,2.1825235503235825,-1.6997473626286004,26.19,2.8,0,0,0,0,0,0,0,0,0,0,0,0,0.40114706832890107,0.0,0.0,0.0,0.0,-0.0,1.0,0.2610252966987791,1.0,0.0,0.0,0.0,0.0
89a8b1b080bffff,-22.448475898051203,-41.8272025209492,0.12845329763809174,30.0,ruim,0.0,0.0,0.0,0.0,0.0,0.0,0.0,0.0,0.0,0.0,0.0,0.0,0.0,0.0,0.0,0.0,0.09662824826620933,0.09662824826620933,0.0,0.0,0.9,0.4,1.3,-1.2033717517337907,30.71,29.97,0,0,0,0,0,0,0,0,0,0,0,0,0.0,0.0,0.0,0.0,0.0,-0.0,1.0,0.10865298979355234,1.0,0.0,0.0,0.0,0.0
