{
"type": "FeatureCollection",
"name": "macae_grid_scores",
"crs": { "type": "name", "properties": { "name": "urn:ogc:def:crs:OGC:1.3:CRS84" } },
"features": [
{ "type": "Feature", "properties": { "h3": "89a8b1a2513ffff", "lat": -22.409437498486646, "lon": -41.829432435749339, "area_km2": 0.12846589624592414, "score": 15.0, "class": "muito ruim", "direct_activity_score": 7.213161892125834, "neighborhood_inherited_score": 7.786838107874166, "pos_food": 0.038986354775828493, "pos_shop": 0.0, "pos_supermarket": 0.0, "pos_pharmacy": 0.0, "pos_fitness": 0.0, "pos_education": 0.0, "pos_healthcare": 0.0, "pos_office": 0.0, "pos_bank": 0.0, "pos_transport": 0.10507075471698114, "pos_leisure": 0.0, "pos_fuel": 0.0, "pos_residential": 0.12535695355959578, "pos_commercial": 0.0, "pos_mixed_use": 0.16873021484009937, "pos_road_density": 0.063503207123090794, "pos_anchor_proximity": 0.66821626229130227, "positive_total": 1.169863747306898, "pen_unsuitable_landuse": 2.2, "pen_industrial": 0.0, "pen_isolation": 0.51821735750141817, "pen_low_connectivity": 0.3745987171507637, "penalty_total": 3.0928160746521822, "raw": -1.9229523273452842, "score_physical": 23.88, "score_rank_pct": 2.52, "count_shop": 0, "count_supermarket": 0, "count_food": 0, "count_pharmacy": 0, "count_healthcare": 0, "count_education": 0, "count_fitness": 0, "count_office": 0, "count_bank": 0, "count_transport": 0, "count_leisure": 0, "count_fuel": 0, "feat_unsuitable_frac": 4.7402097593371959, "feat_industrial_frac": 0.0, "feat_residential": 0.080559747402160015, "feat_commercial": 0.0, "feat_road_density": 9388.4686397837868, "feat_mixed_use": 0.08938237647089782, "feat_isolation": 0.57579706389046459, "feat_anchor_proximity": 0.3341991481524928, "feat_low_connectivity": 0.93649679287690923, "raw_lu_frac_unsuitable": 1.0, "raw_lu_frac_residential": 0.0, "raw_lu_frac_commercial": 0.0, "raw_lu_frac_industrial": 0.0 }, "geometry": { "type": "Polygon", "coordinates": [ [ [ -41.828442462078385, -22.41101355502315 ], [ -41.827385208477885, -22.409469726651931 ], [ -41.828375182108729, -22.407893662062232 ], [ -41.830422404369806, -22.40786143357273 ], [ -41.831479663018392, -22.409405270321365 ], [ -41.830489694359166, -22.41098132718205 ], [ -41.828442462078385, -22.41101355502315 ] ] ] } },
{ "type": "Feature", "properties": { "h3": "89a8b1b0b6fffff", "lat": -22.417285199913156, "lon": -41.826529772084797, "area_km2": 0.12846331389651411, "score": 15.722637165432108, "class": "muito ruim", "direct_activity_score": 30.0, "neighborhood_inherited_score": 0.0, "pos_food": 0.093567251461988368, "pos_shop": 0.0, "pos_supermarket": 0.0, "pos_pharmacy": 0.0, "pos_fitness": 0.0680443548387097, "pos_education": 0.0, "pos_healthcare": 0.0, "pos_office": 0.0, "pos_bank": 0.0, "pos_transport": 0.017511792452830192, "pos_leisure": 0.0, "pos_fuel": 0.0, "pos_residential": 0.013306068348053686, "pos_commercial": 0.0, "pos_mixed_use": 0.23119582977288833, "pos_road_density": 0.0087247839002457302, "pos_anchor_proximity": 0.63742691935917506, "positive_total": 1.0697770001338911, "pen_unsuitable_landuse": 2.2, "pen_industrial": 0.0, "pen_isolation": 0.58428843901663274, "pen_low_connectivity": 0.39651008643990171, "penalty_total": 3.1807985254565345, "raw": -2.1110215253226432, "score_physical": 21.74, "score_rank_pct": 1.68, "count_shop": 0, "count_supermarket": 0, "count_food": 0, "count_pharmacy": 0, "count_healthcare": 0, "count_education": 0, "count_fitness": 0, "count_office": 0, "count_bank": 0, "count_transport": 0, "count_leisure": 0, "count_fuel": 0, "feat_unsuitable_frac": 3.4673222270941428, "feat_industrial_frac": 0.0, "feat_residential": 0.0085510494200505202, "feat_commercial": 0.0, "feat_road_density": 1289.8932785799861, "feat_mixed_use": 0.12247262717495715, "feat_isolation": 0.64920937668514744, "feat_anchor_proximity": 0.3220498065876915, "feat_low_connectivity": 0.99127521609975422, "raw_lu_frac_unsuitable": 0.0060123027290954921, "raw_lu_frac_residential": 0.0, "raw_lu_frac_commercial": 0.0, "raw_lu_frac_industrial": 0.0 }, "geometry": { "type": "Polygon", "coordinates": [ [ [ -41.825539779399556, -22.418861098759898 ], [ -41.824482520174747, -22.41731738774692 ], [ -41.825472512814372, -22.415741480844918 ], [ -41.827519759713851, -22.415709292684742 ], [ -41.828577023992572, -22.417253012079392 ], [ -41.827587036319215, -22.418828911252504 ], [ -41.825539779399556, -22.418861098759898 ] ] ] } },
{ "type": "Feature", "properties": { "h3": "89a8b1b19d7ffff", "lat": -22.436671102933811, "lon": -41.783939929984655, "area_km2": 0.1284560320435929, "score": 30.0, "class": "ruim", "direct_activity_score": 30.0, "neighborhood_inherited_score": 0.0, "pos_food": 0.0, "pos_shop": 0.0, "pos_supermarket": 0.0, "pos_pharmacy": 0.0, "pos_fitness": 0.0, "pos_education": 0.0, "pos_healthcare": 0.0, "pos_office": 0.0, "pos_bank": 0.0, "pos_transport": 0.0, "pos_leisure": 0.0, "pos_fuel": 0.0, "pos_residential": 0.0, "pos_commercial": 0.0, "pos_mixed_use": 0.0, "pos_road_density": 0.0, "pos_anchor_proximity": 0.09863990414371826, "positive_total": 0.09863990414371826, "pen_unsuitable_landuse": 0.0, "pen_industrial": 0.0, "pen_isolation": 0.9, "pen_low_connectivity": 0.4, "penalty_total": 1.3, "raw": -1.2013600958562818, "score_physical": 30.73, "score_rank_pct": 30.81, "count_shop": 0, "count_supermarket": 0, "count_food": 0, "count_pharmacy": 0, "count_healthcare": 0, "count_education": 0, "count_fitness": 0, "count_office": 0, "count_bank": 0, "count_transport": 0, "count_leisure": 0, "count_fuel": 0, "feat_unsuitable_frac": 0.0, "feat_industrial_frac": 0.0, "feat_residential": 0.0, "feat_commercial": 0.0, "feat_road_density": 0.0, "feat_mixed_use": -0.0, "feat_isolation": 1.0, "feat_anchor_proximity": 0.10944678050290826, "feat_low_connectivity": 1.0, "raw_lu_frac_unsuitable": 0.0, "raw_lu_frac_residential": 0.0, "raw_lu_frac_commercial": 0.0, "raw_lu_frac_industrial": 0.0 }, "geometry": { "type": "Polygon", "coordinates": [ [ [ -41.782949807418127, -22.438246392396653 ], [ -41.781892624918626, -22.436702744496028 ], [ -41.782882747358151, -22.435127446974374 ], [ -41.784930047412246, -22.435095805053756 ], [ -41.78598723504976, -22.436639461371595 ], [ -41.784997117496495, -22.438214751192788 ], [ -41.782949807418127, -22.438246392396653 ] ] ] } },
{ "type": "Feature", "properties": { "h3": "89a8b1a2297ffff", "lat": -22.394412650446334, "lon": -41.792246879025114, "area_km2": 0.1284698165809203, "score": 93.491342504783916, "class": "muito bom", "direct_activity_score": 55.790324384216518, "neighborhood_inherited_score": 37.701018120567397, "pos_food": 0.79272254710851275, "pos_shop": 1.4, "pos_supermarket": 1.0137614678899083, "pos_pharmacy": 0.64930555555555602, "pos_fitness": 0.97530241935483919, "pos_education": 0.43516483516483512, "pos_healthcare": 0.27272727272727271, "pos_office": 0.3947368421052635, "pos_bank": 0.50378787878787912, "pos_transport": 0.95147405660377371, "pos_leisure": 0.6, "pos_fuel": 0.5, "pos_residential": 0.74861815457392666, "pos_commercial": 1.2, "pos_mixed_use": 1.4870702767780668, "pos_road_density": 1.0, "pos_anchor_proximity": 1.5706275909577028, "positive_total": 14.495298897607535, "pen_unsuitable_landuse": 0.75909876507306373, "pen_industrial": 0.0, "pen_isolation": 6.2671407399251825e-08, "pen_low_connectivity": 0.0, "penalty_total": 0.75909882774447113, "raw": 13.736200069863063, "score_physical": 93.22, "score_rank_pct": 94.12, "count_shop": 0, "count_supermarket": 0, "count_food": 0, "count_pharmacy": 0, "count_healthcare": 0, "count_education": 0, "count_fitness": 0, "count_office": 0, "count_bank": 0, "count_transport": 0, "count_leisure": 0, "count_fuel": 0, "feat_unsuitable_frac": 0.34504489321502896, "feat_industrial_frac": 0.0, "feat_residential": 0.48109408948324139, "feat_commercial": 0.10121954706926668, "feat_road_density": 193082.80175188408, "feat_mixed_use": 0.78775384387213476, "feat_isolation": 6.9634897110279797e-08, "feat_anchor_proximity": 0.69028675574070686, "feat_low_connectivity": 0.0, "raw_lu_frac_unsuitable": 0.0, "raw_lu_frac_residential": 0.0, "raw_lu_frac_commercial": 0.0, "raw_lu_frac_industrial": 0.0 }, "geometry": { "type": "Polygon", "coordinates": [ [ [ -41.791256841399139, -22.395988744389872 ], [ -41.790199707581081, -22.394444417729176 ], [ -41.791189745095849, -22.392868315738276 ], [ -41.793236911528737, -22.392836548103269 ], [ -41.794294050467791, -22.394380883163496 ], [ -41.79330401785429, -22.395956977459157 ], [ -41.791256841399139, -22.395988744389872 ] ] ] } },
{ "type": "Feature", "properties": { "h3": "89a8b1a244bffff", "lat": -22.41464545113682, "lon": -41.795753906729217, "area_km2": 0.12846342202385549, "score": 54.960708316077721, "class": "médio", "direct_activity_score": 30.0, "neighborhood_inherited_score": 24.960708316077721, "pos_food": 0.35087719298245634, "pos_shop": 0.058414464534075103, "pos_supermarket": 0.0, "pos_pharmacy": 0.0, "pos_fitness": 0.0680443548387097, "pos_education": 0.0, "pos_healthcare": 0.0, "pos_office": 0.0, "pos_bank": 0.0795454545454546, "pos_transport": 0.0, "pos_leisure": 0.048085485307212829, "pos_fuel": 0.0, "pos_residential": 0.011229685980120288, "pos_commercial": 0.073093154461860432, "pos_mixed_use": 0.57926874144736196, "pos_road_density": 0.018310806988055459, "pos_anchor_proximity": 0.607713886791584, "positive_total": 1.894583227876891, "pen_unsuitable_landuse": 0.011092539282846989, "pen_industrial": 0.0, "pen_isolation": 0.19842173957611439, "pen_low_connectivity": 0.39267567720477786, "penalty_total": 0.60218995606373926, "raw": 1.2923932718131517, "score_physical": 47.3, "score_rank_pct": 72.83, "count_shop": 0, "count_supermarket": 0, "count_food": 0, "count_pharmacy": 0, "count_healthcare": 0, "count_education": 0, "count_fitness": 0, "count_office": 0, "count_bank": 0, "count_transport": 0, "count_leisure": 0, "count_fuel": 0, "feat_unsuitable_frac": 0.0050420633103849949, "feat_industrial_frac": 0.0, "feat_residential": 0.0072166771788529831, "feat_commercial": 0.0056079237146726179, "feat_road_density": 2707.1142539820339, "feat_mixed_use": 0.30685918805317858, "feat_isolation": 0.22046859952901599, "feat_anchor_proximity": 0.31032517243796276, "feat_low_connectivity": 0.98168919301194457, "raw_lu_frac_unsuitable": 0.0, "raw_lu_frac_residential": 0.0, "raw_lu_frac_commercial": 0.0, "raw_lu_frac_industrial": 0.0 }, "geometry": { "type": "Polygon", "coordinates": [ [ [ -41.79476384591409, -22.416221206512493 ], [ -41.793706669597981, -22.414677252551979 ], [ -41.794696730308644, -22.413101489123122 ], [ -41.796743962428557, -22.413069687358433 ], [ -41.797801143859083, -22.414613649721659 ], [ -41.796811088056621, -22.416189405446815 ], [ -41.79476384591409, -22.416221206512493 ] ] ] } },
{ "type": "Feature", "properties": { "h3": "89a8b1b0aa7ffff", "lat": -22.439216274188055, "lon": -41.820858724494343, "area_km2": 0.12845613634142747, "score": 30.0, "class": "ruim", "direct_activity_score": 30.0, "neighborhood_inherited_score": 0.0, "pos_food": 0.0, "pos_shop": 0.0, "pos_supermarket": 0.0, "pos_pharmacy": 0.0, "pos_fitness": 0.0, "pos_education": 0.0, "pos_healthcare": 0.0, "pos_office": 0.0, "pos_bank": 0.0, "pos_transport": 0.0, "pos_leisure": 0.0, "pos_fuel": 0.0, "pos_residential": 0.0, "pos_commercial": 0.0, "pos_mixed_use": 0.0, "pos_road_density": 0.0, "pos_anchor_proximity": 0.19827037437032663, "positive_total": 0.19827037437032663, "pen_unsuitable_landuse": 0.0, "pen_industrial": 0.0, "pen_isolation": 0.9, "pen_low_connectivity": 0.4, "penalty_total": 1.3, "raw": -1.1017296256296734, "score_physical": 31.56, "score_rank_pct": 46.5, "count_shop": 0, "count_supermarket": 0, "count_food": 0, "count_pharmacy": 0, "count_healthcare": 0, "count_education": 0, "count_fitness": 0, "count_office": 0, "count_bank": 0, "count_transport": 0, "count_leisure": 0, "count_fuel": 0, "feat_unsuitable_frac": 0.0, "feat_industrial_frac": 0.0, "feat_residential": 0.0, "feat_commercial": 0.0, "feat_road_density": 0.0, "feat_mixed_use": -0.0, "feat_isolation": 1.0, "feat_anchor_proximity": 0.14876053317743482, "feat_low_connectivity": 1.0, "raw_lu_frac_unsuitable": 0.0, "raw_lu_frac_residential": 0.0, "raw_lu_frac_commercial": 0.0, "raw_lu_frac_industrial": 0.0 }, "geometry": { "type": "Polygon", "coordinates": [ [ [ -41.819868684430709, -22.440791747111483 ], [ -41.81881140329439, -22.439248379968049 ], [ -41.8198014433016, -22.437672898983472 ], [ -41.821848759490543, -22.437640792872791 ], [ -41.822906045692292, -22.439184168408058 ], [ -41.82191601064099, -22.440759641662126 ], [ -41.819868684430709, -22.440791747111483 ] ] ] } },
{ "type": "Feature", "properties": { "h3": "89a8b1b190fffff", "lat": -22.425706625626077, "lon": -41.786776111654333, "area_km2": 0.12845963401091592, "score": 30.0, "class": "ruim", "direct_activity_score": 30.0, "neighborhood_inherited_score": 0.0, "pos_food": 0.0, "pos_shop": 0.0, "pos_supermarket": 0.0, "pos_pharmacy": 0.0, "pos_fitness": 0.0, "pos_education": 0.0, "pos_healthcare": 0.0, "pos_office": 0.0, "pos_bank": 0.0, "pos_transport": 0.0, "pos_leisure": 0.0, "pos_fuel": 0.0, "pos_residential": 0.0, "pos_commercial": 0.0, "pos_mixed_use": 0.0, "pos_road_density": 0.0, "pos_anchor_proximity": 0.20933926539648182, "positive_total": 0.20933926539648182, "pen_unsuitable_landuse": 0.0, "pen_industrial": 0.0, "pen_isolation": 0.9, "pen_low_connectivity": 0.4, "penalty_total": 1.3, "raw": -1.0906607346035182, "score_physical": 31.65, "score_rank_pct": 48.46, "count_shop": 0, "count_supermarket": 0, "count_food": 0, "count_pharmacy": 0, "count_healthcare": 0, "count_education": 0, "count_fitness": 0, "count_office": 0, "count_bank": 0, "count_transport": 0, "count_leisure": 0, "count_fuel": 0, "feat_unsuitable_frac": 0.0, "feat_industrial_frac": 0.0, "feat_residential": 0.0, "feat_commercial": 0.0, "feat_road_density": 0.0, "feat_mixed_use": -0.0, "feat_isolation": 1.0, "feat_anchor_proximity": 0.1531282697061673, "feat_low_connectivity": 1.0, "raw_lu_frac_unsuitable": 0.0, "raw_lu_frac_residential": 0.0, "raw_lu_frac_commercial": 0.0, "raw_lu_frac_industrial": 0.0 }, "geometry": { "type": "Polygon", "coordinates": [ [ [ -41.785786012714667, -22.42728212821066 ], [ -41.784728841097703, -22.425738308422215 ], [ -41.78571893991576, -22.424162797781751 ], [ -41.787766205460692, -22.424131114629354 ], [ -41.788823382209905, -22.425674942829943 ], [ -41.787833288283281, -22.427250445770753 ], [ -41.785786012714667, -22.42728212821066 ] ] ] } },
{ "type": "Feature", "properties": { "h3": "89a8b1b0e0fffff", "lat": -22.458119534934454, "lon": -41.808977930647572, "area_km2": 0.12844976557451626, "score": 26.228422560850156, "class": "ruim", "direct_activity_score": 26.228422560850156, "neighborhood_inherited_score": 0.0, "pos_food": 0.0, "pos_shop": 0.0, "pos_supermarket": 0.0, "pos_pharmacy": 0.0, "pos_fitness": 0.0, "pos_education": 0.0, "pos_healthcare": 0.0, "pos_office": 0.0, "pos_bank": 0.0, "pos_transport": 0.0, "pos_leisure": 0.0, "pos_fuel": 0.0, "pos_residential": 0.0, "pos_commercial": 0.0, "pos_mixed_use": 0.0, "pos_road_density": 0.0, "pos_anchor_proximity": 0.044013962266596811, "positive_total": 0.044013962266596811, "pen_unsuitable_landuse": 0.0, "pen_industrial": 0.0, "pen_isolation": 0.9, "pen_low_connectivity": 0.4, "penalty_total": 1.3, "raw": -1.2559860377334033, "score_physical": 30.27, "score_rank_pct": 16.81, "count_shop": 0, "count_supermarket": 0, "count_food": 0, "count_pharmacy": 0, "count_healthcare": 0, "count_education": 0, "count_fitness": 0, "count_office": 0, "count_bank": 0, "count_transport": 0, "count_leisure": 0, "count_fuel": 0, "feat_unsuitable_frac": 0.0, "feat_industrial_frac": 0.0, "feat_residential": 0.0, "feat_commercial": 0.0, "feat_road_density": 0.0, "feat_mixed_use": -0.0, "feat_isolation": 1.0, "feat_anchor_proximity": 0.087891620081747598, "feat_low_connectivity": 1.0, "raw_lu_frac_unsuitable": 0.0, "raw_lu_frac_residential": 0.0, "raw_lu_frac_commercial": 0.0, "raw_lu_frac_industrial": 0.0 }, "geometry": { "type": "Polygon", "coordinates": [ [ [ -41.807987833335424, -22.459694597005711 ], [ -41.806930551160242, -22.45815148166222 ], [ -41.807920648393292, -22.456576411525102 ], [ -41.809968022869064, -22.456544464457732 ], [ -41.811025310133346, -22.458087588206688 ], [ -41.810035217834091, -22.459662650617506 ], [ -41.807987833335424, -22.459694597005711 ] ] ] } },
{ "type": "Feature", "properties": { "h3": "89a8b1a201bffff", "lat": -22.39734196101255, "lon": -41.804597075836647, "area_km2": 0.12846919304282778, "score": 90.207592748750216, "class": "muito bom", "direct_activity_score": 57.480120860989558, "neighborhood_inherited_score": 32.727471887760657, "pos_food": 0.84210526315789547, "pos_shop": 0.80806675938803896, "pos_supermarket": 1.1181192660550459, "pos_pharmacy": 0.80208333333333381, "pos_fitness": 0.72328629032258096, "pos_education": 0.75164835164835164, "pos_healthcare": 1.0, "pos_office": 0.98684210526315874, "pos_bank": 0.3181818181818184, "pos_transport": 0.95536556603773592, "pos_leisure": 0.29118432769367769, "pos_fuel": 0.0, "pos_residential": 1.0, "pos_commercial": 0.76371924258753376, "pos_mixed_use": 1.5, "pos_road_density": 0.94840232827037962, "pos_anchor_proximity": 1.1089848069829775, "positive_total": 13.917989458922529, "pen_unsuitable_landuse": 1.5488893555696184, "pen_industrial": 0.0095080793848623356, "pen_isolation": 2.8771974391839585e-06, "pen_low_connectivity": 0.020639068691848152, "penalty_total": 1.5790393808437679, "raw": 12.33895007807876, "score_physical": 89.25, "score_rank_pct": 92.44, "count_shop": 0, "count_supermarket": 0, "count_food": 0, "count_pharmacy": 0, "count_healthcare": 0, "count_education": 0, "count_fitness": 1, "count_office": 0, "count_bank": 0, "count_transport": 0, "count_leisure": 0, "count_fuel": 0, "feat_unsuitable_frac": 0.70404061616800828, "feat_industrial_frac": 0.023770198462155837, "feat_residential": 1.1168719624653451, "feat_commercial": 0.05859480663258583, "feat_road_density": 140214.10760570443, "feat_mixed_use": 0.80562161850602743, "feat_isolation": 3.1968860435377318e-06, "feat_anchor_proximity": 0.50812450967398903, "feat_low_connectivity": 0.051597671729620376, "raw_lu_frac_unsuitable": 0.0, "raw_lu_frac_residential": 0.095392423027847881, "raw_lu_frac_commercial": 0.0, "raw_lu_frac_industrial": 0.0 }, "geometry": { "type": "Polygon", "coordinates": [ [ [ -41.803607062556821, -22.398918079281582 ], [ -41.802549892273106, -22.397373882320867 ], [ -41.803539905465328, -22.395797756003105 ], [ -41.805587084018001, -22.395765834351927 ], [ -41.806644259398475, -22.397310039704234 ], [ -41.805654251130861, -22.398886158316106 ], [ -41.803607062556821, -22.398918079281582 ] ] ] } },
{ "type": "Feature", "properties": { "h3": "89a8b1b1d63ffff", "lat": -22.442908775042557, "lon": -41.784074061441402, "area_km2": 0.12845402800776956, "score": 27.772586224146611, "class": "ruim", "direct_activity_score": 27.772586224146611, "neighborhood_inherited_score": 0.0, "pos_food": 0.0, "pos_shop": 0.0, "pos_supermarket": 0.0, "pos_pharmacy": 0.0, "pos_fitness": 0.0, "pos_education": 0.0, "pos_healthcare": 0.0, "pos_office": 0.0, "pos_bank": 0.0, "pos_transport": 0.0, "pos_leisure": 0.0, "pos_fuel": 0.0, "pos_residential": 0.0, "pos_commercial": 0.0, "pos_mixed_use": 0.0, "pos_road_density": 0.0, "pos_anchor_proximity": 0.063342429838358985, "positive_total": 0.063342429838358985, "pen_unsuitable_landuse": 0.0, "pen_industrial": 0.0, "pen_isolation": 0.9, "pen_low_connectivity": 0.4, "penalty_total": 1.3, "raw": -1.2366575701616411, "score_physical": 30.43, "score_rank_pct": 21.57, "count_shop": 0, "count_supermarket": 0, "count_food": 0, "count_pharmacy": 0, "count_healthcare": 0, "count_education": 0, "count_fitness": 0, "count_office": 0, "count_bank": 0, "count_transport": 0, "count_leisure": 0, "count_fuel": 0, "feat_unsuitable_frac": 0.0, "feat_industrial_frac": 0.0, "feat_residential": 0.0, "feat_commercial": 0.0, "feat_road_density": 0.0, "feat_mixed_use": -0.0, "feat_isolation": 1.0, "feat_anchor_proximity": 0.095518549794771521, "feat_low_connectivity": 1.0, "raw_lu_frac_unsuitable": 0.0, "raw_lu_frac_residential": 0.0, "raw_lu_frac_commercial": 0.0, "raw_lu_frac_industrial": 0.0 }, "geometry": { "type": "Polygon", "coordinates": [ [ [ -41.783083929506951, -22.44448395405805 ], [ -41.782026736326657, -22.442940415171506 ], [ -41.783016868134389, -22.441365228095453 ], [ -41.785064188237115, -22.441333587608227 ], [ -41.786121386555244, -22.442877134913608 ], [ -41.785131259634134, -22.44445231428735 ], [ -41.783083929506951, -22.44448395405805 ] ] ] } },
{ "type": "Feature", "properties": { "h3": "89a8b1a22bbffff", "lat": -22.38817157336555, "lon": -41.792112677709653, "area_km2": 0.12847181056807253, "score": 74.335949118567186, "class": "bom", "direct_activity_score": 55.134397720253013, "neighborhood_inherited_score": 19.201551398314173, "pos_food": 0.31968810916179358, "pos_shop": 0.89893370421882246, "pos_supermarket": 0.26834862385321101, "pos_pharmacy": 0.171875, "pos_fitness": 0.34022177419354854, "pos_education": 0.11868131868131868, "pos_healthcare": 0.0, "pos_office": 0.0, "pos_bank": 0.0, "pos_transport": 0.30353773584905663, "pos_leisure": 0.11487088156723069, "pos_fuel": 0.5, "pos_residential": 0.2276223846024516, "pos_commercial": 0.18962137497881121, "pos_mixed_use": 1.2812253221109065, "pos_road_density": 0.97942367842697708, "pos_anchor_proximity": 1.2535493175415742, "positive_total": 6.967599225185702, "pen_unsuitable_landuse": 0.25233169798311206, "pen_industrial": 0.0, "pen_isolation": 0.0029993474949393684, "pen_low_connectivity": 0.0082305286292091665, "penalty_total": 0.26356157410726055, "raw": 6.7040376510784414, "score_physical": 71.02, "score_rank_pct": 82.07, "count_shop": 0, "count_supermarket": 0, "count_food": 0, "count_pharmacy": 0, "count_healthcare": 0, "count_education": 0, "count_fitness": 0, "count_office": 0, "count_bank": 0, "count_transport": 0, "count_leisure": 0, "count_fuel": 0, "feat_unsuitable_frac": 0.11469622635596002, "feat_industrial_frac": 0.0, "feat_residential": 0.14627989342396672, "feat_commercial": 0.014548314590901543, "feat_road_density": 144800.37948555514, "feat_mixed_use": 0.67871047395684647, "feat_isolation": 0.0033326083277104091, "feat_anchor_proximity": 0.56516904033501958, "feat_low_connectivity": 0.020576321573022915, "raw_lu_frac_unsuitable": 0.0, "raw_lu_frac_residential": 0.0013925699591573403, "raw_lu_frac_commercial": 0.0, "raw_lu_frac_industrial": 0.0 }, "geometry": { "type": "Polygon", "coordinates": [ [ [ -41.791122649449136, -22.389747777547338 ], [ -41.790065526309952, -22.388203342057182 ], [ -41.791055554458985, -22.386627129829805 ], [ -41.793102700847612, -22.386595360785908 ], [ -41.794159829107961, -22.388139804673919 ], [ -41.793169805859847, -22.38971600920793 ], [ -41.791122649449136, -22.389747777547338 ] ] ] } },
{ "type": "Feature", "properties": { "h3": "89a8b1a246fffff", "lat": -22.406702438801165, "lon": -41.80479856510032, "area_km2": 0.12846619839076023, "score": 94.614210878172074, "class": "muito bom", "direct_activity_score": 64.307369117842939, "neighborhood_inherited_score": 30.306841760329135, "pos_food": 1.6, "pos_shop": 1.1553082985628187, "pos_supermarket": 1.3, "pos_pharmacy": 1.03125, "pos_fitness": 1.0, "pos_education": 0.98901098901098905, "pos_healthcare": 1.0, "pos_office": 0.64144736842105321, "pos_bank": 0.50378787878787912, "pos_transport": 1.1, "pos_leisure": 0.30988423864648268, "pos_fuel": 0.0, "pos_residential": 0.59323379301477219, "pos_commercial": 0.56766420891575275, "pos_mixed_use": 1.4343356217617251, "pos_road_density": 0.83786890172961215, "pos_anchor_proximity": 1.7140728319857954, "positive_total": 15.777864130836882, "pen_unsuitable_landuse": 1.4780969977569418, "pen_industrial": 0.0047137655252068311, "pen_isolation": 9.6398478113028259e-09, "pen_low_connectivity": 0.064852439308155138, "penalty_total": 1.5476632122301515, "raw": 14.23020091860673, "score_physical": 94.59, "score_rank_pct": 94.68, "count_shop": 0, "count_supermarket": 0, "count_food": 0, "count_pharmacy": 0, "count_healthcare": 0, "count_education": 0, "count_fitness": 0, "count_office": 0, "count_bank": 0, "count_transport": 3, "count_leisure": 0, "count_fuel": 0, "feat_unsuitable_frac": 0.67186227170770074, "feat_industrial_frac": 0.011784413813017076, "feat_residential": 0.38123744362513706, "feat_commercial": 0.043552882654840266, "feat_road_density": 123872.57690609191, "feat_mixed_use": 0.75981842760895701, "feat_isolation": 1.0710942012558695e-08, "feat_anchor_proximity": 0.74688962748556154, "feat_low_connectivity": 0.16213109827038785, "raw_lu_frac_unsuitable": 0.0, "raw_lu_frac_residential": 0.023675320398825847, "raw_lu_frac_commercial": 0.0, "raw_lu_frac_industrial": 0.0 }, "geometry": { "type": "Polygon", "coordinates": [ [ [ -41.803808537774209, -22.408278391673193 ], [ -41.802751351472331, -22.406734358052752 ], [ -41.803741378711258, -22.40515839712937 ], [ -41.805788587328259, -22.405126477535045 ], [ -41.80684577872664, -22.406670519549579 ], [ -41.805855756412846, -22.408246472764294 ], [ -41.803808537774209, -22.408278391673193 ] ] ] } },
{ "type": "Feature", "properties": { "h3": "89a8b1b0acbffff", "lat": -22.444230099601437, "lon": -41.799462581146031, "area_km2": 0.12845400598299972, "score": 30.0, "class": "ruim", "direct_activity_score": 30.0, "neighborhood_inherited_score": 0.0, "pos_food": 0.0, "pos_shop": 0.0, "pos_supermarket": 0.0, "pos_pharmacy": 0.0, "pos_fitness": 0.0, "pos_education": 0.0, "pos_healthcare": 0.0, "pos_office": 0.0, "pos_bank": 0.0, "pos_transport": 0.0, "pos_leisure": 0.0, "pos_fuel": 0.0, "pos_residential": 0.0, "pos_commercial": 0.0, "pos_mixed_use": 0.0, "pos_road_density": 0.0, "pos_anchor_proximity": 0.10536931623650091, "positive_total": 0.10536931623650091, "pen_unsuitable_landuse": 0.0, "pen_industrial": 0.0, "pen_isolation": 0.9, "pen_low_connectivity": 0.4, "penalty_total": 1.3, "raw": -1.1946306837634992, "score_physical": 30.79, "score_rank_pct": 33.05, "count_shop": 0, "count_supermarket": 0, "count_food": 0, "count_pharmacy": 0, "count_healthcare": 0, "count_education": 0, "count_fitness": 0, "count_office": 0, "count_bank": 0, "count_transport": 0, "count_leisure": 0, "count_fuel": 0, "feat_unsuitable_frac": 0.0, "feat_industrial_frac": 0.0, "feat_residential": 0.0, "feat_commercial": 0.0, "feat_road_density": 0.0, "feat_mixed_use": -0.0, "feat_isolation": 1.0, "feat_anchor_proximity": 0.1121021774116942, "feat_low_connectivity": 1.0, "raw_lu_frac_unsuitable": 0.0, "raw_lu_frac_residential": 0.0, "raw_lu_frac_commercial": 0.0, "raw_lu_frac_industrial": 0.0 }, "geometry": { "type": "Polygon", "coordinates": [ [ [ -41.798472483099268, -22.445805350530279 ], [ -41.797415248269417, -22.444261933132289 ], [ -41.798405346218871, -22.442686674141846 ], [ -41.800452674083864, -22.442654840264254 ], [ -41.801509914021295, -22.444198266070586 ], [ -41.800519820987489, -22.445773517346129 ], [ -41.798472483099268, -22.445805350530279 ] ] ] } },
{ "type": "Feature", "properties": { "h3": "89a8b1a25dbffff", "lat": -22.414261976193487, "lon": -41.820320776432084, "area_km2": 0.12846414380898485, "score": 15.0, "class": "muito ruim", "direct_activity_score": 14.369983754143947, "neighborhood_inherited_score": 0.6300162458560532, "pos_food": 0.33008447043534794, "pos_shop": 0.029207232267037551, "pos_supermarket": 0.13417431192660551, "pos_pharmacy": 0.0, "pos_fitness": 0.2570564516129033, "pos_education": 0.19780219780219782, "pos_healthcare": 0.0, "pos_office": 0.0, "pos_bank": 0.0, "pos_transport": 0.21792452830188683, "pos_leisure": 0.040071237756010701, "pos_fuel": 0.0, "pos_residential": 0.083553373820253601, "pos_commercial": 0.0, "pos_mixed_use": 1.0232037112213543, "pos_road_density": 0.1376065123375689, "pos_anchor_proximity": 1.2619167485260727, "positive_total": 3.712600776007239, "pen_unsuitable_landuse": 2.2, "pen_industrial": 0.0, "pen_isolation": 0.06901989271915375, "pen_low_connectivity": 0.34495739506497247, "penalty_total": 2.6139772877841265, "raw": 1.0986234882231125, "score_physical": 46.23, "score_rank_pct": 71.71, "count_shop": 0, "count_supermarket": 0, "count_food": 0, "count_pharmacy": 0, "count_healthcare": 0, "count_education": 0, "count_fitness": 0, "count_office": 0, "count_bank": 0, "count_transport": 0, "count_leisure": 0, "count_fuel": 0, "feat_unsuitable_frac": 6.4023724301195815, "feat_industrial_frac": 0.0, "feat_residential": 0.053694976612189964, "feat_commercial": 0.0, "feat_road_density": 20344.081570669608, "feat_mixed_use": 0.54202727952120144, "feat_isolation": 0.076688769687948605, "feat_anchor_proximity": 0.56847079241445408, "feat_low_connectivity": 0.86239348766243107, "raw_lu_frac_unsuitable": 1.0, "raw_lu_frac_residential": 0.0, "raw_lu_frac_commercial": 0.0, "raw_lu_frac_industrial": 0.0 }, "geometry": { "type": "Polygon", "coordinates": [ [ [ -41.819330773820056, -22.41583789049049 ], [ -41.818273535399811, -22.414294087267148 ], [ -41.81926353795432, -22.412718164915994 ], [ -41.821310773975917, -22.412686053511266 ], [ -41.822368017462253, -22.414229865119829 ], [ -41.821378019862252, -22.41580577974787 ], [ -41.819330773820056, -22.41583789049049 ] ] ] } },
{ "type": "Feature", "properties": { "h3": "89a8b1b0a83ffff", "lat": -22.447157259362164, "lon": -41.811813786806056, "area_km2": 0.12845336753229381, "score": 30.0, "class": "ruim", "direct_activity_score": 30.0, "neighborhood_inherited_score": 0.0, "pos_food": 0.0, "pos_shop": 0.0, "pos_supermarket": 0.0, "pos_pharmacy": 0.0, "pos_fitness": 0.0, "pos_education": 0.0, "pos_healthcare": 0.0, "pos_office": 0.0, "pos_bank": 0.0, "pos_transport": 0.0, "pos_leisure": 0.0, "pos_fuel": 0.0, "pos_residential": 0.0, "pos_commercial": 0.0, "pos_mixed_use": 0.0, "pos_road_density": 0.0, "pos_anchor_proximity": 0.11362156521968843, "positive_total": 0.11362156521968843, "pen_unsuitable_landuse": 0.0, "pen_industrial": 0.0, "pen_isolation": 0.9, "pen_low_connectivity": 0.4, "penalty_total": 1.3, "raw": -1.1863784347803117, "score_physical": 30.86, "score_rank_pct": 33.61, "count_shop": 0, "count_supermarket": 0, "count_food": 0, "count_pharmacy": 0, "count_healthcare": 0, "count_education": 0, "count_fitness": 0, "count_office": 0, "count_bank": 0, "count_transport": 0, "count_leisure": 0, "count_fuel": 0, "feat_unsuitable_frac": 0.0, "feat_industrial_frac": 0.0, "feat_residential": 0.0, "feat_commercial": 0.0, "feat_road_density": 0.0, "feat_mixed_use": -0.0, "feat_isolation": 1.0, "feat_anchor_proximity": 0.11535847917154481, "feat_low_connectivity": 1.0, "raw_lu_frac_unsuitable": 0.0, "raw_lu_frac_residential": 0.0, "raw_lu_frac_commercial": 0.0, "raw_lu_frac_industrial": 0.0 }, "geometry": { "type": "Polygon", "coordinates": [ [ [ -41.810823713163224, -22.448732534634392 ], [ -41.809766441919194, -22.447189247223243 ], [ -41.810756515488329, -22.445613963888064 ], [ -41.812803855363846, -22.445581975689514 ], [ -41.813861131691212, -22.44712527150109 ], [ -41.81287106306106, -22.448700547110736 ], [ -41.810823713163224, -22.448732534634392 ] ] ] } },
{ "type": "Feature", "properties": { "h3": "89a8b1b08cfffff", "lat": -22.453201797742075, "lon": -41.824232388551792, "area_km2": 0.12845170817960558, "score": 28.739704232665197, "class": "ruim", "direct_activity_score": 28.739704232665197, "neighborhood_inherited_score": 0.0, "pos_food": 0.0, "pos_shop": 0.0, "pos_supermarket": 0.0, "pos_pharmacy": 0.0, "pos_fitness": 0.0, "pos_education": 0.0, "pos_healthcare": 0.0, "pos_office": 0.0, "pos_bank": 0.0, "pos_transport": 0.0, "pos_leisure": 0.0, "pos_fuel": 0.0, "pos_residential": 0.0, "pos_commercial": 0.0, "pos_mixed_use": 0.0, "pos_road_density": 0.0, "pos_anchor_proximity": 0.07051711218588981, "positive_total": 0.07051711218588981, "pen_unsuitable_landuse": 0.0, "pen_industrial": 0.0, "pen_isolation": 0.9, "pen_low_connectivity": 0.4, "penalty_total": 1.3, "raw": -1.2294828878141102, "score_physical": 30.49, "score_rank_pct": 24.65, "count_shop": 0, "count_supermarket": 0, "count_food": 0, "count_pharmacy": 0, "count_healthcare": 0, "count_education": 0, "count_fitness": 0, "count_office": 0, "count_bank": 0, "count_transport": 0, "count_leisure": 0, "count_fuel": 0, "feat_unsuitable_frac": 0.0, "feat_industrial_frac": 0.0, "feat_residential": 0.0, "feat_commercial": 0.0, "feat_road_density": 0.0, "feat_mixed_use": -0.0, "feat_isolation": 1.0, "feat_anchor_proximity": 0.098349648420398478, "feat_low_connectivity": 1.0, "raw_lu_frac_unsuitable": 0.0, "raw_lu_frac_residential": 0.0, "raw_lu_frac_commercial": 0.0, "raw_lu_frac_industrial": 0.0 }, "geometry": { "type": "Polygon", "coordinates": [ [ [ -41.823242334723908, -22.454777042092672 ], [ -41.822185021823387, -22.453233939311335 ], [ -41.823175075601334, -22.451658686895559 ], [ -41.825222437318629, -22.451626544998149 ], [ -41.826279755278151, -22.453169656172818 ], [ -41.825289706462705, -22.454744900851523 ], [ -41.823242334723908, -22.454777042092672 ] ] ] } },
{ "type": "Feature", "properties": { "h3": "89a8b1a2427ffff", "lat": -22.40963040308506, "lon": -41.817149077193839, "area_km2": 0.12846555630930043, "score": 15.0, "class": "muito ruim", "direct_activity_score": 12.669818335852035, "neighborhood_inherited_score": 2.3301816641479647, "pos_food": 0.42884990253411348, "pos_shop": 0.29207232267037558, "pos_supermarket": 0.58142201834862384, "pos_pharmacy": 0.0, "pos_fitness": 0.54435483870967771, "pos_education": 0.94945054945054952, "pos_healthcare": 0.0, "pos_office": 0.0, "pos_bank": 0.0, "pos_transport": 0.69463443396226432, "pos_leisure": 0.08815672306322353, "pos_fuel": 0.0, "pos_residential": 0.28760931851858651, "pos_commercial": 0.0, "pos_mixed_use": 1.2309386318641338, "pos_road_density": 0.46699969994347257, "pos_anchor_proximity": 1.0843676609785011, "positive_total": 6.6488561000435222, "pen_unsuitable_landuse": 2.2, "pen_industrial": 0.0, "pen_isolation": 0.0011952970875624778, "pen_low_connectivity": 0.21320012002261099, "penalty_total": 2.4143954171101738, "raw": 4.2344606829333484, "score_physical": 61.35, "score_rank_pct": 77.59, "count_shop": 0, "count_supermarket": 0, "count_food": 0, "count_pharmacy": 0, "count_healthcare": 0, "count_education": 0, "count_fitness": 0, "count_office": 0, "count_bank": 0, "count_transport": 0, "count_leisure": 0, "count_fuel": 0, "feat_unsuitable_frac": 6.2995985418010259, "feat_industrial_frac": 0.0, "feat_residential": 0.18483006640193772, "feat_commercial": 0.0, "feat_road_density": 69042.371816107654, "feat_mixed_use": 0.65207183141512981, "feat_isolation": 0.0013281078750694197, "feat_anchor_proximity": 0.49841069032362906, "feat_low_connectivity": 0.53300030005652743, "raw_lu_frac_unsuitable": 1.0, "raw_lu_frac_residential": 0.0, "raw_lu_frac_commercial": 0.0, "raw_lu_frac_industrial": 0.0 }, "geometry": { "type": "Polygon", "coordinates": [ [ [ -41.816159074308686, -22.411206380245215 ], [ -41.815101851639191, -22.40966247645218 ], [ -41.816091854460765, -22.40808649123931 ], [ -41.818139075004716, -22.408054417538747 ], [ -41.819196302746462, -22.409598329717944 ], [ -41.81820630487335, -22.41117430721151 ], [ -41.816159074308686, -22.411206380245215 ] ] ] } },
{ "type": "Feature", "properties": { "h3": "89a8b1a2623ffff", "lat": -22.400653289344007, "lon": -41.792381082967054, "area_km2": 0.12846782128129938, "score": 99.747899159663859, "class": "muito bom", "direct_activity_score": 82.37839822917006, "neighborhood_inherited_score": 17.3695009304938, "pos_food": 1.6, "pos_shop": 1.4, "pos_supermarket": 1.3, "pos_pharmacy": 1.1, "pos_fitness": 1.0, "pos_education": 0.96263736263736266, "pos_healthcare": 1.0, "pos_office": 1.0, "pos_bank": 0.7, "pos_transport": 0.89634433962264159, "pos_leisure": 0.6, "pos_fuel": 0.5, "pos_residential": 0.78513959981959347, "pos_commercial": 1.2, "pos_mixed_use": 1.5, "pos_road_density": 0.92380036210489536, "pos_anchor_proximity": 1.8, "positive_total": 18.267921664184495, "pen_unsuitable_landuse": 0.77354969519924521, "pen_industrial": 0.0, "pen_isolation": 4.0027992689682719e-12, "pen_low_connectivity": 0.030479855158041858, "penalty_total": 0.80402955036128987, "raw": 17.463892113823206, "score_physical": 100.0, "score_rank_pct": 99.16, "count_shop": 1, "count_supermarket": 0, "count_food": 5, "count_pharmacy": 0, "count_healthcare": 0, "count_education": 0, "count_fitness": 2, "count_office": 1, "count_bank": 1, "count_transport": 1, "count_leisure": 3, "count_fuel": 0, "feat_unsuitable_frac": 0.35161349781783868, "feat_industrial_frac": 0.0, "feat_residential": 0.50456433441348381, "feat_commercial": 0.1839658806994664, "feat_road_density": 136576.89307299643, "feat_mixed_use": 0.83039153474212257, "feat_isolation": 4.4475547432980796e-12, "feat_anchor_proximity": 0.92036697778451282, "feat_low_connectivity": 0.076199637895104644, "raw_lu_frac_unsuitable": 0.029349423441959444, "raw_lu_frac_residential": 0.046393754511545912, "raw_lu_frac_commercial": 0.020986815265713232, "raw_lu_frac_industrial": 0.0 }, "geometry": { "type": "Polygon", "coordinates": [ [ [ -41.791391035975437, -22.402229273024005 ], [ -41.790333891478312, -22.400685055218464 ], [ -41.791323938359, -22.399109063489366 ], [ -41.793371124836519, -22.399077297262838 ], [ -41.794428274454461, -22.40062152346955 ], [ -41.793438232475403, -22.402197507501562 ], [ -41.791391035975437, -22.402229273024005 ] ] ] } },
{ "type": "Feature", "properties": { "h3": "89a8b1b1933ffff", "lat": -22.425611461064232, "lon": -41.792917925001092, "area_km2": 0.12845982696576957, "score": 30.0, "class": "ruim", "direct_activity_score": 30.0, "neighborhood_inherited_score": 0.0, "pos_food": 0.0, "pos_shop": 0.0, "pos_supermarket": 0.0, "pos_pharmacy": 0.0, "pos_fitness": 0.0, "pos_education": 0.0, "pos_healthcare": 0.0, "pos_office": 0.0, "pos_bank": 0.0, "pos_transport": 0.0, "pos_leisure": 0.0, "pos_fuel": 0.0, "pos_residential": 0.0, "pos_commercial": 0.0, "pos_mixed_use": 0.0, "pos_road_density": 0.0, "pos_anchor_proximity": 0.25113390140012148, "positive_total": 0.25113390140012148, "pen_unsuitable_landuse": 0.0, "pen_industrial": 0.0, "pen_isolation": 0.9, "pen_low_connectivity": 0.4, "penalty_total": 1.3, "raw": -1.0488660985998786, "score_physical": 31.99, "score_rank_pct": 52.66, "count_shop": 0, "count_supermarket": 0, "count_food": 0, "count_pharmacy": 0, "count_healthcare": 0, "count_education": 0, "count_fitness": 0, "count_office": 0, "count_bank": 0, "count_transport": 0, "count_leisure": 0, "count_fuel": 0, "feat_unsuitable_frac": 0.0, "feat_industrial_frac": 0.0, "feat_residential": 0.0, "feat_commercial": 0.0, "feat_road_density": 0.0, "feat_mixed_use": -0.0, "feat_isolation": 1.0, "feat_anchor_proximity": 0.16962025232184433, "feat_low_connectivity": 1.0, "raw_lu_frac_unsuitable": 0.0, "raw_lu_frac_residential": 0.0, "raw_lu_frac_commercial": 0.0, "raw_lu_frac_industrial": 0.0 }, "geometry": { "type": "Polygon", "coordinates": [ [ [ -41.791927840545263, -22.427187003437272 ], [ -41.790870653329826, -22.425643221309265 ], [ -41.791860737675783, -22.424067670880117 ], [ -41.793908004335499, -22.424035910283422 ], [ -41.794965196671114, -22.425579700819199 ], [ -41.793975117228172, -22.427155243543844 ], [ -41.791927840545263, -22.427187003437272 ] ] ] } },
{ "type": "Feature", "properties": { "h3": "89a8b1b0e33ffff", "lat": -22.458023578435977, "lon": -41.81512007053071, "area_km2": 0.12844994338806348, "score": 26.417251328363712, "class": "ruim", "direct_activity_score": 26.417251328363712, "neighborhood_inherited_score": 0.0, "pos_food": 0.0, "pos_shop": 0.0, "pos_supermarket": 0.0, "pos_pharmacy": 0.0, "pos_fitness": 0.0, "pos_education": 0.0, "pos_healthcare": 0.0, "pos_office": 0.0, "pos_bank": 0.0, "pos_transport": 0.0, "pos_leisure": 0.0, "pos_fuel": 0.0, "pos_residential": 0.0, "pos_commercial": 0.0, "pos_mixed_use": 0.0, "pos_road_density": 0.0, "pos_anchor_proximity": 0.047477803254072352, "positive_total": 0.047477803254072352, "pen_unsuitable_landuse": 0.0, "pen_industrial": 0.0, "pen_isolation": 0.9, "pen_low_connectivity": 0.4, "penalty_total": 1.3, "raw": -1.2525221967459277, "score_physical": 30.3, "score_rank_pct": 17.37, "count_shop": 0, "count_supermarket": 0, "count_food": 0, "count_pharmacy": 0, "count_healthcare": 0, "count_education": 0, "count_fitness": 0, "count_office": 0, "count_bank": 0, "count_transport": 0, "count_leisure": 0, "count_fuel": 0, "feat_unsuitable_frac": 0.0, "feat_industrial_frac": 0.0, "feat_residential": 0.0, "feat_commercial": 0.0, "feat_road_density": 0.0, "feat_mixed_use": -0.0, "feat_isolation": 1.0, "feat_anchor_proximity": 0.089258436755158543, "feat_low_connectivity": 1.0, "raw_lu_frac_unsuitable": 0.0, "raw_lu_frac_residential": 0.0, "raw_lu_frac_commercial": 0.0, "raw_lu_frac_industrial": 0.0 }, "geometry": { "type": "Polygon", "coordinates": [ [ [ -41.81412998778621, -22.459598680292927 ], [ -41.813072690098721, -22.458055602707134 ], [ -41.81406277277587, -22.45648049278407 ], [ -41.816110148196451, -22.456448468177918 ], [ -41.817167450960959, -22.457991554164817 ], [ -41.816177373229188, -22.459566656356724 ], [ -41.81412998778621, -22.459598680292927 ] ] ] } },
{ "type": "Feature", "properties": { "h3": "89a8b1b084fffff", "lat": -22.445453751623798, "lon": -41.820993218089754, "area_km2": 0.12845413120027896, "score": 30.0, "class": "ruim", "direct_activity_score": 30.0, "neighborhood_inherited_score": 0.0, "pos_food": 0.0, "pos_shop": 0.0, "pos_supermarket": 0.0, "pos_pharmacy": 0.0, "pos_fitness": 0.0, "pos_education": 0.0, "pos_healthcare": 0.0, "pos_office": 0.0, "pos_bank": 0.0, "pos_transport": 0.0, "pos_leisure": 0.0, "pos_fuel": 0.0, "pos_residential": 0.0, "pos_commercial": 0.0, "pos_mixed_use": 0.0, "pos_road_density": 0.0, "pos_anchor_proximity": 0.12973474751806299, "positive_total": 0.12973474751806299, "pen_unsuitable_landuse": 0.0, "pen_industrial": 0.0, "pen_isolation": 0.9, "pen_low_connectivity": 0.4, "penalty_total": 1.3, "raw": -1.170265252481937, "score_physical": 30.99, "score_rank_pct": 37.25, "count_shop": 0, "count_supermarket": 0, "count_food": 0, "count_pharmacy": 0, "count_healthcare": 0, "count_education": 0, "count_fitness": 0, "count_office": 0, "count_bank": 0, "count_transport": 0, "count_leisure": 0, "count_fuel": 0, "feat_unsuitable_frac": 0.0, "feat_industrial_frac": 0.0, "feat_residential": 0.0, "feat_commercial": 0.0, "feat_road_density": 0.0, "feat_mixed_use": -0.0, "feat_isolation": 1.0, "feat_anchor_proximity": 0.12171667122099551, "feat_low_connectivity": 1.0, "raw_lu_frac_unsuitable": 0.0, "raw_lu_frac_residential": 0.0, "raw_lu_frac_commercial": 0.0, "raw_lu_frac_industrial": 0.0 }, "geometry": { "type": "Polygon", "coordinates": [ [ [ -41.820003168662801, -22.447029114140776 ], [ -41.818945876846961, -22.445485856081358 ], [ -41.819935926217759, -22.443910485501487 ], [ -41.821983262449471, -22.443878380713347 ], [ -41.823040559330579, -22.445421647166238 ], [ -41.822050514916036, -22.446997010013753 ], [ -41.820003168662801, -22.447029114140776 ] ] ] } },
{ "type": "Feature", "properties": { "h3": "89a8b1b1d1bffff", "lat": -22.452264460104466, "lon": -41.784275263549176, "area_km2": 0.12845101949942145, "score": 24.189354902902437, "class": "ruim", "direct_activity_score": 24.189354902902437, "neighborhood_inherited_score": 0.0, "pos_food": 0.0, "pos_shop": 0.0, "pos_supermarket": 0.0, "pos_pharmacy": 0.0, "pos_fitness": 0.0, "pos_education": 0.0, "pos_healthcare": 0.0, "pos_office": 0.0, "pos_bank": 0.0, "pos_transport": 0.0, "pos_leisure": 0.0, "pos_fuel": 0.0, "pos_residential": 0.0, "pos_commercial": 0.0, "pos_mixed_use": 0.0, "pos_road_density": 0.0, "pos_anchor_proximity": 0.026333003932165755, "positive_total": 0.026333003932165755, "pen_unsuitable_landuse": 0.0, "pen_industrial": 0.0, "pen_isolation": 0.9, "pen_low_connectivity": 0.4, "penalty_total": 1.3, "raw": -1.2736669960678344, "score_physical": 30.11, "score_rank_pct": 10.36, "count_shop": 0, "count_supermarket": 0, "count_food": 0, "count_pharmacy": 0, "count_healthcare": 0, "count_education": 0, "count_fitness": 0, "count_office": 0, "count_bank": 0, "count_transport": 0, "count_leisure": 0, "count_fuel": 0, "feat_unsuitable_frac": 0.0, "feat_industrial_frac": 0.0, "feat_residential": 0.0, "feat_commercial": 0.0, "feat_road_density": 0.0, "feat_mixed_use": -0.0, "feat_isolation": 1.0, "feat_anchor_proximity": 0.080914790388708677, "feat_low_connectivity": 1.0, "raw_lu_frac_unsuitable": 0.0, "raw_lu_frac_residential": 0.0, "raw_lu_frac_commercial": 0.0, "raw_lu_frac_industrial": 0.0 }, "geometry": { "type": "Polygon", "coordinates": [ [ [ -41.783285117562514, -22.453839473401704 ], [ -41.782227908360674, -22.452296098084286 ], [ -41.783218054221003, -22.450721076723884 ], [ -41.785265404397379, -22.450689438385925 ], [ -41.786322618736811, -22.45223282212465 ], [ -41.785332477763625, -22.453807835779976 ], [ -41.783285117562514, -22.453839473401704 ] ] ] } },
{ "type": "Feature", "properties": { "h3": "89a8b1b0a03ffff", "lat": -22.439408443942746, "lon": -41.808574802761242, "area_km2": 0.1284557844772917, "score": 30.0, "class": "ruim", "direct_activity_score": 30.0, "neighborhood_inherited_score": 0.0, "pos_food": 0.0, "pos_shop": 0.0, "pos_supermarket": 0.0, "pos_pharmacy": 0.0, "pos_fitness": 0.0, "pos_education": 0.0, "pos_healthcare": 0.0, "pos_office": 0.0, "pos_bank": 0.0, "pos_transport": 0.0, "pos_leisure": 0.0, "pos_fuel": 0.0, "pos_residential": 0.0, "pos_commercial": 0.0, "pos_mixed_use": 0.0, "pos_road_density": 0.0, "pos_anchor_proximity": 0.18224159370319443, "positive_total": 0.18224159370319443, "pen_unsuitable_landuse": 0.0, "pen_industrial": 0.0, "pen_isolation": 0.9, "pen_low_connectivity": 0.4, "penalty_total": 1.3, "raw": -1.1177584062968056, "score_physical": 31.43, "score_rank_pct": 45.38, "count_shop": 0, "count_supermarket": 0, "count_food": 0, "count_pharmacy": 0, "count_healthcare": 0, "count_education": 0, "count_fitness": 0, "count_office": 0, "count_bank": 0, "count_transport": 0, "count_leisure": 0, "count_fuel": 0, "feat_unsuitable_frac": 0.0, "feat_industrial_frac": 0.0, "feat_residential": 0.0, "feat_commercial": 0.0, "feat_road_density": 0.0, "feat_mixed_use": -0.0, "feat_isolation": 1.0, "feat_anchor_proximity": 0.14243564564665637, "feat_low_connectivity": 1.0, "raw_lu_frac_unsuitable": 0.0, "raw_lu_frac_residential": 0.0, "raw_lu_frac_commercial": 0.0, "raw_lu_frac_industrial": 0.0 }, "geometry": { "type": "Polygon", "coordinates": [ [ [ -41.807584733544253, -22.440983837362467 ], [ -41.806527483409624, -22.439440394747251 ], [ -41.80751755254672, -22.437864993266885 ], [ -41.809564866887008, -22.437833042122485 ], [ -41.810622122111234, -22.439376493138244 ], [ -41.809632057906896, -22.440951886897828 ], [ -41.807584733544253, -22.440983837362467 ] ] ] } },
{ "type": "Feature", "properties": { "h3": "89a8b1b0eb3ffff", "lat": -22.465770641880162, "lon": -41.818359231210472, "area_km2": 0.12844751922091049, "score": 22.862145107275541, "class": "ruim", "direct_activity_score": 22.862145107275541, "neighborhood_inherited_score": 0.0, "pos_food": 0.0, "pos_shop": 0.0, "pos_supermarket": 0.0, "pos_pharmacy": 0.0, "pos_fitness": 0.0, "pos_education": 0.0, "pos_healthcare": 0.0, "pos_office": 0.0, "pos_bank": 0.0, "pos_transport": 0.0, "pos_leisure": 0.0, "pos_fuel": 0.0, "pos_residential": 0.0, "pos_commercial": 0.0, "pos_mixed_use": 0.0, "pos_road_density": 0.0, "pos_anchor_proximity": 0.015282659502204013, "positive_total": 0.015282659502204013, "pen_unsuitable_landuse": 0.0, "pen_industrial": 0.0, "pen_isolation": 0.9, "pen_low_connectivity": 0.4, "penalty_total": 1.3, "raw": -1.2847173404977961, "score_physical": 30.02, "score_rank_pct": 6.16, "count_shop": 0, "count_supermarket": 0, "count_food": 0, "count_pharmacy": 0, "count_healthcare": 0, "count_education": 0, "count_fitness": 0, "count_office": 0, "count_bank": 0, "count_transport": 0, "count_leisure": 0, "count_fuel": 0, "feat_unsuitable_frac": 0.0, "feat_industrial_frac": 0.0, "feat_residential": 0.0, "feat_commercial": 0.0, "feat_road_density": 0.0, "feat_mixed_use": -0.0, "feat_isolation": 1.0, "feat_anchor_proximity": 0.076554372266624732, "feat_low_connectivity": 1.0, "raw_lu_frac_unsuitable": 0.0, "raw_lu_frac_residential": 0.0, "raw_lu_frac_commercial": 0.0, "raw_lu_frac_industrial": 0.0 }, "geometry": { "type": "Polygon", "coordinates": [ [ [ -41.817369144053046, -22.467345625512635 ], [ -41.816311825268166, -22.46580270325973 ], [ -41.817301912364456, -22.464227711558852 ], [ -41.819349313295334, -22.464195649846726 ], [ -41.820406637150974, -22.465738580500592 ], [ -41.819416555006299, -22.467313564465595 ], [ -41.817369144053046, -22.467345625512635 ] ] ] } },
{ "type": "Feature", "properties": { "h3": "89a8b1a255bffff", "lat": -22.40651045894311, "lon": -41.817081852664522, "area_km2": 0.12846655525716261, "score": 15.0, "class": "muito ruim", "direct_activity_score": 15.0, "neighborhood_inherited_score": 0.0, "pos_food": 0.40545808966861635, "pos_shop": 0.41539174779786747, "pos_supermarket": 0.73050458715596334, "pos_pharmacy": 0.0, "pos_fitness": 0.61995967741935509, "pos_education": 1.2, "pos_healthcare": 0.0, "pos_office": 0.14802631578947378, "pos_bank": 0.0, "pos_transport": 1.0474646226415096, "pos_leisure": 0.072128227960819247, "pos_fuel": 0.0, "pos_residential": 0.3772378247858218, "pos_commercial": 0.0, "pos_mixed_use": 1.1894107413758122, "pos_road_density": 0.6221860528336618, "pos_anchor_proximity": 1.625387518423971, "positive_total": 8.453155405852872, "pen_unsuitable_landuse": 2.2, "pen_industrial": 0.0028694269507973259, "pen_isolation": 0.00014309136976722384, "pen_low_connectivity": 0.1511255788665353, "penalty_total": 2.3541380971871, "raw": 6.099017308665772, "score_physical": 68.78, "score_rank_pct": 80.95, "count_shop": 0, "count_supermarket": 0, "count_food": 0, "count_pharmacy": 0, "count_healthcare": 0, "count_education": 0, "count_fitness": 0, "count_office": 0, "count_bank": 0, "count_transport": 2, "count_leisure": 0, "count_fuel": 0, "feat_unsuitable_frac": 5.1099289588531835, "feat_industrial_frac": 0.0071735673769933138, "feat_residential": 0.24242918332279303, "feat_commercial": 0.0, "feat_road_density": 91985.499784556145, "feat_mixed_use": 0.63007303561446659, "feat_isolation": 0.00015899041085247093, "feat_anchor_proximity": 0.71189478629589065, "feat_low_connectivity": 0.3778139471663382, "raw_lu_frac_unsuitable": 0.78984381829307282, "raw_lu_frac_residential": 0.0, "raw_lu_frac_commercial": 0.0, "raw_lu_frac_industrial": 0.0 }, "geometry": { "type": "Polygon", "coordinates": [ [ [ -41.816091854460765, -22.40808649123931 ], [ -41.815034637130537, -22.406542532977141 ], [ -41.816024635270573, -22.404966492629114 ], [ -41.818071845793895, -22.404934418261586 ], [ -41.819129068196467, -22.406478384909082 ], [ -41.818139075004716, -22.408054417538747 ], [ -41.816091854460765, -22.40808649123931 ] ] ] } },
{ "type": "Feature", "properties": { "h3": "89a8b1b19b3ffff", "lat": -22.433361783790364, "lon": -41.796156642252384, "area_km2": 0.12845741929155594, "score": 30.0, "class": "ruim", "direct_activity_score": 30.0, "neighborhood_inherited_score": 0.0, "pos_food": 0.0, "pos_shop": 0.0, "pos_supermarket": 0.0, "pos_pharmacy": 0.0, "pos_fitness": 0.0, "pos_education": 0.0, "pos_healthcare": 0.0, "pos_office": 0.0, "pos_bank": 0.0, "pos_transport": 0.0, "pos_leisure": 0.0, "pos_fuel": 0.0, "pos_residential": 0.0, "pos_commercial": 0.0, "pos_mixed_use": 0.0, "pos_road_density": 0.0, "pos_anchor_proximity": 0.17810744224829014, "positive_total": 0.17810744224829014, "pen_unsuitable_landuse": 0.0, "pen_industrial": 0.0, "pen_isolation": 0.9, "pen_low_connectivity": 0.4, "penalty_total": 1.3, "raw": -1.1218925577517098, "score_physical": 31.39, "score_rank_pct": 43.98, "count_shop": 0, "count_supermarket": 0, "count_food": 0, "count_pharmacy": 0, "count_healthcare": 0, "count_education": 0, "count_fitness": 0, "count_office": 0, "count_bank": 0, "count_transport": 0, "count_leisure": 0, "count_fuel": 0, "feat_unsuitable_frac": 0.0, "feat_industrial_frac": 0.0, "feat_residential": 0.0, "feat_commercial": 0.0, "feat_road_density": 0.0, "feat_mixed_use": -0.0, "feat_isolation": 1.0, "feat_anchor_proximity": 0.14080432736172335, "feat_low_connectivity": 1.0, "raw_lu_frac_unsuitable": 0.0, "raw_lu_frac_residential": 0.0, "raw_lu_frac_commercial": 0.0, "raw_lu_frac_industrial": 0.0 }, "geometry": { "type": "Polygon", "coordinates": [ [ [ -41.795166553339392, -22.434937208066625 ], [ -41.794109344983816, -22.433393581013291 ], [ -41.795099433793155, -22.431818148678602 ], [ -41.797146726050151, -22.431786351106449 ], [ -41.798203939519652, -22.433329986567436 ], [ -41.79721385561956, -22.434905411192869 ], [ -41.795166553339392, -22.434937208066625 ] ] ] } },
{ "type": "Feature", "properties": { "h3": "89a8b1b1d87ffff", "lat": -22.456799304369618, "lon": -41.793589036648385, "area_km2": 0.12844980458730115, "score": 24.709241735486838, "class": "ruim", "direct_activity_score": 24.709241735486838, "neighborhood_inherited_score": 0.0, "pos_food": 0.0, "pos_shop": 0.0, "pos_supermarket": 0.0, "pos_pharmacy": 0.0, "pos_fitness": 0.0, "pos_education": 0.0, "pos_healthcare": 0.0, "pos_office": 0.0, "pos_bank": 0.0, "pos_transport": 0.0, "pos_leisure": 0.0, "pos_fuel": 0.0, "pos_residential": 0.0, "pos_commercial": 0.0, "pos_mixed_use": 0.0, "pos_road_density": 0.0, "pos_anchor_proximity": 0.028936467554492997, "positive_total": 0.028936467554492997, "pen_unsuitable_landuse": 0.0, "pen_industrial": 0.0, "pen_isolation": 0.9, "pen_low_connectivity": 0.4, "penalty_total": 1.3, "raw": -1.2710635324455071, "score_physical": 30.14, "score_rank_pct": 12.04, "count_shop": 0, "count_supermarket": 0, "count_food": 0, "count_pharmacy": 0, "count_healthcare": 0, "count_education": 0, "count_fitness": 0, "count_office": 0, "count_bank": 0, "count_transport": 0, "count_leisure": 0, "count_fuel": 0, "feat_unsuitable_frac": 0.0, "feat_industrial_frac": 0.0, "feat_residential": 0.0, "feat_commercial": 0.0, "feat_road_density": 0.0, "feat_mixed_use": -0.0, "feat_isolation": 1.0, "feat_anchor_proximity": 0.08194210587474926, "feat_low_connectivity": 1.0, "raw_lu_frac_unsuitable": 0.0, "raw_lu_frac_residential": 0.0, "raw_lu_frac_commercial": 0.0, "raw_lu_frac_industrial": 0.0 }, "geometry": { "type": "Polygon", "coordinates": [ [ [ -41.792598905358552, -22.458374294541297 ], [ -41.791541664740627, -22.45683105758711 ], [ -41.792531795921938, -22.455256059350596 ], [ -41.79457916281774, -22.455224305781964 ], [ -41.795636408555019, -22.456767551152122 ], [ -41.794646282278478, -22.458342541674902 ], [ -41.792598905358552, -22.458374294541297 ] ] ] } },
{ "type": "Feature", "properties": { "h3": "89a8b1a26a3ffff", "lat": -22.408405796419757, "lon": -41.795619666809486, "area_km2": 0.12846542031279096, "score": 90.027350346376195, "class": "muito bom", "direct_activity_score": 30.0, "neighborhood_inherited_score": 60.027350346376195, "pos_food": 1.6, "pos_shop": 0.83402874362540569, "pos_supermarket": 0.89449541284403666, "pos_pharmacy": 1.03125, "pos_fitness": 0.89213709677419395, "pos_education": 0.63296703296703294, "pos_healthcare": 0.90909090909090917, "pos_office": 0.64144736842105321, "pos_bank": 0.7, "pos_transport": 0.2218160377358491, "pos_leisure": 0.34728406055209277, "pos_fuel": 0.0, "pos_residential": 0.16649743656480664, "pos_commercial": 1.0836711520862823, "pos_mixed_use": 1.3917700093060754, "pos_road_density": 0.32555780453722094, "pos_anchor_proximity": 1.1201498125397682, "positive_total": 12.792162877044728, "pen_unsuitable_landuse": 0.23070941445376347, "pen_industrial": 0.0, "pen_isolation": 8.2378149707210311e-07, "pen_low_connectivity": 0.26977687818511165, "penalty_total": 0.50048711642037214, "raw": 12.291675760624356, "score_physical": 89.11, "score_rank_pct": 92.16, "count_shop": 0, "count_supermarket": 0, "count_food": 0, "count_pharmacy": 0, "count_healthcare": 0, "count_education": 0, "count_fitness": 0, "count_office": 0, "count_bank": 0, "count_transport": 0, "count_leisure": 0, "count_fuel": 0, "feat_unsuitable_frac": 0.10486791566080157, "feat_industrial_frac": 0.0, "feat_residential": 0.10699838383031007, "feat_commercial": 0.083142466588472075, "feat_road_density": 48131.257881354621, "feat_mixed_use": 0.73726991369382489, "feat_isolation": 9.1531277452455894e-07, "feat_anchor_proximity": 0.51253017258083899, "feat_low_connectivity": 0.67444219546277906, "raw_lu_frac_unsuitable": 0.0, "raw_lu_frac_residential": 0.0, "raw_lu_frac_commercial": 0.0, "raw_lu_frac_industrial": 0.0 }, "geometry": { "type": "Polygon", "coordinates": [ [ [ -41.794629615359973, -22.409981662111409 ], [ -41.793572449723271, -22.408437599233149 ], [ -41.794562501068057, -22.406861725490081 ], [ -41.796609713143006, -22.406829922327056 ], [ -41.797666883894294, -22.408373993606368 ], [ -41.796676837457355, -22.409949859647604 ], [ -41.794629615359973, -22.409981662111409 ] ] ] } },
{ "type": "Feature", "properties": { "h3": "89a8b1b0b4bffff", "lat": -22.42522847937941, "lon": -41.817485209707272, "area_km2": 0.12846055665182265, "score": 47.187999172603682, "class": "médio", "direct_activity_score": 30.0, "neighborhood_inherited_score": 17.187999172603682, "pos_food": 0.093567251461988368, "pos_shop": 0.0, "pos_supermarket": 0.0, "pos_pharmacy": 0.0, "pos_fitness": 0.0680443548387097, "pos_education": 0.0, "pos_healthcare": 0.0, "pos_office": 0.0, "pos_bank": 0.0, "pos_transport": 0.017511792452830192, "pos_leisure": 0.0, "pos_fuel": 0.0, "pos_residential": 0.0079675870276393595, "pos_commercial": 0.0, "pos_mixed_use": 0.23119582977288833, "pos_road_density": 0.0062211639415814934, "pos_anchor_proximity": 0.59044704555644156, "positive_total": 1.0149550250520791, "pen_unsuitable_landuse": 0.25347369287109273, "pen_industrial": 0.0, "pen_isolation": 0.58428843901663274, "pen_low_connectivity": 0.39751153442336745, "penalty_total": 1.235273666311093, "raw": -0.2203186412590139, "score_physical": 38.12, "score_rank_pct": 68.35, "count_shop": 0, "count_supermarket": 0, "count_food": 0, "count_pharmacy": 0, "count_healthcare": 0, "count_education": 0, "count_fitness": 0, "count_office": 0, "count_bank": 0, "count_transport": 0, "count_leisure": 0, "count_fuel": 0, "feat_unsuitable_frac": 0.11521531494140579, "feat_industrial_frac": 0.0, "feat_residential": 0.0051203126761229451, "feat_commercial": 0.0, "feat_road_density": 919.75201276493863, "feat_mixed_use": 0.12247262717495715, "feat_isolation": 0.64920937668514744, "feat_anchor_proximity": 0.30351175156135013, "feat_low_connectivity": 0.99377883605841855, "raw_lu_frac_unsuitable": 0.0, "raw_lu_frac_residential": 0.0, "raw_lu_frac_commercial": 0.0, "raw_lu_frac_industrial": 0.0 }, "geometry": { "type": "Polygon", "coordinates": [ [ [ -41.816495183414503, -22.426804180764599 ], [ -41.815437934047949, -22.425260549413451 ], [ -41.816427960277821, -22.42368483997117 ], [ -41.818475230926239, -22.423652769603923 ], [ -41.819532485364633, -22.425196409345368 ], [ -41.818542464084103, -22.426772111063723 ], [ -41.816495183414503, -22.426804180764599 ] ] ] } },
{ "type": "Feature", "properties": { "h3": "89a8b1a2493ffff", "lat": -22.428443857586146, "lon": -41.811410582526833, "area_km2": 0.12845937967312068, "score": 30.0, "class": "ruim", "direct_activity_score": 30.0, "neighborhood_inherited_score": 0.0, "pos_food": 0.0, "pos_shop": 0.0, "pos_supermarket": 0.0, "pos_pharmacy": 0.0, "pos_fitness": 0.0, "pos_education": 0.0, "pos_healthcare": 0.0, "pos_office": 0.0, "pos_bank": 0.0, "pos_transport": 0.0, "pos_leisure": 0.0, "pos_fuel": 0.0, "pos_residential": 0.0, "pos_commercial": 0.0, "pos_mixed_use": 0.0, "pos_road_density": 0.0, "pos_anchor_proximity": 0.4072793624295647, "positive_total": 0.4072793624295647, "pen_unsuitable_landuse": 0.0, "pen_industrial": 0.0, "pen_isolation": 0.9, "pen_low_connectivity": 0.4, "penalty_total": 1.3, "raw": -0.89272063757043529, "score_physical": 33.23, "score_rank_pct": 63.87, "count_shop": 0, "count_supermarket": 0, "count_food": 0, "count_pharmacy": 0, "count_healthcare": 0, "count_education": 0, "count_fitness": 0, "count_office": 0, "count_bank": 0, "count_transport": 0, "count_leisure": 0, "count_fuel": 0, "feat_unsuitable_frac": 0.0, "feat_industrial_frac": 0.0, "feat_residential": 0.0, "feat_commercial": 0.0, "feat_road_density": 0.0, "feat_mixed_use": -0.0, "feat_isolation": 1.0, "feat_anchor_proximity": 0.23123457595395339, "feat_low_connectivity": 1.0, "raw_lu_frac_unsuitable": 0.0, "raw_lu_frac_residential": 0.0, "raw_lu_frac_commercial": 0.0, "raw_lu_frac_industrial": 0.0 }, "geometry": { "type": "Polygon", "coordinates": [ [ [ -41.810420536977126, -22.43001946406115 ], [ -41.809363297772236, -22.428475849498394 ], [ -41.810353343247463, -22.426900234965657 ], [ -41.812400622990957, -22.426868242715635 ], [ -41.813457867279674, -22.428411865673894 ], [ -41.812467826742399, -22.429987472486633 ], [ -41.810420536977126, -22.43001946406115 ] ] ] } },
{ "type": "Feature", "properties": { "h3": "89a8b1b0e57ffff", "lat": -22.461333387664443, "lon": -41.802902953881386, "area_km2": 0.12844857929003747, "score": 23.929171572781023, "class": "ruim", "direct_activity_score": 23.929171572781023, "neighborhood_inherited_score": 0.0, "pos_food": 0.0, "pos_shop": 0.0, "pos_supermarket": 0.0, "pos_pharmacy": 0.0, "pos_fitness": 0.0, "pos_education": 0.0, "pos_healthcare": 0.0, "pos_office": 0.0, "pos_bank": 0.0, "pos_transport": 0.0, "pos_leisure": 0.0, "pos_fuel": 0.0, "pos_residential": 0.0, "pos_commercial": 0.0, "pos_mixed_use": 0.0, "pos_road_density": 0.0, "pos_anchor_proximity": 0.024992206593155628, "positive_total": 0.024992206593155628, "pen_unsuitable_landuse": 0.0, "pen_industrial": 0.0, "pen_isolation": 0.9, "pen_low_connectivity": 0.4, "penalty_total": 1.3, "raw": -1.2750077934068444, "score_physical": 30.1, "score_rank_pct": 9.52, "count_shop": 0, "count_supermarket": 0, "count_food": 0, "count_pharmacy": 0, "count_healthcare": 0, "count_education": 0, "count_fitness": 0, "count_office": 0, "count_bank": 0, "count_transport": 0, "count_leisure": 0, "count_fuel": 0, "feat_unsuitable_frac": 0.0, "feat_industrial_frac": 0.0, "feat_residential": 0.0, "feat_commercial": 0.0, "feat_road_density": 0.0, "feat_mixed_use": -0.0, "feat_isolation": 1.0, "feat_anchor_proximity": 0.080385717557348801, "feat_low_connectivity": 1.0, "raw_lu_frac_unsuitable": 0.0, "raw_lu_frac_residential": 0.0, "raw_lu_frac_commercial": 0.0, "raw_lu_frac_industrial": 0.0 }, "geometry": { "type": "Polygon", "coordinates": [ [ [ -41.801912837341305, -22.462908354684611 ], [ -41.800855565362319, -22.461365256159837 ], [ -41.801845681811706, -22.459790281073172 ], [ -41.803893065319009, -22.459758412233612 ], [ -41.804950342399088, -22.461301519169048 ], [ -41.803960230872107, -22.462876486533329 ], [ -41.801912837341305, -22.462908354684611 ] ] ] } },
{ "type": "Feature", "properties": { "h3": "89a8b1a2217ffff", "lat": -22.386658860207021, "lon": -41.789008408626195, "area_km2": 0.128472212673268, "score": 69.196159786151057, "class": "bom", "direct_activity_score": 65.546868467090718, "neighborhood_inherited_score": 3.6492913190603389, "pos_food": 0.31362356508555367, "pos_shop": 0.74965229485396379, "pos_supermarket": 0.0, "pos_pharmacy": 0.0, "pos_fitness": 0.29485887096774205, "pos_education": 0.11868131868131868, "pos_healthcare": 0.0, "pos_office": 0.0, "pos_bank": 0.0, "pos_transport": 0.11674528301886795, "pos_leisure": 0.13535173642030279, "pos_fuel": 0.25, "pos_residential": 0.03351301420526312, "pos_commercial": 0.030653619478651015, "pos_mixed_use": 1.1500160512416615, "pos_road_density": 0.77719725314952526, "pos_anchor_proximity": 1.2316047370395382, "positive_total": 5.2018977441423875, "pen_unsuitable_landuse": 0.034909535884801404, "pen_industrial": 0.0, "pen_isolation": 0.013460077697280963, "pen_low_connectivity": 0.089121098740189905, "penalty_total": 0.13749071232227228, "raw": 5.0644070318201155, "score_physical": 64.76, "score_rank_pct": 79.55, "count_shop": 0, "count_supermarket": 0, "count_food": 1, "count_pharmacy": 0, "count_healthcare": 0, "count_education": 0, "count_fitness": 0, "count_office": 0, "count_bank": 0, "count_transport": 0, "count_leisure": 1, "count_fuel": 0, "feat_unsuitable_frac": 0.015867970856727909, "feat_industrial_frac": 0.0, "feat_residential": 0.021536898292422915, "feat_commercial": 0.0023518366511952301, "feat_road_density": 114902.73277028278, "feat_mixed_use": 0.60920427166568625, "feat_isolation": 0.014955641885867737, "feat_anchor_proximity": 0.55650980377374448, "feat_low_connectivity": 0.22280274685047474, "raw_lu_frac_unsuitable": 0.0, "raw_lu_frac_residential": 0.00052264058803370365, "raw_lu_frac_commercial": 0.0017025490783836503, "raw_lu_frac_industrial": 0.0 }, "geometry": { "type": "Polygon", "coordinates": [ [ [ -41.788018375464702, -22.388235072079837 ], [ -41.786961262792097, -22.386690590584241 ], [ -41.787951295836187, -22.3851143706664 ], [ -41.78999843665914, -22.385082639934577 ], [ -41.791055554458985, -22.386627129829805 ], [ -41.790065526309952, -22.388203342057182 ], [ -41.788018375464702, -22.388235072079837 ] ] ] } },
{ "type": "Feature", "properties": { "h3": "89a8b1b0873ffff", "lat": -22.445357321993271, "lon": -41.827135243100528, "area_km2": 0.1284543007374139, "score": 30.0, "class": "ruim", "direct_activity_score": 30.0, "neighborhood_inherited_score": 0.0, "pos_food": 0.0, "pos_shop": 0.0, "pos_supermarket": 0.0, "pos_pharmacy": 0.0, "pos_fitness": 0.0, "pos_education": 0.0, "pos_healthcare": 0.0, "pos_office": 0.0, "pos_bank": 0.0, "pos_transport": 0.0, "pos_leisure": 0.0, "pos_fuel": 0.0, "pos_residential": 0.0, "pos_commercial": 0.0, "pos_mixed_use": 0.0, "pos_road_density": 0.0, "pos_anchor_proximity": 0.12015476898508637, "positive_total": 0.12015476898508637, "pen_unsuitable_landuse": 0.0, "pen_industrial": 0.0, "pen_isolation": 0.9, "pen_low_connectivity": 0.4, "penalty_total": 1.3, "raw": -1.1798452310149137, "score_physical": 30.91, "score_rank_pct": 35.29, "count_shop": 0, "count_supermarket": 0, "count_food": 0, "count_pharmacy": 0, "count_healthcare": 0, "count_education": 0, "count_fitness": 0, "count_office": 0, "count_bank": 0, "count_transport": 0, "count_leisure": 0, "count_fuel": 0, "feat_unsuitable_frac": 0.0, "feat_industrial_frac": 0.0, "feat_residential": 0.0, "feat_commercial": 0.0, "feat_road_density": 0.0, "feat_mixed_use": -0.0, "feat_isolation": 1.0, "feat_anchor_proximity": 0.11793645312289673, "feat_low_connectivity": 1.0, "raw_lu_frac_unsuitable": 0.0, "raw_lu_frac_residential": 0.0, "raw_lu_frac_commercial": 0.0, "raw_lu_frac_industrial": 0.0 }, "geometry": { "type": "Polygon", "coordinates": [ [ [ -41.826145208285183, -22.446932724249788 ], [ -41.825087901005155, -22.44538950395599 ], [ -41.826077935776091, -22.443814093636359 ], [ -41.828125272860539, -22.443781911347667 ], [ -41.829182585193742, -22.445325140030548 ], [ -41.82819255539065, -22.44690054261299 ], [ -41.826145208285183, -22.446932724249788 ] ] ] } },
{ "type": "Feature", "properties": { "h3": "89a8b1b0a27ffff", "lat": -22.431466942265708, "lon": -41.817619667317338, "area_km2": 0.12845855449491619, "score": 30.0, "class": "ruim", "direct_activity_score": 30.0, "neighborhood_inherited_score": 0.0, "pos_food": 0.0, "pos_shop": 0.0, "pos_supermarket": 0.0, "pos_pharmacy": 0.0, "pos_fitness": 0.0, "pos_education": 0.0, "pos_healthcare": 0.0, "pos_office": 0.0, "pos_bank": 0.0, "pos_transport": 0.0, "pos_leisure": 0.0, "pos_fuel": 0.0, "pos_residential": 0.0, "pos_commercial": 0.0, "pos_mixed_use": 0.0, "pos_road_density": 0.0, "pos_anchor_proximity": 0.34951222804728427, "positive_total": 0.34951222804728427, "pen_unsuitable_landuse": 0.0, "pen_industrial": 0.0, "pen_isolation": 0.9, "pen_low_connectivity": 0.4, "penalty_total": 1.3, "raw": -0.95048777195271583, "score_physical": 32.78, "score_rank_pct": 60.78, "count_shop": 0, "count_supermarket": 0, "count_food": 0, "count_pharmacy": 0, "count_healthcare": 0, "count_education": 0, "count_fitness": 0, "count_office": 0, "count_bank": 0, "count_transport": 0, "count_leisure": 0, "count_fuel": 0, "feat_unsuitable_frac": 0.0, "feat_industrial_frac": 0.0, "feat_residential": 0.0, "feat_commercial": 0.0, "feat_road_density": 0.0, "feat_mixed_use": -0.0, "feat_isolation": 1.0, "feat_anchor_proximity": 0.20843991455512981, "feat_low_connectivity": 1.0, "raw_lu_frac_unsuitable": 0.0, "raw_lu_frac_residential": 0.0, "raw_lu_frac_commercial": 0.0, "raw_lu_frac_industrial": 0.0 }, "geometry": { "type": "Polygon", "coordinates": [ [ [ -41.816629631661236, -22.433042533296714 ], [ -41.815572371615495, -22.431499010967205 ], [ -41.816562407208977, -22.429923411877343 ], [ -41.818609697899845, -22.42989134284274 ], [ -41.819666963017248, -22.431434873564207 ], [ -41.818676932373464, -22.433010464928284 ], [ -41.816629631661236, -22.433042533296714 ] ] ] } },
{ "type": "Feature", "properties": { "h3": "89a8b1b0bdbffff", "lat": -22.436097370866257, "lon": -41.820791478683631, "area_km2": 0.12845713842180867, "score": 30.0, "class": "ruim", "direct_activity_score": 30.0, "neighborhood_inherited_score": 0.0, "pos_food": 0.0, "pos_shop": 0.0, "pos_supermarket": 0.0, "pos_pharmacy": 0.0, "pos_fitness": 0.0, "pos_education": 0.0, "pos_healthcare": 0.0, "pos_office": 0.0, "pos_bank": 0.0, "pos_transport": 0.0, "pos_leisure": 0.0, "pos_fuel": 0.0, "pos_residential": 0.0, "pos_commercial": 0.0, "pos_mixed_use": 0.0, "pos_road_density": 0.0, "pos_anchor_proximity": 0.2452397936356541, "positive_total": 0.2452397936356541, "pen_unsuitable_landuse": 0.0, "pen_industrial": 0.0, "pen_isolation": 0.9, "pen_low_connectivity": 0.4, "penalty_total": 1.3, "raw": -1.054760206364346, "score_physical": 31.94, "score_rank_pct": 51.82, "count_shop": 0, "count_supermarket": 0, "count_food": 0, "count_pharmacy": 0, "count_healthcare": 0, "count_education": 0, "count_fitness": 0, "count_office": 0, "count_bank": 0, "count_transport": 0, "count_leisure": 0, "count_fuel": 0, "feat_unsuitable_frac": 0.0, "feat_industrial_frac": 0.0, "feat_residential": 0.0, "feat_commercial": 0.0, "feat_road_density": 0.0, "feat_mixed_use": -0.0, "feat_isolation": 1.0, "feat_anchor_proximity": 0.16729446288852906, "feat_low_connectivity": 1.0, "raw_lu_frac_unsuitable": 0.0, "raw_lu_frac_residential": 0.0, "raw_lu_frac_commercial": 0.0, "raw_lu_frac_industrial": 0.0 }, "geometry": { "type": "Polygon", "coordinates": [ [ [ -41.8198014433016, -22.437672898983472 ], [ -41.818744167504967, -22.436129477307617 ], [ -41.819734202830453, -22.43455394113014 ], [ -41.821781508998157, -22.434521834358048 ], [ -41.822838789860285, -22.436065264424897 ], [ -41.821848759490543, -22.437640792872791 ], [ -41.8198014433016, -22.437672898983472 ] ] ] } },
{ "type": "Feature", "properties": { "h3": "89a8b1b1dabffff", "lat": -22.450562613703781, "lon": -41.793454809064762, "area_km2": 0.1284518116819523, "score": 27.125008623074581, "class": "ruim", "direct_activity_score": 27.125008623074581, "neighborhood_inherited_score": 0.0, "pos_food": 0.0, "pos_shop": 0.0, "pos_supermarket": 0.0, "pos_pharmacy": 0.0, "pos_fitness": 0.0, "pos_education": 0.0, "pos_healthcare": 0.0, "pos_office": 0.0, "pos_bank": 0.0, "pos_transport": 0.0, "pos_leisure": 0.0, "pos_fuel": 0.0, "pos_residential": 0.0, "pos_commercial": 0.0, "pos_mixed_use": 0.0, "pos_road_density": 0.0, "pos_anchor_proximity": 0.053406517158235682, "positive_total": 0.053406517158235682, "pen_unsuitable_landuse": 0.0, "pen_industrial": 0.0, "pen_isolation": 0.9, "pen_low_connectivity": 0.4, "penalty_total": 1.3, "raw": -1.2465934828417644, "score_physical": 30.35, "score_rank_pct": 19.61, "count_shop": 0, "count_supermarket": 0, "count_food": 0, "count_pharmacy": 0, "count_healthcare": 0, "count_education": 0, "count_fitness": 0, "count_office": 0, "count_bank": 0, "count_transport": 0, "count_leisure": 0, "count_fuel": 0, "feat_unsuitable_frac": 0.0, "feat_industrial_frac": 0.0, "feat_residential": 0.0, "feat_commercial": 0.0, "feat_road_density": 0.0, "feat_mixed_use": -0.0, "feat_isolation": 1.0, "feat_anchor_proximity": 0.091597881621534927, "feat_low_connectivity": 1.0, "raw_lu_frac_unsuitable": 0.0, "raw_lu_frac_residential": 0.0, "raw_lu_frac_commercial": 0.0, "raw_lu_frac_industrial": 0.0 }, "geometry": { "type": "Polygon", "coordinates": [ [ [ -41.792464687142065, -22.452137714366113 ], [ -41.791407457205047, -22.450594368325959 ], [ -41.792397579018953, -22.449019259600529 ], [ -41.794444925866799, -22.448987504627105 ], [ -41.795502160923334, -22.450530859081599 ], [ -41.794512044013842, -22.452105960095135 ], [ -41.792464687142065, -22.452137714366113 ] ] ] } },
{ "type": "Feature", "properties": { "h3": "89a8b1a24b7ffff", "lat": -22.420501208726431, "lon": -41.82045525949988, "area_km2": 0.12846214390805352, "score": 39.60860735338516, "class": "ruim", "direct_activity_score": 30.0, "neighborhood_inherited_score": 9.6086073533851604, "pos_food": 0.15594541910331397, "pos_shop": 0.0, "pos_supermarket": 0.0, "pos_pharmacy": 0.0, "pos_fitness": 0.11340725806451618, "pos_education": 0.11868131868131868, "pos_healthcare": 0.0, "pos_office": 0.0, "pos_bank": 0.0, "pos_transport": 0.029186320754716989, "pos_leisure": 0.024042742653606414, "pos_fuel": 0.0, "pos_residential": 0.035258523895309396, "pos_commercial": 0.0, "pos_mixed_use": 0.56653420433106416, "pos_road_density": 0.027483346719717649, "pos_anchor_proximity": 0.89141876221410443, "positive_total": 1.961957896417668, "pen_unsuitable_landuse": 2.2, "pen_industrial": 0.0, "pen_isolation": 0.37932553329832586, "pen_low_connectivity": 0.38900666131211298, "penalty_total": 2.9683321946104391, "raw": -1.006374298192771, "score_physical": 32.33, "score_rank_pct": 56.58, "count_shop": 0, "count_supermarket": 0, "count_food": 0, "count_pharmacy": 0, "count_healthcare": 0, "count_education": 0, "count_fitness": 0, "count_office": 0, "count_bank": 0, "count_transport": 0, "count_leisure": 0, "count_fuel": 0, "feat_unsuitable_frac": 1.6171982643590233, "feat_industrial_frac": 0.0, "feat_residential": 0.022658637579516389, "feat_commercial": 0.0, "feat_road_density": 4063.204844036155, "feat_mixed_use": 0.30011325228944929, "feat_isolation": 0.42147281477591764, "feat_anchor_proximity": 0.4222738893269809, "feat_low_connectivity": 0.97251665328028236, "raw_lu_frac_unsuitable": 0.0, "raw_lu_frac_residential": 0.0, "raw_lu_frac_commercial": 0.0, "raw_lu_frac_industrial": 0.0 }, "geometry": { "type": "Polygon", "coordinates": [ [ [ -41.819465247525208, -22.422077012717903 ], [ -41.818407998426245, -22.420533318476089 ], [ -41.819398010343683, -22.418957506428701 ], [ -41.821445266406563, -22.418925396348076 ], [ -41.82250252057144, -22.420469098976774 ], [ -41.821512513608866, -22.422044903299181 ], [ -41.819465247525208, -22.422077012717903 ] ] ] } },
{ "type": "Feature", "properties": { "h3": "89a8b1b0b13ffff", "lat": -22.431274065273467, "lon": -41.829903446734995, "area_km2": 0.12845889390638474, "score": 30.0, "class": "ruim", "direct_activity_score": 30.0, "neighborhood_inherited_score": 0.0, "pos_food": 0.0, "pos_shop": 0.0, "pos_supermarket": 0.0, "pos_pharmacy": 0.0, "pos_fitness": 0.0, "pos_education": 0.0, "pos_healthcare": 0.0, "pos_office": 0.0, "pos_bank": 0.0, "pos_transport": 0.0, "pos_leisure": 0.0, "pos_fuel": 0.0, "pos_residential": 0.0, "pos_commercial": 0.0, "pos_mixed_use": 0.0, "pos_road_density": 0.0, "pos_anchor_proximity": 0.26574427785413196, "positive_total": 0.26574427785413196, "pen_unsuitable_landuse": 0.066562496960157078, "pen_industrial": 0.0, "pen_isolation": 0.9, "pen_low_connectivity": 0.4, "penalty_total": 1.3665624969601571, "raw": -1.1008182191060252, "score_physical": 31.57, "score_rank_pct": 47.34, "count_shop": 0, "count_supermarket": 0, "count_food": 0, "count_pharmacy": 0, "count_healthcare": 0, "count_education": 0, "count_fitness": 0, "count_office": 0, "count_bank": 0, "count_transport": 0, "count_leisure": 0, "count_fuel": 0, "feat_unsuitable_frac": 0.030255680436435034, "feat_industrial_frac": 0.0, "feat_residential": 0.0, "feat_commercial": 0.0, "feat_road_density": 0.0, "feat_mixed_use": -0.0, "feat_isolation": 1.0, "feat_anchor_proximity": 0.17538544368436879, "feat_low_connectivity": 1.0, "raw_lu_frac_unsuitable": 0.0, "raw_lu_frac_residential": 0.0, "raw_lu_frac_commercial": 0.0, "raw_lu_frac_industrial": 0.0 }, "geometry": { "type": "Polygon", "coordinates": [ [ [ -41.828913440298585, -22.432849735743368 ], [ -41.827856149323445, -22.431306288902302 ], [ -41.828846155720704, -22.429730610373088 ], [ -41.8308934481216, -22.429698386420355 ], [ -41.831950744144244, -22.431241841644631 ], [ -41.830960742719824, -22.432817512438366 ], [ -41.828913440298585, -22.432849735743368 ] ] ] } },
{ "type": "Feature", "properties": { "h3": "89a8b1b0e7bffff", "lat": -22.455097020132115, "lon": -41.802768634113285, "area_km2": 0.12845058747894317, "score": 26.860605928772973, "class": "ruim", "direct_activity_score": 26.860605928772973, "neighborhood_inherited_score": 0.0, "pos_food": 0.0, "pos_shop": 0.0, "pos_supermarket": 0.0, "pos_pharmacy": 0.0, "pos_fitness": 0.0, "pos_education": 0.0, "pos_healthcare": 0.0, "pos_office": 0.0, "pos_bank": 0.0, "pos_transport": 0.0, "pos_leisure": 0.0, "pos_fuel": 0.0, "pos_residential": 0.0, "pos_commercial": 0.0, "pos_mixed_use": 0.0, "pos_road_density": 0.0, "pos_anchor_proximity": 0.051350238586066271, "positive_total": 0.051350238586066271, "pen_unsuitable_landuse": 0.0, "pen_industrial": 0.0, "pen_isolation": 0.9, "pen_low_connectivity": 0.4, "penalty_total": 1.3, "raw": -1.2486497614139338, "score_physical": 30.33, "score_rank_pct": 18.77, "count_shop": 0, "count_supermarket": 0, "count_food": 0, "count_pharmacy": 0, "count_healthcare": 0, "count_education": 0, "count_fitness": 0, "count_office": 0, "count_bank": 0, "count_transport": 0, "count_leisure": 0, "count_fuel": 0, "feat_unsuitable_frac": 0.0, "feat_industrial_frac": 0.0, "feat_residential": 0.0, "feat_commercial": 0.0, "feat_road_density": 0.0, "feat_mixed_use": -0.0, "feat_isolation": 1.0, "feat_anchor_proximity": 0.090786482989847983, "feat_low_connectivity": 1.0, "raw_lu_frac_unsuitable": 0.0, "raw_lu_frac_residential": 0.0, "raw_lu_frac_commercial": 0.0, "raw_lu_frac_industrial": 0.0 }, "geometry": { "type": "Polygon", "coordinates": [ [ [ -41.801778526939287, -22.456672097648454 ], [ -41.800721265641023, -22.455128890004247 ], [ -41.80171137272405, -22.453553804423144 ], [ -41.803758736184626, -22.453521934206762 ], [ -41.804816002584154, -22.455065150259987 ], [ -41.803825900423185, -22.456640228120534 ], [ -41.801778526939287, -22.456672097648454 ] ] ] } },
{ "type": "Feature", "properties": { "h3": "89a8b1a2087ffff", "lat": -22.401878420773496, "lon": -41.813910216696115, "area_km2": 0.12846796540090918, "score": 78.495805559301445, "class": "bom", "direct_activity_score": 64.288590639630144, "neighborhood_inherited_score": 14.207214919671301, "pos_food": 0.41065627030539348, "pos_shop": 0.6101066295781179, "pos_supermarket": 0.95412844036697242, "pos_pharmacy": 0.0, "pos_fitness": 0.63508064516129059, "pos_education": 1.2, "pos_healthcare": 0.0, "pos_office": 0.98684210526315874, "pos_bank": 0.0, "pos_transport": 1.1, "pos_leisure": 0.040071237756010701, "pos_fuel": 0.0, "pos_residential": 0.40623696691043931, "pos_commercial": 0.11679305756896867, "pos_mixed_use": 1.1886141558547407, "pos_road_density": 0.78710929241254668, "pos_anchor_proximity": 1.733931091297366, "positive_total": 10.169569892475005, "pen_unsuitable_landuse": 2.2, "pen_industrial": 0.012772901350754718, "pen_isolation": 8.8890191266025547e-06, "pen_low_connectivity": 0.085156283034981337, "penalty_total": 2.2979380734048629, "raw": 7.8716318190701422, "score_physical": 75.16, "score_rank_pct": 86.27, "count_shop": 0, "count_supermarket": 0, "count_food": 0, "count_pharmacy": 0, "count_healthcare": 0, "count_education": 1, "count_fitness": 0, "count_office": 0, "count_bank": 0, "count_transport": 3, "count_leisure": 0, "count_fuel": 0, "feat_unsuitable_frac": 1.8148126854330009, "feat_industrial_frac": 0.031932253376886793, "feat_residential": 0.2610652740868199, "feat_commercial": 0.0089607099607652216, "feat_road_density": 116368.15277020188, "feat_mixed_use": 0.62965105602412974, "feat_isolation": 9.8766879184472819e-06, "feat_anchor_proximity": 0.75472561072789701, "feat_low_connectivity": 0.21289070758745332, "raw_lu_frac_unsuitable": 0.13367201394500011, "raw_lu_frac_residential": 2.8125446568746369e-06, "raw_lu_frac_commercial": 0.0, "raw_lu_frac_industrial": 0.0 }, "geometry": { "type": "Polygon", "coordinates": [ [ [ -41.812920218225557, -22.403454515914532 ], [ -41.811863016652175, -22.401910457119637 ], [ -41.812853015052951, -22.400334353928201 ], [ -41.814900210086215, -22.400302317246179 ], [ -41.815957416738087, -22.401846384427355 ], [ -41.814967423279541, -22.403422479904229 ], [ -41.812920218225557, -22.403454515914532 ] ] ] } },
{ "type": "Feature", "properties": { "h3": "89a8b1b0a4bffff", "lat": -22.436480788672299, "lon": -41.796223767138585, "area_km2": 0.12845641768975699, "score": 30.0, "class": "ruim", "direct_activity_score": 30.0, "neighborhood_inherited_score": 0.0, "pos_food": 0.0, "pos_shop": 0.0, "pos_supermarket": 0.0, "pos_pharmacy": 0.0, "pos_fitness": 0.0, "pos_education": 0.0, "pos_healthcare": 0.0, "pos_office": 0.0, "pos_bank": 0.0, "pos_transport": 0.0, "pos_leisure": 0.0, "pos_fuel": 0.0, "pos_residential": 0.0, "pos_commercial": 0.0, "pos_mixed_use": 0.0, "pos_road_density": 0.0, "pos_anchor_proximity": 0.1488444598595563, "positive_total": 0.1488444598595563, "pen_unsuitable_landuse": 0.0, "pen_industrial": 0.0, "pen_isolation": 0.9, "pen_low_connectivity": 0.4, "penalty_total": 1.3, "raw": -1.1511555401404436, "score_physical": 31.15, "score_rank_pct": 40.34, "count_shop": 0, "count_supermarket": 0, "count_food": 0, "count_pharmacy": 0, "count_healthcare": 0, "count_education": 0, "count_fitness": 0, "count_office": 0, "count_bank": 0, "count_transport": 0, "count_leisure": 0, "count_fuel": 0, "feat_unsuitable_frac": 0.0, "feat_industrial_frac": 0.0, "feat_residential": 0.0, "feat_commercial": 0.0, "feat_road_density": 0.0, "feat_mixed_use": -0.0, "feat_isolation": 1.0, "feat_anchor_proximity": 0.12925728106621706, "feat_low_connectivity": 1.0, "raw_lu_frac_unsuitable": 0.0, "raw_lu_frac_residential": 0.0, "raw_lu_frac_commercial": 0.0, "raw_lu_frac_industrial": 0.0 }, "geometry": { "type": "Polygon", "coordinates": [ [ [ -41.795233673542477, -22.438056157743244 ], [ -41.794176459846803, -22.436512585196873 ], [ -41.795166553339392, -22.434937208066625 ], [ -41.79721385561956, -22.434905411192869 ], [ -41.798271074429088, -22.436448992147724 ], [ -41.797280985845909, -22.438024361567791 ], [ -41.795233673542477, -22.438056157743244 ] ] ] } },
{ "type": "Feature", "properties": { "h3": "89a8b1a24dbffff", "lat": -22.42551606415666, "lon": -41.799059741620908, "area_km2": 0.12846001570744897, "score": 30.0, "class": "ruim", "direct_activity_score": 30.0, "neighborhood_inherited_score": 0.0, "pos_food": 0.0, "pos_shop": 0.0, "pos_supermarket": 0.0, "pos_pharmacy": 0.0, "pos_fitness": 0.0, "pos_education": 0.0, "pos_healthcare": 0.0, "pos_office": 0.0, "pos_bank": 0.0, "pos_transport": 0.0, "pos_leisure": 0.0, "pos_fuel": 0.0, "pos_residential": 0.0, "pos_commercial": 0.0, "pos_mixed_use": 0.0, "pos_road_density": 0.0, "pos_anchor_proximity": 0.31032648215628378, "positive_total": 0.31032648215628378, "pen_unsuitable_landuse": 0.0, "pen_industrial": 0.0, "pen_isolation": 0.9, "pen_low_connectivity": 0.4, "penalty_total": 1.3, "raw": -0.98967351784371627, "score_physical": 32.47, "score_rank_pct": 58.54, "count_shop": 0, "count_supermarket": 0, "count_food": 0, "count_pharmacy": 0, "count_healthcare": 0, "count_education": 0, "count_fitness": 0, "count_office": 0, "count_bank": 0, "count_transport": 0, "count_leisure": 0, "count_fuel": 0, "feat_unsuitable_frac": 0.0, "feat_industrial_frac": 0.0, "feat_residential": 0.0, "feat_commercial": 0.0, "feat_road_density": 0.0, "feat_mixed_use": -0.0, "feat_isolation": 1.0, "feat_anchor_proximity": 0.19297738869510225, "feat_low_connectivity": 1.0, "raw_lu_frac_unsuitable": 0.0, "raw_lu_frac_residential": 0.0, "raw_lu_frac_commercial": 0.0, "raw_lu_frac_industrial": 0.0 }, "geometry": { "type": "Polygon", "coordinates": [ [ [ -41.798069671671691, -22.427091646303992 ], [ -41.797012468882052, -22.425547901849942 ], [ -41.798002538733144, -22.423972311646256 ], [ -41.800049806460606, -22.423940473605928 ], [ -41.801107014358337, -22.425484226463382 ], [ -41.800116949421849, -22.427059808957711 ], [ -41.798069671671691, -22.427091646303992 ] ] ] } },
{ "type": "Feature", "properties": { "h3": "89a8b1a268fffff", "lat": -22.411620968818482, "lon": -41.789545106750296, "area_km2": 0.12846423031379403, "score": 54.056206446050837, "class": "médio", "direct_activity_score": 30.0, "neighborhood_inherited_score": 24.056206446050837, "pos_food": 0.32748538011695932, "pos_shop": 0.058414464534075103, "pos_supermarket": 0.0, "pos_pharmacy": 0.0, "pos_fitness": 0.0680443548387097, "pos_education": 0.0, "pos_healthcare": 0.0, "pos_office": 0.0, "pos_bank": 0.0795454545454546, "pos_transport": 0.0, "pos_leisure": 0.024042742653606414, "pos_fuel": 0.0, "pos_residential": 0.0046035590685046856, "pos_commercial": 0.073093154461860432, "pos_mixed_use": 0.52486493478884444, "pos_road_density": 0.01208679919957604, "pos_anchor_proximity": 0.58847432226160845, "positive_total": 1.7606551664691992, "pen_unsuitable_landuse": 0.012298402812868058, "pen_industrial": 0.0, "pen_isolation": 0.22915411382232337, "pen_low_connectivity": 0.39516528032016962, "penalty_total": 0.63661779695536103, "raw": 1.1240373695138381, "score_physical": 46.37, "score_rank_pct": 71.99, "count_shop": 0, "count_supermarket": 0, "count_food": 0, "count_pharmacy": 0, "count_healthcare": 0, "count_education": 0, "count_fitness": 0, "count_office": 0, "count_bank": 0, "count_transport": 0, "count_leisure": 0, "count_fuel": 0, "feat_unsuitable_frac": 0.0055901830967582077, "feat_industrial_frac": 0.0, "feat_residential": 0.0029584442280926179, "feat_commercial": 0.0056079237146726179, "feat_road_density": 1786.9417999728321, "feat_mixed_use": 0.27803956299189464, "feat_isolation": 0.25461568202480372, "feat_anchor_proximity": 0.30273332348074439, "feat_low_connectivity": 0.987913200800424, "raw_lu_frac_unsuitable": 0.0, "raw_lu_frac_residential": 0.0, "raw_lu_frac_commercial": 0.0, "raw_lu_frac_industrial": 0.0 }, "geometry": { "type": "Polygon", "coordinates": [ [ [ -41.788555036124528, -22.413196739593999 ], [ -41.787497880734996, -22.411652693525653 ], [ -41.788487951244434, -22.410076914698088 ], [ -41.790535172248276, -22.410045189636719 ], [ -41.791592332764395, -22.411589244111308 ], [ -41.790602267151399, -22.41316501524097 ], [ -41.788555036124528, -22.413196739593999 ] ] ] } },
{ "type": "Feature", "properties": { "h3": "89a8b1b1d07ffff", "lat": -22.449050975814998, "lon": -41.790350232721792, "area_km2": 0.12845221744193047, "score": 26.949027884986005, "class": "ruim", "direct_activity_score": 26.949027884986005, "neighborhood_inherited_score": 0.0, "pos_food": 0.0, "pos_shop": 0.0, "pos_supermarket": 0.0, "pos_pharmacy": 0.0, "pos_fitness": 0.0, "pos_education": 0.0, "pos_healthcare": 0.0, "pos_office": 0.0, "pos_bank": 0.0, "pos_transport": 0.0, "pos_leisure": 0.0, "pos_fuel": 0.0, "pos_residential": 0.0, "pos_commercial": 0.0, "pos_mixed_use": 0.0, "pos_road_density": 0.0, "pos_anchor_proximity": 0.05208362185911436, "positive_total": 0.05208362185911436, "pen_unsuitable_landuse": 0.0, "pen_industrial": 0.0, "pen_isolation": 0.9, "pen_low_connectivity": 0.4, "penalty_total": 1.3, "raw": -1.2479163781408857, "score_physical": 30.34, "score_rank_pct": 19.05, "count_shop": 0, "count_supermarket": 0, "count_food": 0, "count_pharmacy": 0, "count_healthcare": 0, "count_education": 0, "count_fitness": 0, "count_office": 0, "count_bank": 0, "count_transport": 0, "count_leisure": 0, "count_fuel": 0, "feat_unsuitable_frac": 0.0, "feat_industrial_frac": 0.0, "feat_residential": 0.0, "feat_commercial": 0.0, "feat_road_density": 0.0, "feat_mixed_use": -0.0, "feat_isolation": 1.0, "feat_anchor_proximity": 0.091075872857693321, "feat_low_connectivity": 1.0, "raw_lu_frac_unsuitable": 0.0, "raw_lu_frac_residential": 0.0, "raw_lu_frac_commercial": 0.0, "raw_lu_frac_industrial": 0.0 }, "geometry": { "type": "Polygon", "coordinates": [ [ [ -41.789360105894623, -22.450626084186894 ], [ -41.78830288642358, -22.449082692029464 ], [ -41.789293013136017, -22.447507575595029 ], [ -41.79134035442231, -22.44747585902698 ], [ -41.792397579018953, -22.449019259600529 ], [ -41.791407457205047, -22.450594368325959 ], [ -41.789360105894623, -22.450626084186894 ] ] ] } },
{ "type": "Feature", "properties": { "h3": "89a8b1a20abffff", "lat": -22.395637876989937, "lon": -41.813775801645548, "area_km2": 0.12846996129157887, "score": 75.625107938069007, "class": "bom", "direct_activity_score": 67.218753211868659, "neighborhood_inherited_score": 8.4063547262003482, "pos_food": 0.32575265323803365, "pos_shop": 0.32777005099675477, "pos_supermarket": 0.73050458715596334, "pos_pharmacy": 0.0, "pos_fitness": 0.36290322580645173, "pos_education": 0.83076923076923082, "pos_healthcare": 0.0, "pos_office": 1.0, "pos_bank": 0.0, "pos_transport": 0.56426886792452835, "pos_leisure": 0.0, "pos_fuel": 0.0, "pos_residential": 0.33713890121985873, "pos_commercial": 0.27341464825569906, "pos_mixed_use": 1.3268080317080593, "pos_road_density": 0.3868311100482435, "pos_anchor_proximity": 1.6906788878890644, "positive_total": 8.1568401950118865, "pen_unsuitable_landuse": 0.80452851084018517, "pen_industrial": 0.025138511357065959, "pen_isolation": 0.00137675336959588, "pen_low_connectivity": 0.2452675559807026, "penalty_total": 1.0763113315475494, "raw": 7.0805288634643375, "score_physical": 72.38, "score_rank_pct": 83.19, "count_shop": 0, "count_supermarket": 0, "count_food": 2, "count_pharmacy": 0, "count_healthcare": 0, "count_education": 0, "count_fitness": 0, "count_office": 3, "count_bank": 0, "count_transport": 0, "count_leisure": 0, "count_fuel": 0, "feat_unsuitable_frac": 0.3656947776546296, "feat_industrial_frac": 0.062846278392664892, "feat_residential": 0.21665989760034796, "feat_commercial": 0.020977183173727546, "feat_road_density": 57190.052441621039, "feat_mixed_use": 0.7028572511872162, "feat_isolation": 0.0015297259662176445, "feat_anchor_proximity": 0.73765847831795528, "feat_low_connectivity": 0.61316888995175645, "raw_lu_frac_unsuitable": 0.0, "raw_lu_frac_residential": 0.0, "raw_lu_frac_commercial": 0.020250634128119574, "raw_lu_frac_industrial": 0.055489743746012787 }, "geometry": { "type": "Polygon", "coordinates": [ [ [ -41.812785812537932, -22.397214082369583 ], [ -41.811728621642878, -22.395669914679722 ], [ -41.812718610680449, -22.394093701251439 ], [ -41.81476578567252, -22.394061663225663 ], [ -41.815822981646235, -22.395605839300153 ], [ -41.814832997550539, -22.39718204501574 ], [ -41.812785812537932, -22.397214082369583 ] ] ] } },
{ "type": "Feature", "properties": { "h3": "89a8b1a2403ffff", "lat": -22.417573845213056, "lon": -41.808104516807688, "area_km2": 0.12846279163278296, "score": 57.11266785608737, "class": "médio", "direct_activity_score": 30.0, "neighborhood_inherited_score": 27.11266785608737, "pos_food": 0.19493177387914246, "pos_shop": 0.058414464534075103, "pos_supermarket": 0.13417431192660551, "pos_pharmacy": 0.0, "pos_fitness": 0.29485887096774205, "pos_education": 0.19780219780219782, "pos_healthcare": 0.0, "pos_office": 0.0, "pos_bank": 0.0, "pos_transport": 0.099233490566037738, "pos_leisure": 0.080142475512021402, "pos_fuel": 0.0, "pos_residential": 0.086091845796445049, "pos_commercial": 0.0, "pos_mixed_use": 1.1284614650325917, "pos_road_density": 0.10951983423407716, "pos_anchor_proximity": 0.8140288450943598, "positive_total": 3.1976595753452957, "pen_unsuitable_landuse": 0.92770034490839948, "pen_industrial": 0.0, "pen_isolation": 0.13515128266092724, "pen_low_connectivity": 0.35619206630636913, "penalty_total": 1.4190436938756958, "raw": 1.7786158814695998, "score_physical": 49.9, "score_rank_pct": 73.95, "count_shop": 0, "count_supermarket": 0, "count_food": 0, "count_pharmacy": 0, "count_healthcare": 0, "count_education": 0, "count_fitness": 0, "count_office": 0, "count_bank": 0, "count_transport": 0, "count_leisure": 0, "count_fuel": 0, "feat_unsuitable_frac": 0.42168197495836335, "feat_industrial_frac": 0.0, "feat_residential": 0.0553263074269758, "feat_commercial": 0.0, "feat_road_density": 16191.678746994708, "feat_mixed_use": 0.59778604321715811, "feat_isolation": 0.15016809184547469, "feat_anchor_proximity": 0.39173616272358702, "feat_low_connectivity": 0.89048016576592282, "raw_lu_frac_unsuitable": 0.0, "raw_lu_frac_residential": 0.0, "raw_lu_frac_commercial": 0.0, "raw_lu_frac_industrial": 0.0 }, "geometry": { "type": "Polygon", "coordinates": [ [ [ -41.807114480366494, -22.419149624919228 ], [ -41.806057267610193, -22.417605800778297 ], [ -41.807047303970535, -22.416030013017608 ], [ -41.809094548156992, -22.415998057112109 ], [ -41.810151766003465, -22.417541889647818 ], [ -41.809161734574644, -22.419117669694185 ], [ -41.807114480366494, -22.419149624919228 ] ] ] } },
{ "type": "Feature", "properties": { "h3": "89a8b1a2413ffff", "lat": -22.420693402631109, "lon": -41.808171698543106, "area_km2": 0.12846179159240143, "score": 53.78246179160201, "class": "médio", "direct_activity_score": 30.0, "neighborhood_inherited_score": 23.78246179160201, "pos_food": 0.14035087719298256, "pos_shop": 0.0, "pos_supermarket": 0.0, "pos_pharmacy": 0.0, "pos_fitness": 0.20413306451612909, "pos_education": 0.11868131868131868, "pos_healthcare": 0.0, "pos_office": 0.0, "pos_bank": 0.0, "pos_transport": 0.035023584905660383, "pos_leisure": 0.048085485307212829, "pos_fuel": 0.0, "pos_residential": 0.048706492987459722, "pos_commercial": 0.0, "pos_mixed_use": 0.69359951473801473, "pos_road_density": 0.039720981557291916, "pos_anchor_proximity": 0.61981163265700756, "positive_total": 1.9481129525430774, "pen_unsuitable_landuse": 0.13846604346805094, "pen_industrial": 0.0, "pen_isolation": 0.32845333180904446, "pen_low_connectivity": 0.38411160737708328, "penalty_total": 0.85103098265417865, "raw": 1.0970819698888987, "score_physical": 46.22, "score_rank_pct": 71.43, "count_shop": 0, "count_supermarket": 0, "count_food": 0, "count_pharmacy": 0, "count_healthcare": 0, "count_education": 0, "count_fitness": 0, "count_office": 0, "count_bank": 0, "count_transport": 0, "count_leisure": 0, "count_fuel": 0, "feat_unsuitable_frac": 0.062939110667295878, "feat_industrial_frac": 0.0, "feat_residential": 0.031300878495339572, "feat_commercial": 0.0, "feat_road_density": 5872.4465517028329, "feat_mixed_use": 0.36742425181581523, "feat_isolation": 0.3649481464544938, "feat_anchor_proximity": 0.31509889063673041, "feat_low_connectivity": 0.96027901844270813, "raw_lu_frac_unsuitable": 0.0, "raw_lu_frac_residential": 0.0, "raw_lu_frac_commercial": 0.0, "raw_lu_frac_industrial": 0.0 }, "geometry": { "type": "Polygon", "coordinates": [ [ [ -41.80718165741979, -22.422269127172417 ], [ -41.806124439323874, -22.420725357515948 ], [ -41.807114480366494, -22.419149624919228 ], [ -41.809161734574644, -22.419117669694185 ], [ -41.81021895776064, -22.420661447746269 ], [ -41.809228921649726, -22.422237172627732 ], [ -41.80718165741979, -22.422269127172417 ] ] ] } },
{ "type": "Feature", "properties": { "h3": "89a8b1b0a6fffff", "lat": -22.428539717138761, "lon": -41.805268729718406, "area_km2": 0.12845919939575592, "score": 30.0, "class": "ruim", "direct_activity_score": 30.0, "neighborhood_inherited_score": 0.0, "pos_food": 0.0, "pos_shop": 0.0, "pos_supermarket": 0.0, "pos_pharmacy": 0.0, "pos_fitness": 0.0, "pos_education": 0.0, "pos_healthcare": 0.0, "pos_office": 0.0, "pos_bank": 0.0, "pos_transport": 0.0, "pos_leisure": 0.0, "pos_fuel": 0.0, "pos_residential": 0.0, "pos_commercial": 0.0, "pos_mixed_use": 0.0, "pos_road_density": 0.0, "pos_anchor_proximity": 0.32171033428517454, "positive_total": 0.32171033428517454, "pen_unsuitable_landuse": 0.0, "pen_industrial": 0.0, "pen_isolation": 0.9, "pen_low_connectivity": 0.4, "penalty_total": 1.3, "raw": -0.97828966571482545, "score_physical": 32.56, "score_rank_pct": 59.1, "count_shop": 0, "count_supermarket": 0, "count_food": 0, "count_pharmacy": 0, "count_healthcare": 0, "count_education": 0, "count_fitness": 0, "count_office": 0, "count_bank": 0, "count_transport": 0, "count_leisure": 0, "count_fuel": 0, "feat_unsuitable_frac": 0.0, "feat_industrial_frac": 0.0, "feat_residential": 0.0, "feat_commercial": 0.0, "feat_road_density": 0.0, "feat_mixed_use": -0.0, "feat_isolation": 1.0, "feat_anchor_proximity": 0.19746940751284608, "feat_low_connectivity": 1.0, "raw_lu_frac_unsuitable": 0.0, "raw_lu_frac_residential": 0.0, "raw_lu_frac_commercial": 0.0, "raw_lu_frac_industrial": 0.0 }, "geometry": { "type": "Polygon", "coordinates": [ [ [ -41.804278669616146, -22.430115283863358 ], [ -41.803221445936792, -22.428571631594867 ], [ -41.804211505952807, -22.426996056812794 ], [ -41.806258784723163, -22.426964142014317 ], [ -41.807316013498436, -22.42850780268266 ], [ -41.80632595840877, -22.430083369749596 ], [ -41.804278669616146, -22.430115283863358 ] ] ] } },
{ "type": "Feature", "properties": { "h3": "89a8b1a25c7ffff", "lat": -22.411045744162656, "lon": -41.8263952302108, "area_km2": 0.12846531321697605, "score": 15.0, "class": "muito ruim", "direct_activity_score": 8.3973657089249052, "neighborhood_inherited_score": 6.6026342910750948, "pos_food": 0.13255360623781684, "pos_shop": 0.0, "pos_supermarket": 0.0, "pos_pharmacy": 0.0, "pos_fitness": 0.0680443548387097, "pos_education": 0.0, "pos_healthcare": 0.0, "pos_office": 0.0, "pos_bank": 0.0, "pos_transport": 0.15760613207547169, "pos_leisure": 0.0, "pos_fuel": 0.0, "pos_residential": 0.13866302190764945, "pos_commercial": 0.0, "pos_mixed_use": 0.44282842713795567, "pos_road_density": 0.07724726514865049, "pos_anchor_proximity": 0.73861804471599612, "positive_total": 1.7555608520622501, "pen_unsuitable_landuse": 2.2, "pen_industrial": 0.0, "pen_isolation": 0.29131197248928314, "pen_low_connectivity": 0.36910109394053986, "penalty_total": 2.8604130664298233, "raw": -1.1048522143675732, "score_physical": 31.53, "score_rank_pct": 46.22, "count_shop": 0, "count_supermarket": 0, "count_food": 0, "count_pharmacy": 0, "count_healthcare": 0, "count_education": 0, "count_fitness": 0, "count_office": 0, "count_bank": 0, "count_transport": 0, "count_leisure": 0, "count_fuel": 0, "feat_unsuitable_frac": 6.6157580960122084, "feat_industrial_frac": 0.0, "feat_residential": 0.089110796822210528, "feat_commercial": 0.0, "feat_road_density": 11420.423616580802, "feat_mixed_use": 0.23458191660557118, "feat_isolation": 0.3236799694325368, "feat_anchor_proximity": 0.36197938702715649, "feat_low_connectivity": 0.92275273485134957, "raw_lu_frac_unsuitable": 1.0, "raw_lu_frac_residential": 0.0, "raw_lu_frac_commercial": 0.0, "raw_lu_frac_industrial": 0.0 }, "geometry": { "type": "Polygon", "coordinates": [ [ [ -41.82540524688735, -22.412621753293354 ], [ -41.824347998340926, -22.411077933302163 ], [ -41.825337981618482, -22.40950191611795 ], [ -41.827385208477885, -22.409469726651931 ], [ -41.828442462078385, -22.41101355502315 ], [ -41.827452483766741, -22.412589564480299 ], [ -41.82540524688735, -22.412621753293354 ] ] ] } },
{ "type": "Feature", "properties": { "h3": "89a8b1a209bffff", "lat": -22.405094519247179, "lon": -41.807835796439718, "area_km2": 0.12846678851144522, "score": 89.439379511091417, "class": "muito bom", "direct_activity_score": 81.302015380112408, "neighborhood_inherited_score": 8.1373641309790088, "pos_food": 1.287416071041803, "pos_shop": 1.2126410137536703, "pos_supermarket": 1.3, "pos_pharmacy": 0.6875, "pos_fitness": 0.92993951612903269, "pos_education": 1.2, "pos_healthcare": 0.72727272727272729, "pos_office": 0.55921052631578994, "pos_bank": 0.1590909090909092, "pos_transport": 1.1, "pos_leisure": 0.23953695458593063, "pos_fuel": 0.0, "pos_residential": 0.57298863203125427, "pos_commercial": 0.23245359423205272, "pos_mixed_use": 1.3603053592700212, "pos_road_density": 0.94692908103286211, "pos_anchor_proximity": 1.8, "positive_total": 14.315284384756058, "pen_unsuitable_landuse": 2.2, "pen_industrial": 0.007856275875344718, "pen_isolation": 2.2269959320600485e-08, "pen_low_connectivity": 0.02122836758685516, "penalty_total": 2.229084665732159, "raw": 12.086199719023899, "score_physical": 88.51, "score_rank_pct": 91.6, "count_shop": 4, "count_supermarket": 1, "count_food": 2, "count_pharmacy": 0, "count_healthcare": 0, "count_education": 0, "count_fitness": 0, "count_office": 0, "count_bank": 0, "count_transport": 6, "count_leisure": 1, "count_fuel": 0, "feat_unsuitable_frac": 1.2885945573979893, "feat_industrial_frac": 0.019640689688361794, "feat_residential": 0.36822703607584306, "feat_commercial": 0.017834529556868636, "feat_road_density": 139996.29914980594, "feat_mixed_use": 0.72060197311357455, "feat_isolation": 2.4744399245111649e-08, "feat_anchor_proximity": 0.90689714562170476, "feat_low_connectivity": 0.053070918967137892, "raw_lu_frac_unsuitable": 0.0, "raw_lu_frac_residential": 0.015699905435259072, "raw_lu_frac_commercial": 0.0, "raw_lu_frac_industrial": 0.0 }, "geometry": { "type": "Polygon", "coordinates": [ [ [ -41.80684577872664, -22.406670519549579 ], [ -41.805788587328259, -22.405126477535045 ], [ -41.806778604959959, -22.403550469181607 ], [ -41.808825809060529, -22.403518510553297 ], [ -41.809883005549409, -22.405062560959312 ], [ -41.808892992848541, -22.406638561602108 ], [ -41.80684577872664, -22.406670519549579 ] ] ] } },
{ "type": "Feature", "properties": { "h3": "89a8b1b0b5bffff", "lat": -22.428347765666093, "lon": -41.817552438183391, "area_km2": 0.12845955573675372, "score": 30.0, "class": "ruim", "direct_activity_score": 30.0, "neighborhood_inherited_score": 0.0, "pos_food": 0.0, "pos_shop": 0.0, "pos_supermarket": 0.0, "pos_pharmacy": 0.0, "pos_fitness": 0.0, "pos_education": 0.0, "pos_healthcare": 0.0, "pos_office": 0.0, "pos_bank": 0.0, "pos_transport": 0.0, "pos_leisure": 0.0, "pos_fuel": 0.0, "pos_residential": 0.0, "pos_commercial": 0.0, "pos_mixed_use": 0.0, "pos_road_density": 0.0, "pos_anchor_proximity": 0.44760949242975023, "positive_total": 0.44760949242975023, "pen_unsuitable_landuse": 0.0, "pen_industrial": 0.0, "pen_isolation": 0.9, "pen_low_connectivity": 0.4, "penalty_total": 1.3, "raw": -0.85239050757024981, "score_physical": 33.55, "score_rank_pct": 64.15, "count_shop": 0, "count_supermarket": 0, "count_food": 0, "count_pharmacy": 0, "count_healthcare": 0, "count_education": 0, "count_fitness": 0, "count_office": 0, "count_bank": 0, "count_transport": 0, "count_leisure": 0, "count_fuel": 0, "feat_unsuitable_frac": 0.0, "feat_industrial_frac": 0.0, "feat_residential": 0.0, "feat_commercial": 0.0, "feat_road_density": 0.0, "feat_mixed_use": -0.0, "feat_isolation": 1.0, "feat_anchor_proximity": 0.24714867083428999, "feat_low_connectivity": 1.0, "raw_lu_frac_unsuitable": 0.0, "raw_lu_frac_residential": 0.0, "raw_lu_frac_commercial": 0.0, "raw_lu_frac_industrial": 0.0 }, "geometry": { "type": "Polygon", "coordinates": [ [ [ -41.816562407208977, -22.429923411877343 ], [ -41.815505152502851, -22.428379835033816 ], [ -41.816495183414503, -22.426804180764599 ], [ -41.818542464084103, -22.426772111063723 ], [ -41.819599723861984, -22.42831569629837 ], [ -41.818609697899845, -22.42989134284274 ], [ -41.816562407208977, -22.429923411877343 ] ] ] } },
{ "type": "Feature", "properties": { "h3": "89a8b1a26b3ffff", "lat": -22.411525678586305, "lon": -41.795686786440946, "area_km2": 0.12846442133206729, "score": 76.430830445794086, "class": "bom", "direct_activity_score": 30.0, "neighborhood_inherited_score": 46.430830445794086, "pos_food": 1.1695906432748548, "pos_shop": 0.44784422809457575, "pos_supermarket": 0.53669724770642202, "pos_pharmacy": 0.515625, "pos_fitness": 0.45362903225806472, "pos_education": 0.23736263736263735, "pos_healthcare": 0.54545454545454541, "pos_office": 0.29605263157894757, "pos_bank": 0.45075757575757602, "pos_transport": 0.12258254716981133, "pos_leisure": 0.15227070347284066, "pos_fuel": 0.0, "pos_residential": 0.055833041296264284, "pos_commercial": 0.41287921798402932, "pos_mixed_use": 1.3488946462401488, "pos_road_density": 0.14602176835685504, "pos_anchor_proximity": 0.79806944856535678, "positive_total": 7.6895649145729301, "pen_unsuitable_landuse": 0.044950715718387178, "pen_industrial": 0.0, "pen_isolation": 0.00050378522798841447, "pen_low_connectivity": 0.34159129265725802, "penalty_total": 0.38704579360363361, "raw": 7.3025191209692961, "score_physical": 73.17, "score_rank_pct": 84.03, "count_shop": 0, "count_supermarket": 0, "count_food": 0, "count_pharmacy": 0, "count_healthcare": 0, "count_education": 0, "count_fitness": 0, "count_office": 0, "count_bank": 0, "count_transport": 0, "count_leisure": 0, "count_fuel": 0, "feat_unsuitable_frac": 0.020432143508357807, "feat_industrial_frac": 0.0, "feat_residential": 0.035880703669007724, "feat_commercial": 0.031677318825202465, "feat_road_density": 21588.213494269603, "feat_mixed_use": 0.71455731389943211, "feat_isolation": 0.0005597613644315716, "feat_anchor_proximity": 0.38543865387364529, "feat_low_connectivity": 0.85397823164314501, "raw_lu_frac_unsuitable": 0.0, "raw_lu_frac_residential": 0.0, "raw_lu_frac_commercial": 0.0, "raw_lu_frac_industrial": 0.0 }, "geometry": { "type": "Polygon", "coordinates": [ [ [ -41.794696730308644, -22.413101489123122 ], [ -41.79363955933227, -22.411557480700527 ], [ -41.794629615359973, -22.409981662111409 ], [ -41.796676837457355, -22.409949859647604 ], [ -41.797734013548236, -22.411493876472083 ], [ -41.796743962428557, -22.413069687358433 ], [ -41.794696730308644, -22.413101489123122 ] ] ] } },
{ "type": "Feature", "properties": { "h3": "89a8b1b1d2bffff", "lat": -22.442813738405718, "lon": -41.790216038493874, "area_km2": 0.12845422286249464, "score": 29.478778162382557, "class": "ruim", "direct_activity_score": 29.478778162382557, "neighborhood_inherited_score": 0.0, "pos_food": 0.0, "pos_shop": 0.0, "pos_supermarket": 0.0, "pos_pharmacy": 0.0, "pos_fitness": 0.0, "pos_education": 0.0, "pos_healthcare": 0.0, "pos_office": 0.0, "pos_bank": 0.0, "pos_transport": 0.0, "pos_leisure": 0.0, "pos_fuel": 0.0, "pos_residential": 0.0, "pos_commercial": 0.0, "pos_mixed_use": 0.0, "pos_road_density": 0.0, "pos_anchor_proximity": 0.081758179554758406, "positive_total": 0.081758179554758406, "pen_unsuitable_landuse": 0.0, "pen_industrial": 0.0, "pen_isolation": 0.9, "pen_low_connectivity": 0.4, "penalty_total": 1.3, "raw": -1.2182418204452417, "score_physical": 30.59, "score_rank_pct": 26.89, "count_shop": 0, "count_supermarket": 0, "count_food": 0, "count_pharmacy": 0, "count_healthcare": 0, "count_education": 0, "count_fitness": 0, "count_office": 0, "count_bank": 0, "count_transport": 0, "count_leisure": 0, "count_fuel": 0, "feat_unsuitable_frac": 0.0, "feat_industrial_frac": 0.0, "feat_residential": 0.0, "feat_commercial": 0.0, "feat_road_density": 0.0, "feat_mixed_use": -0.0, "feat_isolation": 1.0, "feat_anchor_proximity": 0.10278532498934601, "feat_low_connectivity": 1.0, "raw_lu_frac_unsuitable": 0.0, "raw_lu_frac_residential": 0.0, "raw_lu_frac_commercial": 0.0, "raw_lu_frac_industrial": 0.0 }, "geometry": { "type": "Polygon", "coordinates": [ [ [ -41.789225921034017, -22.444388957241259 ], [ -41.788168712243731, -22.442845456034608 ], [ -41.789158829588587, -22.441270229138276 ], [ -41.791206150826874, -22.44123851115571 ], [ -41.792263364742929, -22.442782020776832 ], [ -41.79127325229625, -22.444357239966003 ], [ -41.789225921034017, -22.444388957241259 ] ] ] } },
{ "type": "Feature", "properties": { "h3": "89a8b1b0e8fffff", "lat": -22.465866709669839, "lon": -41.812217014759298, "area_km2": 0.12844734360816207, "score": 22.771833486792026, "class": "ruim", "direct_activity_score": 22.771833486792026, "neighborhood_inherited_score": 0.0, "pos_food": 0.0, "pos_shop": 0.0, "pos_supermarket": 0.0, "pos_pharmacy": 0.0, "pos_fitness": 0.0, "pos_education": 0.0, "pos_healthcare": 0.0, "pos_office": 0.0, "pos_bank": 0.0, "pos_transport": 0.0, "pos_leisure": 0.0, "pos_fuel": 0.0, "pos_residential": 0.0, "pos_commercial": 0.0, "pos_mixed_use": 0.0, "pos_road_density": 0.0, "pos_anchor_proximity": 0.014244457875382656, "positive_total": 0.014244457875382656, "pen_unsuitable_landuse": 0.0, "pen_industrial": 0.0, "pen_isolation": 0.9, "pen_low_connectivity": 0.4, "penalty_total": 1.3, "raw": -1.2857555421246174, "score_physical": 30.01, "score_rank_pct": 5.88, "count_shop": 0, "count_supermarket": 0, "count_food": 0, "count_pharmacy": 0, "count_healthcare": 0, "count_education": 0, "count_fitness": 0, "count_office": 0, "count_bank": 0, "count_transport": 0, "count_leisure": 0, "count_fuel": 0, "feat_unsuitable_frac": 0.0, "feat_industrial_frac": 0.0, "feat_residential": 0.0, "feat_commercial": 0.0, "feat_road_density": 0.0, "feat_mixed_use": -0.0, "feat_isolation": 1.0, "feat_anchor_proximity": 0.076144702394643687, "feat_low_connectivity": 1.0, "raw_lu_frac_unsuitable": 0.0, "raw_lu_frac_residential": 0.0, "raw_lu_frac_commercial": 0.0, "raw_lu_frac_industrial": 0.0 }, "geometry": { "type": "Polygon", "coordinates": [ [ [ -41.811226913021862, -22.467441653512552 ], [ -41.810169609736846, -22.465898693483329 ], [ -41.811159711401409, -22.464323741572457 ], [ -41.813207111412261, -22.464291757421794 ], [ -41.814264419780116, -22.46583472585635 ], [ -41.813274323055595, -22.467409670036194 ], [ -41.811226913021862, -22.467441653512552 ] ] ] } },
{ "type": "Feature", "properties": { "h3": "89a8b1a20cfffff", "lat": -22.39894996156255, "lon": -41.801559874490749, "area_km2": 0.12846860224166742, "score": 99.243697478991592, "class": "muito bom", "direct_activity_score": 59.039061211252374, "neighborhood_inherited_score": 40.204636267739218, "pos_food": 1.6, "pos_shop": 1.2526657394529439, "pos_supermarket": 1.3, "pos_pharmacy": 1.1, "pos_fitness": 1.0, "pos_education": 1.054945054945055, "pos_healthcare": 1.0, "pos_office": 0.88815789473684292, "pos_bank": 0.68939393939393989, "pos_transport": 1.1, "pos_leisure": 0.54496883348174541, "pos_fuel": 0.3, "pos_residential": 1.0, "pos_commercial": 1.2, "pos_mixed_use": 1.5, "pos_road_density": 1.0, "pos_anchor_proximity": 1.4029151931046389, "positive_total": 17.933046655115163, "pen_unsuitable_landuse": 1.602662984480264, "pen_industrial": 0.0047137655252068311, "pen_isolation": 3.3801000893444603e-09, "pen_low_connectivity": 0.0, "penalty_total": 1.607376753385571, "raw": 16.325669901729594, "score_physical": 100.0, "score_rank_pct": 97.48, "count_shop": 0, "count_supermarket": 0, "count_food": 0, "count_pharmacy": 0, "count_healthcare": 0, "count_education": 0, "count_fitness": 0, "count_office": 0, "count_bank": 0, "count_transport": 0, "count_leisure": 0, "count_fuel": 0, "feat_unsuitable_frac": 0.72848317476375635, "feat_industrial_frac": 0.011784413813017076, "feat_residential": 1.1138801325359584, "feat_commercial": 0.11127785937117757, "feat_road_density": 166895.25027376506, "feat_mixed_use": 0.81895310620800399, "feat_isolation": 3.7556667659382893e-09, "feat_anchor_proximity": 0.62410816886210907, "feat_low_connectivity": 0.0, "raw_lu_frac_unsuitable": 0.092263547740879151, "raw_lu_frac_residential": 0.13261385259854636, "raw_lu_frac_commercial": 0.0, "raw_lu_frac_industrial": 0.0 }, "geometry": { "type": "Polygon", "coordinates": [ [ [ -41.800569851604031, -22.400526032410042 ], [ -41.799512686423064, -22.398981843843515 ], [ -41.800502709216374, -22.397405764946992 ], [ -41.802549892273106, -22.397373882320867 ], [ -41.803607062556821, -22.398918079281582 ], [ -41.802617044682407, -22.400494150474199 ], [ -41.800569851604031, -22.400526032410042 ] ] ] } },
{ "type": "Feature", "properties": { "h3": "89a8b1b198fffff", "lat": -22.433457059251772, "lon": -41.790014752076651, "area_km2": 0.12845722853710215, "score": 30.0, "class": "ruim", "direct_activity_score": 30.0, "neighborhood_inherited_score": 0.0, "pos_food": 0.0, "pos_shop": 0.0, "pos_supermarket": 0.0, "pos_pharmacy": 0.0, "pos_fitness": 0.0, "pos_education": 0.0, "pos_healthcare": 0.0, "pos_office": 0.0, "pos_bank": 0.0, "pos_transport": 0.0, "pos_leisure": 0.0, "pos_fuel": 0.0, "pos_residential": 0.0, "pos_commercial": 0.0, "pos_mixed_use": 0.0, "pos_road_density": 0.0, "pos_anchor_proximity": 0.14372636870283084, "positive_total": 0.14372636870283084, "pen_unsuitable_landuse": 0.0, "pen_industrial": 0.0, "pen_isolation": 0.9, "pen_low_connectivity": 0.4, "penalty_total": 1.3, "raw": -1.1562736312971693, "score_physical": 31.11, "score_rank_pct": 38.38, "count_shop": 0, "count_supermarket": 0, "count_food": 0, "count_pharmacy": 0, "count_healthcare": 0, "count_education": 0, "count_fitness": 0, "count_office": 0, "count_bank": 0, "count_transport": 0, "count_leisure": 0, "count_fuel": 0, "feat_unsuitable_frac": 0.0, "feat_industrial_frac": 0.0, "feat_residential": 0.0, "feat_commercial": 0.0, "feat_road_density": 0.0, "feat_mixed_use": -0.0, "feat_isolation": 1.0, "feat_anchor_proximity": 0.1272377044302388, "feat_low_connectivity": 1.0, "raw_lu_frac_unsuitable": 0.0, "raw_lu_frac_residential": 0.0, "raw_lu_frac_commercial": 0.0, "raw_lu_frac_industrial": 0.0 }, "geometry": { "type": "Polygon", "coordinates": [ [ [ -41.78902464866745, -22.435032443735508 ], [ -41.787967455897942, -22.433488779003063 ], [ -41.788957559191736, -22.43191338646113 ], [ -41.791004850358711, -22.431881666356016 ], [ -41.792062048254245, -22.433425339500484 ], [ -41.791071949858114, -22.435000724338011 ], [ -41.78902464866745, -22.435032443735508 ] ] ] } },
{ "type": "Feature", "properties": { "h3": "89a8b1a2283ffff", "lat": -22.392900044697363, "lon": -41.789142579218293, "area_km2": 0.12847021905164019, "score": 86.646368326732897, "class": "muito bom", "direct_activity_score": 73.664113936577479, "neighborhood_inherited_score": 12.982254390155418, "pos_food": 0.57179987004548449, "pos_shop": 1.4, "pos_supermarket": 0.44724770642201833, "pos_pharmacy": 0.28645833333333348, "pos_fitness": 0.99294354838709709, "pos_education": 0.32967032967032966, "pos_healthcare": 0.0, "pos_office": 0.14802631578947378, "pos_bank": 0.21212121212121227, "pos_transport": 0.70176886792452831, "pos_leisure": 0.5877114870881569, "pos_fuel": 0.5, "pos_residential": 0.43692624990475204, "pos_commercial": 0.5953033030865067, "pos_mixed_use": 1.3774754658523296, "pos_road_density": 1.0, "pos_anchor_proximity": 1.7451503018947303, "positive_total": 11.33260299151995, "pen_unsuitable_landuse": 0.42083666165450978, "pen_industrial": 0.0, "pen_isolation": 1.4693449790078218e-06, "pen_low_connectivity": 0.0, "penalty_total": 0.4208381309994888, "raw": 10.911764860520462, "score_physical": 85.01, "score_rank_pct": 90.48, "count_shop": 1, "count_supermarket": 0, "count_food": 0, "count_pharmacy": 0, "count_healthcare": 0, "count_education": 0, "count_fitness": 2, "count_office": 0, "count_bank": 0, "count_transport": 1, "count_leisure": 0, "count_fuel": 0, "feat_unsuitable_frac": 0.19128939166114078, "feat_industrial_frac": 0.0, "feat_residential": 0.28078752176253319, "feat_commercial": 0.045673435978792344, "feat_road_density": 175072.02841892431, "feat_mixed_use": 0.72969758726922374, "feat_isolation": 1.632605532230913e-06, "feat_anchor_proximity": 0.75915266270933401, "feat_low_connectivity": 0.0, "raw_lu_frac_unsuitable": 0.0, "raw_lu_frac_residential": 0.0, "raw_lu_frac_commercial": 0.0, "raw_lu_frac_industrial": 0.0 }, "geometry": { "type": "Polygon", "coordinates": [ [ [ -41.788152536690973, -22.394476146333794 ], [ -41.787095413339451, -22.392931773656453 ], [ -41.788085455749631, -22.391355663973226 ], [ -41.790132616617257, -22.391323934659638 ], [ -41.791189745095849, -22.392868315738276 ], [ -41.790199707581081, -22.394444417729176 ], [ -41.788152536690973, -22.394476146333794 ] ] ] } },
{ "type": "Feature", "properties": { "h3": "89a8b1a2437ffff", "lat": -22.412750237616301, "lon": -41.817216302380935, "area_km2": 0.12846455703370457, "score": 15.0, "class": "muito ruim", "direct_activity_score": 15.0, "neighborhood_inherited_score": 0.0, "pos_food": 0.40805717998700486, "pos_shop": 0.13630041724617525, "pos_supermarket": 0.35779816513761464, "pos_pharmacy": 0.0, "pos_fitness": 0.43850806451612923, "pos_education": 0.56703296703296713, "pos_healthcare": 0.0, "pos_office": 0.0, "pos_bank": 0.0, "pos_transport": 0.31910377358490571, "pos_leisure": 0.090828138913624248, "pos_fuel": 0.0, "pos_residential": 0.16398903990555866, "pos_commercial": 0.0, "pos_mixed_use": 1.2694774725104663, "pos_road_density": 0.28949731889343944, "pos_anchor_proximity": 1.3687428590539814, "positive_total": 5.4093353967818665, "pen_unsuitable_landuse": 2.2, "pen_industrial": 0.0, "pen_isolation": 0.01382384173356031, "pen_low_connectivity": 0.28420107244262421, "penalty_total": 2.4980249141761846, "raw": 2.9113104826056819, "score_physical": 55.47, "score_rank_pct": 75.35, "count_shop": 0, "count_supermarket": 0, "count_food": 0, "count_pharmacy": 0, "count_healthcare": 0, "count_education": 0, "count_fitness": 0, "count_office": 0, "count_bank": 0, "count_transport": 0, "count_leisure": 0, "count_fuel": 0, "feat_unsuitable_frac": 5.9509182599640926, "feat_industrial_frac": 0.0, "feat_residential": 0.10538638070231947, "feat_commercial": 0.0, "feat_road_density": 42799.987951226751, "feat_mixed_use": 0.6724872215494152, "feat_isolation": 0.015359824148400343, "feat_anchor_proximity": 0.61062391363252722, "feat_low_connectivity": 0.71050268110656056, "raw_lu_frac_unsuitable": 0.9451193404568029, "raw_lu_frac_residential": 0.01588304048114619, "raw_lu_frac_commercial": 0.0, "raw_lu_frac_industrial": 0.0 }, "geometry": { "type": "Polygon", "coordinates": [ [ [ -41.816226294814349, -22.414326159634079 ], [ -41.815169066805538, -22.412782310316608 ], [ -41.816159074308686, -22.411206380245215 ], [ -41.81820630487335, -22.41117430721151 ], [ -41.81926353795432, -22.412718164915994 ], [ -41.818273535399811, -22.414294087267148 ], [ -41.816226294814349, -22.414326159634079 ] ] ] } },
{ "type": "Feature", "properties": { "h3": "89a8b1b0a93ffff", "lat": -22.450275775561686, "lon": -41.811880989820835, "area_km2": 0.12845236436287197, "score": 30.0, "class": "ruim", "direct_activity_score": 30.0, "neighborhood_inherited_score": 0.0, "pos_food": 0.0, "pos_shop": 0.0, "pos_supermarket": 0.0, "pos_pharmacy": 0.0, "pos_fitness": 0.0, "pos_education": 0.0, "pos_healthcare": 0.0, "pos_office": 0.0, "pos_bank": 0.0, "pos_transport": 0.0, "pos_leisure": 0.0, "pos_fuel": 0.0, "pos_residential": 0.0, "pos_commercial": 0.0, "pos_mixed_use": 0.0, "pos_road_density": 0.0, "pos_anchor_proximity": 0.090604810200181227, "positive_total": 0.090604810200181227, "pen_unsuitable_landuse": 0.0, "pen_industrial": 0.0, "pen_isolation": 0.9, "pen_low_connectivity": 0.4, "penalty_total": 1.3, "raw": -1.2093951897998187, "score_physical": 30.66, "score_rank_pct": 29.41, "count_shop": 0, "count_supermarket": 0, "count_food": 0, "count_pharmacy": 0, "count_healthcare": 0, "count_education": 0, "count_fitness": 0, "count_office": 0, "count_bank": 0, "count_transport": 0, "count_leisure": 0, "count_fuel": 0, "feat_unsuitable_frac": 0.0, "feat_industrial_frac": 0.0, "feat_residential": 0.0, "feat_commercial": 0.0, "feat_road_density": 0.0, "feat_mixed_use": -0.0, "feat_isolation": 1.0, "feat_anchor_proximity": 0.10627616718256246, "feat_low_connectivity": 1.0, "raw_lu_frac_unsuitable": 0.0, "raw_lu_frac_residential": 0.0, "raw_lu_frac_commercial": 0.0, "raw_lu_frac_industrial": 0.0 }, "geometry": { "type": "Polygon", "coordinates": [ [ [ -41.810890911495676, -22.451850995611398 ], [ -41.809833634911612, -22.450307762747915 ], [ -41.810823713163224, -22.448732534634392 ], [ -41.81287106306106, -22.448700547110736 ], [ -41.813928344728382, -22.450243788375452 ], [ -41.812938271415938, -22.451819008762538 ], [ -41.810890911495676, -22.451850995611398 ] ] ] } },
{ "type": "Feature", "properties": { "h3": "89a8b1a24cbffff", "lat": -22.422396674317927, "lon": -41.798992603999579, "area_km2": 0.12846101618167657, "score": 30.0, "class": "ruim", "direct_activity_score": 30.0, "neighborhood_inherited_score": 0.0, "pos_food": 0.0, "pos_shop": 0.0, "pos_supermarket": 0.0, "pos_pharmacy": 0.0, "pos_fitness": 0.0, "pos_education": 0.0, "pos_healthcare": 0.0, "pos_office": 0.0, "pos_bank": 0.0, "pos_transport": 0.0, "pos_leisure": 0.0, "pos_fuel": 0.0, "pos_residential": 0.0, "pos_commercial": 0.0, "pos_mixed_use": 0.0, "pos_road_density": 0.0, "pos_anchor_proximity": 0.37090997139620641, "positive_total": 0.37090997139620641, "pen_unsuitable_landuse": 0.0, "pen_industrial": 0.0, "pen_isolation": 0.9, "pen_low_connectivity": 0.4, "penalty_total": 1.3, "raw": -0.92909002860379364, "score_physical": 32.95, "score_rank_pct": 61.34, "count_shop": 0, "count_supermarket": 0, "count_food": 0, "count_pharmacy": 0, "count_healthcare": 0, "count_education": 0, "count_fitness": 0, "count_office": 0, "count_bank": 0, "count_transport": 0, "count_leisure": 0, "count_fuel": 0, "feat_unsuitable_frac": 0.0, "feat_industrial_frac": 0.0, "feat_residential": 0.0, "feat_commercial": 0.0, "feat_road_density": 0.0, "feat_mixed_use": -0.0, "feat_isolation": 1.0, "feat_anchor_proximity": 0.21688337154072029, "feat_low_connectivity": 1.0, "raw_lu_frac_unsuitable": 0.0, "raw_lu_frac_residential": 0.0, "raw_lu_frac_commercial": 0.0, "raw_lu_frac_industrial": 0.0 }, "geometry": { "type": "Polygon", "coordinates": [ [ [ -41.798002538733144, -22.423972311646256 ], [ -41.796945341283354, -22.422428512705302 ], [ -41.797935406451529, -22.420852867321475 ], [ -41.79998266415641, -22.420821028587007 ], [ -41.801039866714362, -22.422364835930551 ], [ -41.800049806460606, -22.423940473605928 ], [ -41.798002538733144, -22.423972311646256 ] ] ] } },
{ "type": "Feature", "properties": { "h3": "89a8b1a2007ffff", "lat": -22.394125700600142, "lon": -41.81067143616157, "area_km2": 0.1284703712940925, "score": 73.821351535970408, "class": "bom", "direct_activity_score": 48.686221767125538, "neighborhood_inherited_score": 25.13512976884487, "pos_food": 0.26510721247563368, "pos_shop": 0.30180806675938804, "pos_supermarket": 0.74541284403669728, "pos_pharmacy": 0.0, "pos_fitness": 0.24949596774193558, "pos_education": 0.35604395604395606, "pos_healthcare": 0.27272727272727271, "pos_office": 1.0, "pos_bank": 0.0, "pos_transport": 0.44168632075471703, "pos_leisure": 0.024042742653606414, "pos_fuel": 0.0, "pos_residential": 0.5857696198281267, "pos_commercial": 0.17414987958954575, "pos_mixed_use": 1.3742640279162557, "pos_road_density": 0.38857171761447423, "pos_anchor_proximity": 1.3185859585764237, "positive_total": 7.497665586718032, "pen_unsuitable_landuse": 0.69494868618675076, "pen_industrial": 0.016214410540289211, "pen_isolation": 0.0056428810712886822, "pen_low_connectivity": 0.24457131295421031, "penalty_total": 0.96137729075253886, "raw": 6.5362882959654929, "score_physical": 70.41, "score_rank_pct": 81.79, "count_shop": 0, "count_supermarket": 0, "count_food": 0, "count_pharmacy": 0, "count_healthcare": 0, "count_education": 0, "count_fitness": 0, "count_office": 0, "count_bank": 0, "count_transport": 0, "count_leisure": 0, "count_fuel": 0, "feat_unsuitable_frac": 0.31588576644852306, "feat_industrial_frac": 0.04053602635072303, "feat_residential": 0.37644064624447748, "feat_commercial": 0.013361295552885033, "feat_road_density": 57447.388098984797, "feat_mixed_use": 0.72799637474550882, "feat_isolation": 0.0062698678569874247, "feat_anchor_proximity": 0.59083221762014682, "feat_low_connectivity": 0.61142828238552571, "raw_lu_frac_unsuitable": 0.0, "raw_lu_frac_residential": 0.0, "raw_lu_frac_commercial": 0.0010535879397487299, "raw_lu_frac_industrial": 0.0 }, "geometry": { "type": "Polygon", "coordinates": [ [ [ -41.809681442112002, -22.395701913690154 ], [ -41.808624261640794, -22.394157699948845 ], [ -41.80961425561437, -22.392581478810744 ], [ -41.811661425124491, -22.392549479123726 ], [ -41.812718610680449, -22.394093701251439 ], [ -41.811728621642878, -22.395669914679722 ], [ -41.809681442112002, -22.395701913690154 ] ] ] } },
{ "type": "Feature", "properties": { "h3": "89a8b1a245bffff", "lat": -22.417765114058568, "lon": -41.795821027674322, "area_km2": 0.12846242238815692, "score": 30.0, "class": "ruim", "direct_activity_score": 30.0, "neighborhood_inherited_score": 0.0, "pos_food": 0.0, "pos_shop": 0.0, "pos_supermarket": 0.0, "pos_pharmacy": 0.0, "pos_fitness": 0.0, "pos_education": 0.0, "pos_healthcare": 0.0, "pos_office": 0.0, "pos_bank": 0.0, "pos_transport": 0.0, "pos_leisure": 0.0, "pos_fuel": 0.0, "pos_residential": 0.0, "pos_commercial": 0.0, "pos_mixed_use": 0.0, "pos_road_density": 0.0, "pos_anchor_proximity": 0.47085487467527226, "positive_total": 0.47085487467527226, "pen_unsuitable_landuse": 0.0, "pen_industrial": 0.0, "pen_isolation": 0.9, "pen_low_connectivity": 0.4, "penalty_total": 1.3, "raw": -0.82914512532472773, "score_physical": 33.73, "score_rank_pct": 65.83, "count_shop": 0, "count_supermarket": 0, "count_food": 0, "count_pharmacy": 0, "count_healthcare": 0, "count_education": 0, "count_fitness": 0, "count_office": 0, "count_bank": 0, "count_transport": 0, "count_leisure": 0, "count_fuel": 0, "feat_unsuitable_frac": 0.0, "feat_industrial_frac": 0.0, "feat_residential": 0.0, "feat_commercial": 0.0, "feat_road_density": 0.0, "feat_mixed_use": -0.0, "feat_isolation": 1.0, "feat_anchor_proximity": 0.25632119813790216, "feat_low_connectivity": 1.0, "raw_lu_frac_unsuitable": 0.0, "raw_lu_frac_residential": 0.0, "raw_lu_frac_commercial": 0.0, "raw_lu_frac_industrial": 0.0 }, "geometry": { "type": "Polygon", "coordinates": [ [ [ -41.794830962176313, -22.419340814266782 ], [ -41.793773780520418, -22.417796914774769 ], [ -41.79476384591409, -22.416221206512493 ], [ -41.796811088056621, -22.416189405446815 ], [ -41.797868274826854, -22.417733313342367 ], [ -41.796878214341547, -22.419309013900019 ], [ -41.794830962176313, -22.419340814266782 ] ] ] } },
{ "type": "Feature", "properties": { "h3": "89a8b1b0ab7ffff", "lat": -22.442335067778135, "lon": -41.820925970963032, "area_km2": 0.12845513393443611, "score": 30.0, "class": "ruim", "direct_activity_score": 30.0, "neighborhood_inherited_score": 0.0, "pos_food": 0.0, "pos_shop": 0.0, "pos_supermarket": 0.0, "pos_pharmacy": 0.0, "pos_fitness": 0.0, "pos_education": 0.0, "pos_healthcare": 0.0, "pos_office": 0.0, "pos_bank": 0.0, "pos_transport": 0.0, "pos_leisure": 0.0, "pos_fuel": 0.0, "pos_residential": 0.0, "pos_commercial": 0.0, "pos_mixed_use": 0.0, "pos_road_density": 0.0, "pos_anchor_proximity": 0.16060027833345242, "positive_total": 0.16060027833345242, "pen_unsuitable_landuse": 0.0, "pen_industrial": 0.0, "pen_isolation": 0.9, "pen_low_connectivity": 0.4, "penalty_total": 1.3, "raw": -1.1393997216665477, "score_physical": 31.25, "score_rank_pct": 41.74, "count_shop": 0, "count_supermarket": 0, "count_food": 0, "count_pharmacy": 0, "count_healthcare": 0, "count_education": 0, "count_fitness": 0, "count_office": 0, "count_bank": 0, "count_transport": 0, "count_leisure": 0, "count_fuel": 0, "feat_unsuitable_frac": 0.0, "feat_industrial_frac": 0.0, "feat_residential": 0.0, "feat_commercial": 0.0, "feat_road_density": 0.0, "feat_mixed_use": -0.0, "feat_isolation": 1.0, "feat_anchor_proximity": 0.13389607619503852, "feat_low_connectivity": 1.0, "raw_lu_frac_unsuitable": 0.0, "raw_lu_frac_residential": 0.0, "raw_lu_frac_commercial": 0.0, "raw_lu_frac_industrial": 0.0 }, "geometry": { "type": "Polygon", "coordinates": [ [ [ -41.819935926217759, -22.443910485501487 ], [ -41.818878639741712, -22.442367172896866 ], [ -41.819868684430709, -22.440791747111483 ], [ -41.82191601064099, -22.440759641662126 ], [ -41.822973302182376, -22.442302962659404 ], [ -41.821983262449471, -22.443878380713347 ], [ -41.819935926217759, -22.443910485501487 ] ] ] } },
{ "type": "Feature", "properties": { "h3": "89a8b1a260fffff", "lat": -22.403868623877198, "lon": -41.786306583061744, "area_km2": 0.12846662992062724, "score": 78.101142987135233, "class": "bom", "direct_activity_score": 30.0, "neighborhood_inherited_score": 48.101142987135233, "pos_food": 0.60038986354775881, "pos_shop": 0.68150208623087616, "pos_supermarket": 0.53669724770642202, "pos_pharmacy": 0.171875, "pos_fitness": 0.40826612903225828, "pos_education": 0.23736263736263735, "pos_healthcare": 0.0, "pos_office": 0.3947368421052635, "pos_bank": 0.50378787878787912, "pos_transport": 0.21597877358490569, "pos_leisure": 0.56099732858414986, "pos_fuel": 0.3, "pos_residential": 0.23992374416216464, "pos_commercial": 0.78025477910500463, "pos_mixed_use": 1.5, "pos_road_density": 0.24064438784783665, "pos_anchor_proximity": 0.85468276232275342, "positive_total": 8.227099460379911, "pen_unsuitable_landuse": 0.14500074600180884, "pen_industrial": 0.0, "pen_isolation": 0.00036001656428933119, "pen_low_connectivity": 0.30374224486086537, "penalty_total": 0.44910300742696352, "raw": 7.7779964529529479, "score_physical": 74.84, "score_rank_pct": 85.71, "count_shop": 0, "count_supermarket": 0, "count_food": 0, "count_pharmacy": 0, "count_healthcare": 0, "count_education": 0, "count_fitness": 0, "count_office": 0, "count_bank": 0, "count_transport": 0, "count_leisure": 0, "count_fuel": 0, "feat_unsuitable_frac": 0.065909430000822194, "feat_industrial_frac": 0.0, "feat_residential": 0.1541852739449005, "feat_commercial": 0.05986346206350647, "feat_road_density": 35577.451769799976, "feat_mixed_use": 0.79520836606624135, "feat_isolation": 0.00040001840476592356, "feat_anchor_proximity": 0.40777802264387564, "feat_low_connectivity": 0.75935561215216341, "raw_lu_frac_unsuitable": 0.0, "raw_lu_frac_residential": 0.0, "raw_lu_frac_commercial": 0.0, "raw_lu_frac_industrial": 0.0 }, "geometry": { "type": "Polygon", "coordinates": [ [ [ -41.785316516906128, -22.40544451265869 ], [ -41.784259382668665, -22.403900311663314 ], [ -41.785249448701727, -22.40232441483208 ], [ -41.787296644083376, -22.402292726689325 ], [ -41.78835378345368, -22.403836936091082 ], [ -41.787363722310836, -22.40541282522916 ], [ -41.785316516906128, -22.40544451265869 ] ] ] } },
{ "type": "Feature", "properties": { "h3": "89a8b1b0c6bffff", "lat": -22.462556370208354, "lon": -41.824434183913425, "area_km2": 0.12844869550173055, "score": 24.017088864801075, "class": "ruim", "direct_activity_score": 24.017088864801075, "neighborhood_inherited_score": 0.0, "pos_food": 0.0, "pos_shop": 0.0, "pos_supermarket": 0.0, "pos_pharmacy": 0.0, "pos_fitness": 0.0, "pos_education": 0.0, "pos_healthcare": 0.0, "pos_office": 0.0, "pos_bank": 0.0, "pos_transport": 0.0, "pos_leisure": 0.0, "pos_fuel": 0.0, "pos_residential": 0.0, "pos_commercial": 0.0, "pos_mixed_use": 0.0, "pos_road_density": 0.0, "pos_anchor_proximity": 0.025636402545211285, "positive_total": 0.025636402545211285, "pen_unsuitable_landuse": 0.0, "pen_industrial": 0.0, "pen_isolation": 0.9, "pen_low_connectivity": 0.4, "penalty_total": 1.3, "raw": -1.2743635974547887, "score_physical": 30.11, "score_rank_pct": 9.8, "count_shop": 0, "count_supermarket": 0, "count_food": 0, "count_pharmacy": 0, "count_healthcare": 0, "count_education": 0, "count_fitness": 0, "count_office": 0, "count_bank": 0, "count_transport": 0, "count_leisure": 0, "count_fuel": 0, "feat_unsuitable_frac": 0.0, "feat_industrial_frac": 0.0, "feat_residential": 0.0, "feat_commercial": 0.0, "feat_road_density": 0.0, "feat_mixed_use": -0.0, "feat_isolation": 1.0, "feat_anchor_proximity": 0.08063991449404341, "feat_low_connectivity": 1.0, "raw_lu_frac_unsuitable": 0.0, "raw_lu_frac_residential": 0.0, "raw_lu_frac_commercial": 0.0, "raw_lu_frac_industrial": 0.0 }, "geometry": { "type": "Polygon", "coordinates": [ [ [ -41.823444116040527, -22.464131448861497 ], [ -41.822386787120131, -22.462588509809244 ], [ -41.823376854943497, -22.461013423088325 ], [ -41.825424246725575, -22.46098128315942 ], [ -41.82648158070473, -22.46252423060746 ], [ -41.825491517844384, -22.464099309588573 ], [ -41.823444116040527, -22.464131448861497 ] ] ] } },
{ "type": "Feature", "properties": { "h3": "89a8b1a2547ffff", "lat": -22.403294065028554, "lon": -41.823156246661057, "area_km2": 0.12846772602793824, "score": 62.667487673505143, "class": "bom", "direct_activity_score": 66.506990238690022, "neighborhood_inherited_score": 0.0, "pos_food": 0.064977257959714152, "pos_shop": 0.097357440890125185, "pos_supermarket": 0.22362385321100917, "pos_pharmacy": 0.0, "pos_fitness": 0.29485887096774205, "pos_education": 0.75164835164835164, "pos_healthcare": 0.0, "pos_office": 0.0, "pos_bank": 0.0, "pos_transport": 0.56686320754717001, "pos_leisure": 0.0, "pos_fuel": 0.0, "pos_residential": 0.65133508187720845, "pos_commercial": 0.0, "pos_mixed_use": 0.89287216439179362, "pos_road_density": 0.37198527449503654, "pos_anchor_proximity": 1.8, "positive_total": 5.7155215029881505, "pen_unsuitable_landuse": 2.2, "pen_industrial": 4.1167635673227314e-05, "pen_isolation": 0.023190161064158155, "pen_low_connectivity": 0.25120589020198542, "penalty_total": 2.4744372189018171, "raw": 3.2410842840863334, "score_physical": 56.99, "score_rank_pct": 75.91, "count_shop": 0, "count_supermarket": 0, "count_food": 0, "count_pharmacy": 0, "count_healthcare": 0, "count_education": 0, "count_fitness": 0, "count_office": 0, "count_bank": 0, "count_transport": 2, "count_leisure": 0, "count_fuel": 0, "feat_unsuitable_frac": 3.0530383210076728, "feat_industrial_frac": 0.00010291908918306827, "feat_residential": 0.41857582032932672, "feat_commercial": 0.0, "feat_road_density": 54995.207994591685, "feat_mixed_use": 0.47298603877013634, "feat_isolation": 0.025766845626842394, "feat_anchor_proximity": 0.79478197908283599, "feat_low_connectivity": 0.62801472550496351, "raw_lu_frac_unsuitable": 0.0, "raw_lu_frac_residential": 0.37296179352851866, "raw_lu_frac_commercial": 0.0, "raw_lu_frac_industrial": 0.0 }, "geometry": { "type": "Polygon", "coordinates": [ [ [ -41.822166267733593, -22.404870192140795 ], [ -41.821109040264695, -22.403326217110553 ], [ -41.822099019140047, -22.401750081947096 ], [ -41.82414622052594, -22.401717929536165 ], [ -41.825203453055181, -22.403261912946551 ], [ -41.824213479139516, -22.404838040387691 ], [ -41.822166267733593, -22.404870192140795 ] ] ] } },
{ "type": "Feature", "properties": { "h3": "89a8b1b1d73ffff", "lat": -22.446027446489389, "lon": -41.784141128154303, "area_km2": 0.12845302549912563, "score": 26.681821917752735, "class": "ruim", "direct_activity_score": 26.681821917752735, "neighborhood_inherited_score": 0.0, "pos_food": 0.0, "pos_shop": 0.0, "pos_supermarket": 0.0, "pos_pharmacy": 0.0, "pos_fitness": 0.0, "pos_education": 0.0, "pos_healthcare": 0.0, "pos_office": 0.0, "pos_bank": 0.0, "pos_transport": 0.0, "pos_leisure": 0.0, "pos_fuel": 0.0, "pos_residential": 0.0, "pos_commercial": 0.0, "pos_mixed_use": 0.0, "pos_road_density": 0.0, "pos_anchor_proximity": 0.049559878316704511, "positive_total": 0.049559878316704511, "pen_unsuitable_landuse": 0.0, "pen_industrial": 0.0, "pen_isolation": 0.9, "pen_low_connectivity": 0.4, "penalty_total": 1.3, "raw": -1.2504401216832954, "score_physical": 30.31, "score_rank_pct": 18.21, "count_shop": 0, "count_supermarket": 0, "count_food": 0, "count_pharmacy": 0, "count_healthcare": 0, "count_education": 0, "count_fitness": 0, "count_office": 0, "count_bank": 0, "count_transport": 0, "count_leisure": 0, "count_fuel": 0, "feat_unsuitable_frac": 0.0, "feat_industrial_frac": 0.0, "feat_residential": 0.0, "feat_commercial": 0.0, "feat_road_density": 0.0, "feat_mixed_use": -0.0, "feat_isolation": 1.0, "feat_anchor_proximity": 0.090080014570418712, "feat_low_connectivity": 1.0, "raw_lu_frac_unsuitable": 0.0, "raw_lu_frac_residential": 0.0, "raw_lu_frac_commercial": 0.0, "raw_lu_frac_industrial": 0.0 }, "geometry": { "type": "Polygon", "coordinates": [ [ [ -41.78315099153582, -22.447602570271766 ], [ -41.782093793015065, -22.446059085901851 ], [ -41.783083929506951, -22.44448395405805 ], [ -41.785131259634134, -22.44445231428735 ], [ -41.786188463292646, -22.445995807076923 ], [ -41.785198331687546, -22.447570931217488 ], [ -41.78315099153582, -22.447602570271766 ] ] ] } },
{ "type": "Feature", "properties": { "h3": "89a8b1b0adbffff", "lat": -22.447348721458994, "lon": -41.799529723366504, "area_km2": 0.1284530032163452, "score": 30.0, "class": "ruim", "direct_activity_score": 30.0, "neighborhood_inherited_score": 0.0, "pos_food": 0.0, "pos_shop": 0.0, "pos_supermarket": 0.0, "pos_pharmacy": 0.0, "pos_fitness": 0.0, "pos_education": 0.0, "pos_healthcare": 0.0, "pos_office": 0.0, "pos_bank": 0.0, "pos_transport": 0.0, "pos_leisure": 0.0, "pos_fuel": 0.0, "pos_residential": 0.0, "pos_commercial": 0.0, "pos_mixed_use": 0.0, "pos_road_density": 0.0, "pos_anchor_proximity": 0.085993024412553618, "positive_total": 0.085993024412553618, "pen_unsuitable_landuse": 0.0, "pen_industrial": 0.0, "pen_isolation": 0.9, "pen_low_connectivity": 0.4, "penalty_total": 1.3, "raw": -1.2140069755874465, "score_physical": 30.62, "score_rank_pct": 28.85, "count_shop": 0, "count_supermarket": 0, "count_food": 0, "count_pharmacy": 0, "count_healthcare": 0, "count_education": 0, "count_fitness": 0, "count_office": 0, "count_bank": 0, "count_transport": 0, "count_leisure": 0, "count_fuel": 0, "feat_unsuitable_frac": 0.0, "feat_industrial_frac": 0.0, "feat_residential": 0.0, "feat_commercial": 0.0, "feat_road_density": 0.0, "feat_mixed_use": -0.0, "feat_isolation": 1.0, "feat_anchor_proximity": 0.10445637645558598, "feat_low_connectivity": 1.0, "raw_lu_frac_unsuitable": 0.0, "raw_lu_frac_residential": 0.0, "raw_lu_frac_commercial": 0.0, "raw_lu_frac_industrial": 0.0 }, "geometry": { "type": "Polygon", "coordinates": [ [ [ -41.79853962063666, -22.448923917162709 ], [ -41.797482380466604, -22.447380554296466 ], [ -41.798472483099268, -22.445805350530279 ], [ -41.800519820987489, -22.445773517346129 ], [ -41.801577066265068, -22.447316888621526 ], [ -41.800586968548224, -22.448892084671879 ], [ -41.79853962063666, -22.448923917162709 ] ] ] } },
{ "type": "Feature", "properties": { "h3": "89a8b1a2633ffff", "lat": -22.403773444442304, "lon": -41.792448185922979, "area_km2": 0.12846682313926178, "score": 98.198547646726169, "class": "muito bom", "direct_activity_score": 30.0, "neighborhood_inherited_score": 68.198547646726169, "pos_food": 1.6, "pos_shop": 1.4, "pos_supermarket": 1.3, "pos_pharmacy": 1.1, "pos_fitness": 1.0, "pos_education": 0.84395604395604396, "pos_healthcare": 0.72727272727272729, "pos_office": 1.0, "pos_bank": 0.7, "pos_transport": 0.56232311320754724, "pos_leisure": 0.6, "pos_fuel": 0.5, "pos_residential": 0.39918703794559468, "pos_commercial": 1.2, "pos_mixed_use": 1.5, "pos_road_density": 0.57613104101655543, "pos_anchor_proximity": 1.5204969587125461, "positive_total": 16.529366922111013, "pen_unsuitable_landuse": 0.53289159322589974, "pen_industrial": 0.0, "pen_isolation": 5.8152885957955179e-10, "pen_low_connectivity": 0.16954758359337785, "penalty_total": 0.70243917740080641, "raw": 15.826927744710206, "score_physical": 98.87, "score_rank_pct": 96.64, "count_shop": 0, "count_supermarket": 0, "count_food": 0, "count_pharmacy": 0, "count_healthcare": 0, "count_education": 0, "count_fitness": 0, "count_office": 0, "count_bank": 0, "count_transport": 0, "count_leisure": 0, "count_fuel": 0, "feat_unsuitable_frac": 0.24222345146631805, "feat_industrial_frac": 0.0, "feat_residential": 0.25653468778519084, "feat_commercial": 0.14553856852338973, "feat_road_density": 85176.614789005223, "feat_mixed_use": 0.80723791360351682, "feat_isolation": 6.4614317731061311e-10, "feat_anchor_proximity": 0.67050542505922839, "feat_low_connectivity": 0.42386895898344457, "raw_lu_frac_unsuitable": 0.0025375916035796906, "raw_lu_frac_residential": 0.0, "raw_lu_frac_commercial": 0.0, "raw_lu_frac_industrial": 0.0 }, "geometry": { "type": "Polygon", "coordinates": [ [ [ -41.791458134248479, -22.405349372981039 ], [ -41.790400984411747, -22.403805209612727 ], [ -41.791391035975437, -22.402229273024005 ], [ -41.793438232475403, -22.402197507501562 ], [ -41.794495387432889, -22.403741679271882 ], [ -41.793505340770992, -22.40531760816258 ], [ -41.791458134248479, -22.405349372981039 ] ] ] } },
{ "type": "Feature", "properties": { "h3": "89a8b1b0e43ffff", "lat": -22.459822111138131, "lon": -41.799798298819027, "area_km2": 0.12844898887656189, "score": 24.362512861723921, "class": "ruim", "direct_activity_score": 24.362512861723921, "neighborhood_inherited_score": 0.0, "pos_food": 0.0, "pos_shop": 0.0, "pos_supermarket": 0.0, "pos_pharmacy": 0.0, "pos_fitness": 0.0, "pos_education": 0.0, "pos_healthcare": 0.0, "pos_office": 0.0, "pos_bank": 0.0, "pos_transport": 0.0, "pos_leisure": 0.0, "pos_fuel": 0.0, "pos_residential": 0.0, "pos_commercial": 0.0, "pos_mixed_use": 0.0, "pos_road_density": 0.0, "pos_anchor_proximity": 0.027177765030534554, "positive_total": 0.027177765030534554, "pen_unsuitable_landuse": 0.0, "pen_industrial": 0.0, "pen_isolation": 0.9, "pen_low_connectivity": 0.4, "penalty_total": 1.3, "raw": -1.2728222349694656, "score_physical": 30.12, "score_rank_pct": 10.92, "count_shop": 0, "count_supermarket": 0, "count_food": 0, "count_pharmacy": 0, "count_healthcare": 0, "count_education": 0, "count_fitness": 0, "count_office": 0, "count_bank": 0, "count_transport": 0, "count_leisure": 0, "count_fuel": 0, "feat_unsuitable_frac": 0.0, "feat_industrial_frac": 0.0, "feat_residential": 0.0, "feat_commercial": 0.0, "feat_road_density": 0.0, "feat_mixed_use": -0.0, "feat_isolation": 1.0, "feat_anchor_proximity": 0.081248129464744301, "feat_low_connectivity": 1.0, "raw_lu_frac_unsuitable": 0.0, "raw_lu_frac_residential": 0.0, "raw_lu_frac_commercial": 0.0, "raw_lu_frac_industrial": 0.0 }, "geometry": { "type": "Polygon", "coordinates": [ [ [ -41.798808177356491, -22.46139708587835 ], [ -41.797750915825077, -22.459853941203086 ], [ -41.798741037190972, -22.458278958396917 ], [ -41.800788415173102, -22.458247127985484 ], [ -41.801845681811706, -22.459790281073172 ], [ -41.800855565362319, -22.461365256159837 ], [ -41.798808177356491, -22.46139708587835 ] ] ] } },
{ "type": "Feature", "properties": { "h3": "89a8b1a204fffff", "lat": -22.391196746690738, "lon": -41.798321263918666, "area_km2": 0.12847100289479599, "score": 78.629834708529017, "class": "bom", "direct_activity_score": 53.045993893910484, "neighborhood_inherited_score": 25.583840814618533, "pos_food": 0.20532813515269674, "pos_shop": 0.45757997218358831, "pos_supermarket": 0.40252293577981652, "pos_pharmacy": 0.34375, "pos_fitness": 0.39314516129032268, "pos_education": 0.11868131868131868, "pos_healthcare": 0.45454545454545459, "pos_office": 0.0, "pos_bank": 0.0, "pos_transport": 0.52340801886792465, "pos_leisure": 0.19234194122885137, "pos_fuel": 0.3, "pos_residential": 1.0, "pos_commercial": 0.49542196031515406, "pos_mixed_use": 1.3742573742296265, "pos_road_density": 0.99865422921686786, "pos_anchor_proximity": 1.2807350956436878, "positive_total": 8.5403715971353105, "pen_unsuitable_landuse": 0.64415945469250568, "pen_industrial": 0.0, "pen_isolation": 0.0033280773448346422, "pen_low_connectivity": 0.00053830831325285544, "penalty_total": 0.64802584035059319, "raw": 7.8923457567847173, "score_physical": 75.23, "score_rank_pct": 86.55, "count_shop": 0, "count_supermarket": 0, "count_food": 0, "count_pharmacy": 0, "count_healthcare": 0, "count_education": 0, "count_fitness": 0, "count_office": 0, "count_bank": 0, "count_transport": 0, "count_leisure": 0, "count_fuel": 0, "feat_unsuitable_frac": 0.29279975213295711, "feat_industrial_frac": 0.0, "feat_residential": 0.677664160613619, "feat_commercial": 0.038010242962911708, "feat_road_density": 147643.4709008706, "feat_mixed_use": 0.72799285005182091, "feat_isolation": 0.0036978637164829355, "feat_anchor_proximity": 0.57589643080241515, "feat_low_connectivity": 0.0013457707831321386, "raw_lu_frac_unsuitable": 0.0, "raw_lu_frac_residential": 0.0, "raw_lu_frac_commercial": 0.0, "raw_lu_frac_industrial": 0.0 }, "geometry": { "type": "Polygon", "coordinates": [ [ [ -41.797331245477757, -22.392772935481776 ], [ -41.796274101423712, -22.391228592024635 ], [ -41.797264119765011, -22.389652395186882 ], [ -41.799311277249025, -22.389620549505384 ], [ -41.800368426412064, -22.391164901356838 ], [ -41.799378412983422, -22.392741090495438 ], [ -41.797331245477757, -22.392772935481776 ] ] ] } },
{ "type": "Feature", "properties": { "h3": "89a8b1b0a13ffff", "lat": -22.442527233509914, "lon": -41.808641989098632, "area_km2": 0.12845478214513251, "score": 30.0, "class": "ruim", "direct_activity_score": 30.0, "neighborhood_inherited_score": 0.0, "pos_food": 0.0, "pos_shop": 0.0, "pos_supermarket": 0.0, "pos_pharmacy": 0.0, "pos_fitness": 0.0, "pos_education": 0.0, "pos_healthcare": 0.0, "pos_office": 0.0, "pos_bank": 0.0, "pos_transport": 0.0, "pos_leisure": 0.0, "pos_fuel": 0.0, "pos_residential": 0.0, "pos_commercial": 0.0, "pos_mixed_use": 0.0, "pos_road_density": 0.0, "pos_anchor_proximity": 0.14899009194578064, "positive_total": 0.14899009194578064, "pen_unsuitable_landuse": 0.0, "pen_industrial": 0.0, "pen_isolation": 0.9, "pen_low_connectivity": 0.4, "penalty_total": 1.3, "raw": -1.1510099080542193, "score_physical": 31.15, "score_rank_pct": 40.62, "count_shop": 0, "count_supermarket": 0, "count_food": 0, "count_pharmacy": 0, "count_healthcare": 0, "count_education": 0, "count_fitness": 0, "count_office": 0, "count_bank": 0, "count_transport": 0, "count_leisure": 0, "count_fuel": 0, "feat_unsuitable_frac": 0.0, "feat_industrial_frac": 0.0, "feat_residential": 0.0, "feat_commercial": 0.0, "feat_road_density": 0.0, "feat_mixed_use": -0.0, "feat_isolation": 1.0, "feat_anchor_proximity": 0.12931474685761879, "feat_low_connectivity": 1.0, "raw_lu_frac_unsuitable": 0.0, "raw_lu_frac_residential": 0.0, "raw_lu_frac_commercial": 0.0, "raw_lu_frac_industrial": 0.0 }, "geometry": { "type": "Polygon", "coordinates": [ [ [ -41.807651915199216, -22.444102571720634 ], [ -41.806594659724624, -22.44255918363471 ], [ -41.807584733544253, -22.440983837362467 ], [ -41.809632057906896, -22.440951886897828 ], [ -41.810689318471013, -22.442495283385121 ], [ -41.809699249584298, -22.444070621935644 ], [ -41.807651915199216, -22.444102571720634 ] ] ] } },
{ "type": "Feature", "properties": { "h3": "89a8b1b0bc7ffff", "lat": -22.432881920314472, "lon": -41.826866138288707, "area_km2": 0.12845830986177348, "score": 30.0, "class": "ruim", "direct_activity_score": 30.0, "neighborhood_inherited_score": 0.0, "pos_food": 0.0, "pos_shop": 0.0, "pos_supermarket": 0.0, "pos_pharmacy": 0.0, "pos_fitness": 0.0, "pos_education": 0.0, "pos_healthcare": 0.0, "pos_office": 0.0, "pos_bank": 0.0, "pos_transport": 0.0, "pos_leisure": 0.0, "pos_fuel": 0.0, "pos_residential": 0.0, "pos_commercial": 0.0, "pos_mixed_use": 0.0, "pos_road_density": 0.0, "pos_anchor_proximity": 0.26846183175480054, "positive_total": 0.26846183175480054, "pen_unsuitable_landuse": 0.039937498176094245, "pen_industrial": 0.0, "pen_isolation": 0.9, "pen_low_connectivity": 0.4, "penalty_total": 1.3399374981760943, "raw": -1.0714756664212937, "score_physical": 31.81, "score_rank_pct": 51.54, "count_shop": 0, "count_supermarket": 0, "count_food": 0, "count_pharmacy": 0, "count_healthcare": 0, "count_education": 0, "count_fitness": 0, "count_office": 0, "count_bank": 0, "count_transport": 0, "count_leisure": 0, "count_fuel": 0, "feat_unsuitable_frac": 0.018153408261861018, "feat_industrial_frac": 0.0, "feat_residential": 0.0, "feat_commercial": 0.0, "feat_road_density": 0.0, "feat_mixed_use": -0.0, "feat_isolation": 1.0, "feat_anchor_proximity": 0.17645777870083093, "feat_low_connectivity": 1.0, "raw_lu_frac_unsuitable": 0.0, "raw_lu_frac_residential": 0.0, "raw_lu_frac_commercial": 0.0, "raw_lu_frac_industrial": 0.0 }, "geometry": { "type": "Polygon", "coordinates": [ [ [ -41.825876122198274, -22.43445754334083 ], [ -41.824818836276634, -22.432914104885572 ], [ -41.825808852322133, -22.431338473799574 ], [ -41.827856149323445, -22.431306288902302 ], [ -41.828913440298585, -22.432849735743368 ], [ -41.827923429220242, -22.434425359095847 ], [ -41.825876122198274, -22.43445754334083 ] ] ] } },
{ "type": "Feature", "properties": { "h3": "89a8b1b0a3bffff", "lat": -22.434682097060872, "lon": -41.811544981322925, "area_km2": 0.12845737693611398, "score": 30.0, "class": "ruim", "direct_activity_score": 30.0, "neighborhood_inherited_score": 0.0, "pos_food": 0.0, "pos_shop": 0.0, "pos_supermarket": 0.0, "pos_pharmacy": 0.0, "pos_fitness": 0.0, "pos_education": 0.0, "pos_healthcare": 0.0, "pos_office": 0.0, "pos_bank": 0.0, "pos_transport": 0.0, "pos_leisure": 0.0, "pos_fuel": 0.0, "pos_residential": 0.0, "pos_commercial": 0.0, "pos_mixed_use": 0.0, "pos_road_density": 0.0, "pos_anchor_proximity": 0.26288507684840839, "positive_total": 0.26288507684840839, "pen_unsuitable_landuse": 0.0, "pen_industrial": 0.0, "pen_isolation": 0.9, "pen_low_connectivity": 0.4, "penalty_total": 1.3, "raw": -1.0371149231515917, "score_physical": 32.09, "score_rank_pct": 54.9, "count_shop": 0, "count_supermarket": 0, "count_food": 0, "count_pharmacy": 0, "count_healthcare": 0, "count_education": 0, "count_fitness": 0, "count_office": 0, "count_bank": 0, "count_transport": 0, "count_leisure": 0, "count_fuel": 0, "feat_unsuitable_frac": 0.0, "feat_industrial_frac": 0.0, "feat_residential": 0.0, "feat_commercial": 0.0, "feat_road_density": 0.0, "feat_mixed_use": -0.0, "feat_isolation": 1.0, "feat_anchor_proximity": 0.1742572153328403, "feat_low_connectivity": 1.0, "raw_lu_frac_unsuitable": 0.0, "raw_lu_frac_residential": 0.0, "raw_lu_frac_commercial": 0.0, "raw_lu_frac_industrial": 0.0 }, "geometry": { "type": "Polygon", "coordinates": [ [ [ -41.810554926409004, -22.436257593160164 ], [ -41.809497676524607, -22.434714087622332 ], [ -41.810487731364297, -22.433138583463563 ], [ -41.812535031151427, -22.433106592564432 ], [ -41.813592286119501, -22.434650106499408 ], [ -41.812602236218098, -22.436225602936336 ], [ -41.810554926409004, -22.436257593160164 ] ] ] } },
{ "type": "Feature", "properties": { "h3": "89a8b1b1d97ffff", "lat": -22.45991748500861, "lon": -41.793656151425395, "area_km2": 0.12844880054928218, "score": 23.468294775534478, "class": "ruim", "direct_activity_score": 23.468294775534478, "neighborhood_inherited_score": 0.0, "pos_food": 0.0, "pos_shop": 0.0, "pos_supermarket": 0.0, "pos_pharmacy": 0.0, "pos_fitness": 0.0, "pos_education": 0.0, "pos_healthcare": 0.0, "pos_office": 0.0, "pos_bank": 0.0, "pos_transport": 0.0, "pos_leisure": 0.0, "pos_fuel": 0.0, "pos_residential": 0.0, "pos_commercial": 0.0, "pos_mixed_use": 0.0, "pos_road_density": 0.0, "pos_anchor_proximity": 0.018246886854558803, "positive_total": 0.018246886854558803, "pen_unsuitable_landuse": 0.0, "pen_industrial": 0.0, "pen_isolation": 0.9, "pen_low_connectivity": 0.4, "penalty_total": 1.3, "raw": -1.2817531131454412, "score_physical": 30.04, "score_rank_pct": 8.12, "count_shop": 0, "count_supermarket": 0, "count_food": 0, "count_pharmacy": 0, "count_healthcare": 0, "count_education": 0, "count_fitness": 0, "count_office": 0, "count_bank": 0, "count_transport": 0, "count_leisure": 0, "count_fuel": 0, "feat_unsuitable_frac": 0.0, "feat_industrial_frac": 0.0, "feat_residential": 0.0, "feat_commercial": 0.0, "feat_road_density": 0.0, "feat_mixed_use": -0.0, "feat_isolation": 1.0, "feat_anchor_proximity": 0.077724043560321185, "feat_low_connectivity": 1.0, "raw_lu_frac_unsuitable": 0.0, "raw_lu_frac_residential": 0.0, "raw_lu_frac_commercial": 0.0, "raw_lu_frac_industrial": 0.0 }, "geometry": { "type": "Polygon", "coordinates": [ [ [ -41.792666015451942, -22.461492419925523 ], [ -41.791608769493486, -22.459949237523912 ], [ -41.792598905358552, -22.458374294541297 ], [ -41.794646282278478, -22.458342541674902 ], [ -41.795703533356203, -22.459885732493305 ], [ -41.794713402396077, -22.461460667761266 ], [ -41.792666015451942, -22.461492419925523 ] ] ] } },
{ "type": "Feature", "properties": { "h3": "89a8b1a24a3ffff", "lat": -22.418989577795678, "lon": -41.817350754728494, "area_km2": 0.12846255749816782, "score": 50.039157157192534, "class": "médio", "direct_activity_score": 30.0, "neighborhood_inherited_score": 20.039157157192534, "pos_food": 0.28330084470435368, "pos_shop": 0.0, "pos_supermarket": 0.0, "pos_pharmacy": 0.0, "pos_fitness": 0.2570564516129033, "pos_education": 0.19780219780219782, "pos_healthcare": 0.0, "pos_office": 0.0, "pos_bank": 0.0, "pos_transport": 0.083667452830188699, "pos_leisure": 0.040071237756010701, "pos_fuel": 0.0, "pos_residential": 0.073846439560991434, "pos_commercial": 0.0, "pos_mixed_use": 0.82960213637555724, "pos_road_density": 0.065801991008118912, "pos_anchor_proximity": 1.2352043913242221, "positive_total": 3.0663531429745436, "pen_unsuitable_landuse": 2.2, "pen_industrial": 0.0, "pen_isolation": 0.15987540023562147, "pen_low_connectivity": 0.37367920359675244, "penalty_total": 2.7335546038323741, "raw": 0.3327985391421695, "score_physical": 41.71, "score_rank_pct": 69.47, "count_shop": 0, "count_supermarket": 0, "count_food": 0, "count_pharmacy": 0, "count_healthcare": 0, "count_education": 0, "count_fitness": 0, "count_office": 0, "count_bank": 0, "count_transport": 0, "count_leisure": 0, "count_fuel": 0, "feat_unsuitable_frac": 2.1390117739149379, "feat_industrial_frac": 0.0, "feat_residential": 0.047456884908694881, "feat_commercial": 0.0, "feat_road_density": 9728.3264421211315, "feat_mixed_use": 0.43946966193845394, "feat_isolation": 0.17763933359513495, "feat_anchor_proximity": 0.5579302117868753, "feat_low_connectivity": 0.9341980089918811, "raw_lu_frac_unsuitable": 0.0, "raw_lu_frac_residential": 0.0, "raw_lu_frac_commercial": 0.0, "raw_lu_frac_industrial": 0.0 }, "geometry": { "type": "Polygon", "coordinates": [ [ [ -41.816360737798902, -22.420565389509797 ], [ -41.815303499111323, -22.419021649162659 ], [ -41.816293515977748, -22.417445829393191 ], [ -41.8183407665841, -22.417413757692913 ], [ -41.819398010343683, -22.418957506428701 ], [ -41.818407998426245, -22.420533318476089 ], [ -41.816360737798902, -22.420565389509797 ] ] ] } },
{ "type": "Feature", "properties": { "h3": "89a8b1b1967ffff", "lat": -22.419467744728294, "lon": -41.786641957345836, "area_km2": 0.12846163448093087, "score": 30.0, "class": "ruim", "direct_activity_score": 30.0, "neighborhood_inherited_score": 0.0, "pos_food": 0.0, "pos_shop": 0.0, "pos_supermarket": 0.0, "pos_pharmacy": 0.0, "pos_fitness": 0.0, "pos_education": 0.0, "pos_healthcare": 0.0, "pos_office": 0.0, "pos_bank": 0.0, "pos_transport": 0.0, "pos_leisure": 0.0, "pos_fuel": 0.0, "pos_residential": 0.0, "pos_commercial": 0.0, "pos_mixed_use": 0.0, "pos_road_density": 0.0, "pos_anchor_proximity": 0.30557742859718656, "positive_total": 0.30557742859718656, "pen_unsuitable_landuse": 0.0, "pen_industrial": 0.0, "pen_isolation": 0.9, "pen_low_connectivity": 0.4, "penalty_total": 1.3, "raw": -0.99442257140281343, "score_physical": 32.43, "score_rank_pct": 57.42, "count_shop": 0, "count_supermarket": 0, "count_food": 0, "count_pharmacy": 0, "count_healthcare": 0, "count_education": 0, "count_fitness": 0, "count_office": 0, "count_bank": 0, "count_transport": 0, "count_leisure": 0, "count_fuel": 0, "feat_unsuitable_frac": 0.0, "feat_industrial_frac": 0.0, "feat_residential": 0.0, "feat_commercial": 0.0, "feat_road_density": 0.0, "feat_mixed_use": -0.0, "feat_isolation": 1.0, "feat_anchor_proximity": 0.19110343269915267, "feat_low_connectivity": 1.0, "raw_lu_frac_unsuitable": 0.0, "raw_lu_frac_residential": 0.0, "raw_lu_frac_commercial": 0.0, "raw_lu_frac_industrial": 0.0 }, "geometry": { "type": "Polygon", "coordinates": [ [ [ -41.785651867773261, -22.421043357686418 ], [ -41.784594706836401, -22.419499428949621 ], [ -41.785584796287118, -22.417923807937367 ], [ -41.787632041784931, -22.417892123359671 ], [ -41.788689207854198, -22.419436060506968 ], [ -41.787699123294573, -22.421011673821415 ], [ -41.785651867773261, -22.421043357686418 ] ] ] } },
{ "type": "Feature", "properties": { "h3": "89a8b1b0e67ffff", "lat": -22.451882943697676, "lon": -41.808843552055542, "area_km2": 0.12845177318409823, "score": 29.114603563202401, "class": "ruim", "direct_activity_score": 29.114603563202401, "neighborhood_inherited_score": 0.0, "pos_food": 0.0, "pos_shop": 0.0, "pos_supermarket": 0.0, "pos_pharmacy": 0.0, "pos_fitness": 0.0, "pos_education": 0.0, "pos_healthcare": 0.0, "pos_office": 0.0, "pos_bank": 0.0, "pos_transport": 0.0, "pos_leisure": 0.0, "pos_fuel": 0.0, "pos_residential": 0.0, "pos_commercial": 0.0, "pos_mixed_use": 0.0, "pos_road_density": 0.0, "pos_anchor_proximity": 0.077035676222935778, "positive_total": 0.077035676222935778, "pen_unsuitable_landuse": 0.0, "pen_industrial": 0.0, "pen_isolation": 0.9, "pen_low_connectivity": 0.4, "penalty_total": 1.3, "raw": -1.2229643237770642, "score_physical": 30.55, "score_rank_pct": 25.77, "count_shop": 0, "count_supermarket": 0, "count_food": 0, "count_pharmacy": 0, "count_healthcare": 0, "count_education": 0, "count_fitness": 0, "count_office": 0, "count_bank": 0, "count_transport": 0, "count_leisure": 0, "count_fuel": 0, "feat_unsuitable_frac": 0.0, "feat_industrial_frac": 0.0, "feat_residential": 0.0, "feat_commercial": 0.0, "feat_road_density": 0.0, "feat_mixed_use": -0.0, "feat_isolation": 1.0, "feat_anchor_proximity": 0.10092184559825589, "feat_low_connectivity": 1.0, "raw_lu_frac_unsuitable": 0.0, "raw_lu_frac_residential": 0.0, "raw_lu_frac_commercial": 0.0, "raw_lu_frac_industrial": 0.0 }, "geometry": { "type": "Polygon", "coordinates": [ [ [ -41.807853464108618, -22.453458116243599 ], [ -41.806796192613817, -22.451914891783954 ], [ -41.80778628048138, -22.4503397111739 ], [ -41.809833634911612, -22.450307762747915 ], [ -41.810890911495676, -22.451850995611398 ], [ -41.809900828561567, -22.453426168496975 ], [ -41.807853464108618, -22.453458116243599 ] ] ] } },
{ "type": "Feature", "properties": { "h3": "89a8b1a2073ffff", "lat": -22.391101094669864, "lon": -41.80446275294679, "area_km2": 0.12847118783661707, "score": 70.516673871358691, "class": "bom", "direct_activity_score": 52.136188216443045, "neighborhood_inherited_score": 18.380485654915645, "pos_food": 0.1351526965562054, "pos_shop": 0.13954566527584608, "pos_supermarket": 0.50688073394495414, "pos_pharmacy": 0.0, "pos_fitness": 0.18145161290322587, "pos_education": 0.0, "pos_healthcare": 0.45454545454545459, "pos_office": 0.44407894736842141, "pos_bank": 0.0, "pos_transport": 0.25683962264150945, "pos_leisure": 0.08815672306322353, "pos_fuel": 0.0, "pos_residential": 1.0, "pos_commercial": 0.064006332469839278, "pos_mixed_use": 1.3267327865796676, "pos_road_density": 0.53960845041996908, "pos_anchor_proximity": 1.3023669323254945, "positive_total": 6.439365958093811, "pen_unsuitable_landuse": 0.68829855514218863, "pen_industrial": 0.0047943138596555045, "pen_isolation": 0.050521286550720378, "pen_low_connectivity": 0.18415661983201237, "penalty_total": 0.92777077538457686, "raw": 5.5115951827092342, "score_physical": 66.52, "score_rank_pct": 79.83, "count_shop": 0, "count_supermarket": 0, "count_food": 0, "count_pharmacy": 0, "count_healthcare": 0, "count_education": 0, "count_fitness": 0, "count_office": 0, "count_bank": 0, "count_transport": 0, "count_leisure": 0, "count_fuel": 0, "feat_unsuitable_frac": 0.31286297961008569, "feat_industrial_frac": 0.011985784649138761, "feat_residential": 0.74362697331876459, "feat_commercial": 0.004910755766247929, "feat_road_density": 79777.026138386791, "feat_mixed_use": 0.70281739117518538, "feat_isolation": 0.056134762834133753, "feat_anchor_proximity": 0.58443226000476667, "feat_low_connectivity": 0.46039154958003092, "raw_lu_frac_unsuitable": 0.019112722999878057, "raw_lu_frac_residential": 0.021515322046578498, "raw_lu_frac_commercial": 0.0, "raw_lu_frac_industrial": 0.0 }, "geometry": { "type": "Polygon", "coordinates": [ [ [ -41.803472749030966, -22.392677323171938 ], [ -41.802415589425756, -22.391133017349823 ], [ -41.803405593253729, -22.389556780800802 ], [ -41.805452751763973, -22.389524857777864 ], [ -41.806509916466091, -22.391069171989908 ], [ -41.805519917562386, -22.392645400834922 ], [ -41.803472749030966, -22.392677323171938 ] ] ] } },
{ "type": "Feature", "properties": { "h3": "89a8b1b0a37ffff", "lat": -22.434586009165514, "lon": -41.817686897109141, "area_km2": 0.12845755292483424, "score": 30.0, "class": "ruim", "direct_activity_score": 30.0, "neighborhood_inherited_score": 0.0, "pos_food": 0.0, "pos_shop": 0.0, "pos_supermarket": 0.0, "pos_pharmacy": 0.0, "pos_fitness": 0.0, "pos_education": 0.0, "pos_healthcare": 0.0, "pos_office": 0.0, "pos_bank": 0.0, "pos_transport": 0.0, "pos_leisure": 0.0, "pos_fuel": 0.0, "pos_residential": 0.0, "pos_commercial": 0.0, "pos_mixed_use": 0.0, "pos_road_density": 0.0, "pos_anchor_proximity": 0.27798195089307648, "positive_total": 0.27798195089307648, "pen_unsuitable_landuse": 0.0, "pen_industrial": 0.0, "pen_isolation": 0.9, "pen_low_connectivity": 0.4, "penalty_total": 1.3, "raw": -1.0220180491069235, "score_physical": 32.21, "score_rank_pct": 55.74, "count_shop": 0, "count_supermarket": 0, "count_food": 0, "count_pharmacy": 0, "count_healthcare": 0, "count_education": 0, "count_fitness": 0, "count_office": 0, "count_bank": 0, "count_transport": 0, "count_leisure": 0, "count_fuel": 0, "feat_unsuitable_frac": 0.0, "feat_industrial_frac": 0.0, "feat_residential": 0.0, "feat_commercial": 0.0, "feat_road_density": 0.0, "feat_mixed_use": -0.0, "feat_isolation": 1.0, "feat_anchor_proximity": 0.18021437654065775, "feat_low_connectivity": 1.0, "raw_lu_frac_unsuitable": 0.0, "raw_lu_frac_residential": 0.0, "raw_lu_frac_commercial": 0.0, "raw_lu_frac_industrial": 0.0 }, "geometry": { "type": "Polygon", "coordinates": [ [ [ -41.816696856771301, -22.436161545009988 ], [ -41.815639591385896, -22.434618077200891 ], [ -41.816629631661236, -22.433042533296714 ], [ -41.818676932373464, -22.433010464928284 ], [ -41.819734202830453, -22.43455394113014 ], [ -41.818744167504967, -22.436129477307617 ], [ -41.816696856771301, -22.436161545009988 ] ] ] } },
{ "type": "Feature", "properties": { "h3": "89a8b1b1dbbffff", "lat": -22.453681013930442, "lon": -41.793521922528171, "area_km2": 0.12845080829817751, "score": 25.95599635223159, "class": "ruim", "direct_activity_score": 25.95599635223159, "neighborhood_inherited_score": 0.0, "pos_food": 0.0, "pos_shop": 0.0, "pos_supermarket": 0.0, "pos_pharmacy": 0.0, "pos_fitness": 0.0, "pos_education": 0.0, "pos_healthcare": 0.0, "pos_office": 0.0, "pos_bank": 0.0, "pos_transport": 0.0, "pos_leisure": 0.0, "pos_fuel": 0.0, "pos_residential": 0.0, "pos_commercial": 0.0, "pos_mixed_use": 0.0, "pos_road_density": 0.0, "pos_anchor_proximity": 0.040626178518786984, "positive_total": 0.040626178518786984, "pen_unsuitable_landuse": 0.0, "pen_industrial": 0.0, "pen_isolation": 0.9, "pen_low_connectivity": 0.4, "penalty_total": 1.3, "raw": -1.2593738214812131, "score_physical": 30.24, "score_rank_pct": 15.97, "count_shop": 0, "count_supermarket": 0, "count_food": 0, "count_pharmacy": 0, "count_healthcare": 0, "count_education": 0, "count_fitness": 0, "count_office": 0, "count_bank": 0, "count_transport": 0, "count_leisure": 0, "count_fuel": 0, "feat_unsuitable_frac": 0.0, "feat_industrial_frac": 0.0, "feat_residential": 0.0, "feat_commercial": 0.0, "feat_road_density": 0.0, "feat_mixed_use": -0.0, "feat_isolation": 1.0, "feat_anchor_proximity": 0.086554815266180182, "feat_low_connectivity": 1.0, "raw_lu_frac_unsuitable": 0.0, "raw_lu_frac_residential": 0.0, "raw_lu_frac_commercial": 0.0, "raw_lu_frac_industrial": 0.0 }, "geometry": { "type": "Polygon", "coordinates": [ [ [ -41.792531795921938, -22.455256059350596 ], [ -41.791474560644488, -22.453712767850227 ], [ -41.792464687142065, -22.452137714366113 ], [ -41.794512044013842, -22.452105960095135 ], [ -41.795569284410732, -22.453649260010657 ], [ -41.79457916281774, -22.455224305781964 ], [ -41.792531795921938, -22.455256059350596 ] ] ] } },
{ "type": "Feature", "properties": { "h3": "89a8b1a24c7ffff", "lat": -22.422301042998157, "lon": -41.805134393684142, "area_km2": 0.12846120074772086, "score": 30.0, "class": "ruim", "direct_activity_score": 30.0, "neighborhood_inherited_score": 0.0, "pos_food": 0.0, "pos_shop": 0.0, "pos_supermarket": 0.0, "pos_pharmacy": 0.0, "pos_fitness": 0.0, "pos_education": 0.0, "pos_healthcare": 0.0, "pos_office": 0.0, "pos_bank": 0.0, "pos_transport": 0.0, "pos_leisure": 0.0, "pos_fuel": 0.0, "pos_residential": 0.0, "pos_commercial": 0.0, "pos_mixed_use": 0.0, "pos_road_density": 0.0, "pos_anchor_proximity": 0.48334616050956036, "positive_total": 0.48334616050956036, "pen_unsuitable_landuse": 0.0, "pen_industrial": 0.0, "pen_isolation": 0.9, "pen_low_connectivity": 0.4, "penalty_total": 1.3, "raw": -0.81665383949043968, "score_physical": 33.82, "score_rank_pct": 66.39, "count_shop": 0, "count_supermarket": 0, "count_food": 0, "count_pharmacy": 0, "count_healthcare": 0, "count_education": 0, "count_fitness": 0, "count_office": 0, "count_bank": 0, "count_transport": 0, "count_leisure": 0, "count_fuel": 0, "feat_unsuitable_frac": 0.0, "feat_industrial_frac": 0.0, "feat_residential": 0.0, "feat_commercial": 0.0, "feat_road_density": 0.0, "feat_mixed_use": -0.0, "feat_isolation": 1.0, "feat_anchor_proximity": 0.2612502055064217, "feat_low_connectivity": 1.0, "raw_lu_frac_unsuitable": 0.0, "raw_lu_frac_residential": 0.0, "raw_lu_frac_commercial": 0.0, "raw_lu_frac_industrial": 0.0 }, "geometry": { "type": "Polygon", "coordinates": [ [ [ -41.804144342946699, -22.423876720082163 ], [ -41.803087129946881, -22.422332958823901 ], [ -41.804077180597801, -22.420757273684163 ], [ -41.806124439323874, -22.420725357515948 ], [ -41.80718165741979, -22.422269127172417 ], [ -41.806191611694857, -22.423844804598858 ], [ -41.804144342946699, -22.423876720082163 ] ] ] } },
{ "type": "Feature", "properties": { "h3": "89a8b1b198bffff", "lat": -22.435064124394632, "lon": -41.786977348040367, "area_km2": 0.12845663084819975, "score": 30.0, "class": "ruim", "direct_activity_score": 30.0, "neighborhood_inherited_score": 0.0, "pos_food": 0.0, "pos_shop": 0.0, "pos_supermarket": 0.0, "pos_pharmacy": 0.0, "pos_fitness": 0.0, "pos_education": 0.0, "pos_healthcare": 0.0, "pos_office": 0.0, "pos_bank": 0.0, "pos_transport": 0.0, "pos_leisure": 0.0, "pos_fuel": 0.0, "pos_residential": 0.0, "pos_commercial": 0.0, "pos_mixed_use": 0.0, "pos_road_density": 0.0, "pos_anchor_proximity": 0.11943701758891388, "positive_total": 0.11943701758891388, "pen_unsuitable_landuse": 0.0, "pen_industrial": 0.0, "pen_isolation": 0.9, "pen_low_connectivity": 0.4, "penalty_total": 1.3, "raw": -1.1805629824110861, "score_physical": 30.91, "score_rank_pct": 34.45, "count_shop": 0, "count_supermarket": 0, "count_food": 0, "count_pharmacy": 0, "count_healthcare": 0, "count_education": 0, "count_fitness": 0, "count_office": 0, "count_bank": 0, "count_transport": 0, "count_leisure": 0, "count_fuel": 0, "feat_unsuitable_frac": 0.0, "feat_industrial_frac": 0.0, "feat_residential": 0.0, "feat_commercial": 0.0, "feat_road_density": 0.0, "feat_mixed_use": -0.0, "feat_isolation": 1.0, "feat_anchor_proximity": 0.11765323152606254, "feat_low_connectivity": 1.0, "raw_lu_frac_unsuitable": 0.0, "raw_lu_frac_residential": 0.0, "raw_lu_frac_commercial": 0.0, "raw_lu_frac_industrial": 0.0 }, "geometry": { "type": "Polygon", "coordinates": [ [ [ -41.78598723504976, -22.436639461371595 ], [ -41.784930047412246, -22.435095805053756 ], [ -41.785920160281648, -22.433520460018297 ], [ -41.787967455897942, -22.433488779003063 ], [ -41.78902464866745, -22.435032443735508 ], [ -41.788034540690013, -22.436607781068535 ], [ -41.78598723504976, -22.436639461371595 ] ] ] } },
{ "type": "Feature", "properties": { "h3": "89a8b1b0e6bffff", "lat": -22.451978671668165, "lon": -41.802701475215066, "area_km2": 0.12845159108296081, "score": 28.382899155549669, "class": "ruim", "direct_activity_score": 28.382899155549669, "neighborhood_inherited_score": 0.0, "pos_food": 0.0, "pos_shop": 0.0, "pos_supermarket": 0.0, "pos_pharmacy": 0.0, "pos_fitness": 0.0, "pos_education": 0.0, "pos_healthcare": 0.0, "pos_office": 0.0, "pos_bank": 0.0, "pos_transport": 0.0, "pos_leisure": 0.0, "pos_fuel": 0.0, "pos_residential": 0.0, "pos_commercial": 0.0, "pos_mixed_use": 0.0, "pos_road_density": 0.0, "pos_anchor_proximity": 0.067046048574136929, "positive_total": 0.067046048574136929, "pen_unsuitable_landuse": 0.0, "pen_industrial": 0.0, "pen_isolation": 0.9, "pen_low_connectivity": 0.4, "penalty_total": 1.3, "raw": -1.2329539514258632, "score_physical": 30.46, "score_rank_pct": 23.53, "count_shop": 0, "count_supermarket": 0, "count_food": 0, "count_pharmacy": 0, "count_healthcare": 0, "count_education": 0, "count_fitness": 0, "count_office": 0, "count_bank": 0, "count_transport": 0, "count_leisure": 0, "count_fuel": 0, "feat_unsuitable_frac": 0.0, "feat_industrial_frac": 0.0, "feat_residential": 0.0, "feat_commercial": 0.0, "feat_road_density": 0.0, "feat_mixed_use": -0.0, "feat_isolation": 1.0, "feat_anchor_proximity": 0.096979981730683743, "feat_low_connectivity": 1.0, "raw_lu_frac_unsuitable": 0.0, "raw_lu_frac_residential": 0.0, "raw_lu_frac_commercial": 0.0, "raw_lu_frac_industrial": 0.0 }, "geometry": { "type": "Polygon", "coordinates": [ [ [ -41.80171137272405, -22.453553804423144 ], [ -41.800654116766061, -22.452010542228813 ], [ -41.801644219165979, -22.450435401409948 ], [ -41.803691572603327, -22.450403530504985 ], [ -41.804748833662664, -22.451946801107514 ], [ -41.803758736184626, -22.453521934206762 ], [ -41.80171137272405, -22.453553804423144 ] ] ] } },
{ "type": "Feature", "properties": { "h3": "89a8b1a2097ffff", "lat": -22.40499852830358, "lon": -41.813977425207817, "area_km2": 0.12846696696302362, "score": 77.537734352774862, "class": "bom", "direct_activity_score": 69.541143966438426, "neighborhood_inherited_score": 7.996590386336436, "pos_food": 0.46783625730994188, "pos_shop": 0.6101066295781179, "pos_supermarket": 0.95412844036697242, "pos_pharmacy": 0.0, "pos_fitness": 0.67792338709677458, "pos_education": 1.2, "pos_healthcare": 0.0, "pos_office": 0.69078947368421117, "pos_bank": 0.0, "pos_transport": 1.1, "pos_leisure": 0.08815672306322353, "pos_fuel": 0.0, "pos_residential": 0.44552272928649306, "pos_commercial": 0.075818804204773368, "pos_mixed_use": 1.2307497173022233, "pos_road_density": 0.81320112297560576, "pos_anchor_proximity": 1.5456438016571687, "positive_total": 9.899877086525505, "pen_unsuitable_landuse": 2.2, "pen_industrial": 0.0095492470205355631, "pen_isolation": 1.0022341078873241e-05, "pen_low_connectivity": 0.074719550809757701, "penalty_total": 2.2842788201713722, "raw": 7.6155982663541328, "score_physical": 74.27, "score_rank_pct": 85.15, "count_shop": 0, "count_supermarket": 0, "count_food": 0, "count_pharmacy": 0, "count_healthcare": 0, "count_education": 2, "count_fitness": 1, "count_office": 0, "count_bank": 0, "count_transport": 1, "count_leisure": 0, "count_fuel": 0, "feat_unsuitable_frac": 3.1029907768096656, "feat_industrial_frac": 0.023873117551338904, "feat_residential": 0.28631198760089371, "feat_commercial": 0.0058170436513302771, "feat_road_density": 120225.63248017954, "feat_mixed_use": 0.6519717566744585, "feat_isolation": 1.1135934532081379e-05, "feat_anchor_proximity": 0.68042826053136318, "feat_low_connectivity": 0.18679887702439424, "raw_lu_frac_unsuitable": 0.16180562738527093, "raw_lu_frac_residential": 0.035368278954411636, "raw_lu_frac_commercial": 0.0, "raw_lu_frac_industrial": 0.0 }, "geometry": { "type": "Polygon", "coordinates": [ [ [ -41.812987422055713, -22.406574568315818 ], [ -41.811930215143107, -22.405030563978045 ], [ -41.812920218225557, -22.403454515914532 ], [ -41.814967423279541, -22.403422479904229 ], [ -41.816024635270573, -22.404966492629114 ], [ -41.815034637130537, -22.406542532977141 ], [ -41.812987422055713, -22.406574568315818 ] ] ] } },
{ "type": "Feature", "properties": { "h3": "89a8b1b0a5bffff", "lat": -22.439599683836413, "lon": -41.796290892681675, "area_km2": 0.12845541575989036, "score": 30.0, "class": "ruim", "direct_activity_score": 30.0, "neighborhood_inherited_score": 0.0, "pos_food": 0.0, "pos_shop": 0.0, "pos_supermarket": 0.0, "pos_pharmacy": 0.0, "pos_fitness": 0.0, "pos_education": 0.0, "pos_healthcare": 0.0, "pos_office": 0.0, "pos_bank": 0.0, "pos_transport": 0.0, "pos_leisure": 0.0, "pos_fuel": 0.0, "pos_residential": 0.0, "pos_commercial": 0.0, "pos_mixed_use": 0.0, "pos_road_density": 0.0, "pos_anchor_proximity": 0.12455818817106325, "positive_total": 0.12455818817106325, "pen_unsuitable_landuse": 0.0, "pen_industrial": 0.0, "pen_isolation": 0.9, "pen_low_connectivity": 0.4, "penalty_total": 1.3, "raw": -1.1754418118289367, "score_physical": 30.95, "score_rank_pct": 36.13, "count_shop": 0, "count_supermarket": 0, "count_food": 0, "count_pharmacy": 0, "count_healthcare": 0, "count_education": 0, "count_fitness": 0, "count_office": 0, "count_bank": 0, "count_transport": 0, "count_leisure": 0, "count_fuel": 0, "feat_unsuitable_frac": 0.0, "feat_industrial_frac": 0.0, "feat_residential": 0.0, "feat_commercial": 0.0, "feat_road_density": 0.0, "feat_mixed_use": -0.0, "feat_isolation": 1.0, "feat_anchor_proximity": 0.11967402328999532, "feat_low_connectivity": 1.0, "raw_lu_frac_unsuitable": 0.0, "raw_lu_frac_residential": 0.0, "raw_lu_frac_commercial": 0.0, "raw_lu_frac_industrial": 0.0 }, "geometry": { "type": "Polygon", "coordinates": [ [ [ -41.795300794402401, -22.44117499769575 ], [ -41.794243575366593, -22.43963147966274 ], [ -41.795233673542477, -22.438056157743244 ], [ -41.797280985845909, -22.438024361567791 ], [ -41.798338209995478, -22.439567888010089 ], [ -41.797348116729196, -22.441143202218502 ], [ -41.795300794402401, -22.44117499769575 ] ] ] } },
{ "type": "Feature", "properties": { "h3": "89a8b1b0b47ffff", "lat": -22.425132153108848, "lon": -41.823627038007885, "area_km2": 0.128460728539389, "score": 30.0, "class": "ruim", "direct_activity_score": 30.0, "neighborhood_inherited_score": 0.0, "pos_food": 0.0, "pos_shop": 0.0, "pos_supermarket": 0.0, "pos_pharmacy": 0.0, "pos_fitness": 0.0, "pos_education": 0.0, "pos_healthcare": 0.0, "pos_office": 0.0, "pos_bank": 0.0, "pos_transport": 0.0, "pos_leisure": 0.0, "pos_fuel": 0.0, "pos_residential": 0.0, "pos_commercial": 0.0, "pos_mixed_use": 0.0, "pos_road_density": 0.0, "pos_anchor_proximity": 0.50840861891858624, "positive_total": 0.50840861891858624, "pen_unsuitable_landuse": 0.36310311301093406, "pen_industrial": 0.0, "pen_isolation": 0.9, "pen_low_connectivity": 0.4, "penalty_total": 1.6631031130109339, "raw": -1.1546944940923476, "score_physical": 31.12, "score_rank_pct": 39.22, "count_shop": 0, "count_supermarket": 0, "count_food": 0, "count_pharmacy": 0, "count_healthcare": 0, "count_education": 0, "count_fitness": 0, "count_office": 0, "count_bank": 0, "count_transport": 0, "count_leisure": 0, "count_fuel": 0, "feat_unsuitable_frac": 0.16504686955042455, "feat_industrial_frac": 0.0, "feat_residential": 0.0, "feat_commercial": 0.0, "feat_road_density": 0.0, "feat_mixed_use": -0.0, "feat_isolation": 1.0, "feat_anchor_proximity": 0.27113974320575202, "feat_low_connectivity": 1.0, "raw_lu_frac_unsuitable": 0.0, "raw_lu_frac_residential": 0.0, "raw_lu_frac_commercial": 0.0, "raw_lu_frac_industrial": 0.0 }, "geometry": { "type": "Polygon", "coordinates": [ [ [ -41.822637026312798, -22.426707894211635 ], [ -41.82157976146916, -22.425164300588452 ], [ -41.822569773113095, -22.423588551428324 ], [ -41.824617044641066, -22.423556403620129 ], [ -41.825674314544457, -22.425100005629247 ], [ -41.824684307861439, -22.426675747060585 ], [ -41.822637026312798, -22.426707894211635 ] ] ] } },
{ "type": "Feature", "properties": { "h3": "89a8b1b0b03ffff", "lat": -22.428154884731875, "lon": -41.829836157476215, "area_km2": 0.12845989522386023, "score": 30.0, "class": "ruim", "direct_activity_score": 30.0, "neighborhood_inherited_score": 0.0, "pos_food": 0.0, "pos_shop": 0.0, "pos_supermarket": 0.0, "pos_pharmacy": 0.0, "pos_fitness": 0.0, "pos_education": 0.0, "pos_healthcare": 0.0, "pos_office": 0.0, "pos_bank": 0.0, "pos_transport": 0.0, "pos_leisure": 0.0, "pos_fuel": 0.0, "pos_residential": 0.0, "pos_commercial": 0.0, "pos_mixed_use": 0.0, "pos_road_density": 0.0, "pos_anchor_proximity": 0.31651038267782022, "positive_total": 0.31651038267782022, "pen_unsuitable_landuse": 0.11093749493359514, "pen_industrial": 0.0, "pen_isolation": 0.9, "pen_low_connectivity": 0.4, "penalty_total": 1.4109374949335951, "raw": -1.0944271122557749, "score_physical": 31.62, "score_rank_pct": 47.62, "count_shop": 0, "count_supermarket": 0, "count_food": 0, "count_pharmacy": 0, "count_healthcare": 0, "count_education": 0, "count_fitness": 0, "count_office": 0, "count_bank": 0, "count_transport": 0, "count_leisure": 0, "count_fuel": 0, "feat_unsuitable_frac": 0.050426134060725061, "feat_industrial_frac": 0.0, "feat_residential": 0.0, "feat_commercial": 0.0, "feat_road_density": 0.0, "feat_mixed_use": -0.0, "feat_isolation": 1.0, "feat_anchor_proximity": 0.19541752909707569, "feat_low_connectivity": 1.0, "raw_lu_frac_unsuitable": 0.0, "raw_lu_frac_residential": 0.0, "raw_lu_frac_commercial": 0.0, "raw_lu_frac_industrial": 0.0 }, "geometry": { "type": "Polygon", "coordinates": [ [ [ -41.828846155720704, -22.429730610373088 ], [ -41.827788870084952, -22.428187109008487 ], [ -41.828778871801184, -22.426611375308823 ], [ -41.830826154181821, -22.426579150708278 ], [ -41.831883444865163, -22.428122660455259 ], [ -41.8308934481216, -22.429698386420355 ], [ -41.828846155720704, -22.429730610373088 ] ] ] } },
{ "type": "Feature", "properties": { "h3": "89a8b1b19afffff", "lat": -22.427123444923918, "lon": -41.796022394450588, "area_km2": 0.12845942151278683, "score": 30.0, "class": "ruim", "direct_activity_score": 30.0, "neighborhood_inherited_score": 0.0, "pos_food": 0.0, "pos_shop": 0.0, "pos_supermarket": 0.0, "pos_pharmacy": 0.0, "pos_fitness": 0.0, "pos_education": 0.0, "pos_healthcare": 0.0, "pos_office": 0.0, "pos_bank": 0.0, "pos_transport": 0.0, "pos_leisure": 0.0, "pos_fuel": 0.0, "pos_residential": 0.0, "pos_commercial": 0.0, "pos_mixed_use": 0.0, "pos_road_density": 0.0, "pos_anchor_proximity": 0.25157818787607766, "positive_total": 0.25157818787607766, "pen_unsuitable_landuse": 0.0, "pen_industrial": 0.0, "pen_isolation": 0.9, "pen_low_connectivity": 0.4, "penalty_total": 1.3, "raw": -1.0484218121239224, "score_physical": 32.0, "score_rank_pct": 52.94, "count_shop": 0, "count_supermarket": 0, "count_food": 0, "count_pharmacy": 0, "count_healthcare": 0, "count_education": 0, "count_fitness": 0, "count_office": 0, "count_bank": 0, "count_transport": 0, "count_leisure": 0, "count_fuel": 0, "feat_unsuitable_frac": 0.0, "feat_industrial_frac": 0.0, "feat_residential": 0.0, "feat_commercial": 0.0, "feat_road_density": 0.0, "feat_mixed_use": -0.0, "feat_isolation": 1.0, "feat_anchor_proximity": 0.16979556584382863, "feat_low_connectivity": 1.0, "raw_lu_frac_unsuitable": 0.0, "raw_lu_frac_residential": 0.0, "raw_lu_frac_commercial": 0.0, "raw_lu_frac_industrial": 0.0 }, "geometry": { "type": "Polygon", "coordinates": [ [ [ -41.795032314903722, -22.428698979591882 ], [ -41.793975117228172, -22.427155243543844 ], [ -41.794965196671114, -22.425579700819199 ], [ -41.797012468882052, -22.425547901849942 ], [ -41.798069671671691, -22.427091646303992 ], [ -41.797079597137646, -22.428667181321241 ], [ -41.795032314903722, -22.428698979591882 ] ] ] } },
{ "type": "Feature", "properties": { "h3": "89a8b1a24a7ffff", "lat": -22.417381647281303, "lon": -41.820388017637015, "area_km2": 0.12846314402207135, "score": 49.86970053130571, "class": "médio", "direct_activity_score": 30.0, "neighborhood_inherited_score": 19.86970053130571, "pos_food": 0.28330084470435368, "pos_shop": 0.0, "pos_supermarket": 0.0, "pos_pharmacy": 0.0, "pos_fitness": 0.2570564516129033, "pos_education": 0.19780219780219782, "pos_healthcare": 0.0, "pos_office": 0.0, "pos_bank": 0.0, "pos_transport": 0.083667452830188699, "pos_leisure": 0.040071237756010701, "pos_fuel": 0.0, "pos_residential": 0.073846439560991434, "pos_commercial": 0.0, "pos_mixed_use": 0.82960213637555724, "pos_road_density": 0.065801991008118912, "pos_anchor_proximity": 1.2156009282461691, "positive_total": 3.0467496798964908, "pen_unsuitable_landuse": 2.2, "pen_industrial": 0.0, "pen_isolation": 0.15987540023562147, "pen_low_connectivity": 0.37367920359675244, "penalty_total": 2.7335546038323741, "raw": 0.31319507606411667, "score_physical": 41.59, "score_rank_pct": 69.19, "count_shop": 0, "count_supermarket": 0, "count_food": 0, "count_pharmacy": 0, "count_healthcare": 0, "count_education": 0, "count_fitness": 0, "count_office": 0, "count_bank": 0, "count_transport": 0, "count_leisure": 0, "count_fuel": 0, "feat_unsuitable_frac": 3.8511977077243964, "feat_industrial_frac": 0.0, "feat_residential": 0.047456884908694881, "feat_commercial": 0.0, "feat_road_density": 9728.3264421211315, "feat_mixed_use": 0.43946966193845394, "feat_isolation": 0.17763933359513495, "feat_anchor_proximity": 0.55019477003635575, "feat_low_connectivity": 0.9341980089918811, "raw_lu_frac_unsuitable": 0.24410210950431366, "raw_lu_frac_residential": 0.0, "raw_lu_frac_commercial": 0.0, "raw_lu_frac_industrial": 0.0 }, "geometry": { "type": "Polygon", "coordinates": [ [ [ -41.819398010343683, -22.418957506428701 ], [ -41.8183407665841, -22.417413757692913 ], [ -41.819330773820056, -22.41583789049049 ], [ -41.821378019862252, -22.41580577974787 ], [ -41.822435268687833, -22.417349536869697 ], [ -41.821445266406563, -22.418925396348076 ], [ -41.819398010343683, -22.418957506428701 ] ] ] } },
{ "type": "Feature", "properties": { "h3": "89a8b1b0eafffff", "lat": -22.459534593646779, "lon": -41.818224759126942, "area_km2": 0.12844952857969111, "score": 25.871214050332547, "class": "ruim", "direct_activity_score": 25.871214050332547, "neighborhood_inherited_score": 0.0, "pos_food": 0.0, "pos_shop": 0.0, "pos_supermarket": 0.0, "pos_pharmacy": 0.0, "pos_fitness": 0.0, "pos_education": 0.0, "pos_healthcare": 0.0, "pos_office": 0.0, "pos_bank": 0.0, "pos_transport": 0.0, "pos_leisure": 0.0, "pos_fuel": 0.0, "pos_residential": 0.0, "pos_commercial": 0.0, "pos_mixed_use": 0.0, "pos_road_density": 0.0, "pos_anchor_proximity": 0.040501451012612613, "positive_total": 0.040501451012612613, "pen_unsuitable_landuse": 0.0, "pen_industrial": 0.0, "pen_isolation": 0.9, "pen_low_connectivity": 0.4, "penalty_total": 1.3, "raw": -1.2594985489873873, "score_physical": 30.24, "score_rank_pct": 15.69, "count_shop": 0, "count_supermarket": 0, "count_food": 0, "count_pharmacy": 0, "count_healthcare": 0, "count_education": 0, "count_fitness": 0, "count_office": 0, "count_bank": 0, "count_transport": 0, "count_leisure": 0, "count_fuel": 0, "feat_unsuitable_frac": 0.0, "feat_industrial_frac": 0.0, "feat_residential": 0.0, "feat_commercial": 0.0, "feat_road_density": 0.0, "feat_mixed_use": -0.0, "feat_isolation": 1.0, "feat_anchor_proximity": 0.086505598331659078, "feat_low_connectivity": 1.0, "raw_lu_frac_unsuitable": 0.0, "raw_lu_frac_residential": 0.0, "raw_lu_frac_commercial": 0.0, "raw_lu_frac_industrial": 0.0 }, "geometry": { "type": "Polygon", "coordinates": [ [ [ -41.817234681333758, -22.461109687772016 ], [ -41.816177373229188, -22.459566656356724 ], [ -41.817167450960959, -22.457991554164817 ], [ -41.819214831847361, -22.457959491122217 ], [ -41.820272145022869, -22.459502530936838 ], [ -41.819282072242359, -22.461077625394694 ], [ -41.817234681333758, -22.461109687772016 ] ] ] } },
{ "type": "Feature", "properties": { "h3": "89a8b1b1d17ffff", "lat": -22.452169429873528, "lon": -41.790417330820716, "area_km2": 0.12845121424046499, "score": 25.697332027528514, "class": "ruim", "direct_activity_score": 25.697332027528514, "neighborhood_inherited_score": 0.0, "pos_food": 0.0, "pos_shop": 0.0, "pos_supermarket": 0.0, "pos_pharmacy": 0.0, "pos_fitness": 0.0, "pos_education": 0.0, "pos_healthcare": 0.0, "pos_office": 0.0, "pos_bank": 0.0, "pos_transport": 0.0, "pos_leisure": 0.0, "pos_fuel": 0.0, "pos_residential": 0.0, "pos_commercial": 0.0, "pos_mixed_use": 0.0, "pos_road_density": 0.0, "pos_anchor_proximity": 0.039532887203059731, "positive_total": 0.039532887203059731, "pen_unsuitable_landuse": 0.0, "pen_industrial": 0.0, "pen_isolation": 0.9, "pen_low_connectivity": 0.4, "penalty_total": 1.3, "raw": -1.2604671127969402, "score_physical": 30.23, "score_rank_pct": 15.13, "count_shop": 0, "count_supermarket": 0, "count_food": 0, "count_pharmacy": 0, "count_healthcare": 0, "count_education": 0, "count_fitness": 0, "count_office": 0, "count_bank": 0, "count_transport": 0, "count_leisure": 0, "count_fuel": 0, "feat_unsuitable_frac": 0.0, "feat_industrial_frac": 0.0, "feat_residential": 0.0, "feat_commercial": 0.0, "feat_road_density": 0.0, "feat_mixed_use": -0.0, "feat_isolation": 1.0, "feat_anchor_proximity": 0.086123407241206013, "feat_low_connectivity": 1.0, "raw_lu_frac_unsuitable": 0.0, "raw_lu_frac_residential": 0.0, "raw_lu_frac_commercial": 0.0, "raw_lu_frac_industrial": 0.0 }, "geometry": { "type": "Polygon", "coordinates": [ [ [ -41.789427199309834, -22.453744483004165 ], [ -41.788369974498323, -22.45220114538094 ], [ -41.789360105894623, -22.450626084186894 ], [ -41.791407457205047, -22.450594368325959 ], [ -41.792464687142065, -22.452137714366113 ], [ -41.791474560644488, -22.453712767850227 ], [ -41.789427199309834, -22.453744483004165 ] ] ] } },
{ "type": "Feature", "properties": { "h3": "89a8b1a20bbffff", "lat": -22.398758203664695, "lon": -41.813843008842028, "area_km2": 0.1284689635104167, "score": 78.865585924604773, "class": "bom", "direct_activity_score": 60.793936338009601, "neighborhood_inherited_score": 18.071649586595171, "pos_food": 0.3404808317089022, "pos_shop": 0.50301344459898012, "pos_supermarket": 0.8646788990825689, "pos_pharmacy": 0.0, "pos_fitness": 0.55947580645161321, "pos_education": 1.2, "pos_healthcare": 0.0, "pos_office": 1.0, "pos_bank": 0.0, "pos_transport": 1.0974056603773588, "pos_leisure": 0.024042742653606414, "pos_fuel": 0.0, "pos_residential": 0.50156312292656791, "pos_commercial": 0.1828554999887774, "pos_mixed_use": 1.2387939462777844, "pos_road_density": 0.62802888755960562, "pos_anchor_proximity": 1.8, "positive_total": 9.9403388416257652, "pen_unsuitable_landuse": 1.8180113702556673, "pen_industrial": 0.018145658567786643, "pen_isolation": 6.8179916520233512e-05, "pen_low_connectivity": 0.14878844497615776, "penalty_total": 1.985013653716132, "raw": 7.9553251879096329, "score_physical": 75.45, "score_rank_pct": 86.83, "count_shop": 0, "count_supermarket": 0, "count_food": 0, "count_pharmacy": 0, "count_healthcare": 0, "count_education": 0, "count_fitness": 0, "count_office": 0, "count_bank": 0, "count_transport": 3, "count_leisure": 0, "count_fuel": 0, "feat_unsuitable_frac": 0.82636880466166684, "feat_industrial_frac": 0.045364146419466608, "feat_residential": 0.32232594476694565, "feat_commercial": 0.014029216583892978, "feat_road_density": 92849.318685633611, "feat_mixed_use": 0.6562330699395017, "feat_isolation": 7.5755462800259455e-05, "feat_anchor_proximity": 0.88821135016459807, "feat_low_connectivity": 0.37197111244039438, "raw_lu_frac_unsuitable": 0.046221734913806788, "raw_lu_frac_residential": 0.0, "raw_lu_frac_commercial": 0.0, "raw_lu_frac_industrial": 0.0 }, "geometry": { "type": "Polygon", "coordinates": [ [ [ -41.812853015052951, -22.400334353928201 ], [ -41.811795818818773, -22.398790240682608 ], [ -41.812785812537932, -22.397214082369583 ], [ -41.814832997550539, -22.39718204501574 ], [ -41.815890198863315, -22.398726166646782 ], [ -41.814900210086215, -22.400302317246179 ], [ -41.812853015052951, -22.400334353928201 ] ] ] } },
{ "type": "Feature", "properties": { "h3": "89a8b1a2423ffff", "lat": -22.411238414576633, "lon": -41.814111844204085, "area_km2": 0.12846496910430721, "score": 15.0, "class": "muito ruim", "direct_activity_score": 15.0, "neighborhood_inherited_score": 0.0, "pos_food": 0.48083170890188481, "pos_shop": 0.30505331478905884, "pos_supermarket": 0.6410550458715597, "pos_pharmacy": 0.0, "pos_fitness": 0.52923387096774221, "pos_education": 0.84395604395604396, "pos_healthcare": 0.0, "pos_office": 0.0, "pos_bank": 0.0, "pos_transport": 0.69204009433962277, "pos_leisure": 0.13089937666963494, "pos_fuel": 0.0, "pos_residential": 0.19559871330230447, "pos_commercial": 0.0, "pos_mixed_use": 1.2504447906571907, "pos_road_density": 0.47346231569971309, "pos_anchor_proximity": 1.4965158945454382, "positive_total": 7.0390911697001934, "pen_unsuitable_landuse": 2.2, "pen_industrial": 0.0, "pen_isolation": 0.00092040768611937013, "pen_low_connectivity": 0.21061507372011479, "penalty_total": 2.4115354814062342, "raw": 4.6275556882939597, "score_physical": 62.98, "score_rank_pct": 78.99, "count_shop": 0, "count_supermarket": 0, "count_food": 0, "count_pharmacy": 0, "count_healthcare": 0, "count_education": 0, "count_fitness": 0, "count_office": 0, "count_bank": 0, "count_transport": 1, "count_leisure": 0, "count_fuel": 0, "feat_unsuitable_frac": 4.5112001887567121, "feat_industrial_frac": 0.0, "feat_residential": 0.12570011067100451, "feat_commercial": 0.0, "feat_road_density": 69997.820652586568, "feat_mixed_use": 0.66240493524241051, "feat_isolation": 0.0010226752067993001, "feat_anchor_proximity": 0.66104260085099897, "feat_low_connectivity": 0.52653768430028691, "raw_lu_frac_unsuitable": 0.70131141335095393, "raw_lu_frac_residential": 0.0099280507436699701, "raw_lu_frac_commercial": 0.0, "raw_lu_frac_industrial": 0.0 }, "geometry": { "type": "Polygon", "coordinates": [ [ [ -41.813121831688797, -22.412814344312324 ], [ -41.812064614097558, -22.411270448908052 ], [ -41.813054626543455, -22.409694511119341 ], [ -41.815101851639191, -22.40966247645218 ], [ -41.816159074308686, -22.411206380245215 ], [ -41.815169066805538, -22.412782310316608 ], [ -41.813121831688797, -22.412814344312324 ] ] ] } },
{ "type": "Feature", "properties": { "h3": "89a8b1b08cbffff", "lat": -22.45480914456731, "lon": -41.821194963418087, "area_km2": 0.12845112103233922, "score": 27.857667007475552, "class": "ruim", "direct_activity_score": 27.857667007475552, "neighborhood_inherited_score": 0.0, "pos_food": 0.0, "pos_shop": 0.0, "pos_supermarket": 0.0, "pos_pharmacy": 0.0, "pos_fitness": 0.0, "pos_education": 0.0, "pos_healthcare": 0.0, "pos_office": 0.0, "pos_bank": 0.0, "pos_transport": 0.0, "pos_leisure": 0.0, "pos_fuel": 0.0, "pos_residential": 0.0, "pos_commercial": 0.0, "pos_mixed_use": 0.0, "pos_road_density": 0.0, "pos_anchor_proximity": 0.06351801042701842, "positive_total": 0.06351801042701842, "pen_unsuitable_landuse": 0.0, "pen_industrial": 0.0, "pen_isolation": 0.9, "pen_low_connectivity": 0.4, "penalty_total": 1.3, "raw": -1.2364819895729817, "score_physical": 30.43, "score_rank_pct": 21.85, "count_shop": 0, "count_supermarket": 0, "count_food": 0, "count_pharmacy": 0, "count_healthcare": 0, "count_education": 0, "count_fitness": 0, "count_office": 0, "count_bank": 0, "count_transport": 0, "count_leisure": 0, "count_fuel": 0, "feat_unsuitable_frac": 0.0, "feat_industrial_frac": 0.0, "feat_residential": 0.0, "feat_commercial": 0.0, "feat_road_density": 0.0, "feat_mixed_use": -0.0, "feat_isolation": 1.0, "feat_anchor_proximity": 0.095587833135714353, "feat_low_connectivity": 1.0, "raw_lu_frac_unsuitable": 0.0, "raw_lu_frac_residential": 0.0, "raw_lu_frac_commercial": 0.0, "raw_lu_frac_industrial": 0.0 }, "geometry": { "type": "Polygon", "coordinates": [ [ [ -41.82020489994585, -22.456384341427373 ], [ -41.819147592110326, -22.454841247041948 ], [ -41.820137655526835, -22.453266042116404 ], [ -41.822185021823387, -22.453233939311335 ], [ -41.823242334723908, -22.454777042092672 ], [ -41.822252276264194, -22.45635223928311 ], [ -41.82020489994585, -22.456384341427373 ] ] ] } },
{ "type": "Feature", "properties": { "h3": "89a8b1b1d9bffff", "lat": -22.460012626229144, "lon": -41.787514007288209, "area_km2": 0.12844860800959224, "score": 22.147733588683916, "class": "ruim", "direct_activity_score": 22.147733588683916, "neighborhood_inherited_score": 0.0, "pos_food": 0.0, "pos_shop": 0.0, "pos_supermarket": 0.0, "pos_pharmacy": 0.0, "pos_fitness": 0.0, "pos_education": 0.0, "pos_healthcare": 0.0, "pos_office": 0.0, "pos_bank": 0.0, "pos_transport": 0.0, "pos_leisure": 0.0, "pos_fuel": 0.0, "pos_residential": 0.0, "pos_commercial": 0.0, "pos_mixed_use": 0.0, "pos_road_density": 0.0, "pos_anchor_proximity": 0.0083194330835942524, "positive_total": 0.0083194330835942524, "pen_unsuitable_landuse": 0.0, "pen_industrial": 0.0, "pen_isolation": 0.9, "pen_low_connectivity": 0.4, "penalty_total": 1.3, "raw": -1.2916805669164058, "score_physical": 29.96, "score_rank_pct": 3.92, "count_shop": 0, "count_supermarket": 0, "count_food": 0, "count_pharmacy": 0, "count_healthcare": 0, "count_education": 0, "count_fitness": 0, "count_office": 0, "count_bank": 0, "count_transport": 0, "count_leisure": 0, "count_fuel": 0, "feat_unsuitable_frac": 0.0, "feat_industrial_frac": 0.0, "feat_residential": 0.0, "feat_commercial": 0.0, "feat_road_density": 0.0, "feat_mixed_use": -0.0, "feat_isolation": 1.0, "feat_anchor_proximity": 0.073806713236055962, "feat_low_connectivity": 1.0, "raw_lu_frac_unsuitable": 0.0, "raw_lu_frac_residential": 0.0, "raw_lu_frac_commercial": 0.0, "raw_lu_frac_industrial": 0.0 }, "geometry": { "type": "Polygon", "coordinates": [ [ [ -41.786523856826619, -22.461587521308605 ], [ -41.785466626465393, -22.460044301194138 ], [ -41.786456776806872, -22.458469398049218 ], [ -41.788504152617527, -22.458437722728522 ], [ -41.789561388110094, -22.459980951264154 ], [ -41.788571242661995, -22.461555846699266 ], [ -41.786523856826619, -22.461587521308605 ] ] ] } },
{ "type": "Feature", "properties": { "h3": "89a8b1a25d7ffff", "lat": -22.414165526853033, "lon": -41.8264625008187, "area_km2": 0.12846431372075404, "score": 15.0, "class": "muito ruim", "direct_activity_score": 11.596080028648057, "neighborhood_inherited_score": 3.403919971351943, "pos_food": 0.11695906432748547, "pos_shop": 0.0, "pos_supermarket": 0.0, "pos_pharmacy": 0.0, "pos_fitness": 0.0680443548387097, "pos_education": 0.0, "pos_healthcare": 0.0, "pos_office": 0.0, "pos_bank": 0.0, "pos_transport": 0.017511792452830192, "pos_leisure": 0.0, "pos_fuel": 0.0, "pos_residential": 0.013306068348053686, "pos_commercial": 0.0, "pos_mixed_use": 0.23949097760309601, "pos_road_density": 0.019845603926046146, "pos_anchor_proximity": 0.64360812007008572, "positive_total": 1.1187659815663069, "pen_unsuitable_landuse": 2.2, "pen_industrial": 0.0, "pen_isolation": 0.54369844457027838, "pen_low_connectivity": 0.39206175842958157, "penalty_total": 3.1357602029998599, "raw": -2.0169942214335528, "score_physical": 22.83, "score_rank_pct": 2.24, "count_shop": 0, "count_supermarket": 0, "count_food": 0, "count_pharmacy": 0, "count_healthcare": 0, "count_education": 0, "count_fitness": 0, "count_office": 0, "count_bank": 0, "count_transport": 0, "count_leisure": 0, "count_fuel": 0, "feat_unsuitable_frac": 5.5839496398572823, "feat_industrial_frac": 0.0, "feat_residential": 0.0085510494200505202, "feat_commercial": 0.0, "feat_road_density": 2934.0223673444257, "feat_mixed_use": 0.12686686105265366, "feat_isolation": 0.6041093828558648, "feat_anchor_proximity": 0.32448888165606804, "feat_low_connectivity": 0.98015439607395383, "raw_lu_frac_unsuitable": 0.84529537695664436, "raw_lu_frac_residential": 0.0, "raw_lu_frac_commercial": 0.0, "raw_lu_frac_industrial": 0.0 }, "geometry": { "type": "Polygon", "coordinates": [ [ [ -41.825472512814372, -22.415741480844918 ], [ -41.824415258928788, -22.414197715339618 ], [ -41.82540524688735, -22.412621753293354 ], [ -41.827452483766741, -22.412589564480299 ], [ -41.828509742706331, -22.414133338366451 ], [ -41.827519759713851, -22.415709292684742 ], [ -41.825472512814372, -22.415741480844918 ] ] ] } },
{ "type": "Feature", "properties": { "h3": "89a8b1b0b6bffff", "lat": -22.418893247553989, "lon": -41.823492522904139, "area_km2": 0.12846272946054105, "score": 36.213869025339193, "class": "ruim", "direct_activity_score": 30.0, "neighborhood_inherited_score": 6.2138690253391928, "pos_food": 0.15594541910331397, "pos_shop": 0.0, "pos_supermarket": 0.0, "pos_pharmacy": 0.0, "pos_fitness": 0.11340725806451618, "pos_education": 0.11868131868131868, "pos_healthcare": 0.0, "pos_office": 0.0, "pos_bank": 0.0, "pos_transport": 0.029186320754716989, "pos_leisure": 0.024042742653606414, "pos_fuel": 0.0, "pos_residential": 0.035258523895309396, "pos_commercial": 0.0, "pos_mixed_use": 0.56653420433106416, "pos_road_density": 0.027483346719717649, "pos_anchor_proximity": 0.79678344770742526, "positive_total": 1.8673225819109889, "pen_unsuitable_landuse": 2.2, "pen_industrial": 0.0, "pen_isolation": 0.37932553329832586, "pen_low_connectivity": 0.38900666131211298, "penalty_total": 2.9683321946104391, "raw": -1.1010096126994502, "score_physical": 31.57, "score_rank_pct": 47.06, "count_shop": 0, "count_supermarket": 0, "count_food": 0, "count_pharmacy": 0, "count_healthcare": 0, "count_education": 0, "count_fitness": 0, "count_office": 0, "count_bank": 0, "count_transport": 0, "count_leisure": 0, "count_fuel": 0, "feat_unsuitable_frac": 2.6214938113825621, "feat_industrial_frac": 0.0, "feat_residential": 0.022658637579516389, "feat_commercial": 0.0, "feat_road_density": 4063.204844036155, "feat_mixed_use": 0.30011325228944929, "feat_isolation": 0.42147281477591764, "feat_anchor_proximity": 0.38493120349673787, "feat_low_connectivity": 0.97251665328028236, "raw_lu_frac_unsuitable": 0.0, "raw_lu_frac_residential": 0.0, "raw_lu_frac_commercial": 0.0, "raw_lu_frac_industrial": 0.0 }, "geometry": { "type": "Polygon", "coordinates": [ [ [ -41.82250252057144, -22.420469098976774 ], [ -41.821445266406563, -22.418925396348076 ], [ -41.822435268687833, -22.417349536869697 ], [ -41.824482520174747, -22.41731738774692 ], [ -41.825539779399556, -22.418861098759898 ], [ -41.824549782078847, -22.420436950511331 ], [ -41.82250252057144, -22.420469098976774 ] ] ] } },
{ "type": "Feature", "properties": { "h3": "89a8b1b19d3ffff", "lat": -22.438277994857209, "lon": -41.780902497926505, "area_km2": 0.12845543212216806, "score": 29.299980727728848, "class": "ruim", "direct_activity_score": 29.299980727728848, "neighborhood_inherited_score": 0.0, "pos_food": 0.0, "pos_shop": 0.0, "pos_supermarket": 0.0, "pos_pharmacy": 0.0, "pos_fitness": 0.0, "pos_education": 0.0, "pos_healthcare": 0.0, "pos_office": 0.0, "pos_bank": 0.0, "pos_transport": 0.0, "pos_leisure": 0.0, "pos_fuel": 0.0, "pos_residential": 0.0, "pos_commercial": 0.0, "pos_mixed_use": 0.0, "pos_road_density": 0.0, "pos_anchor_proximity": 0.079950273860594362, "positive_total": 0.079950273860594362, "pen_unsuitable_landuse": 0.0, "pen_industrial": 0.0, "pen_isolation": 0.9, "pen_low_connectivity": 0.4, "penalty_total": 1.3, "raw": -1.2200497261394057, "score_physical": 30.57, "score_rank_pct": 26.33, "count_shop": 0, "count_supermarket": 0, "count_food": 0, "count_pharmacy": 0, "count_healthcare": 0, "count_education": 0, "count_fitness": 0, "count_office": 0, "count_bank": 0, "count_transport": 0, "count_leisure": 0, "count_fuel": 0, "feat_unsuitable_frac": 0.0, "feat_industrial_frac": 0.0, "feat_residential": 0.0, "feat_commercial": 0.0, "feat_road_density": 0.0, "feat_mixed_use": -0.0, "feat_isolation": 1.0, "feat_anchor_proximity": 0.10207193322116934, "feat_low_connectivity": 1.0, "raw_lu_frac_unsuitable": 0.0, "raw_lu_frac_residential": 0.0, "raw_lu_frac_commercial": 0.0, "raw_lu_frac_industrial": 0.0 }, "geometry": { "type": "Polygon", "coordinates": [ [ [ -41.779912365789528, -22.439853236798598 ], [ -41.778855188434044, -22.438309597317765 ], [ -41.779845320438199, -22.436734347317259 ], [ -41.781892624918626, -22.436702744496028 ], [ -41.782949807418127, -22.438246392396653 ], [ -41.78195968029452, -22.439821634698657 ], [ -41.779912365789528, -22.439853236798598 ] ] ] } },
{ "type": "Feature", "properties": { "h3": "89a8b1b1d3bffff", "lat": -22.445932411988164, "lon": -41.790283135279509, "area_km2": 0.12845322031560646, "score": 28.292912898217836, "class": "ruim", "direct_activity_score": 28.292912898217836, "neighborhood_inherited_score": 0.0, "pos_food": 0.0, "pos_shop": 0.0, "pos_supermarket": 0.0, "pos_pharmacy": 0.0, "pos_fitness": 0.0, "pos_education": 0.0, "pos_healthcare": 0.0, "pos_office": 0.0, "pos_bank": 0.0, "pos_transport": 0.0, "pos_leisure": 0.0, "pos_fuel": 0.0, "pos_residential": 0.0, "pos_commercial": 0.0, "pos_mixed_use": 0.0, "pos_road_density": 0.0, "pos_anchor_proximity": 0.066047089173207618, "positive_total": 0.066047089173207618, "pen_unsuitable_landuse": 0.0, "pen_industrial": 0.0, "pen_isolation": 0.9, "pen_low_connectivity": 0.4, "penalty_total": 1.3, "raw": -1.2339529108267924, "score_physical": 30.45, "score_rank_pct": 23.25, "count_shop": 0, "count_supermarket": 0, "count_food": 0, "count_pharmacy": 0, "count_healthcare": 0, "count_education": 0, "count_fitness": 0, "count_office": 0, "count_bank": 0, "count_transport": 0, "count_leisure": 0, "count_fuel": 0, "feat_unsuitable_frac": 0.0, "feat_industrial_frac": 0.0, "feat_residential": 0.0, "feat_commercial": 0.0, "feat_road_density": 0.0, "feat_mixed_use": -0.0, "feat_isolation": 1.0, "feat_anchor_proximity": 0.096585796671326871, "feat_low_connectivity": 1.0, "raw_lu_frac_unsuitable": 0.0, "raw_lu_frac_residential": 0.0, "raw_lu_frac_commercial": 0.0, "raw_lu_frac_industrial": 0.0 }, "geometry": { "type": "Polygon", "coordinates": [ [ [ -41.789293013136017, -22.447507575595029 ], [ -41.788235799005378, -22.44596412890979 ], [ -41.789225921034017, -22.444388957241259 ], [ -41.79127325229625, -22.444357239966003 ], [ -41.792330471552575, -22.445900695066538 ], [ -41.79134035442231, -22.44747585902698 ], [ -41.789293013136017, -22.447507575595029 ] ] ] } },
{ "type": "Feature", "properties": { "h3": "89a8b1a2293ffff", "lat": -22.39602047264005, "lon": -41.789209665499051, "area_km2": 0.12846922174901826, "score": 94.164497666653304, "class": "muito bom", "direct_activity_score": 81.975873305973749, "neighborhood_inherited_score": 12.188624360679555, "pos_food": 0.87242798353909523, "pos_shop": 1.4, "pos_supermarket": 1.0137614678899083, "pos_pharmacy": 0.64930555555555602, "pos_fitness": 0.97530241935483919, "pos_education": 0.56703296703296713, "pos_healthcare": 0.0, "pos_office": 0.3947368421052635, "pos_bank": 0.59217171717171768, "pos_transport": 0.94498820754716994, "pos_leisure": 0.6, "pos_fuel": 0.5, "pos_residential": 0.59780673762452874, "pos_commercial": 1.2, "pos_mixed_use": 1.4545835164647047, "pos_road_density": 1.0, "pos_anchor_proximity": 1.8, "positive_total": 14.562117414285751, "pen_unsuitable_landuse": 0.52196185051689958, "pen_industrial": 0.0, "pen_isolation": 9.6913976770796573e-09, "pen_low_connectivity": 0.0, "penalty_total": 0.52196186020829727, "raw": 14.040155554077455, "score_physical": 94.06, "score_rank_pct": 94.4, "count_shop": 6, "count_supermarket": 0, "count_food": 1, "count_pharmacy": 0, "count_healthcare": 0, "count_education": 0, "count_fitness": 0, "count_office": 0, "count_bank": 0, "count_transport": 4, "count_leisure": 0, "count_fuel": 0, "feat_unsuitable_frac": 0.23725538659859069, "feat_industrial_frac": 0.0, "feat_residential": 0.38417621369081933, "feat_commercial": 0.10199789219258118, "feat_road_density": 163390.06203081377, "feat_mixed_use": 0.77054445524307058, "feat_isolation": 1.0768219641199619e-08, "feat_anchor_proximity": 0.94540585797450716, "feat_low_connectivity": 0.0, "raw_lu_frac_unsuitable": 0.0, "raw_lu_frac_residential": 0.025859439192697127, "raw_lu_frac_commercial": 0.00075041275730282863, "raw_lu_frac_industrial": 0.0 }, "geometry": { "type": "Polygon", "coordinates": [ [ [ -41.788219618288764, -22.397596519148802 ], [ -41.787162489597698, -22.396052200890228 ], [ -41.788152536690973, -22.394476146333794 ], [ -41.790199707581081, -22.394444417729176 ], [ -41.791256841399139, -22.395988744389872 ], [ -41.790266799201426, -22.397564791253032 ], [ -41.788219618288764, -22.397596519148802 ] ] ] } },
{ "type": "Feature", "properties": { "h3": "89a8b1b0bcbffff", "lat": -22.432978357825458, "lon": -41.820724233530939, "area_km2": 0.12845814017385762, "score": 30.0, "class": "ruim", "direct_activity_score": 30.0, "neighborhood_inherited_score": 0.0, "pos_food": 0.0, "pos_shop": 0.0, "pos_supermarket": 0.0, "pos_pharmacy": 0.0, "pos_fitness": 0.0, "pos_education": 0.0, "pos_healthcare": 0.0, "pos_office": 0.0, "pos_bank": 0.0, "pos_transport": 0.0, "pos_leisure": 0.0, "pos_fuel": 0.0, "pos_residential": 0.0, "pos_commercial": 0.0, "pos_mixed_use": 0.0, "pos_road_density": 0.0, "pos_anchor_proximity": 0.30536099917144371, "positive_total": 0.30536099917144371, "pen_unsuitable_landuse": 0.0, "pen_industrial": 0.0, "pen_isolation": 0.9, "pen_low_connectivity": 0.4, "penalty_total": 1.3, "raw": -0.99463900082855639, "score_physical": 32.43, "score_rank_pct": 57.14, "count_shop": 0, "count_supermarket": 0, "count_food": 0, "count_pharmacy": 0, "count_healthcare": 0, "count_education": 0, "count_fitness": 0, "count_office": 0, "count_bank": 0, "count_transport": 0, "count_leisure": 0, "count_fuel": 0, "feat_unsuitable_frac": 0.0, "feat_industrial_frac": 0.0, "feat_residential": 0.0, "feat_commercial": 0.0, "feat_road_density": 0.0, "feat_mixed_use": -0.0, "feat_isolation": 1.0, "feat_anchor_proximity": 0.19101803058375774, "feat_low_connectivity": 1.0, "raw_lu_frac_unsuitable": 0.0, "raw_lu_frac_residential": 0.0, "raw_lu_frac_commercial": 0.0, "raw_lu_frac_industrial": 0.0 }, "geometry": { "type": "Polygon", "coordinates": [ [ [ -41.819734202830453, -22.43455394113014 ], [ -41.818676932373464, -22.433010464928284 ], [ -41.819666963017248, -22.431434873564207 ], [ -41.821714259163805, -22.431402766130599 ], [ -41.822771534686382, -22.432946250722633 ], [ -41.821781508998157, -22.434521834358048 ], [ -41.819734202830453, -22.43455394113014 ] ] ] } },
{ "type": "Feature", "properties": { "h3": "89a8b1a2447ffff", "lat": -22.414549930767805, "lon": -41.801895619696111, "area_km2": 0.12846360879051433, "score": 62.988243539944413, "class": "bom", "direct_activity_score": 30.0, "neighborhood_inherited_score": 32.988243539944413, "pos_food": 0.38206627680311922, "pos_shop": 0.058414464534075103, "pos_supermarket": 0.13417431192660551, "pos_pharmacy": 0.0, "pos_fitness": 0.38558467741935493, "pos_education": 0.0, "pos_healthcare": 0.27272727272727271, "pos_office": 0.0, "pos_bank": 0.0795454545454546, "pos_transport": 0.14009433962264153, "pos_leisure": 0.10418521816562781, "pos_fuel": 0.0, "pos_residential": 0.070204835521978523, "pos_commercial": 0.06070283383114377, "pos_mixed_use": 1.1743252581526571, "pos_road_density": 0.12474917781104115, "pos_anchor_proximity": 0.71291030946829215, "positive_total": 3.6996844305292638, "pen_unsuitable_landuse": 0.0074572342746409377, "pen_industrial": 0.0, "pen_isolation": 0.053005451318254661, "pen_low_connectivity": 0.35010032887558357, "penalty_total": 0.41056301446847915, "raw": 3.2891214160607847, "score_physical": 57.21, "score_rank_pct": 76.47, "count_shop": 0, "count_supermarket": 0, "count_food": 0, "count_pharmacy": 0, "count_healthcare": 0, "count_education": 0, "count_fitness": 0, "count_office": 0, "count_bank": 0, "count_transport": 0, "count_leisure": 0, "count_fuel": 0, "feat_unsuitable_frac": 0.0033896519430186077, "feat_industrial_frac": 0.0, "feat_residential": 0.045116634183137029, "feat_commercial": 0.0046573015475358899, "feat_road_density": 18443.221953303564, "feat_mixed_use": 0.62208172035433196, "feat_isolation": 0.058894945909171846, "feat_anchor_proximity": 0.35183522587794486, "feat_low_connectivity": 0.87525082218895889, "raw_lu_frac_unsuitable": 0.0, "raw_lu_frac_residential": 0.0, "raw_lu_frac_commercial": 0.0, "raw_lu_frac_industrial": 0.0 }, "geometry": { "type": "Polygon", "coordinates": [ [ [ -41.800905573397607, -22.416125725895078 ], [ -41.799848381519048, -22.414581809598591 ], [ -41.800838427724827, -22.413006006417902 ], [ -41.802885660890723, -22.412974127242197 ], [ -41.803942857871633, -22.414518051937023 ], [ -41.802952816585623, -22.416093847409165 ], [ -41.800905573397607, -22.416125725895078 ] ] ] } },
{ "type": "Feature", "properties": { "h3": "89a8b1b0a17ffff", "lat": -22.440919897686754, "lon": -41.811679382749297, "area_km2": 0.12845537288920267, "score": 30.0, "class": "ruim", "direct_activity_score": 30.0, "neighborhood_inherited_score": 0.0, "pos_food": 0.0, "pos_shop": 0.0, "pos_supermarket": 0.0, "pos_pharmacy": 0.0, "pos_fitness": 0.0, "pos_education": 0.0, "pos_healthcare": 0.0, "pos_office": 0.0, "pos_bank": 0.0, "pos_transport": 0.0, "pos_leisure": 0.0, "pos_fuel": 0.0, "pos_residential": 0.0, "pos_commercial": 0.0, "pos_mixed_use": 0.0, "pos_road_density": 0.0, "pos_anchor_proximity": 0.17351720880960889, "positive_total": 0.17351720880960889, "pen_unsuitable_landuse": 0.0, "pen_industrial": 0.0, "pen_isolation": 0.9, "pen_low_connectivity": 0.4, "penalty_total": 1.3, "raw": -1.1264827911903912, "score_physical": 31.36, "score_rank_pct": 42.86, "count_shop": 0, "count_supermarket": 0, "count_food": 0, "count_pharmacy": 0, "count_healthcare": 0, "count_education": 0, "count_fitness": 0, "count_office": 0, "count_bank": 0, "count_transport": 0, "count_leisure": 0, "count_fuel": 0, "feat_unsuitable_frac": 0.0, "feat_industrial_frac": 0.0, "feat_residential": 0.0, "feat_commercial": 0.0, "feat_road_density": 0.0, "feat_mixed_use": -0.0, "feat_isolation": 1.0, "feat_anchor_proximity": 0.13899304109843258, "feat_low_connectivity": 1.0, "raw_lu_frac_unsuitable": 0.0, "raw_lu_frac_residential": 0.0, "raw_lu_frac_commercial": 0.0, "raw_lu_frac_industrial": 0.0 }, "geometry": { "type": "Polygon", "coordinates": [ [ [ -41.810689318471013, -22.442495283385121 ], [ -41.809632057906896, -22.440951886897828 ], [ -41.810622122111234, -22.439376493138244 ], [ -41.812669441942376, -22.439344503589613 ], [ -41.813726707589986, -22.440887908475677 ], [ -41.812736648324282, -22.442463294511573 ], [ -41.810689318471013, -22.442495283385121 ] ] ] } },
{ "type": "Feature", "properties": { "h3": "89a8b1b0aa3ffff", "lat": -22.440823813814912, "lon": -41.817821358666293, "area_km2": 0.12845554880265184, "score": 30.0, "class": "ruim", "direct_activity_score": 30.0, "neighborhood_inherited_score": 0.0, "pos_food": 0.0, "pos_shop": 0.0, "pos_supermarket": 0.0, "pos_pharmacy": 0.0, "pos_fitness": 0.0, "pos_education": 0.0, "pos_healthcare": 0.0, "pos_office": 0.0, "pos_bank": 0.0, "pos_transport": 0.0, "pos_leisure": 0.0, "pos_fuel": 0.0, "pos_residential": 0.0, "pos_commercial": 0.0, "pos_mixed_use": 0.0, "pos_road_density": 0.0, "pos_anchor_proximity": 0.18065345424017853, "positive_total": 0.18065345424017853, "pen_unsuitable_landuse": 0.0, "pen_industrial": 0.0, "pen_isolation": 0.9, "pen_low_connectivity": 0.4, "penalty_total": 1.3, "raw": -1.1193465457598215, "score_physical": 31.42, "score_rank_pct": 44.26, "count_shop": 0, "count_supermarket": 0, "count_food": 0, "count_pharmacy": 0, "count_healthcare": 0, "count_education": 0, "count_fitness": 0, "count_office": 0, "count_bank": 0, "count_transport": 0, "count_leisure": 0, "count_fuel": 0, "feat_unsuitable_frac": 0.0, "feat_industrial_frac": 0.0, "feat_residential": 0.0, "feat_commercial": 0.0, "feat_road_density": 0.0, "feat_mixed_use": -0.0, "feat_isolation": 1.0, "feat_anchor_proximity": 0.14180897268285672, "feat_low_connectivity": 1.0, "raw_lu_frac_unsuitable": 0.0, "raw_lu_frac_residential": 0.0, "raw_lu_frac_commercial": 0.0, "raw_lu_frac_industrial": 0.0 }, "geometry": { "type": "Polygon", "coordinates": [ [ [ -41.816831308964872, -22.442399239267374 ], [ -41.815774032899974, -22.440855880518342 ], [ -41.816764082539173, -22.439280447004439 ], [ -41.81881140329439, -22.439248379968049 ], [ -41.819868684430709, -22.440791747111483 ], [ -41.818878639741712, -22.442367172896866 ], [ -41.816831308964872, -22.442399239267374 ] ] ] } },
{ "type": "Feature", "properties": { "h3": "89a8b1b0863ffff", "lat": -22.442238636177933, "lon": -41.827067965910146, "area_km2": 0.12845530350948392, "score": 30.0, "class": "ruim", "direct_activity_score": 30.0, "neighborhood_inherited_score": 0.0, "pos_food": 0.0, "pos_shop": 0.0, "pos_supermarket": 0.0, "pos_pharmacy": 0.0, "pos_fitness": 0.0, "pos_education": 0.0, "pos_healthcare": 0.0, "pos_office": 0.0, "pos_bank": 0.0, "pos_transport": 0.0, "pos_leisure": 0.0, "pos_fuel": 0.0, "pos_residential": 0.0, "pos_commercial": 0.0, "pos_mixed_use": 0.0, "pos_road_density": 0.0, "pos_anchor_proximity": 0.14783000509760738, "positive_total": 0.14783000509760738, "pen_unsuitable_landuse": 0.0, "pen_industrial": 0.0, "pen_isolation": 0.9, "pen_low_connectivity": 0.4, "penalty_total": 1.3, "raw": -1.1521699949023927, "score_physical": 31.14, "score_rank_pct": 40.06, "count_shop": 0, "count_supermarket": 0, "count_food": 0, "count_pharmacy": 0, "count_healthcare": 0, "count_education": 0, "count_fitness": 0, "count_office": 0, "count_bank": 0, "count_transport": 0, "count_leisure": 0, "count_fuel": 0, "feat_unsuitable_frac": 0.0, "feat_industrial_frac": 0.0, "feat_residential": 0.0, "feat_commercial": 0.0, "feat_road_density": 0.0, "feat_mixed_use": -0.0, "feat_isolation": 1.0, "feat_anchor_proximity": 0.12885698160441542, "feat_low_connectivity": 1.0, "raw_lu_frac_unsuitable": 0.0, "raw_lu_frac_residential": 0.0, "raw_lu_frac_commercial": 0.0, "raw_lu_frac_industrial": 0.0 }, "geometry": { "type": "Polygon", "coordinates": [ [ [ -41.826077935776091, -22.443814093636359 ], [ -41.825020633835742, -22.442270818792604 ], [ -41.826010663925246, -22.44069535327192 ], [ -41.828057990988775, -22.440663170331224 ], [ -41.829115297982383, -22.442206453563259 ], [ -41.828125272860539, -22.443781911347667 ], [ -41.826077935776091, -22.443814093636359 ] ] ] } },
{ "type": "Feature", "properties": { "h3": "89a8b1b190bffff", "lat": -22.427313771923565, "lon": -41.783738737721976, "area_km2": 0.12845903564058533, "score": 30.0, "class": "ruim", "direct_activity_score": 30.0, "neighborhood_inherited_score": 0.0, "pos_food": 0.0, "pos_shop": 0.0, "pos_supermarket": 0.0, "pos_pharmacy": 0.0, "pos_fitness": 0.0, "pos_education": 0.0, "pos_healthcare": 0.0, "pos_office": 0.0, "pos_bank": 0.0, "pos_transport": 0.0, "pos_leisure": 0.0, "pos_fuel": 0.0, "pos_residential": 0.0, "pos_commercial": 0.0, "pos_mixed_use": 0.0, "pos_road_density": 0.0, "pos_anchor_proximity": 0.17328934247753786, "positive_total": 0.17328934247753786, "pen_unsuitable_landuse": 0.0, "pen_industrial": 0.0, "pen_isolation": 0.9, "pen_low_connectivity": 0.4, "penalty_total": 1.3, "raw": -1.1267106575224621, "score_physical": 31.35, "score_rank_pct": 42.58, "count_shop": 0, "count_supermarket": 0, "count_food": 0, "count_pharmacy": 0, "count_healthcare": 0, "count_education": 0, "count_fitness": 0, "count_office": 0, "count_bank": 0, "count_transport": 0, "count_leisure": 0, "count_fuel": 0, "feat_unsuitable_frac": 0.0, "feat_industrial_frac": 0.0, "feat_residential": 0.0, "feat_commercial": 0.0, "feat_road_density": 0.0, "feat_mixed_use": -0.0, "feat_isolation": 1.0, "feat_anchor_proximity": 0.1389031260292623, "feat_low_connectivity": 1.0, "raw_lu_frac_unsuitable": 0.0, "raw_lu_frac_residential": 0.0, "raw_lu_frac_commercial": 0.0, "raw_lu_frac_industrial": 0.0 }, "geometry": { "type": "Polygon", "coordinates": [ [ [ -41.782748629207028, -22.42888922701016 ], [ -41.781691462728318, -22.42734541563647 ], [ -41.782681571115859, -22.425769952493663 ], [ -41.784728841097703, -22.425738308422215 ], [ -41.785786012714667, -22.42728212821066 ], [ -41.78479590921286, -22.428857583655759 ], [ -41.782748629207028, -22.42888922701016 ] ] ] } },
{ "type": "Feature", "properties": { "h3": "89a8b1b0e0bffff", "lat": -22.45972650461966, "lon": -41.805940449327949, "area_km2": 0.12844917299060477, "score": 25.161960255671968, "class": "ruim", "direct_activity_score": 25.161960255671968, "neighborhood_inherited_score": 0.0, "pos_food": 0.0, "pos_shop": 0.0, "pos_supermarket": 0.0, "pos_pharmacy": 0.0, "pos_fitness": 0.0, "pos_education": 0.0, "pos_healthcare": 0.0, "pos_office": 0.0, "pos_bank": 0.0, "pos_transport": 0.0, "pos_leisure": 0.0, "pos_fuel": 0.0, "pos_residential": 0.0, "pos_commercial": 0.0, "pos_mixed_use": 0.0, "pos_road_density": 0.0, "pos_anchor_proximity": 0.03434545819057333, "positive_total": 0.03434545819057333, "pen_unsuitable_landuse": 0.0, "pen_industrial": 0.0, "pen_isolation": 0.9, "pen_low_connectivity": 0.4, "penalty_total": 1.3, "raw": -1.2656545418094267, "score_physical": 30.18, "score_rank_pct": 13.45, "count_shop": 0, "count_supermarket": 0, "count_food": 0, "count_pharmacy": 0, "count_healthcare": 0, "count_education": 0, "count_fitness": 0, "count_office": 0, "count_bank": 0, "count_transport": 0, "count_leisure": 0, "count_fuel": 0, "feat_unsuitable_frac": 0.0, "feat_industrial_frac": 0.0, "feat_residential": 0.0, "feat_commercial": 0.0, "feat_road_density": 0.0, "feat_mixed_use": -0.0, "feat_isolation": 1.0, "feat_anchor_proximity": 0.084076470187213384, "feat_low_connectivity": 1.0, "raw_lu_frac_unsuitable": 0.0, "raw_lu_frac_residential": 0.0, "raw_lu_frac_commercial": 0.0, "raw_lu_frac_industrial": 0.0 }, "geometry": { "type": "Polygon", "coordinates": [ [ [ -41.804950342399088, -22.461301519169048 ], [ -41.803893065319009, -22.459758412233612 ], [ -41.804883172162967, -22.458183389618057 ], [ -41.806930551160242, -22.45815148166222 ], [ -41.807987833335424, -22.459694597005711 ], [ -41.806997731419571, -22.461269611896931 ], [ -41.804950342399088, -22.461301519169048 ] ] ] } },
{ "type": "Feature", "properties": { "h3": "89a8b1a2017ffff", "lat": -22.39724608104175, "lon": -41.810738627998248, "area_km2": 0.12846937369554717, "score": 81.300383335410714, "class": "muito bom", "direct_activity_score": 70.941520711508758, "neighborhood_inherited_score": 10.358862623901956, "pos_food": 0.35607537361923353, "pos_shop": 0.59171689074331624, "pos_supermarket": 1.1131498470948011, "pos_pharmacy": 0.0, "pos_fitness": 0.40826612903225828, "pos_education": 0.94945054945054952, "pos_healthcare": 0.27272727272727271, "pos_office": 1.0, "pos_bank": 0.0, "pos_transport": 0.87623820754716997, "pos_leisure": 0.048085485307212829, "pos_fuel": 0.0, "pos_residential": 0.77383004026136037, "pos_commercial": 0.18664340897732479, "pos_mixed_use": 1.3308422375462079, "pos_road_density": 0.63975234282659255, "pos_anchor_proximity": 1.6801229651357772, "positive_total": 10.226900750269078, "pen_unsuitable_landuse": 1.2557585243884859, "pen_industrial": 0.018099916750371946, "pen_isolation": 0.00015012726618995436, "pen_low_connectivity": 0.144099062869363, "penalty_total": 1.4181076312744108, "raw": 8.8087931189946662, "score_physical": 78.33, "score_rank_pct": 88.24, "count_shop": 2, "count_supermarket": 1, "count_food": 0, "count_pharmacy": 0, "count_healthcare": 0, "count_education": 0, "count_fitness": 0, "count_office": 0, "count_bank": 0, "count_transport": 2, "count_leisure": 0, "count_fuel": 0, "feat_unsuitable_frac": 0.57079932926749355, "feat_industrial_frac": 0.045249791875929861, "feat_residential": 0.49729632705234605, "feat_commercial": 0.014319836202136168, "feat_road_density": 94582.542834622989, "feat_mixed_use": 0.70499431303667937, "feat_isolation": 0.00016680807354439373, "feat_anchor_proximity": 0.73349315685123684, "feat_low_connectivity": 0.36024765717340745, "raw_lu_frac_unsuitable": 0.0, "raw_lu_frac_residential": 0.0, "raw_lu_frac_commercial": 0.0, "raw_lu_frac_industrial": 0.0 }, "geometry": { "type": "Polygon", "coordinates": [ [ [ -41.809748629267055, -22.39882223901655 ], [ -41.808691443456674, -22.397278079713914 ], [ -41.809681442112002, -22.395701913690154 ], [ -41.811728621642878, -22.395669914679722 ], [ -41.812785812537932, -22.397214082369583 ], [ -41.811795818818773, -22.398790240682608 ], [ -41.809748629267055, -22.39882223901655 ] ] ] } },
{ "type": "Feature", "properties": { "h3": "89a8b1a2053ffff", "lat": -22.397437608890776, "lon": -41.79845552667944, "area_km2": 0.12846900817580537, "score": 99.579831932773118, "class": "muito bom", "direct_activity_score": 70.16946405761631, "neighborhood_inherited_score": 29.410367875156808, "pos_food": 1.6, "pos_shop": 1.3987019007881318, "pos_supermarket": 1.3, "pos_pharmacy": 1.1, "pos_fitness": 1.0, "pos_education": 0.92307692307692324, "pos_healthcare": 1.0, "pos_office": 0.88815789473684292, "pos_bank": 0.7, "pos_transport": 1.1, "pos_leisure": 0.6, "pos_fuel": 0.5, "pos_residential": 1.0, "pos_commercial": 1.2, "pos_mixed_use": 1.5, "pos_road_density": 1.0, "pos_anchor_proximity": 1.8, "positive_total": 18.609936718601897, "pen_unsuitable_landuse": 1.4698549387429451, "pen_industrial": 0.0028282593151240983, "pen_isolation": 8.5149526013956303e-10, "pen_low_connectivity": 0.0, "penalty_total": 1.4726831989095646, "raw": 17.137253519692333, "score_physical": 100.0, "score_rank_pct": 98.6, "count_shop": 0, "count_supermarket": 0, "count_food": 0, "count_pharmacy": 0, "count_healthcare": 0, "count_education": 0, "count_fitness": 0, "count_office": 0, "count_bank": 0, "count_transport": 4, "count_leisure": 1, "count_fuel": 0, "feat_unsuitable_frac": 0.66811588124679322, "feat_industrial_frac": 0.0070706482878102449, "feat_residential": 1.0734073362238068, "feat_commercial": 0.14156428546927874, "feat_road_density": 180355.54135084891, "feat_mixed_use": 0.82820331260670488, "feat_isolation": 9.4610584459951446e-10, "feat_anchor_proximity": 0.85449295253890789, "feat_low_connectivity": 0.0, "raw_lu_frac_unsuitable": 0.061356759410251448, "raw_lu_frac_residential": 0.056409432346179018, "raw_lu_frac_commercial": 0.0, "raw_lu_frac_industrial": 0.0 }, "geometry": { "type": "Polygon", "coordinates": [ [ [ -41.79746549887377, -22.399013687439844 ], [ -41.796408344140978, -22.39746945283456 ], [ -41.797398371847336, -22.395893366237011 ], [ -41.799445549374767, -22.395861521945736 ], [ -41.800502709216374, -22.397405764946992 ], [ -41.799512686423064, -22.398981843843515 ], [ -41.79746549887377, -22.399013687439844 ] ] ] } },
{ "type": "Feature", "properties": { "h3": "89a8b1a22b7ffff", "lat": -22.388076151284352, "lon": -41.798254133523599, "area_km2": 0.12847199976228288, "score": 65.740652414008153, "class": "bom", "direct_activity_score": 51.61895720296468, "neighborhood_inherited_score": 14.121695211043473, "pos_food": 0.1351526965562054, "pos_shop": 0.1070931849791377, "pos_supermarket": 0.13417431192660551, "pos_pharmacy": 0.0, "pos_fitness": 0.24949596774193558, "pos_education": 0.0, "pos_healthcare": 0.27272727272727271, "pos_office": 0.0, "pos_bank": 0.0, "pos_transport": 0.21597877358490569, "pos_leisure": 0.096170970614425658, "pos_fuel": 0.0, "pos_residential": 0.58604569615372604, "pos_commercial": 0.0078174739545259237, "pos_mixed_use": 1.1308018042701762, "pos_road_density": 0.71567720969555704, "pos_anchor_proximity": 1.0461047260073431, "positive_total": 4.6972400882118164, "pen_unsuitable_landuse": 0.38812577284718919, "pen_industrial": 0.0, "pen_isolation": 0.093540524856897928, "pen_low_connectivity": 0.11372911612177719, "penalty_total": 0.59539541382586425, "raw": 4.1018446743859522, "score_physical": 60.78, "score_rank_pct": 77.31, "count_shop": 0, "count_supermarket": 0, "count_food": 0, "count_pharmacy": 0, "count_healthcare": 0, "count_education": 0, "count_fitness": 0, "count_office": 0, "count_bank": 0, "count_transport": 0, "count_leisure": 0, "count_fuel": 0, "feat_unsuitable_frac": 0.17642080583963143, "feat_industrial_frac": 0.0, "feat_residential": 0.37661806471567083, "feat_commercial": 0.00059977980019041051, "feat_road_density": 105807.45987223572, "feat_mixed_use": 0.59902580387888438, "feat_isolation": 0.10393391650766436, "feat_anchor_proximity": 0.48331230166164463, "feat_low_connectivity": 0.28432279030444296, "raw_lu_frac_unsuitable": 0.0, "raw_lu_frac_residential": 0.0, "raw_lu_frac_commercial": 0.0, "raw_lu_frac_industrial": 0.0 }, "geometry": { "type": "Polygon", "coordinates": [ [ [ -41.797264119765011, -22.389652395186882 ], [ -41.796206981050268, -22.388107997313458 ], [ -41.797196994709118, -22.386531745365097 ], [ -41.799244142171545, -22.38649989898833 ], [ -41.800301285995367, -22.388044305255246 ], [ -41.799311277249025, -22.389620549505384 ], [ -41.797264119765011, -22.389652395186882 ] ] ] } },
{ "type": "Feature", "properties": { "h3": "89a8b1a246bffff", "lat": -22.408310271883753, "lon": -41.80176131964275, "area_km2": 0.12846560715502395, "score": 92.967410909695573, "class": "muito bom", "direct_activity_score": 64.545757834480028, "neighborhood_inherited_score": 28.421653075215545, "pos_food": 1.6, "pos_shop": 0.9735744089012518, "pos_supermarket": 1.073394495412844, "pos_pharmacy": 1.03125, "pos_fitness": 1.0, "pos_education": 0.63296703296703294, "pos_healthcare": 1.0, "pos_office": 0.54276315789473728, "pos_bank": 0.59217171717171768, "pos_transport": 0.74522405660377378, "pos_leisure": 0.35440783615316135, "pos_fuel": 0.0, "pos_residential": 0.44675224190654272, "pos_commercial": 0.62188282031688136, "pos_mixed_use": 1.4214579144868877, "pos_road_density": 0.59662854613175054, "pos_anchor_proximity": 1.467200568672028, "positive_total": 14.099674796618611, "pen_unsuitable_landuse": 0.42448040961298061, "pen_industrial": 0.0028282593151240983, "pen_isolation": 6.0536025741710665e-08, "pen_low_connectivity": 0.16134858154729981, "penalty_total": 0.58865731101143026, "raw": 13.511017485607182, "score_physical": 92.59, "score_rank_pct": 93.84, "count_shop": 0, "count_supermarket": 0, "count_food": 1, "count_pharmacy": 0, "count_healthcare": 0, "count_education": 0, "count_fitness": 0, "count_office": 0, "count_bank": 0, "count_transport": 0, "count_leisure": 1, "count_fuel": 0, "feat_unsuitable_frac": 0.192945640733173, "feat_industrial_frac": 0.0070706482878102449, "feat_residential": 0.28710212507062632, "feat_commercial": 0.047712695415577815, "feat_road_density": 88207.015814181839, "feat_mixed_use": 0.75299664953671119, "feat_isolation": 6.726225082412296e-08, "feat_anchor_proximity": 0.64947490004281183, "feat_low_connectivity": 0.40337145386824946, "raw_lu_frac_unsuitable": 0.0, "raw_lu_frac_residential": 0.0197140414387054, "raw_lu_frac_commercial": 0.0, "raw_lu_frac_industrial": 0.0 }, "geometry": { "type": "Polygon", "coordinates": [ [ [ -41.800771282709078, -22.409886177318075 ], [ -41.799714101509707, -22.408342152094313 ], [ -41.800704138350376, -22.40676623860832 ], [ -41.802751351472331, -22.406734358052752 ], [ -41.803808537774209, -22.408278391673193 ], [ -41.802818505852962, -22.409854297452483 ], [ -41.800771282709078, -22.409886177318075 ] ] ] } },
{ "type": "Feature", "properties": { "h3": "89a8b1b0ac7ffff", "lat": -22.444134482754407, "lon": -41.805604581306611, "area_km2": 0.12845419028565924, "score": 30.0, "class": "ruim", "direct_activity_score": 30.0, "neighborhood_inherited_score": 0.0, "pos_food": 0.0, "pos_shop": 0.0, "pos_supermarket": 0.0, "pos_pharmacy": 0.0, "pos_fitness": 0.0, "pos_education": 0.0, "pos_healthcare": 0.0, "pos_office": 0.0, "pos_bank": 0.0, "pos_transport": 0.0, "pos_leisure": 0.0, "pos_fuel": 0.0, "pos_residential": 0.0, "pos_commercial": 0.0, "pos_mixed_use": 0.0, "pos_road_density": 0.0, "pos_anchor_proximity": 0.12605398028965789, "positive_total": 0.12605398028965789, "pen_unsuitable_landuse": 0.0, "pen_industrial": 0.0, "pen_isolation": 0.9, "pen_low_connectivity": 0.4, "penalty_total": 1.3, "raw": -1.1739460197103422, "score_physical": 30.96, "score_rank_pct": 36.41, "count_shop": 0, "count_supermarket": 0, "count_food": 0, "count_pharmacy": 0, "count_healthcare": 0, "count_education": 0, "count_fitness": 0, "count_office": 0, "count_bank": 0, "count_transport": 0, "count_leisure": 0, "count_fuel": 0, "feat_unsuitable_frac": 0.0, "feat_industrial_frac": 0.0, "feat_residential": 0.0, "feat_commercial": 0.0, "feat_road_density": 0.0, "feat_mixed_use": -0.0, "feat_isolation": 1.0, "feat_anchor_proximity": 0.12026425639106555, "feat_low_connectivity": 1.0, "raw_lu_frac_unsuitable": 0.0, "raw_lu_frac_residential": 0.0, "raw_lu_frac_commercial": 0.0, "raw_lu_frac_industrial": 0.0 }, "geometry": { "type": "Polygon", "coordinates": [ [ [ -41.804614497791576, -22.445709773470135 ], [ -41.803557247412485, -22.444166393788183 ], [ -41.804547330841963, -22.442591095010609 ], [ -41.806594659724624, -22.44255918363471 ], [ -41.807651915199216, -22.444102571720634 ], [ -41.806661836696975, -22.445677862778446 ], [ -41.804614497791576, -22.445709773470135 ] ] ] } },
{ "type": "Feature", "properties": { "h3": "89a8b1b0e47ffff", "lat": -22.458215258801772, "lon": -41.80283579366872, "area_km2": 0.12844958354837674, "score": 25.348501930622909, "class": "ruim", "direct_activity_score": 25.348501930622909, "neighborhood_inherited_score": 0.0, "pos_food": 0.0, "pos_shop": 0.0, "pos_supermarket": 0.0, "pos_pharmacy": 0.0, "pos_fitness": 0.0, "pos_education": 0.0, "pos_healthcare": 0.0, "pos_office": 0.0, "pos_bank": 0.0, "pos_transport": 0.0, "pos_leisure": 0.0, "pos_fuel": 0.0, "pos_residential": 0.0, "pos_commercial": 0.0, "pos_mixed_use": 0.0, "pos_road_density": 0.0, "pos_anchor_proximity": 0.037419113502789828, "positive_total": 0.037419113502789828, "pen_unsuitable_landuse": 0.0, "pen_industrial": 0.0, "pen_isolation": 0.9, "pen_low_connectivity": 0.4, "penalty_total": 1.3, "raw": -1.2625808864972101, "score_physical": 30.21, "score_rank_pct": 14.01, "count_shop": 0, "count_supermarket": 0, "count_food": 0, "count_pharmacy": 0, "count_healthcare": 0, "count_education": 0, "count_fitness": 0, "count_office": 0, "count_bank": 0, "count_transport": 0, "count_leisure": 0, "count_fuel": 0, "feat_unsuitable_frac": 0.0, "feat_industrial_frac": 0.0, "feat_residential": 0.0, "feat_commercial": 0.0, "feat_road_density": 0.0, "feat_mixed_use": -0.0, "feat_isolation": 1.0, "feat_anchor_proximity": 0.085289321280622679, "feat_low_connectivity": 1.0, "raw_lu_frac_unsuitable": 0.0, "raw_lu_frac_residential": 0.0, "raw_lu_frac_commercial": 0.0, "raw_lu_frac_industrial": 0.0 }, "geometry": { "type": "Polygon", "coordinates": [ [ [ -41.801845681811706, -22.459790281073172 ], [ -41.800788415173102, -22.458247127985484 ], [ -41.801778526939287, -22.456672097648454 ], [ -41.803825900423185, -22.456640228120534 ], [ -41.804883172162967, -22.458183389618057 ], [ -41.803893065319009, -22.459758412233612 ], [ -41.801845681811706, -22.459790281073172 ] ] ] } },
{ "type": "Feature", "properties": { "h3": "89a8b1b192fffff", "lat": -22.419372575918551, "lon": -41.792783710552499, "area_km2": 0.12846182751138435, "score": 30.0, "class": "ruim", "direct_activity_score": 30.0, "neighborhood_inherited_score": 0.0, "pos_food": 0.0, "pos_shop": 0.0, "pos_supermarket": 0.0, "pos_pharmacy": 0.0, "pos_fitness": 0.0, "pos_education": 0.0, "pos_healthcare": 0.0, "pos_office": 0.0, "pos_bank": 0.0, "pos_transport": 0.0, "pos_leisure": 0.0, "pos_fuel": 0.0, "pos_residential": 0.0, "pos_commercial": 0.0, "pos_mixed_use": 0.0, "pos_road_density": 0.0, "pos_anchor_proximity": 0.38009544538139778, "positive_total": 0.38009544538139778, "pen_unsuitable_landuse": 0.0, "pen_industrial": 0.0, "pen_isolation": 0.9, "pen_low_connectivity": 0.4, "penalty_total": 1.3, "raw": -0.91990455461860221, "score_physical": 33.02, "score_rank_pct": 62.46, "count_shop": 0, "count_supermarket": 0, "count_food": 0, "count_pharmacy": 0, "count_healthcare": 0, "count_education": 0, "count_fitness": 0, "count_office": 0, "count_bank": 0, "count_transport": 0, "count_leisure": 0, "count_fuel": 0, "feat_unsuitable_frac": 0.0, "feat_industrial_frac": 0.0, "feat_residential": 0.0, "feat_commercial": 0.0, "feat_road_density": 0.0, "feat_mixed_use": -0.0, "feat_isolation": 1.0, "feat_anchor_proximity": 0.22050791985039661, "feat_low_connectivity": 1.0, "raw_lu_frac_unsuitable": 0.0, "raw_lu_frac_residential": 0.0, "raw_lu_frac_commercial": 0.0, "raw_lu_frac_industrial": 0.0 }, "geometry": { "type": "Polygon", "coordinates": [ [ [ -41.791793635462966, -22.420948228656219 ], [ -41.790736458927412, -22.419404337570324 ], [ -41.791726533906804, -22.417828676778292 ], [ -41.793773780520418, -22.417796914774769 ], [ -41.794830962176313, -22.419340814266782 ], [ -41.793840892099581, -22.420916467356154 ], [ -41.791793635462966, -22.420948228656219 ] ] ] } },
{ "type": "Feature", "properties": { "h3": "89a8b1b0c7bffff", "lat": -22.46567434139326, "lon": -41.824501450350397, "area_km2": 0.12844769062116365, "score": 22.686560584604887, "class": "ruim", "direct_activity_score": 22.686560584604887, "neighborhood_inherited_score": 0.0, "pos_food": 0.0, "pos_shop": 0.0, "pos_supermarket": 0.0, "pos_pharmacy": 0.0, "pos_fitness": 0.0, "pos_education": 0.0, "pos_healthcare": 0.0, "pos_office": 0.0, "pos_bank": 0.0, "pos_transport": 0.0, "pos_leisure": 0.0, "pos_fuel": 0.0, "pos_residential": 0.0, "pos_commercial": 0.0, "pos_mixed_use": 0.0, "pos_road_density": 0.0, "pos_anchor_proximity": 0.014039551858707514, "positive_total": 0.014039551858707514, "pen_unsuitable_landuse": 0.0, "pen_industrial": 0.0, "pen_isolation": 0.9, "pen_low_connectivity": 0.4, "penalty_total": 1.3, "raw": -1.2859604481412925, "score_physical": 30.01, "score_rank_pct": 5.6, "count_shop": 0, "count_supermarket": 0, "count_food": 0, "count_pharmacy": 0, "count_healthcare": 0, "count_education": 0, "count_fitness": 0, "count_office": 0, "count_bank": 0, "count_transport": 0, "count_leisure": 0, "count_fuel": 0, "feat_unsuitable_frac": 0.0, "feat_industrial_frac": 0.0, "feat_residential": 0.0, "feat_commercial": 0.0, "feat_road_density": 0.0, "feat_mixed_use": -0.0, "feat_isolation": 1.0, "feat_anchor_proximity": 0.076063847366631007, "feat_low_connectivity": 1.0, "raw_lu_frac_unsuitable": 0.0, "raw_lu_frac_residential": 0.0, "raw_lu_frac_commercial": 0.0, "raw_lu_frac_industrial": 0.0 }, "geometry": { "type": "Polygon", "coordinates": [ [ [ -41.823511377795739, -22.46724936480134 ], [ -41.822454043535281, -22.465706480338227 ], [ -41.823444116040527, -22.464131448861497 ], [ -41.825491517844384, -22.464099309588573 ], [ -41.826548857163523, -22.465642202448294 ], [ -41.825558789621454, -22.467217226184289 ], [ -41.823511377795739, -22.46724936480134 ] ] ] } },
{ "type": "Feature", "properties": { "h3": "89a8b1b0e2fffff", "lat": -22.451786983151301, "lon": -41.814985631803324, "area_km2": 0.12845195107333418, "score": 29.734803698959134, "class": "ruim", "direct_activity_score": 29.734803698959134, "neighborhood_inherited_score": 0.0, "pos_food": 0.0, "pos_shop": 0.0, "pos_supermarket": 0.0, "pos_pharmacy": 0.0, "pos_fitness": 0.0, "pos_education": 0.0, "pos_healthcare": 0.0, "pos_office": 0.0, "pos_bank": 0.0, "pos_transport": 0.0, "pos_leisure": 0.0, "pos_fuel": 0.0, "pos_residential": 0.0, "pos_commercial": 0.0, "pos_mixed_use": 0.0, "pos_road_density": 0.0, "pos_anchor_proximity": 0.082419668098013071, "positive_total": 0.082419668098013071, "pen_unsuitable_landuse": 0.0, "pen_industrial": 0.0, "pen_isolation": 0.9, "pen_low_connectivity": 0.4, "penalty_total": 1.3, "raw": -1.2175803319019869, "score_physical": 30.59, "score_rank_pct": 27.73, "count_shop": 0, "count_supermarket": 0, "count_food": 0, "count_pharmacy": 0, "count_healthcare": 0, "count_education": 0, "count_fitness": 0, "count_office": 0, "count_bank": 0, "count_transport": 0, "count_leisure": 0, "count_fuel": 0, "feat_unsuitable_frac": 0.0, "feat_industrial_frac": 0.0, "feat_residential": 0.0, "feat_commercial": 0.0, "feat_road_density": 0.0, "feat_mixed_use": -0.0, "feat_isolation": 1.0, "feat_anchor_proximity": 0.10304634550774161, "feat_low_connectivity": 1.0, "raw_lu_frac_unsuitable": 0.0, "raw_lu_frac_residential": 0.0, "raw_lu_frac_commercial": 0.0, "raw_lu_frac_industrial": 0.0 }, "geometry": { "type": "Polygon", "coordinates": [ [ [ -41.813995558423258, -22.453362195474021 ], [ -41.812938271415938, -22.451819008762538 ], [ -41.813928344728382, -22.450243788375452 ], [ -41.815975700104445, -22.450211762429127 ], [ -41.817032992188949, -22.451754957540064 ], [ -41.816042923821549, -22.45333017019783 ], [ -41.813995558423258, -22.453362195474021 ] ] ] } },
{ "type": "Feature", "properties": { "h3": "89a8b1a2637ffff", "lat": -22.402165703289537, "lon": -41.795485429516944, "area_km2": 0.12846741729032213, "score": 100.0, "class": "muito bom", "direct_activity_score": 77.433144748713062, "neighborhood_inherited_score": 22.566855251286938, "pos_food": 1.6, "pos_shop": 1.4, "pos_supermarket": 1.3, "pos_pharmacy": 1.1, "pos_fitness": 1.0, "pos_education": 1.2, "pos_healthcare": 1.0, "pos_office": 1.0, "pos_bank": 0.7, "pos_transport": 0.87169811320754731, "pos_leisure": 0.6, "pos_fuel": 0.5, "pos_residential": 0.9176273505483592, "pos_commercial": 1.2, "pos_mixed_use": 1.5, "pos_road_density": 0.94225564581480903, "pos_anchor_proximity": 1.8, "positive_total": 18.631581109570714, "pen_unsuitable_landuse": 0.926742957741164, "pen_industrial": 0.0, "pen_isolation": 1.3394320666524685e-13, "pen_low_connectivity": 0.02309774167407639, "penalty_total": 0.9498406994153743, "raw": 17.681740410155339, "score_physical": 100.0, "score_rank_pct": 100.0, "count_shop": 5, "count_supermarket": 2, "count_food": 8, "count_pharmacy": 0, "count_healthcare": 0, "count_education": 1, "count_fitness": 1, "count_office": 1, "count_bank": 3, "count_transport": 0, "count_leisure": 3, "count_fuel": 0, "feat_unsuitable_frac": 0.42124679897325634, "feat_industrial_frac": 0.0, "feat_residential": 0.58970663748896168, "feat_commercial": 0.21370689176270197, "feat_road_density": 139305.36711703939, "feat_mixed_use": 0.82008504073338595, "feat_isolation": 1.4882578518360762e-13, "feat_anchor_proximity": 0.8269839861130146, "feat_low_connectivity": 0.057744354185190971, "raw_lu_frac_unsuitable": 0.025805516986036142, "raw_lu_frac_residential": 0.01368281550425148, "raw_lu_frac_commercial": 0.093001082294136894, "raw_lu_frac_industrial": 0.0 }, "geometry": { "type": "Polygon", "coordinates": [ [ [ -41.794495387432889, -22.403741679271882 ], [ -41.793438232475403, -22.402197507501562 ], [ -41.794428274454461, -22.40062152346955 ], [ -41.796475466484829, -22.400589718907796 ], [ -41.797532626557064, -22.402133899077512 ], [ -41.796542589485504, -22.40370987540954 ], [ -41.794495387432889, -22.403741679271882 ] ] ] } },
{ "type": "Feature", "properties": { "h3": "89a8b1b032fffff", "lat": -22.463035555834733, "lon": -41.793723266859232, "area_km2": 0.12844779618437083, "score": 22.232649546305961, "class": "ruim", "direct_activity_score": 22.232649546305961, "neighborhood_inherited_score": 0.0, "pos_food": 0.0, "pos_shop": 0.0, "pos_supermarket": 0.0, "pos_pharmacy": 0.0, "pos_fitness": 0.0, "pos_education": 0.0, "pos_healthcare": 0.0, "pos_office": 0.0, "pos_bank": 0.0, "pos_transport": 0.0, "pos_leisure": 0.0, "pos_fuel": 0.0, "pos_residential": 0.0, "pos_commercial": 0.0, "pos_mixed_use": 0.0, "pos_road_density": 0.0, "pos_anchor_proximity": 0.0084650795961579046, "positive_total": 0.0084650795961579046, "pen_unsuitable_landuse": 0.0, "pen_industrial": 0.0, "pen_isolation": 0.9, "pen_low_connectivity": 0.4, "penalty_total": 1.3, "raw": -1.2915349204038422, "score_physical": 29.96, "score_rank_pct": 4.2, "count_shop": 0, "count_supermarket": 0, "count_food": 0, "count_pharmacy": 0, "count_healthcare": 0, "count_education": 0, "count_fitness": 0, "count_office": 0, "count_bank": 0, "count_transport": 0, "count_leisure": 0, "count_fuel": 0, "feat_unsuitable_frac": 0.0, "feat_industrial_frac": 0.0, "feat_residential": 0.0, "feat_commercial": 0.0, "feat_road_density": 0.0, "feat_mixed_use": -0.0, "feat_isolation": 1.0, "feat_anchor_proximity": 0.0738641847200288, "feat_low_connectivity": 1.0, "raw_lu_frac_unsuitable": 0.0, "raw_lu_frac_residential": 0.0, "raw_lu_frac_commercial": 0.0, "raw_lu_frac_industrial": 0.0 }, "geometry": { "type": "Polygon", "coordinates": [ [ [ -41.792733126202108, -22.464610435490602 ], [ -41.791675874903071, -22.463067307647947 ], [ -41.792666015451942, -22.461492419925523 ], [ -41.794713402396077, -22.461460667761266 ], [ -41.795770658814298, -22.463003804021518 ], [ -41.794780523170537, -22.464578684028378 ], [ -41.792733126202108, -22.464610435490602 ] ] ] } },
{ "type": "Feature", "properties": { "h3": "89a8b1a2483ffff", "lat": -22.425324573312249, "lon": -41.811343384115148, "area_km2": 0.12846038055027148, "score": 30.0, "class": "ruim", "direct_activity_score": 30.0, "neighborhood_inherited_score": 0.0, "pos_food": 0.0, "pos_shop": 0.0, "pos_supermarket": 0.0, "pos_pharmacy": 0.0, "pos_fitness": 0.0, "pos_education": 0.0, "pos_healthcare": 0.0, "pos_office": 0.0, "pos_bank": 0.0, "pos_transport": 0.0, "pos_leisure": 0.0, "pos_fuel": 0.0, "pos_residential": 0.0, "pos_commercial": 0.0, "pos_mixed_use": 0.0, "pos_road_density": 0.0, "pos_anchor_proximity": 0.51474389147788491, "positive_total": 0.51474389147788491, "pen_unsuitable_landuse": 0.0, "pen_industrial": 0.0, "pen_isolation": 0.9, "pen_low_connectivity": 0.4, "penalty_total": 1.3, "raw": -0.78525610852211514, "score_physical": 34.06, "score_rank_pct": 67.23, "count_shop": 0, "count_supermarket": 0, "count_food": 0, "count_pharmacy": 0, "count_healthcare": 0, "count_education": 0, "count_fitness": 0, "count_office": 0, "count_bank": 0, "count_transport": 0, "count_leisure": 0, "count_fuel": 0, "feat_unsuitable_frac": 0.0, "feat_industrial_frac": 0.0, "feat_residential": 0.0, "feat_commercial": 0.0, "feat_road_density": 0.0, "feat_mixed_use": -0.0, "feat_isolation": 1.0, "feat_anchor_proximity": 0.27363961435918022, "feat_low_connectivity": 1.0, "raw_lu_frac_unsuitable": 0.0, "raw_lu_frac_residential": 0.0, "raw_lu_frac_commercial": 0.0, "raw_lu_frac_industrial": 0.0 }, "geometry": { "type": "Polygon", "coordinates": [ [ [ -41.810353343247463, -22.426900234965657 ], [ -41.809296109382259, -22.425356565900042 ], [ -41.810286150175301, -22.42378089618979 ], [ -41.812333419897122, -22.423748903264176 ], [ -41.813390658846252, -22.425292580724456 ], [ -41.812400622990957, -22.426868242715635 ], [ -41.810353343247463, -22.426900234965657 ] ] ] } },
{ "type": "Feature", "properties": { "h3": "89a8b1b084bffff", "lat": -22.447061179512648, "lon": -41.81795582285492, "area_km2": 0.12845354337071238, "score": 30.0, "class": "ruim", "direct_activity_score": 30.0, "neighborhood_inherited_score": 0.0, "pos_food": 0.0, "pos_shop": 0.0, "pos_supermarket": 0.0, "pos_pharmacy": 0.0, "pos_fitness": 0.0, "pos_education": 0.0, "pos_healthcare": 0.0, "pos_office": 0.0, "pos_bank": 0.0, "pos_transport": 0.0, "pos_leisure": 0.0, "pos_fuel": 0.0, "pos_residential": 0.0, "pos_commercial": 0.0, "pos_mixed_use": 0.0, "pos_road_density": 0.0, "pos_anchor_proximity": 0.11752164317215166, "positive_total": 0.11752164317215166, "pen_unsuitable_landuse": 0.0, "pen_industrial": 0.0, "pen_isolation": 0.9, "pen_low_connectivity": 0.4, "penalty_total": 1.3, "raw": -1.1824783568278483, "score_physical": 30.89, "score_rank_pct": 34.17, "count_shop": 0, "count_supermarket": 0, "count_food": 0, "count_pharmacy": 0, "count_healthcare": 0, "count_education": 0, "count_fitness": 0, "count_office": 0, "count_bank": 0, "count_transport": 0, "count_leisure": 0, "count_fuel": 0, "feat_unsuitable_frac": 0.0, "feat_industrial_frac": 0.0, "feat_residential": 0.0, "feat_commercial": 0.0, "feat_road_density": 0.0, "feat_mixed_use": -0.0, "feat_isolation": 1.0, "feat_anchor_proximity": 0.116897433064724, "feat_low_connectivity": 1.0, "raw_lu_frac_unsuitable": 0.0, "raw_lu_frac_residential": 0.0, "raw_lu_frac_commercial": 0.0, "raw_lu_frac_industrial": 0.0 }, "geometry": { "type": "Polygon", "coordinates": [ [ [ -41.816965763789753, -22.448636494547891 ], [ -41.815908477045163, -22.44709324488452 ], [ -41.816898536048392, -22.445517921786092 ], [ -41.818945876846961, -22.445485856081358 ], [ -41.820003168662801, -22.447029114140776 ], [ -41.819013114610144, -22.448604429508837 ], [ -41.816965763789753, -22.448636494547891 ] ] ] } },
{ "type": "Feature", "properties": { "h3": "89a8b1a2557ffff", "lat": -22.406414120755649, "lon": -41.823223500593571, "area_km2": 0.12846672737043116, "score": 59.448352884492806, "class": "médio", "direct_activity_score": 56.948438658816258, "neighborhood_inherited_score": 2.4999142256765481, "pos_food": 0.10829542993285693, "pos_shop": 0.097357440890125185, "pos_supermarket": 0.22362385321100917, "pos_pharmacy": 0.0, "pos_fitness": 0.20413306451612909, "pos_education": 0.59340659340659341, "pos_healthcare": 0.0, "pos_office": 0.0, "pos_bank": 0.0, "pos_transport": 0.45530660377358501, "pos_leisure": 0.0, "pos_fuel": 0.0, "pos_residential": 0.41439701022360775, "pos_commercial": 0.0, "pos_mixed_use": 0.94493780444841602, "pos_road_density": 0.31386772368122628, "pos_anchor_proximity": 1.5510491306183489, "positive_total": 4.9063746547018976, "pen_unsuitable_landuse": 2.2, "pen_industrial": 0.0, "pen_isolation": 0.038902613365140962, "pen_low_connectivity": 0.27445291052750947, "penalty_total": 2.5133555238926508, "raw": 2.3930191308092468, "score_physical": 52.99, "score_rank_pct": 74.51, "count_shop": 0, "count_supermarket": 0, "count_food": 1, "count_pharmacy": 0, "count_healthcare": 0, "count_education": 0, "count_fitness": 0, "count_office": 0, "count_bank": 0, "count_transport": 0, "count_leisure": 0, "count_fuel": 0, "feat_unsuitable_frac": 5.6792937042594698, "feat_industrial_frac": 0.0, "feat_residential": 0.26630926741493643, "feat_commercial": 0.0, "feat_road_density": 46402.967886483879, "feat_mixed_use": 0.50056705409184088, "feat_isolation": 0.043225125961267735, "feat_anchor_proximity": 0.68256117996274757, "feat_low_connectivity": 0.68613227631877372, "raw_lu_frac_unsuitable": 0.44354295100740193, "raw_lu_frac_residential": 0.0, "raw_lu_frac_commercial": 0.0, "raw_lu_frac_industrial": 0.0 }, "geometry": { "type": "Polygon", "coordinates": [ [ [ -41.822233516985143, -22.407990192742652 ], [ -41.821176284177149, -22.406446272179871 ], [ -41.822166267733593, -22.404870192140795 ], [ -41.824213479139516, -22.404838040387691 ], [ -41.825270717007761, -22.406381969331431 ], [ -41.824280738411176, -22.407958041647273 ], [ -41.822233516985143, -22.407990192742652 ] ] ] } },
{ "type": "Feature", "properties": { "h3": "89a8b1b1d83ffff", "lat": -22.45840600863491, "lon": -41.790551528988551, "area_km2": 0.12844920685668101, "score": 23.383911976109172, "class": "ruim", "direct_activity_score": 23.383911976109172, "neighborhood_inherited_score": 0.0, "pos_food": 0.0, "pos_shop": 0.0, "pos_supermarket": 0.0, "pos_pharmacy": 0.0, "pos_fitness": 0.0, "pos_education": 0.0, "pos_healthcare": 0.0, "pos_office": 0.0, "pos_bank": 0.0, "pos_transport": 0.0, "pos_leisure": 0.0, "pos_fuel": 0.0, "pos_residential": 0.0, "pos_commercial": 0.0, "pos_mixed_use": 0.0, "pos_road_density": 0.0, "pos_anchor_proximity": 0.018189084162239751, "positive_total": 0.018189084162239751, "pen_unsuitable_landuse": 0.0, "pen_industrial": 0.0, "pen_isolation": 0.9, "pen_low_connectivity": 0.4, "penalty_total": 1.3, "raw": -1.2818109158377602, "score_physical": 30.04, "score_rank_pct": 7.84, "count_shop": 0, "count_supermarket": 0, "count_food": 0, "count_pharmacy": 0, "count_healthcare": 0, "count_education": 0, "count_fitness": 0, "count_office": 0, "count_bank": 0, "count_transport": 0, "count_leisure": 0, "count_fuel": 0, "feat_unsuitable_frac": 0.0, "feat_industrial_frac": 0.0, "feat_residential": 0.0, "feat_commercial": 0.0, "feat_road_density": 0.0, "feat_mixed_use": -0.0, "feat_isolation": 1.0, "feat_anchor_proximity": 0.07770123486791429, "feat_low_connectivity": 1.0, "raw_lu_frac_unsuitable": 0.0, "raw_lu_frac_residential": 0.0, "raw_lu_frac_commercial": 0.0, "raw_lu_frac_industrial": 0.0 }, "geometry": { "type": "Polygon", "coordinates": [ [ [ -41.789561388110094, -22.459980951264154 ], [ -41.788504152617527, -22.458437722728522 ], [ -41.789494293381658, -22.456862772034139 ], [ -41.791541664740627, -22.45683105758711 ], [ -41.792598905358552, -22.458374294541297 ], [ -41.791608769493486, -22.459949237523912 ], [ -41.789561388110094, -22.459980951264154 ] ] ] } },
{ "type": "Feature", "properties": { "h3": "89a8b1a248fffff", "lat": -22.422205179364294, "lon": -41.811276186360985, "area_km2": 0.12846138109988747, "score": 51.899493763601242, "class": "médio", "direct_activity_score": 30.0, "neighborhood_inherited_score": 21.899493763601242, "pos_food": 0.11695906432748547, "pos_shop": 0.0, "pos_supermarket": 0.0, "pos_pharmacy": 0.0, "pos_fitness": 0.1360887096774194, "pos_education": 0.11868131868131868, "pos_healthcare": 0.0, "pos_office": 0.0, "pos_bank": 0.0, "pos_transport": 0.035023584905660383, "pos_leisure": 0.024042742653606414, "pos_fuel": 0.0, "pos_residential": 0.036353613455611028, "pos_commercial": 0.0, "pos_mixed_use": 0.58776339495458263, "pos_road_density": 0.03212853171638079, "pos_anchor_proximity": 0.65445348186499164, "positive_total": 1.7414944422370566, "pen_unsuitable_landuse": 0.25446336590450075, "pen_industrial": 0.0, "pen_isolation": 0.40764421149890206, "pen_low_connectivity": 0.3871485873134477, "penalty_total": 1.0492561647168506, "raw": 0.69223827752020606, "score_physical": 43.89, "score_rank_pct": 70.59, "count_shop": 0, "count_supermarket": 0, "count_food": 0, "count_pharmacy": 0, "count_healthcare": 0, "count_education": 0, "count_fitness": 0, "count_office": 0, "count_bank": 0, "count_transport": 0, "count_leisure": 0, "count_fuel": 0, "feat_unsuitable_frac": 0.11566516632022761, "feat_industrial_frac": 0.0, "feat_residential": 0.02336238903370837, "feat_commercial": 0.0, "feat_road_density": 4749.9602953416734, "feat_mixed_use": 0.31135910716068266, "feat_isolation": 0.45293801277655782, "feat_anchor_proximity": 0.32876841451685762, "feat_low_connectivity": 0.96787146828361925, "raw_lu_frac_unsuitable": 0.0, "raw_lu_frac_residential": 0.0, "raw_lu_frac_commercial": 0.0, "raw_lu_frac_industrial": 0.0 }, "geometry": { "type": "Polygon", "coordinates": [ [ [ -41.810286150175301, -22.42378089618979 ], [ -41.809228921649726, -22.422237172627732 ], [ -41.81021895776064, -22.420661447746269 ], [ -41.812266217460873, -22.420629454144962 ], [ -41.813323451070445, -22.422173186100856 ], [ -41.812333419897122, -22.423748903264176 ], [ -41.810286150175301, -22.42378089618979 ] ] ] } },
{ "type": "Feature", "properties": { "h3": "89a8b1b0e53ffff", "lat": -22.462940184056698, "lon": -41.79986544432488, "area_km2": 0.12844798447383265, "score": 22.950754755209964, "class": "ruim", "direct_activity_score": 22.950754755209964, "neighborhood_inherited_score": 0.0, "pos_food": 0.0, "pos_shop": 0.0, "pos_supermarket": 0.0, "pos_pharmacy": 0.0, "pos_fitness": 0.0, "pos_education": 0.0, "pos_healthcare": 0.0, "pos_office": 0.0, "pos_bank": 0.0, "pos_transport": 0.0, "pos_leisure": 0.0, "pos_fuel": 0.0, "pos_residential": 0.0, "pos_commercial": 0.0, "pos_mixed_use": 0.0, "pos_road_density": 0.0, "pos_anchor_proximity": 0.016039599336974193, "positive_total": 0.016039599336974193, "pen_unsuitable_landuse": 0.0, "pen_industrial": 0.0, "pen_isolation": 0.9, "pen_low_connectivity": 0.4, "penalty_total": 1.3, "raw": -1.2839604006630259, "score_physical": 30.03, "score_rank_pct": 6.44, "count_shop": 0, "count_supermarket": 0, "count_food": 0, "count_pharmacy": 0, "count_healthcare": 0, "count_education": 0, "count_fitness": 0, "count_office": 0, "count_bank": 0, "count_transport": 0, "count_leisure": 0, "count_fuel": 0, "feat_unsuitable_frac": 0.0, "feat_industrial_frac": 0.0, "feat_residential": 0.0, "feat_commercial": 0.0, "feat_road_density": 0.0, "feat_mixed_use": -0.0, "feat_isolation": 1.0, "feat_anchor_proximity": 0.076853057451849366, "feat_low_connectivity": 1.0, "raw_lu_frac_unsuitable": 0.0, "raw_lu_frac_residential": 0.0, "raw_lu_frac_commercial": 0.0, "raw_lu_frac_industrial": 0.0 }, "geometry": { "type": "Polygon", "coordinates": [ [ [ -41.798875318179057, -22.464515103540322 ], [ -41.797818051307175, -22.462972013428782 ], [ -41.798808177356491, -22.46139708587835 ], [ -41.800855565362319, -22.461365256159837 ], [ -41.801912837341305, -22.462908354684611 ], [ -41.800922716208689, -22.464483274514627 ], [ -41.798875318179057, -22.464515103540322 ] ] ] } },
{ "type": "Feature", "properties": { "h3": "89a8b1b1d77ffff", "lat": -22.444420635764303, "lon": -41.78717859033457, "area_km2": 0.12845362473909877, "score": 28.200222057220671, "class": "ruim", "direct_activity_score": 28.200222057220671, "neighborhood_inherited_score": 0.0, "pos_food": 0.0, "pos_shop": 0.0, "pos_supermarket": 0.0, "pos_pharmacy": 0.0, "pos_fitness": 0.0, "pos_education": 0.0, "pos_healthcare": 0.0, "pos_office": 0.0, "pos_bank": 0.0, "pos_transport": 0.0, "pos_leisure": 0.0, "pos_fuel": 0.0, "pos_residential": 0.0, "pos_commercial": 0.0, "pos_mixed_use": 0.0, "pos_road_density": 0.0, "pos_anchor_proximity": 0.064594750346747776, "positive_total": 0.064594750346747776, "pen_unsuitable_landuse": 0.0, "pen_industrial": 0.0, "pen_isolation": 0.9, "pen_low_connectivity": 0.4, "penalty_total": 1.3, "raw": -1.2354052496532524, "score_physical": 30.44, "score_rank_pct": 22.97, "count_shop": 0, "count_supermarket": 0, "count_food": 0, "count_pharmacy": 0, "count_healthcare": 0, "count_education": 0, "count_fitness": 0, "count_office": 0, "count_bank": 0, "count_transport": 0, "count_leisure": 0, "count_fuel": 0, "feat_unsuitable_frac": 0.0, "feat_industrial_frac": 0.0, "feat_residential": 0.0, "feat_commercial": 0.0, "feat_road_density": 0.0, "feat_mixed_use": -0.0, "feat_isolation": 1.0, "feat_anchor_proximity": 0.096012710051408406, "feat_low_connectivity": 1.0, "raw_lu_frac_unsuitable": 0.0, "raw_lu_frac_residential": 0.0, "raw_lu_frac_commercial": 0.0, "raw_lu_frac_industrial": 0.0 }, "geometry": { "type": "Polygon", "coordinates": [ [ [ -41.786188463292646, -22.445995807076923 ], [ -41.785131259634134, -22.44445231428735 ], [ -41.786121386555244, -22.442877134913608 ], [ -41.788168712243731, -22.442845456034608 ], [ -41.789225921034017, -22.444388957241259 ], [ -41.788235799005378, -22.44596412890979 ], [ -41.786188463292646, -22.445995807076923 ] ] ] } },
{ "type": "Feature", "properties": { "h3": "89a8b1a2213ffff", "lat": -22.388266763433339, "lon": -41.785971225186884, "area_km2": 0.12847161716060707, "score": 72.269451543069437, "class": "bom", "direct_activity_score": 56.406348061446785, "neighborhood_inherited_score": 15.863103481622652, "pos_food": 0.35347628330084502, "pos_shop": 1.0676866017617059, "pos_supermarket": 0.0, "pos_pharmacy": 0.0, "pos_fitness": 0.36290322580645173, "pos_education": 0.19780219780219782, "pos_healthcare": 0.0, "pos_office": 0.0, "pos_bank": 0.0, "pos_transport": 0.13425707547169813, "pos_leisure": 0.10685663401602853, "pos_fuel": 0.41666666666666669, "pos_residential": 0.085605843263287629, "pos_commercial": 0.021777273144652488, "pos_mixed_use": 1.1169371637120453, "pos_road_density": 0.78160873006663112, "pos_anchor_proximity": 1.5545559213037548, "positive_total": 6.2001336163159655, "pen_unsuitable_landuse": 0.037768162199868442, "pen_industrial": 0.0, "pen_isolation": 0.0045104402417274671, "pen_low_connectivity": 0.087356507973347555, "penalty_total": 0.12963511041494347, "raw": 6.0704985059010221, "score_physical": 68.67, "score_rank_pct": 80.67, "count_shop": 0, "count_supermarket": 0, "count_food": 0, "count_pharmacy": 0, "count_healthcare": 0, "count_education": 0, "count_fitness": 0, "count_office": 0, "count_bank": 0, "count_transport": 0, "count_leisure": 0, "count_fuel": 0, "feat_unsuitable_frac": 0.017167346454485654, "feat_industrial_frac": 0.0, "feat_residential": 0.055013981383655368, "feat_commercial": 0.0016708170198417699, "feat_road_density": 115554.9362505117, "feat_mixed_use": 0.59168121225861692, "feat_isolation": 0.0050116002685860741, "feat_anchor_proximity": 0.683944944401215, "feat_low_connectivity": 0.21839126993336888, "raw_lu_frac_unsuitable": 0.0, "raw_lu_frac_residential": 0.0, "raw_lu_frac_commercial": 0.0, "raw_lu_frac_industrial": 0.0 }, "geometry": { "type": "Polygon", "coordinates": [ [ [ -41.784981182447211, -22.389842927880203 ], [ -41.783924074907851, -22.388298454786842 ], [ -41.784914117524309, -22.386722282294635 ], [ -41.786961262792097, -22.386690590584241 ], [ -41.788018375464702, -22.388235072079837 ], [ -41.787028337737596, -22.389811236883546 ], [ -41.784981182447211, -22.389842927880203 ] ] ] } },
{ "type": "Feature", "properties": { "h3": "89a8b1b086fffff", "lat": -22.439119840617884, "lon": -41.827000689378053, "area_km2": 0.12845630595452609, "score": 30.0, "class": "ruim", "direct_activity_score": 30.0, "neighborhood_inherited_score": 0.0, "pos_food": 0.0, "pos_shop": 0.0, "pos_supermarket": 0.0, "pos_pharmacy": 0.0, "pos_fitness": 0.0, "pos_education": 0.0, "pos_healthcare": 0.0, "pos_office": 0.0, "pos_bank": 0.0, "pos_transport": 0.0, "pos_leisure": 0.0, "pos_fuel": 0.0, "pos_residential": 0.0, "pos_commercial": 0.0, "pos_mixed_use": 0.0, "pos_road_density": 0.0, "pos_anchor_proximity": 0.18074696848171717, "positive_total": 0.18074696848171717, "pen_unsuitable_landuse": 0.0, "pen_industrial": 0.0, "pen_isolation": 0.9, "pen_low_connectivity": 0.4, "penalty_total": 1.3, "raw": -1.1192530315182829, "score_physical": 31.42, "score_rank_pct": 44.54, "count_shop": 0, "count_supermarket": 0, "count_food": 0, "count_pharmacy": 0, "count_healthcare": 0, "count_education": 0, "count_fitness": 0, "count_office": 0, "count_bank": 0, "count_transport": 0, "count_leisure": 0, "count_fuel": 0, "feat_unsuitable_frac": 0.0, "feat_industrial_frac": 0.0, "feat_residential": 0.0, "feat_commercial": 0.0, "feat_road_density": 0.0, "feat_mixed_use": -0.0, "feat_isolation": 1.0, "feat_anchor_proximity": 0.14184587299814214, "feat_low_connectivity": 1.0, "raw_lu_frac_unsuitable": 0.0, "raw_lu_frac_residential": 0.0, "raw_lu_frac_commercial": 0.0, "raw_lu_frac_industrial": 0.0 }, "geometry": { "type": "Polygon", "coordinates": [ [ [ -41.826010663925246, -22.44069535327192 ], [ -41.824953367324518, -22.439152023884603 ], [ -41.825943392732647, -22.437576503169161 ], [ -41.827990709775349, -22.437544319576386 ], [ -41.829048011429407, -22.439087657351163 ], [ -41.828057990988775, -22.440663170331224 ], [ -41.826010663925246, -22.44069535327192 ] ] ] } },
{ "type": "Feature", "properties": { "h3": "89a8b1b0a23ffff", "lat": -22.433074562930571, "lon": -41.814582331407252, "area_km2": 0.12845796627350645, "score": 30.0, "class": "ruim", "direct_activity_score": 30.0, "neighborhood_inherited_score": 0.0, "pos_food": 0.0, "pos_shop": 0.0, "pos_supermarket": 0.0, "pos_pharmacy": 0.0, "pos_fitness": 0.0, "pos_education": 0.0, "pos_healthcare": 0.0, "pos_office": 0.0, "pos_bank": 0.0, "pos_transport": 0.0, "pos_leisure": 0.0, "pos_fuel": 0.0, "pos_residential": 0.0, "pos_commercial": 0.0, "pos_mixed_use": 0.0, "pos_road_density": 0.0, "pos_anchor_proximity": 0.3065144323657551, "positive_total": 0.3065144323657551, "pen_unsuitable_landuse": 0.0, "pen_industrial": 0.0, "pen_isolation": 0.9, "pen_low_connectivity": 0.4, "penalty_total": 1.3, "raw": -0.99348556763424489, "score_physical": 32.44, "score_rank_pct": 57.7, "count_shop": 0, "count_supermarket": 0, "count_food": 0, "count_pharmacy": 0, "count_healthcare": 0, "count_education": 0, "count_fitness": 0, "count_office": 0, "count_bank": 0, "count_transport": 0, "count_leisure": 0, "count_fuel": 0, "feat_unsuitable_frac": 0.0, "feat_industrial_frac": 0.0, "feat_residential": 0.0, "feat_commercial": 0.0, "feat_road_density": 0.0, "feat_mixed_use": -0.0, "feat_isolation": 1.0, "feat_anchor_proximity": 0.19147317033392261, "feat_low_connectivity": 1.0, "raw_lu_frac_unsuitable": 0.0, "raw_lu_frac_residential": 0.0, "raw_lu_frac_commercial": 0.0, "raw_lu_frac_industrial": 0.0 }, "geometry": { "type": "Polygon", "coordinates": [ [ [ -41.813592286119501, -22.434650106499408 ], [ -41.812535031151427, -22.433106592564432 ], [ -41.813525076370759, -22.431531040936452 ], [ -41.815572371615495, -22.431499010967205 ], [ -41.816629631661236, -22.433042533296714 ], [ -41.815639591385896, -22.434618077200891 ], [ -41.813592286119501, -22.434650106499408 ] ] ] } },
{ "type": "Feature", "properties": { "h3": "89a8b1b0bd7ffff", "lat": -22.436000935325822, "lon": -41.82693341350425, "area_km2": 0.12845730807069805, "score": 30.0, "class": "ruim", "direct_activity_score": 30.0, "neighborhood_inherited_score": 0.0, "pos_food": 0.0, "pos_shop": 0.0, "pos_supermarket": 0.0, "pos_pharmacy": 0.0, "pos_fitness": 0.0, "pos_education": 0.0, "pos_healthcare": 0.0, "pos_office": 0.0, "pos_bank": 0.0, "pos_transport": 0.0, "pos_leisure": 0.0, "pos_fuel": 0.0, "pos_residential": 0.0, "pos_commercial": 0.0, "pos_mixed_use": 0.0, "pos_road_density": 0.0, "pos_anchor_proximity": 0.22034251095969754, "positive_total": 0.22034251095969754, "pen_unsuitable_landuse": 0.0, "pen_industrial": 0.0, "pen_isolation": 0.9, "pen_low_connectivity": 0.4, "penalty_total": 1.3, "raw": -1.0796574890403026, "score_physical": 31.74, "score_rank_pct": 50.42, "count_shop": 0, "count_supermarket": 0, "count_food": 0, "count_pharmacy": 0, "count_healthcare": 0, "count_education": 0, "count_fitness": 0, "count_office": 0, "count_bank": 0, "count_transport": 0, "count_leisure": 0, "count_fuel": 0, "feat_unsuitable_frac": 0.0, "feat_industrial_frac": 0.0, "feat_residential": 0.0, "feat_commercial": 0.0, "feat_road_density": 0.0, "feat_mixed_use": -0.0, "feat_isolation": 1.0, "feat_anchor_proximity": 0.1574701028191241, "feat_low_connectivity": 1.0, "raw_lu_frac_unsuitable": 0.0, "raw_lu_frac_residential": 0.0, "raw_lu_frac_commercial": 0.0, "raw_lu_frac_industrial": 0.0 }, "geometry": { "type": "Polygon", "coordinates": [ [ [ -41.825943392732647, -22.437576503169161 ], [ -41.824886101471492, -22.436033119244687 ], [ -41.825876122198274, -22.43445754334083 ], [ -41.827923429220242, -22.434425359095847 ], [ -41.828980725534812, -22.435968751406961 ], [ -41.827990709775349, -22.437544319576386 ], [ -41.825943392732647, -22.437576503169161 ] ] ] } },
{ "type": "Feature", "properties": { "h3": "89a8b1b1da7ffff", "lat": -22.450467233554136, "lon": -41.799596866244023, "area_km2": 0.1284520001221206, "score": 28.560990868931547, "class": "ruim", "direct_activity_score": 28.560990868931547, "neighborhood_inherited_score": 0.0, "pos_food": 0.0, "pos_shop": 0.0, "pos_supermarket": 0.0, "pos_pharmacy": 0.0, "pos_fitness": 0.0, "pos_education": 0.0, "pos_healthcare": 0.0, "pos_office": 0.0, "pos_bank": 0.0, "pos_transport": 0.0, "pos_leisure": 0.0, "pos_fuel": 0.0, "pos_residential": 0.0, "pos_commercial": 0.0, "pos_mixed_use": 0.0, "pos_road_density": 0.0, "pos_anchor_proximity": 0.06872896582327942, "positive_total": 0.06872896582327942, "pen_unsuitable_landuse": 0.0, "pen_industrial": 0.0, "pen_isolation": 0.9, "pen_low_connectivity": 0.4, "penalty_total": 1.3, "raw": -1.2312710341767206, "score_physical": 30.48, "score_rank_pct": 24.09, "count_shop": 0, "count_supermarket": 0, "count_food": 0, "count_pharmacy": 0, "count_healthcare": 0, "count_education": 0, "count_fitness": 0, "count_office": 0, "count_bank": 0, "count_transport": 0, "count_leisure": 0, "count_fuel": 0, "feat_unsuitable_frac": 0.0, "feat_industrial_frac": 0.0, "feat_residential": 0.0, "feat_commercial": 0.0, "feat_road_density": 0.0, "feat_mixed_use": -0.0, "feat_isolation": 1.0, "feat_anchor_proximity": 0.097644053598998706, "feat_low_connectivity": 1.0, "raw_lu_frac_unsuitable": 0.0, "raw_lu_frac_residential": 0.0, "raw_lu_frac_commercial": 0.0, "raw_lu_frac_industrial": 0.0 }, "geometry": { "type": "Polygon", "coordinates": [ [ [ -41.79860675883107, -22.452042374026416 ], [ -41.797549513320746, -22.450499065698327 ], [ -41.79853962063666, -22.448923917162709 ], [ -41.800586968548224, -22.448892084671879 ], [ -41.801644219165979, -22.450435401409948 ], [ -41.800654116766061, -22.452010542228813 ], [ -41.79860675883107, -22.452042374026416 ] ] ] } },
{ "type": "Feature", "properties": { "h3": "89a8b1a24b3ffff", "lat": -22.422109083418363, "lon": -41.81741798188898, "area_km2": 0.12846155723836147, "score": 46.10865777979329, "class": "médio", "direct_activity_score": 30.0, "neighborhood_inherited_score": 16.10865777979329, "pos_food": 0.15594541910331397, "pos_shop": 0.0, "pos_supermarket": 0.0, "pos_pharmacy": 0.0, "pos_fitness": 0.11340725806451618, "pos_education": 0.11868131868131868, "pos_healthcare": 0.0, "pos_office": 0.0, "pos_bank": 0.0, "pos_transport": 0.029186320754716989, "pos_leisure": 0.024042742653606414, "pos_fuel": 0.0, "pos_residential": 0.035258523895309396, "pos_commercial": 0.0, "pos_mixed_use": 0.56653420433106416, "pos_road_density": 0.027483346719717649, "pos_anchor_proximity": 0.81765980559838281, "positive_total": 1.8881989398019465, "pen_unsuitable_landuse": 1.5283098320179622, "pen_industrial": 0.0, "pen_isolation": 0.37932553329832586, "pen_low_connectivity": 0.38900666131211298, "penalty_total": 2.2966420266284011, "raw": -0.40844308682645458, "score_physical": 36.82, "score_rank_pct": 67.79, "count_shop": 0, "count_supermarket": 0, "count_food": 0, "count_pharmacy": 0, "count_healthcare": 0, "count_education": 0, "count_fitness": 0, "count_office": 0, "count_bank": 0, "count_transport": 0, "count_leisure": 0, "count_fuel": 0, "feat_unsuitable_frac": 0.69468628728089188, "feat_industrial_frac": 0.0, "feat_residential": 0.022658637579516389, "feat_commercial": 0.0, "feat_road_density": 4063.204844036155, "feat_mixed_use": 0.30011325228944929, "feat_isolation": 0.42147281477591764, "feat_anchor_proximity": 0.39316892403547737, "feat_low_connectivity": 0.97251665328028236, "raw_lu_frac_unsuitable": 0.0, "raw_lu_frac_residential": 0.0, "raw_lu_frac_commercial": 0.0, "raw_lu_frac_industrial": 0.0 }, "geometry": { "type": "Polygon", "coordinates": [ [ [ -41.816427960277821, -22.42368483997117 ], [ -41.815370716250769, -22.422141154118826 ], [ -41.816360737798902, -22.420565389509797 ], [ -41.818407998426245, -22.420533318476089 ], [ -41.819465247525208, -22.422077012717903 ], [ -41.818475230926239, -22.423652769603923 ], [ -41.816427960277821, -22.42368483997117 ] ] ] } },
{ "type": "Feature", "properties": { "h3": "89a8b1b0b0fffff", "lat": -22.425035594502621, "lon": -41.829768868875817, "area_km2": 0.12846089621326398, "score": 30.0, "class": "ruim", "direct_activity_score": 30.0, "neighborhood_inherited_score": 0.0, "pos_food": 0.0, "pos_shop": 0.0, "pos_supermarket": 0.0, "pos_pharmacy": 0.0, "pos_fitness": 0.0, "pos_education": 0.0, "pos_healthcare": 0.0, "pos_office": 0.0, "pos_bank": 0.0, "pos_transport": 0.0, "pos_leisure": 0.0, "pos_fuel": 0.0, "pos_residential": 0.0, "pos_commercial": 0.0, "pos_mixed_use": 0.0, "pos_road_density": 0.0, "pos_anchor_proximity": 0.37305852080018215, "positive_total": 0.37305852080018215, "pen_unsuitable_landuse": 0.25920924985102706, "pen_industrial": 0.0, "pen_isolation": 0.9, "pen_low_connectivity": 0.4, "penalty_total": 1.559209249851027, "raw": -1.1861507290508448, "score_physical": 30.86, "score_rank_pct": 33.89, "count_shop": 0, "count_supermarket": 0, "count_food": 0, "count_pharmacy": 0, "count_healthcare": 0, "count_education": 0, "count_fitness": 0, "count_office": 0, "count_bank": 0, "count_transport": 0, "count_leisure": 0, "count_fuel": 0, "feat_unsuitable_frac": 0.11782238629592137, "feat_industrial_frac": 0.0, "feat_residential": 0.0, "feat_commercial": 0.0, "feat_road_density": 0.0, "feat_mixed_use": -0.0, "feat_isolation": 1.0, "feat_anchor_proximity": 0.2177311798435897, "feat_low_connectivity": 1.0, "raw_lu_frac_unsuitable": 0.084043556767875102, "raw_lu_frac_residential": 0.0, "raw_lu_frac_commercial": 0.0, "raw_lu_frac_industrial": 0.0 }, "geometry": { "type": "Polygon", "coordinates": [ [ [ -41.828778871801184, -22.426611375308823 ], [ -41.827721591504762, -22.425067819427102 ], [ -41.828711588539981, -22.423492030563303 ], [ -41.830758860900467, -22.423459805314842 ], [ -41.831816146244549, -22.425003369578139 ], [ -41.830826154181821, -22.426579150708278 ], [ -41.828778871801184, -22.426611375308823 ] ] ] } },
{ "type": "Feature", "properties": { "h3": "89a8b1a254bffff", "lat": -22.403390405203194, "lon": -41.817014628792961, "area_km2": 0.12846755387781567, "score": 75.757255116560756, "class": "bom", "direct_activity_score": 69.584898709341957, "neighborhood_inherited_score": 6.1723564072187997, "pos_food": 0.2962962962962965, "pos_shop": 0.56250965847627887, "pos_supermarket": 1.0237003058103975, "pos_pharmacy": 0.0, "pos_fitness": 0.56703629032258085, "pos_education": 1.2, "pos_healthcare": 0.0, "pos_office": 0.59210526315789513, "pos_bank": 0.0, "pos_transport": 1.0837853773584907, "pos_leisure": 0.024042742653606414, "pos_fuel": 0.0, "pos_residential": 0.36342231744495995, "pos_commercial": 0.057012093169415412, "pos_mixed_use": 1.2117946468682042, "pos_road_density": 0.6921414458442271, "pos_anchor_proximity": 1.7567991074526581, "positive_total": 9.4306455448550093, "pen_unsuitable_landuse": 2.2, "pen_industrial": 0.0076911859009016472, "pen_isolation": 8.5297917665509059e-05, "pen_low_connectivity": 0.12314342166230917, "penalty_total": 2.3309199054808767, "raw": 7.0997256393741326, "score_physical": 72.45, "score_rank_pct": 83.47, "count_shop": 2, "count_supermarket": 1, "count_food": 0, "count_pharmacy": 0, "count_healthcare": 0, "count_education": 0, "count_fitness": 0, "count_office": 0, "count_bank": 0, "count_transport": 0, "count_leisure": 0, "count_fuel": 0, "feat_unsuitable_frac": 3.1015544161736868, "feat_industrial_frac": 0.019227964752254117, "feat_residential": 0.23355074658666578, "feat_commercial": 0.0043741369716738272, "feat_road_density": 102327.87528364536, "feat_mixed_use": 0.64193058388764335, "feat_isolation": 9.4775464072787834e-05, "feat_anchor_proximity": 0.76374923100431857, "feat_low_connectivity": 0.3078585541557729, "raw_lu_frac_unsuitable": 0.096878800268624762, "raw_lu_frac_residential": 0.045364702828198517, "raw_lu_frac_commercial": 0.0, "raw_lu_frac_industrial": 0.0 }, "geometry": { "type": "Polygon", "coordinates": [ [ [ -41.816024635270573, -22.404966492629114 ], [ -41.814967423279541, -22.403422479904229 ], [ -41.815957416738087, -22.401846384427355 ], [ -41.818004617240895, -22.401814309392773 ], [ -41.819061834304335, -22.403358330502158 ], [ -41.818071845793895, -22.404934418261586 ], [ -41.816024635270573, -22.404966492629114 ] ] ] } },
{ "type": "Feature", "properties": { "h3": "89a8b1a2667ffff", "lat": -22.39762820836156, "lon": -41.786172437942753, "area_km2": 0.1284686258004295, "score": 89.602298733882307, "class": "muito bom", "direct_activity_score": 75.481522190105068, "neighborhood_inherited_score": 14.120776543777239, "pos_food": 0.8039852718215299, "pos_shop": 1.4, "pos_supermarket": 0.71559633027522929, "pos_pharmacy": 0.28645833333333348, "pos_fitness": 0.90473790322580683, "pos_education": 0.44835164835164837, "pos_healthcare": 0.0, "pos_office": 0.3947368421052635, "pos_bank": 0.59217171717171768, "pos_transport": 0.56751179245283034, "pos_leisure": 0.6, "pos_fuel": 0.5, "pos_residential": 0.50538305692930552, "pos_commercial": 0.89070103437515735, "pos_mixed_use": 1.4688528108192112, "pos_road_density": 0.72483795075855506, "pos_anchor_proximity": 1.778828085718247, "positive_total": 12.582152777337836, "pen_unsuitable_landuse": 0.34739157139929772, "pen_industrial": 0.0, "pen_isolation": 5.7626751460374687e-07, "pen_low_connectivity": 0.11006481969657798, "penalty_total": 0.45745696736339031, "raw": 12.124695809974446, "score_physical": 88.63, "score_rank_pct": 91.88, "count_shop": 0, "count_supermarket": 0, "count_food": 2, "count_pharmacy": 0, "count_healthcare": 0, "count_education": 0, "count_fitness": 1, "count_office": 0, "count_bank": 0, "count_transport": 1, "count_leisure": 0, "count_fuel": 0, "feat_unsuitable_frac": 0.15790525972695349, "feat_industrial_frac": 0.0, "feat_residential": 0.32478079796507453, "feat_commercial": 0.068337226517733995, "feat_road_density": 107161.80611840922, "feat_mixed_use": 0.77810340632469654, "feat_isolation": 6.4029723844860757e-07, "feat_anchor_proximity": 0.77244177055809238, "feat_low_connectivity": 0.27516204924144494, "raw_lu_frac_unsuitable": 0.006015627767396961, "raw_lu_frac_residential": 0.15388859778507191, "raw_lu_frac_commercial": 0.0, "raw_lu_frac_industrial": 0.0 }, "geometry": { "type": "Polygon", "coordinates": [ [ [ -41.785182381153646, -22.399204207428177 ], [ -41.784125257595569, -22.397659897574322 ], [ -41.785115314261866, -22.396083890459725 ], [ -41.787162489597698, -22.396052200890228 ], [ -41.788219618288764, -22.397596519148802 ], [ -41.78722956651233, -22.399172518572101 ], [ -41.785182381153646, -22.399204207428177 ] ] ] } },
{ "type": "Feature", "properties": { "h3": "89a8b1b1977ffff", "lat": -22.42258724000725, "lon": -41.786709034171878, "area_km2": 0.12846063440997785, "score": 30.0, "class": "ruim", "direct_activity_score": 30.0, "neighborhood_inherited_score": 0.0, "pos_food": 0.0, "pos_shop": 0.0, "pos_supermarket": 0.0, "pos_pharmacy": 0.0, "pos_fitness": 0.0, "pos_education": 0.0, "pos_healthcare": 0.0, "pos_office": 0.0, "pos_bank": 0.0, "pos_transport": 0.0, "pos_leisure": 0.0, "pos_fuel": 0.0, "pos_residential": 0.0, "pos_commercial": 0.0, "pos_mixed_use": 0.0, "pos_road_density": 0.0, "pos_anchor_proximity": 0.25196725627818367, "positive_total": 0.25196725627818367, "pen_unsuitable_landuse": 0.0, "pen_industrial": 0.0, "pen_isolation": 0.9, "pen_low_connectivity": 0.4, "penalty_total": 1.3, "raw": -1.0480327437218164, "score_physical": 32.0, "score_rank_pct": 53.22, "count_shop": 0, "count_supermarket": 0, "count_food": 0, "count_pharmacy": 0, "count_healthcare": 0, "count_education": 0, "count_fitness": 0, "count_office": 0, "count_bank": 0, "count_transport": 0, "count_leisure": 0, "count_fuel": 0, "feat_unsuitable_frac": 0.0, "feat_industrial_frac": 0.0, "feat_residential": 0.0, "feat_commercial": 0.0, "feat_road_density": 0.0, "feat_mixed_use": -0.0, "feat_isolation": 1.0, "feat_anchor_proximity": 0.16994909055267601, "feat_low_connectivity": 1.0, "raw_lu_frac_unsuitable": 0.0, "raw_lu_frac_residential": 0.0, "raw_lu_frac_commercial": 0.0, "raw_lu_frac_industrial": 0.0 }, "geometry": { "type": "Polygon", "coordinates": [ [ [ -41.78571893991576, -22.424162797781751 ], [ -41.784661773638881, -22.42261892351593 ], [ -41.785651867773261, -22.421043357686418 ], [ -41.787699123294573, -22.421011673821415 ], [ -41.788756294703795, -22.422555556498569 ], [ -41.787766205460692, -22.424131114629354 ], [ -41.78571893991576, -22.424162797781751 ] ] ] } },
{ "type": "Feature", "properties": { "h3": "89a8b1b0e77ffff", "lat": -22.455001294213368, "lon": -41.8089107410228, "area_km2": 0.12845076954336887, "score": 27.665111928202545, "class": "ruim", "direct_activity_score": 27.665111928202545, "neighborhood_inherited_score": 0.0, "pos_food": 0.0, "pos_shop": 0.0, "pos_supermarket": 0.0, "pos_pharmacy": 0.0, "pos_fitness": 0.0, "pos_education": 0.0, "pos_healthcare": 0.0, "pos_office": 0.0, "pos_bank": 0.0, "pos_transport": 0.0, "pos_leisure": 0.0, "pos_fuel": 0.0, "pos_residential": 0.0, "pos_commercial": 0.0, "pos_mixed_use": 0.0, "pos_road_density": 0.0, "pos_anchor_proximity": 0.059414353484381247, "positive_total": 0.059414353484381247, "pen_unsuitable_landuse": 0.0, "pen_industrial": 0.0, "pen_isolation": 0.9, "pen_low_connectivity": 0.4, "penalty_total": 1.3, "raw": -1.2405856465156189, "score_physical": 30.4, "score_rank_pct": 21.29, "count_shop": 0, "count_supermarket": 0, "count_food": 0, "count_pharmacy": 0, "count_healthcare": 0, "count_education": 0, "count_fitness": 0, "count_office": 0, "count_bank": 0, "count_transport": 0, "count_leisure": 0, "count_fuel": 0, "feat_unsuitable_frac": 0.0, "feat_industrial_frac": 0.0, "feat_residential": 0.0, "feat_commercial": 0.0, "feat_road_density": 0.0, "feat_mixed_use": -0.0, "feat_isolation": 1.0, "feat_anchor_proximity": 0.09396854785344079, "feat_low_connectivity": 1.0, "raw_lu_frac_unsuitable": 0.0, "raw_lu_frac_residential": 0.0, "raw_lu_frac_commercial": 0.0, "raw_lu_frac_industrial": 0.0 }, "geometry": { "type": "Polygon", "coordinates": [ [ [ -41.807920648393292, -22.456576411525102 ], [ -41.806863371558322, -22.455033241620338 ], [ -41.807853464108618, -22.453458116243599 ], [ -41.809900828561567, -22.453426168496975 ], [ -41.810958110485714, -22.454969346806394 ], [ -41.809968022869064, -22.456544464457732 ], [ -41.807920648393292, -22.456576411525102 ] ] ] } },
{ "type": "Feature", "properties": { "h3": "89a8b1a2083ffff", "lat": -22.403486513233915, "lon": -41.810873013643977, "area_km2": 0.12846737751426782, "score": 82.06746942038572, "class": "muito bom", "direct_activity_score": 72.89077165406988, "neighborhood_inherited_score": 9.17669776631584, "pos_food": 0.65583712367338176, "pos_shop": 0.77885952712100148, "pos_supermarket": 1.0435779816513764, "pos_pharmacy": 0.0, "pos_fitness": 0.75604838709677435, "pos_education": 1.2, "pos_healthcare": 0.27272727272727271, "pos_office": 0.85526315789473739, "pos_bank": 0.0, "pos_transport": 1.1, "pos_leisure": 0.11487088156723069, "pos_fuel": 0.0, "pos_residential": 0.50482254447569819, "pos_commercial": 0.09265671509593075, "pos_mixed_use": 1.2213164883884526, "pos_road_density": 0.91816623237379069, "pos_anchor_proximity": 1.8, "positive_total": 11.314146312065647, "pen_unsuitable_landuse": 2.2, "pen_industrial": 0.012691757370673452, "pen_isolation": 9.5391253795712197e-07, "pen_low_connectivity": 0.032733507050483723, "penalty_total": 2.2454262183336953, "raw": 9.068720093731951, "score_physical": 79.18, "score_rank_pct": 88.8, "count_shop": 0, "count_supermarket": 0, "count_food": 2, "count_pharmacy": 0, "count_healthcare": 0, "count_education": 0, "count_fitness": 0, "count_office": 0, "count_bank": 0, "count_transport": 5, "count_leisure": 0, "count_fuel": 0, "feat_unsuitable_frac": 1.7162893815603306, "feat_industrial_frac": 0.031729393426683627, "feat_residential": 0.32442058865560924, "feat_commercial": 0.0071088981414978427, "feat_road_density": 135743.92962612014, "feat_mixed_use": 0.64697464090058343, "feat_isolation": 1.0599028199523576e-06, "feat_anchor_proximity": 0.88351484587526929, "feat_low_connectivity": 0.081833767626209308, "raw_lu_frac_unsuitable": 0.0, "raw_lu_frac_residential": 0.0, "raw_lu_frac_commercial": 0.0, "raw_lu_frac_industrial": 0.0 }, "geometry": { "type": "Polygon", "coordinates": [ [ [ -41.809883005549409, -22.405062560959312 ], [ -41.808825809060529, -22.403518510553297 ], [ -41.809815817079517, -22.401942454777192 ], [ -41.811863016652175, -22.401910457119637 ], [ -41.812920218225557, -22.403454515914532 ], [ -41.811930215143107, -22.405030563978045 ], [ -41.809883005549409, -22.405062560959312 ] ] ] } },
{ "type": "Feature", "properties": { "h3": "89a8b1b0a47ffff", "lat": -22.436385282878181, "lon": -41.802365690581937, "area_km2": 0.12845660419260641, "score": 30.0, "class": "ruim", "direct_activity_score": 30.0, "neighborhood_inherited_score": 0.0, "pos_food": 0.0, "pos_shop": 0.0, "pos_supermarket": 0.0, "pos_pharmacy": 0.0, "pos_fitness": 0.0, "pos_education": 0.0, "pos_healthcare": 0.0, "pos_office": 0.0, "pos_bank": 0.0, "pos_transport": 0.0, "pos_leisure": 0.0, "pos_fuel": 0.0, "pos_residential": 0.0, "pos_commercial": 0.0, "pos_mixed_use": 0.0, "pos_road_density": 0.0, "pos_anchor_proximity": 0.18477566927855521, "positive_total": 0.18477566927855521, "pen_unsuitable_landuse": 0.0, "pen_industrial": 0.0, "pen_isolation": 0.9, "pen_low_connectivity": 0.4, "penalty_total": 1.3, "raw": -1.1152243307214449, "score_physical": 31.45, "score_rank_pct": 45.66, "count_shop": 0, "count_supermarket": 0, "count_food": 0, "count_pharmacy": 0, "count_healthcare": 0, "count_education": 0, "count_fitness": 0, "count_office": 0, "count_bank": 0, "count_transport": 0, "count_leisure": 0, "count_fuel": 0, "feat_unsuitable_frac": 0.0, "feat_industrial_frac": 0.0, "feat_residential": 0.0, "feat_commercial": 0.0, "feat_road_density": 0.0, "feat_mixed_use": -0.0, "feat_isolation": 1.0, "feat_anchor_proximity": 0.14343558090944997, "feat_low_connectivity": 1.0, "raw_lu_frac_unsuitable": 0.0, "raw_lu_frac_residential": 0.0, "raw_lu_frac_commercial": 0.0, "raw_lu_frac_industrial": 0.0 }, "geometry": { "type": "Polygon", "coordinates": [ [ [ -41.801375611505186, -22.437960691731949 ], [ -41.800318382247859, -22.43641715688295 ], [ -41.801308461232821, -22.434841739969645 ], [ -41.803355764555448, -22.43480986562032 ], [ -41.80441299891455, -22.436353408873412 ], [ -41.80342292485058, -22.437928818071686 ], [ -41.801375611505186, -22.437960691731949 ] ] ] } },
{ "type": "Feature", "properties": { "h3": "89a8b1a24d7ffff", "lat": -22.425420434905341, "lon": -41.805201561372641, "area_km2": 0.12846020023537164, "score": 30.0, "class": "ruim", "direct_activity_score": 30.0, "neighborhood_inherited_score": 0.0, "pos_food": 0.0, "pos_shop": 0.0, "pos_supermarket": 0.0, "pos_pharmacy": 0.0, "pos_fitness": 0.0, "pos_education": 0.0, "pos_healthcare": 0.0, "pos_office": 0.0, "pos_bank": 0.0, "pos_transport": 0.0, "pos_leisure": 0.0, "pos_fuel": 0.0, "pos_residential": 0.0, "pos_commercial": 0.0, "pos_mixed_use": 0.0, "pos_road_density": 0.0, "pos_anchor_proximity": 0.39126878297039169, "positive_total": 0.39126878297039169, "pen_unsuitable_landuse": 0.0, "pen_industrial": 0.0, "pen_isolation": 0.9, "pen_low_connectivity": 0.4, "penalty_total": 1.3, "raw": -0.90873121702960835, "score_physical": 33.11, "score_rank_pct": 63.31, "count_shop": 0, "count_supermarket": 0, "count_food": 0, "count_pharmacy": 0, "count_healthcare": 0, "count_education": 0, "count_fitness": 0, "count_office": 0, "count_bank": 0, "count_transport": 0, "count_leisure": 0, "count_fuel": 0, "feat_unsuitable_frac": 0.0, "feat_industrial_frac": 0.0, "feat_residential": 0.0, "feat_commercial": 0.0, "feat_road_density": 0.0, "feat_mixed_use": -0.0, "feat_isolation": 1.0, "feat_anchor_proximity": 0.22491687054111997, "feat_low_connectivity": 1.0, "raw_lu_frac_unsuitable": 0.0, "raw_lu_frac_residential": 0.0, "raw_lu_frac_commercial": 0.0, "raw_lu_frac_industrial": 0.0 }, "geometry": { "type": "Polygon", "coordinates": [ [ [ -41.804211505952807, -22.426996056812794 ], [ -41.803154287613246, -22.425452350046214 ], [ -41.804144342946699, -22.423876720082163 ], [ -41.806191611694857, -22.423844804598858 ], [ -41.80724883513043, -22.425388519764471 ], [ -41.806258784723163, -22.426964142014317 ], [ -41.804211505952807, -22.426996056812794 ] ] ] } },
{ "type": "Feature", "properties": { "h3": "89a8b1a268bffff", "lat": -22.413228425240927, "lon": -41.786507805663021, "area_km2": 0.12846363364001565, "score": 30.0, "class": "ruim", "direct_activity_score": 30.0, "neighborhood_inherited_score": 0.0, "pos_food": 0.0, "pos_shop": 0.0, "pos_supermarket": 0.0, "pos_pharmacy": 0.0, "pos_fitness": 0.0, "pos_education": 0.0, "pos_healthcare": 0.0, "pos_office": 0.0, "pos_bank": 0.0, "pos_transport": 0.0, "pos_leisure": 0.0, "pos_fuel": 0.0, "pos_residential": 0.0, "pos_commercial": 0.0, "pos_mixed_use": 0.0, "pos_road_density": 0.0, "pos_anchor_proximity": 0.45166062661593931, "positive_total": 0.45166062661593931, "pen_unsuitable_landuse": 0.0, "pen_industrial": 0.0, "pen_isolation": 0.9, "pen_low_connectivity": 0.4, "penalty_total": 1.3, "raw": -0.84833937338406074, "score_physical": 33.58, "score_rank_pct": 64.43, "count_shop": 0, "count_supermarket": 0, "count_food": 0, "count_pharmacy": 0, "count_healthcare": 0, "count_education": 0, "count_fitness": 0, "count_office": 0, "count_bank": 0, "count_transport": 0, "count_leisure": 0, "count_fuel": 0, "feat_unsuitable_frac": 0.0, "feat_industrial_frac": 0.0, "feat_residential": 0.0, "feat_commercial": 0.0, "feat_road_density": 0.0, "feat_mixed_use": -0.0, "feat_isolation": 1.0, "feat_anchor_proximity": 0.24874723086401695, "feat_low_connectivity": 1.0, "raw_lu_frac_unsuitable": 0.0, "raw_lu_frac_residential": 0.0, "raw_lu_frac_commercial": 0.0, "raw_lu_frac_industrial": 0.0 }, "geometry": { "type": "Polygon", "coordinates": [ [ [ -41.785517725457353, -22.41480414854734 ], [ -41.784460575200406, -22.413260110887855 ], [ -41.785450655283931, -22.411684379529063 ], [ -41.787497880734996, -22.411652693525653 ], [ -41.788555036124528, -22.413196739593999 ], [ -41.787564960931739, -22.414772463256845 ], [ -41.785517725457353, -22.41480414854734 ] ] ] } },
{ "type": "Feature", "properties": { "h3": "89a8b1b199bffff", "lat": -22.438183071245788, "lon": -41.787044428148633, "area_km2": 0.12845562913951922, "score": 30.0, "class": "ruim", "direct_activity_score": 30.0, "neighborhood_inherited_score": 0.0, "pos_food": 0.0, "pos_shop": 0.0, "pos_supermarket": 0.0, "pos_pharmacy": 0.0, "pos_fitness": 0.0, "pos_education": 0.0, "pos_healthcare": 0.0, "pos_office": 0.0, "pos_bank": 0.0, "pos_transport": 0.0, "pos_leisure": 0.0, "pos_fuel": 0.0, "pos_residential": 0.0, "pos_commercial": 0.0, "pos_mixed_use": 0.0, "pos_road_density": 0.0, "pos_anchor_proximity": 0.097866856961615373, "positive_total": 0.097866856961615373, "pen_unsuitable_landuse": 0.0, "pen_industrial": 0.0, "pen_isolation": 0.9, "pen_low_connectivity": 0.4, "penalty_total": 1.3, "raw": -1.2021331430383846, "score_physical": 30.72, "score_rank_pct": 30.53, "count_shop": 0, "count_supermarket": 0, "count_food": 0, "count_pharmacy": 0, "count_healthcare": 0, "count_education": 0, "count_fitness": 0, "count_office": 0, "count_bank": 0, "count_transport": 0, "count_leisure": 0, "count_fuel": 0, "feat_unsuitable_frac": 0.0, "feat_industrial_frac": 0.0, "feat_residential": 0.0, "feat_commercial": 0.0, "feat_road_density": 0.0, "feat_mixed_use": -0.0, "feat_isolation": 1.0, "feat_anchor_proximity": 0.1091417394280864, "feat_low_connectivity": 1.0, "raw_lu_frac_unsuitable": 0.0, "raw_lu_frac_residential": 0.0, "raw_lu_frac_commercial": 0.0, "raw_lu_frac_industrial": 0.0 }, "geometry": { "type": "Polygon", "coordinates": [ [ [ -41.786054310474285, -22.439758353007598 ], [ -41.784997117496495, -22.438214751192788 ], [ -41.78598723504976, -22.436639461371595 ], [ -41.788034540690013, -22.436607781068535 ], [ -41.789091738799748, -22.438151391298792 ], [ -41.788101626138605, -22.439726673416626 ], [ -41.786054310474285, -22.439758353007598 ] ] ] } },
{ "type": "Feature", "properties": { "h3": "89a8b1b1d03ffff", "lat": -22.450657761286408, "lon": -41.787312755146488, "area_km2": 0.12845161902903243, "score": 25.439205083308909, "class": "ruim", "direct_activity_score": 25.439205083308909, "neighborhood_inherited_score": 0.0, "pos_food": 0.0, "pos_shop": 0.0, "pos_supermarket": 0.0, "pos_pharmacy": 0.0, "pos_fitness": 0.0, "pos_education": 0.0, "pos_healthcare": 0.0, "pos_office": 0.0, "pos_bank": 0.0, "pos_transport": 0.0, "pos_leisure": 0.0, "pos_fuel": 0.0, "pos_residential": 0.0, "pos_commercial": 0.0, "pos_mixed_use": 0.0, "pos_road_density": 0.0, "pos_anchor_proximity": 0.038529406884638726, "positive_total": 0.038529406884638726, "pen_unsuitable_landuse": 0.0, "pen_industrial": 0.0, "pen_isolation": 0.9, "pen_low_connectivity": 0.4, "penalty_total": 1.3, "raw": -1.2614705931153614, "score_physical": 30.22, "score_rank_pct": 14.29, "count_shop": 0, "count_supermarket": 0, "count_food": 0, "count_pharmacy": 0, "count_healthcare": 0, "count_education": 0, "count_fitness": 0, "count_office": 0, "count_bank": 0, "count_transport": 0, "count_leisure": 0, "count_fuel": 0, "feat_unsuitable_frac": 0.0, "feat_industrial_frac": 0.0, "feat_residential": 0.0, "feat_commercial": 0.0, "feat_road_density": 0.0, "feat_mixed_use": -0.0, "feat_isolation": 1.0, "feat_anchor_proximity": 0.085727438247358762, "feat_low_connectivity": 1.0, "raw_lu_frac_unsuitable": 0.0, "raw_lu_frac_residential": 0.0, "raw_lu_frac_commercial": 0.0, "raw_lu_frac_industrial": 0.0 }, "geometry": { "type": "Polygon", "coordinates": [ [ [ -41.786322618736811, -22.45223282212465 ], [ -41.785265404397379, -22.450689438385925 ], [ -41.786255540686497, -22.449114369484828 ], [ -41.78830288642358, -22.449082692029464 ], [ -41.789360105894623, -22.450626084186894 ], [ -41.788369974498323, -22.45220114538094 ], [ -41.786322618736811, -22.45223282212465 ] ] ] } },
{ "type": "Feature", "properties": { "h3": "89a8b1b0e23ffff", "lat": -22.454905335691087, "lon": -41.815052850838129, "area_km2": 0.12845094739417834, "score": 27.942782184955846, "class": "ruim", "direct_activity_score": 27.942782184955846, "neighborhood_inherited_score": 0.0, "pos_food": 0.0, "pos_shop": 0.0, "pos_supermarket": 0.0, "pos_pharmacy": 0.0, "pos_fitness": 0.0, "pos_education": 0.0, "pos_healthcare": 0.0, "pos_office": 0.0, "pos_bank": 0.0, "pos_transport": 0.0, "pos_leisure": 0.0, "pos_fuel": 0.0, "pos_residential": 0.0, "pos_commercial": 0.0, "pos_mixed_use": 0.0, "pos_road_density": 0.0, "pos_anchor_proximity": 0.063699366996969237, "positive_total": 0.063699366996969237, "pen_unsuitable_landuse": 0.0, "pen_industrial": 0.0, "pen_isolation": 0.9, "pen_low_connectivity": 0.4, "penalty_total": 1.3, "raw": -1.2363006330030308, "score_physical": 30.43, "score_rank_pct": 22.13, "count_shop": 0, "count_supermarket": 0, "count_food": 0, "count_pharmacy": 0, "count_healthcare": 0, "count_education": 0, "count_fitness": 0, "count_office": 0, "count_bank": 0, "count_transport": 0, "count_leisure": 0, "count_fuel": 0, "feat_unsuitable_frac": 0.0, "feat_industrial_frac": 0.0, "feat_residential": 0.0, "feat_commercial": 0.0, "feat_road_density": 0.0, "feat_mixed_use": -0.0, "feat_isolation": 1.0, "feat_anchor_proximity": 0.095659395653895085, "feat_low_connectivity": 1.0, "raw_lu_frac_unsuitable": 0.0, "raw_lu_frac_residential": 0.0, "raw_lu_frac_commercial": 0.0, "raw_lu_frac_industrial": 0.0 }, "geometry": { "type": "Polygon", "coordinates": [ [ [ -41.81406277277587, -22.45648049278407 ], [ -41.813005480428487, -22.454937360632236 ], [ -41.813995558423258, -22.453362195474021 ], [ -41.816042923821549, -22.45333017019783 ], [ -41.817100221246022, -22.454873310749942 ], [ -41.816110148196451, -22.456448468177918 ], [ -41.81406277277587, -22.45648049278407 ] ] ] } },
{ "type": "Feature", "properties": { "h3": "89a8b1a240fffff", "lat": -22.414454178152909, "lon": -41.808037335729651, "area_km2": 0.12846379134350935, "score": 60.32519696263158, "class": "bom", "direct_activity_score": 30.0, "neighborhood_inherited_score": 30.32519696263158, "pos_food": 0.35607537361923358, "pos_shop": 0.21418636995827539, "pos_supermarket": 0.35779816513761464, "pos_pharmacy": 0.0, "pos_fitness": 0.44606854838709697, "pos_education": 0.19780219780219782, "pos_healthcare": 0.0, "pos_office": 0.0, "pos_bank": 0.0, "pos_transport": 0.31132075471698123, "pos_leisure": 0.15494211932324134, "pos_fuel": 0.0, "pos_residential": 0.13598661131632486, "pos_commercial": 0.0, "pos_mixed_use": 1.2810520788453406, "pos_road_density": 0.25496544108398811, "pos_anchor_proximity": 1.120493163750051, "positive_total": 4.8306908239403459, "pen_unsuitable_landuse": 1.916574703875134, "pen_industrial": 0.0, "pen_isolation": 0.01415962724373813, "pen_low_connectivity": 0.29801382356640477, "penalty_total": 2.228748154685277, "raw": 2.6019426692550689, "score_physical": 54.01, "score_rank_pct": 75.07, "count_shop": 0, "count_supermarket": 0, "count_food": 0, "count_pharmacy": 0, "count_healthcare": 0, "count_education": 0, "count_fitness": 0, "count_office": 0, "count_bank": 0, "count_transport": 0, "count_leisure": 0, "count_fuel": 0, "feat_unsuitable_frac": 0.87117031994324268, "feat_industrial_frac": 0.0, "feat_residential": 0.087390820745422149, "feat_commercial": 0.0, "feat_road_density": 37694.711122318455, "feat_mixed_use": 0.67861870085741349, "feat_isolation": 0.015732919159709032, "feat_anchor_proximity": 0.51266565748350834, "feat_low_connectivity": 0.74503455891601189, "raw_lu_frac_unsuitable": 0.0, "raw_lu_frac_residential": 0.0, "raw_lu_frac_commercial": 0.0, "raw_lu_frac_industrial": 0.0 }, "geometry": { "type": "Polygon", "coordinates": [ [ [ -41.807047303970535, -22.416030013017608 ], [ -41.805990096553799, -22.414486134398658 ], [ -41.806980128231928, -22.412910291480301 ], [ -41.809027362396769, -22.412878334894256 ], [ -41.810084574903762, -22.414422221907159 ], [ -41.809094548156992, -22.415998057112109 ], [ -41.807047303970535, -22.416030013017608 ] ] ] } },
{ "type": "Feature", "properties": { "h3": "89a8b1b0c6fffff", "lat": -22.46094910445499, "lon": -41.827471638927136, "area_km2": 0.12844928196769195, "score": 24.800138547371457, "class": "ruim", "direct_activity_score": 24.800138547371457, "neighborhood_inherited_score": 0.0, "pos_food": 0.0, "pos_shop": 0.0, "pos_supermarket": 0.0, "pos_pharmacy": 0.0, "pos_fitness": 0.0, "pos_education": 0.0, "pos_healthcare": 0.0, "pos_office": 0.0, "pos_bank": 0.0, "pos_transport": 0.0, "pos_leisure": 0.0, "pos_fuel": 0.0, "pos_residential": 0.0, "pos_commercial": 0.0, "pos_mixed_use": 0.0, "pos_road_density": 0.0, "pos_anchor_proximity": 0.030076248687594259, "positive_total": 0.030076248687594259, "pen_unsuitable_landuse": 0.0, "pen_industrial": 0.0, "pen_isolation": 0.9, "pen_low_connectivity": 0.4, "penalty_total": 1.3, "raw": -1.2699237513124058, "score_physical": 30.15, "score_rank_pct": 12.32, "count_shop": 0, "count_supermarket": 0, "count_food": 0, "count_pharmacy": 0, "count_healthcare": 0, "count_education": 0, "count_fitness": 0, "count_office": 0, "count_bank": 0, "count_transport": 0, "count_leisure": 0, "count_fuel": 0, "feat_unsuitable_frac": 0.0, "feat_industrial_frac": 0.0, "feat_residential": 0.0, "feat_commercial": 0.0, "feat_road_density": 0.0, "feat_mixed_use": -0.0, "feat_isolation": 1.0, "feat_anchor_proximity": 0.08239185858060237, "feat_low_connectivity": 1.0, "raw_lu_frac_unsuitable": 0.0, "raw_lu_frac_residential": 0.0, "raw_lu_frac_commercial": 0.0, "raw_lu_frac_industrial": 0.0 }, "geometry": { "type": "Polygon", "coordinates": [ [ [ -41.82648158070473, -22.46252423060746 ], [ -41.825424246725575, -22.46098128315942 ], [ -41.82641430490424, -22.459406148939479 ], [ -41.828461692094685, -22.459373969909322 ], [ -41.829519031126594, -22.460916925750563 ], [ -41.82852897791664, -22.462492052228722 ], [ -41.82648158070473, -22.46252423060746 ] ] ] } },
{ "type": "Feature", "properties": { "h3": "89a8b1b1923ffff", "lat": -22.422492073321607, "lon": -41.792850817448439, "area_km2": 0.12846082740221459, "score": 30.0, "class": "ruim", "direct_activity_score": 30.0, "neighborhood_inherited_score": 0.0, "pos_food": 0.0, "pos_shop": 0.0, "pos_supermarket": 0.0, "pos_pharmacy": 0.0, "pos_fitness": 0.0, "pos_education": 0.0, "pos_healthcare": 0.0, "pos_office": 0.0, "pos_bank": 0.0, "pos_transport": 0.0, "pos_leisure": 0.0, "pos_fuel": 0.0, "pos_residential": 0.0, "pos_commercial": 0.0, "pos_mixed_use": 0.0, "pos_road_density": 0.0, "pos_anchor_proximity": 0.30833411422959711, "positive_total": 0.30833411422959711, "pen_unsuitable_landuse": 0.0, "pen_industrial": 0.0, "pen_isolation": 0.9, "pen_low_connectivity": 0.4, "penalty_total": 1.3, "raw": -0.99166588577040293, "score_physical": 32.45, "score_rank_pct": 58.26, "count_shop": 0, "count_supermarket": 0, "count_food": 0, "count_pharmacy": 0, "count_healthcare": 0, "count_education": 0, "count_fitness": 0, "count_office": 0, "count_bank": 0, "count_transport": 0, "count_leisure": 0, "count_fuel": 0, "feat_unsuitable_frac": 0.0, "feat_industrial_frac": 0.0, "feat_residential": 0.0, "feat_commercial": 0.0, "feat_road_density": 0.0, "feat_mixed_use": -0.0, "feat_isolation": 1.0, "feat_anchor_proximity": 0.1921912089277252, "feat_low_connectivity": 1.0, "raw_lu_frac_unsuitable": 0.0, "raw_lu_frac_residential": 0.0, "raw_lu_frac_commercial": 0.0, "raw_lu_frac_industrial": 0.0 }, "geometry": { "type": "Polygon", "coordinates": [ [ [ -41.791860737675783, -22.424067670880117 ], [ -41.790803555800309, -22.422523834269967 ], [ -41.791793635462966, -22.420948228656219 ], [ -41.793840892099581, -22.420916467356154 ], [ -41.794898079095312, -22.42246031237325 ], [ -41.793908004335499, -22.424035910283422 ], [ -41.791860737675783, -22.424067670880117 ] ] ] } },
{ "type": "Feature", "properties": { "h3": "89a8b1a2613ffff", "lat": -22.410108601057971, "lon": -41.786440730806213, "area_km2": 0.12846463272759467, "score": 47.84929429728367, "class": "médio", "direct_activity_score": 30.0, "neighborhood_inherited_score": 17.84929429728367, "pos_food": 0.093567251461988368, "pos_shop": 0.058414464534075103, "pos_supermarket": 0.0, "pos_pharmacy": 0.0, "pos_fitness": 0.0, "pos_education": 0.0, "pos_healthcare": 0.0, "pos_office": 0.0, "pos_bank": 0.0, "pos_transport": 0.0, "pos_leisure": 0.0, "pos_fuel": 0.0, "pos_residential": 0.0042252928655118396, "pos_commercial": 0.013724232913717056, "pos_mixed_use": 0.1696238573397118, "pos_road_density": 0.0060426527355176771, "pos_anchor_proximity": 0.55080555375584894, "positive_total": 0.89640330560637071, "pen_unsuitable_landuse": 0.012298402812868058, "pen_industrial": 0.0, "pen_isolation": 0.58428843901663274, "pen_low_connectivity": 0.39758293890579299, "penalty_total": 0.99416978073529383, "raw": -0.097766475128923114, "score_physical": 38.94, "score_rank_pct": 68.63, "count_shop": 0, "count_supermarket": 0, "count_food": 0, "count_pharmacy": 0, "count_healthcare": 0, "count_education": 0, "count_fitness": 0, "count_office": 0, "count_bank": 0, "count_transport": 0, "count_leisure": 0, "count_fuel": 0, "feat_unsuitable_frac": 0.0055901830967582077, "feat_industrial_frac": 0.0, "feat_residential": 0.0027153541648884997, "feat_commercial": 0.0010529638758809343, "feat_road_density": 893.36048175562189, "feat_mixed_use": 0.089855770583543548, "feat_isolation": 0.64920937668514744, "feat_anchor_proximity": 0.2878693903363847, "feat_low_connectivity": 0.99395734726448237, "raw_lu_frac_unsuitable": 0.0, "raw_lu_frac_residential": 0.0, "raw_lu_frac_commercial": 0.0, "raw_lu_frac_industrial": 0.0 }, "geometry": { "type": "Polygon", "coordinates": [ [ [ -41.785450655283931, -22.411684379529063 ], [ -41.784393510366868, -22.410140287417857 ], [ -41.785383585766866, -22.40856450089527 ], [ -41.787430801194702, -22.408532814178855 ], [ -41.788487951244434, -22.410076914698088 ], [ -41.787497880734996, -22.411652693525653 ], [ -41.785450655283931, -22.411684379529063 ] ] ] } },
{ "type": "Feature", "properties": { "h3": "89a8b1b0abbffff", "lat": -22.442431266889471, "lon": -41.81478397864548, "area_km2": 0.12845496014695121, "score": 30.0, "class": "ruim", "direct_activity_score": 30.0, "neighborhood_inherited_score": 0.0, "pos_food": 0.0, "pos_shop": 0.0, "pos_supermarket": 0.0, "pos_pharmacy": 0.0, "pos_fitness": 0.0, "pos_education": 0.0, "pos_healthcare": 0.0, "pos_office": 0.0, "pos_bank": 0.0, "pos_transport": 0.0, "pos_leisure": 0.0, "pos_fuel": 0.0, "pos_residential": 0.0, "pos_commercial": 0.0, "pos_mixed_use": 0.0, "pos_road_density": 0.0, "pos_anchor_proximity": 0.16103511963709682, "positive_total": 0.16103511963709682, "pen_unsuitable_landuse": 0.0, "pen_industrial": 0.0, "pen_isolation": 0.9, "pen_low_connectivity": 0.4, "penalty_total": 1.3, "raw": -1.1389648803629031, "score_physical": 31.25, "score_rank_pct": 42.02, "count_shop": 0, "count_supermarket": 0, "count_food": 0, "count_pharmacy": 0, "count_healthcare": 0, "count_education": 0, "count_fitness": 0, "count_office": 0, "count_bank": 0, "count_transport": 0, "count_leisure": 0, "count_fuel": 0, "feat_unsuitable_frac": 0.0, "feat_industrial_frac": 0.0, "feat_residential": 0.0, "feat_commercial": 0.0, "feat_road_density": 0.0, "feat_mixed_use": -0.0, "feat_isolation": 1.0, "feat_anchor_proximity": 0.13406766269287659, "feat_low_connectivity": 1.0, "raw_lu_frac_unsuitable": 0.0, "raw_lu_frac_residential": 0.0, "raw_lu_frac_commercial": 0.0, "raw_lu_frac_industrial": 0.0 }, "geometry": { "type": "Polygon", "coordinates": [ [ [ -41.813793919311756, -22.444006644863606 ], [ -41.812736648324282, -22.442463294511573 ], [ -41.813726707589986, -22.440887908475677 ], [ -41.815774032899974, -22.440855880518342 ], [ -41.816831308964872, -22.442399239267374 ], [ -41.815841254643672, -22.443974617576693 ], [ -41.813793919311756, -22.444006644863606 ] ] ] } },
{ "type": "Feature", "properties": { "h3": "89a8b1b0a6bffff", "lat": -22.430147159246488, "lon": -41.802231381328887, "area_km2": 0.12845860714415194, "score": 30.0, "class": "ruim", "direct_activity_score": 30.0, "neighborhood_inherited_score": 0.0, "pos_food": 0.0, "pos_shop": 0.0, "pos_supermarket": 0.0, "pos_pharmacy": 0.0, "pos_fitness": 0.0, "pos_education": 0.0, "pos_healthcare": 0.0, "pos_office": 0.0, "pos_bank": 0.0, "pos_transport": 0.0, "pos_leisure": 0.0, "pos_fuel": 0.0, "pos_residential": 0.0, "pos_commercial": 0.0, "pos_mixed_use": 0.0, "pos_road_density": 0.0, "pos_anchor_proximity": 0.26261119359819668, "positive_total": 0.26261119359819668, "pen_unsuitable_landuse": 0.0, "pen_industrial": 0.0, "pen_isolation": 0.9, "pen_low_connectivity": 0.4, "penalty_total": 1.3, "raw": -1.0373888064018033, "score_physical": 32.08, "score_rank_pct": 54.62, "count_shop": 0, "count_supermarket": 0, "count_food": 0, "count_pharmacy": 0, "count_healthcare": 0, "count_education": 0, "count_fitness": 0, "count_office": 0, "count_bank": 0, "count_transport": 0, "count_leisure": 0, "count_fuel": 0, "feat_unsuitable_frac": 0.0, "feat_industrial_frac": 0.0, "feat_residential": 0.0, "feat_commercial": 0.0, "feat_road_density": 0.0, "feat_mixed_use": -0.0, "feat_isolation": 1.0, "feat_anchor_proximity": 0.1741491421867834, "feat_low_connectivity": 1.0, "raw_lu_frac_unsuitable": 0.0, "raw_lu_frac_residential": 0.0, "raw_lu_frac_commercial": 0.0, "raw_lu_frac_industrial": 0.0 }, "geometry": { "type": "Polygon", "coordinates": [ [ [ -41.801241311617559, -22.431722678495657 ], [ -41.800184093040137, -22.430179034629621 ], [ -41.801174162659407, -22.428603507322656 ], [ -41.803221445936792, -22.428571631594867 ], [ -41.804278669616146, -22.430115283863358 ], [ -41.803288604917519, -22.431690803457137 ], [ -41.801241311617559, -22.431722678495657 ] ] ] } },
{ "type": "Feature", "properties": { "h3": "89a8b1a25c3ffff", "lat": -22.412653903402308, "lon": -41.823358010432727, "area_km2": 0.12846472907042122, "score": 15.0, "class": "muito ruim", "direct_activity_score": 9.6085821503348718, "neighborhood_inherited_score": 5.3914178496651282, "pos_food": 0.19493177387914246, "pos_shop": 0.0, "pos_supermarket": 0.0, "pos_pharmacy": 0.0, "pos_fitness": 0.11340725806451618, "pos_education": 0.11868131868131868, "pos_healthcare": 0.0, "pos_office": 0.0, "pos_bank": 0.0, "pos_transport": 0.18679245283018872, "pos_leisure": 0.024042742653606414, "pos_fuel": 0.0, "pos_residential": 0.16751140250484833, "pos_commercial": 0.0, "pos_mixed_use": 0.727179361464666, "pos_road_density": 0.10981689378468065, "pos_anchor_proximity": 0.8220440572498916, "positive_total": 2.4644072611128589, "pen_unsuitable_landuse": 2.2, "pen_industrial": 0.0, "pen_isolation": 0.17598429591902545, "pen_low_connectivity": 0.35607324248612776, "penalty_total": 2.7320575384051535, "raw": -0.26765027729229462, "score_physical": 37.8, "score_rank_pct": 68.07, "count_shop": 0, "count_supermarket": 0, "count_food": 0, "count_pharmacy": 0, "count_healthcare": 0, "count_education": 0, "count_fitness": 0, "count_office": 0, "count_bank": 0, "count_transport": 0, "count_leisure": 0, "count_fuel": 0, "feat_unsuitable_frac": 7.128976018451338, "feat_industrial_frac": 0.0, "feat_residential": 0.10765000177159417, "feat_commercial": 0.0, "feat_road_density": 16235.596753680313, "feat_mixed_use": 0.38521268706910383, "feat_isolation": 0.19553810657669493, "feat_anchor_proximity": 0.39489893077636973, "feat_low_connectivity": 0.89018310621531938, "raw_lu_frac_unsuitable": 1.0, "raw_lu_frac_residential": 0.0, "raw_lu_frac_commercial": 0.0, "raw_lu_frac_industrial": 0.0 }, "geometry": { "type": "Polygon", "coordinates": [ [ [ -41.822368017462253, -22.414229865119829 ], [ -41.821310773975917, -22.412686053511266 ], [ -41.822300766894692, -22.411110083739906 ], [ -41.824347998340926, -22.411077933302163 ], [ -41.82540524688735, -22.412621753293354 ], [ -41.824415258928788, -22.414197715339618 ], [ -41.822368017462253, -22.414229865119829 ] ] ] } },
{ "type": "Feature", "properties": { "h3": "89a8b1a26afffff", "lat": -22.405285804649925, "lon": -41.795552547834816, "area_km2": 0.1284664189655515, "score": 99.159663865546207, "class": "muito bom", "direct_activity_score": 71.862666716353829, "neighborhood_inherited_score": 27.296997149192379, "pos_food": 1.6, "pos_shop": 1.4, "pos_supermarket": 1.3, "pos_pharmacy": 1.1, "pos_fitness": 1.0, "pos_education": 1.054945054945055, "pos_healthcare": 1.0, "pos_office": 1.0, "pos_bank": 0.7, "pos_transport": 0.55843160377358503, "pos_leisure": 0.6, "pos_fuel": 0.3, "pos_residential": 0.48480270332911757, "pos_commercial": 1.2, "pos_mixed_use": 1.4777653779138955, "pos_road_density": 0.59923348761023476, "pos_anchor_proximity": 1.7346184802143727, "positive_total": 17.109796707786259, "pen_unsuitable_landuse": 0.65679376275606294, "pen_industrial": 0.0, "pen_isolation": 6.7064886118137795e-11, "pen_low_connectivity": 0.1603066049559061, "penalty_total": 0.81710036777903394, "raw": 16.292696340007225, "score_physical": 100.0, "score_rank_pct": 97.2, "count_shop": 2, "count_supermarket": 0, "count_food": 4, "count_pharmacy": 0, "count_healthcare": 0, "count_education": 0, "count_fitness": 0, "count_office": 0, "count_bank": 0, "count_transport": 0, "count_leisure": 0, "count_fuel": 0, "feat_unsuitable_frac": 0.29854261943457405, "feat_industrial_frac": 0.0, "feat_residential": 0.31155498128399128, "feat_commercial": 0.14236787562813663, "feat_road_density": 88592.136699994997, "feat_mixed_use": 0.78282470907497248, "feat_isolation": 7.4516540131264216e-11, "feat_anchor_proximity": 0.75499685142176254, "feat_low_connectivity": 0.40076651238976524, "raw_lu_frac_unsuitable": 0.02334288569622683, "raw_lu_frac_residential": 0.01257108409670602, "raw_lu_frac_commercial": 0.0048748327587080295, "raw_lu_frac_industrial": 0.0 }, "geometry": { "type": "Polygon", "coordinates": [ [ [ -41.794562501068057, -22.406861725490081 ], [ -41.793505340770992, -22.40531760816258 ], [ -41.794495387432889, -22.403741679271882 ], [ -41.796542589485504, -22.40370987540954 ], [ -41.797599754897242, -22.405254001137269 ], [ -41.796609713143006, -22.406829922327056 ], [ -41.794562501068057, -22.406861725490081 ] ] ] } },
{ "type": "Feature", "properties": { "h3": "89a8b1b0b57ffff", "lat": -22.428251441380652, "lon": -41.823694296546897, "area_km2": 0.12845972758686561, "score": 30.0, "class": "ruim", "direct_activity_score": 30.0, "neighborhood_inherited_score": 0.0, "pos_food": 0.0, "pos_shop": 0.0, "pos_supermarket": 0.0, "pos_pharmacy": 0.0, "pos_fitness": 0.0, "pos_education": 0.0, "pos_healthcare": 0.0, "pos_office": 0.0, "pos_bank": 0.0, "pos_transport": 0.0, "pos_leisure": 0.0, "pos_fuel": 0.0, "pos_residential": 0.0, "pos_commercial": 0.0, "pos_mixed_use": 0.0, "pos_road_density": 0.0, "pos_anchor_proximity": 0.40340536491128198, "positive_total": 0.40340536491128198, "pen_unsuitable_landuse": 0.066562496960157078, "pen_industrial": 0.0, "pen_isolation": 0.9, "pen_low_connectivity": 0.4, "penalty_total": 1.3665624969601571, "raw": -0.9631571320488751, "score_physical": 32.68, "score_rank_pct": 59.94, "count_shop": 0, "count_supermarket": 0, "count_food": 0, "count_pharmacy": 0, "count_healthcare": 0, "count_education": 0, "count_fitness": 0, "count_office": 0, "count_bank": 0, "count_transport": 0, "count_leisure": 0, "count_fuel": 0, "feat_unsuitable_frac": 0.030255680436435034, "feat_industrial_frac": 0.0, "feat_residential": 0.0, "feat_commercial": 0.0, "feat_road_density": 0.0, "feat_mixed_use": -0.0, "feat_isolation": 1.0, "feat_anchor_proximity": 0.22970591328731046, "feat_low_connectivity": 1.0, "raw_lu_frac_unsuitable": 0.0, "raw_lu_frac_residential": 0.0, "raw_lu_frac_commercial": 0.0, "raw_lu_frac_industrial": 0.0 }, "geometry": { "type": "Polygon", "coordinates": [ [ [ -41.822704280170555, -22.429827127313985 ], [ -41.821647009987473, -22.428283588203161 ], [ -41.822637026312798, -22.426707894211635 ], [ -41.824684307861439, -22.426675747060585 ], [ -41.82574158310419, -22.428219294558144 ], [ -41.824751571739959, -22.429794980819963 ], [ -41.822704280170555, -22.429827127313985 ] ] ] } },
{ "type": "Feature", "properties": { "h3": "89a8b1b1d27ffff", "lat": -22.442718469270034, "lon": -41.796358018881655, "area_km2": 0.12845441350282683, "score": 30.0, "class": "ruim", "direct_activity_score": 30.0, "neighborhood_inherited_score": 0.0, "pos_food": 0.0, "pos_shop": 0.0, "pos_supermarket": 0.0, "pos_pharmacy": 0.0, "pos_fitness": 0.0, "pos_education": 0.0, "pos_healthcare": 0.0, "pos_office": 0.0, "pos_bank": 0.0, "pos_transport": 0.0, "pos_leisure": 0.0, "pos_fuel": 0.0, "pos_residential": 0.0, "pos_commercial": 0.0, "pos_mixed_use": 0.0, "pos_road_density": 0.0, "pos_anchor_proximity": 0.10330141411111858, "positive_total": 0.10330141411111858, "pen_unsuitable_landuse": 0.0, "pen_industrial": 0.0, "pen_isolation": 0.9, "pen_low_connectivity": 0.4, "penalty_total": 1.3, "raw": -1.1966985858888814, "score_physical": 30.77, "score_rank_pct": 31.93, "count_shop": 0, "count_supermarket": 0, "count_food": 0, "count_pharmacy": 0, "count_healthcare": 0, "count_education": 0, "count_fitness": 0, "count_office": 0, "count_bank": 0, "count_transport": 0, "count_leisure": 0, "count_fuel": 0, "feat_unsuitable_frac": 0.0, "feat_industrial_frac": 0.0, "feat_residential": 0.0, "feat_commercial": 0.0, "feat_road_density": 0.0, "feat_mixed_use": -0.0, "feat_isolation": 1.0, "feat_anchor_proximity": 0.11128619217617841, "feat_low_connectivity": 1.0, "raw_lu_frac_unsuitable": 0.0, "raw_lu_frac_residential": 0.0, "raw_lu_frac_commercial": 0.0, "raw_lu_frac_industrial": 0.0 }, "geometry": { "type": "Polygon", "coordinates": [ [ [ -41.795367915919186, -22.44429372791145 ], [ -41.794310691543181, -22.442750264398217 ], [ -41.795300794402401, -22.44117499769575 ], [ -41.797348116729196, -22.441143202218502 ], [ -41.798405346218871, -22.442686674141846 ], [ -41.797415248269417, -22.444261933132289 ], [ -41.795367915919186, -22.44429372791145 ] ] ] } },
{ "type": "Feature", "properties": { "h3": "89a8b1a20cbffff", "lat": -22.400557875658919, "lon": -41.79852265904519, "area_km2": 0.12846801032444846, "score": 99.915966386554629, "class": "muito bom", "direct_activity_score": 79.074591710507065, "neighborhood_inherited_score": 20.841374676047565, "pos_food": 1.6, "pos_shop": 1.4, "pos_supermarket": 1.3, "pos_pharmacy": 1.1, "pos_fitness": 1.0, "pos_education": 1.2, "pos_healthcare": 1.0, "pos_office": 1.0, "pos_bank": 0.7, "pos_transport": 1.1, "pos_leisure": 0.6, "pos_fuel": 0.5, "pos_residential": 1.0, "pos_commercial": 1.2, "pos_mixed_use": 1.5, "pos_road_density": 1.0, "pos_anchor_proximity": 1.8, "positive_total": 19.0, "pen_unsuitable_landuse": 1.3575208985639575, "pen_industrial": 0.0028282593151240983, "pen_isolation": 1.3997970571532908e-12, "pen_low_connectivity": 0.0, "penalty_total": 1.3603491578804814, "raw": 17.639650842119519, "score_physical": 100.0, "score_rank_pct": 99.72, "count_shop": 2, "count_supermarket": 0, "count_food": 1, "count_pharmacy": 1, "count_healthcare": 0, "count_education": 1, "count_fitness": 0, "count_office": 0, "count_bank": 0, "count_transport": 1, "count_leisure": 1, "count_fuel": 0, "feat_unsuitable_frac": 0.61705495389270792, "feat_industrial_frac": 0.0070706482878102449, "feat_residential": 0.8782641993565089, "feat_commercial": 0.18386491953204728, "feat_road_density": 167297.06941498959, "feat_mixed_use": 0.82512648593120097, "feat_isolation": 1.5553300635036565e-12, "feat_anchor_proximity": 0.78925964907478663, "feat_low_connectivity": 0.0, "raw_lu_frac_unsuitable": 0.029609955729491471, "raw_lu_frac_residential": 0.0, "raw_lu_frac_commercial": 0.032225566096648832, "raw_lu_frac_industrial": 0.0 }, "geometry": { "type": "Polygon", "coordinates": [ [ [ -41.797532626557064, -22.402133899077512 ], [ -41.796475466484829, -22.400589718907796 ], [ -41.79746549887377, -22.399013687439844 ], [ -41.799512686423064, -22.398981843843515 ], [ -41.800569851604031, -22.400526032410042 ], [ -41.799579824128301, -22.402102056176041 ], [ -41.797532626557064, -22.402133899077512 ] ] ] } },
{ "type": "Feature", "properties": { "h3": "89a8b1a2433ffff", "lat": -22.414358193294124, "lon": -41.81417905468868, "area_km2": 0.12846396968316928, "score": 62.229202589312102, "class": "bom", "direct_activity_score": 61.897497270744736, "neighborhood_inherited_score": 0.33170531856736574, "pos_food": 0.42625081221572486, "pos_shop": 0.077885952712100137, "pos_supermarket": 0.22362385321100917, "pos_pharmacy": 0.0, "pos_fitness": 0.55947580645161321, "pos_education": 0.78681318681318679, "pos_healthcare": 0.0, "pos_office": 0.0, "pos_bank": 0.0, "pos_transport": 0.24516509433962266, "pos_leisure": 0.15138023152270708, "pos_fuel": 0.0, "pos_residential": 0.19095708974326855, "pos_commercial": 0.0, "pos_mixed_use": 1.2861767943893767, "pos_road_density": 0.27216243857826167, "pos_anchor_proximity": 1.4157062223260319, "positive_total": 5.6355974823029023, "pen_unsuitable_landuse": 2.2, "pen_industrial": 0.0, "pen_isolation": 0.014121918538374549, "pen_low_connectivity": 0.29113502456869533, "penalty_total": 2.5052569431070699, "raw": 3.1303405391958323, "score_physical": 56.49, "score_rank_pct": 75.63, "count_shop": 0, "count_supermarket": 0, "count_food": 0, "count_pharmacy": 0, "count_healthcare": 0, "count_education": 1, "count_fitness": 0, "count_office": 0, "count_bank": 0, "count_transport": 0, "count_leisure": 1, "count_fuel": 0, "feat_unsuitable_frac": 3.4876347747072907, "feat_industrial_frac": 0.0, "feat_residential": 0.12271720457099244, "feat_commercial": 0.0, "feat_road_density": 40237.157070921901, "feat_mixed_use": 0.68133344435784338, "feat_isolation": 0.015691020598193942, "feat_anchor_proximity": 0.62915545367486503, "feat_low_connectivity": 0.72783756142173828, "raw_lu_frac_unsuitable": 0.0020826452723232839, "raw_lu_frac_residential": 0.049509473960110656, "raw_lu_frac_commercial": 0.0, "raw_lu_frac_industrial": 0.0 }, "geometry": { "type": "Polygon", "coordinates": [ [ [ -41.813189037491732, -22.41593406788207 ], [ -41.812131814561091, -22.414390226954168 ], [ -41.813121831688797, -22.412814344312324 ], [ -41.815169066805538, -22.412782310316608 ], [ -41.816226294814349, -22.414326159634079 ], [ -41.815236282629577, -22.415902034557671 ], [ -41.813189037491732, -22.41593406788207 ] ] ] } },
{ "type": "Feature", "properties": { "h3": "89a8b1b08dbffff", "lat": -22.457927389308352, "lon": -41.821262213176951, "area_km2": 0.1284501169881804, "score": 26.332304894982357, "class": "ruim", "direct_activity_score": 26.332304894982357, "neighborhood_inherited_score": 0.0, "pos_food": 0.0, "pos_shop": 0.0, "pos_supermarket": 0.0, "pos_pharmacy": 0.0, "pos_fitness": 0.0, "pos_education": 0.0, "pos_healthcare": 0.0, "pos_office": 0.0, "pos_bank": 0.0, "pos_transport": 0.0, "pos_leisure": 0.0, "pos_fuel": 0.0, "pos_residential": 0.0, "pos_commercial": 0.0, "pos_mixed_use": 0.0, "pos_road_density": 0.0, "pos_anchor_proximity": 0.047325437706933517, "positive_total": 0.047325437706933517, "pen_unsuitable_landuse": 0.0, "pen_industrial": 0.0, "pen_isolation": 0.9, "pen_low_connectivity": 0.4, "penalty_total": 1.3, "raw": -1.2526745622930666, "score_physical": 30.29, "score_rank_pct": 17.09, "count_shop": 0, "count_supermarket": 0, "count_food": 0, "count_pharmacy": 0, "count_healthcare": 0, "count_education": 0, "count_fitness": 0, "count_office": 0, "count_bank": 0, "count_transport": 0, "count_leisure": 0, "count_fuel": 0, "feat_unsuitable_frac": 0.0, "feat_industrial_frac": 0.0, "feat_residential": 0.0, "feat_commercial": 0.0, "feat_road_density": 0.0, "feat_mixed_use": -0.0, "feat_isolation": 1.0, "feat_anchor_proximity": 0.089198313969200485, "feat_low_connectivity": 1.0, "raw_lu_frac_unsuitable": 0.0, "raw_lu_frac_residential": 0.0, "raw_lu_frac_commercial": 0.0, "raw_lu_frac_industrial": 0.0 }, "geometry": { "type": "Polygon", "coordinates": [ [ [ -41.820272145022869, -22.459502530936838 ], [ -41.819214831847361, -22.457959491122217 ], [ -41.82020489994585, -22.456384341427373 ], [ -41.822252276264194, -22.45635223928311 ], [ -41.823309594504622, -22.457895287494484 ], [ -41.8223195313631, -22.459470429453319 ], [ -41.820272145022869, -22.459502530936838 ] ] ] } },
{ "type": "Feature", "properties": { "h3": "89a8b1b0a8fffff", "lat": -22.444038633399625, "lon": -41.811746584448883, "area_km2": 0.12845437037419166, "score": 30.0, "class": "ruim", "direct_activity_score": 30.0, "neighborhood_inherited_score": 0.0, "pos_food": 0.0, "pos_shop": 0.0, "pos_supermarket": 0.0, "pos_pharmacy": 0.0, "pos_fitness": 0.0, "pos_education": 0.0, "pos_healthcare": 0.0, "pos_office": 0.0, "pos_bank": 0.0, "pos_transport": 0.0, "pos_leisure": 0.0, "pos_fuel": 0.0, "pos_residential": 0.0, "pos_commercial": 0.0, "pos_mixed_use": 0.0, "pos_road_density": 0.0, "pos_anchor_proximity": 0.14084863144509224, "positive_total": 0.14084863144509224, "pen_unsuitable_landuse": 0.0, "pen_industrial": 0.0, "pen_isolation": 0.9, "pen_low_connectivity": 0.4, "penalty_total": 1.3, "raw": -1.1591513685549077, "score_physical": 31.08, "score_rank_pct": 38.1, "count_shop": 0, "count_supermarket": 0, "count_food": 0, "count_pharmacy": 0, "count_healthcare": 0, "count_education": 0, "count_fitness": 0, "count_office": 0, "count_bank": 0, "count_transport": 0, "count_leisure": 0, "count_fuel": 0, "feat_unsuitable_frac": 0.0, "feat_industrial_frac": 0.0, "feat_residential": 0.0, "feat_commercial": 0.0, "feat_road_density": 0.0, "feat_mixed_use": -0.0, "feat_isolation": 1.0, "feat_anchor_proximity": 0.12610216175382985, "feat_low_connectivity": 1.0, "raw_lu_frac_unsuitable": 0.0, "raw_lu_frac_residential": 0.0, "raw_lu_frac_commercial": 0.0, "raw_lu_frac_industrial": 0.0 }, "geometry": { "type": "Polygon", "coordinates": [ [ [ -41.810756515488329, -22.445613963888064 ], [ -41.809699249584298, -22.444070621935644 ], [ -41.810689318471013, -22.442495283385121 ], [ -41.812736648324282, -22.442463294511573 ], [ -41.813793919311756, -22.444006644863606 ], [ -41.812803855363846, -22.445581975689514 ], [ -41.810756515488329, -22.445613963888064 ] ] ] } },
{ "type": "Feature", "properties": { "h3": "89a8b1a2003ffff", "lat": -22.39573387402104, "lon": -41.807634263065907, "area_km2": 0.12846978272655318, "score": 79.769047407468264, "class": "bom", "direct_activity_score": 49.583549147341159, "neighborhood_inherited_score": 30.185498260127105, "pos_food": 0.29889538661468512, "pos_shop": 0.51599443671766343, "pos_supermarket": 0.87958715596330272, "pos_pharmacy": 0.171875, "pos_fitness": 0.32510080645161304, "pos_education": 0.59340659340659341, "pos_healthcare": 0.45454545454545459, "pos_office": 0.98684210526315874, "pos_bank": 0.0, "pos_transport": 0.71603773584905672, "pos_leisure": 0.11219946571682995, "pos_fuel": 0.0, "pos_residential": 1.0, "pos_commercial": 0.214842278376767, "pos_mixed_use": 1.3913051111097641, "pos_road_density": 0.65103065553053063, "pos_anchor_proximity": 1.2766057738174881, "positive_total": 9.5882679593629074, "pen_unsuitable_landuse": 1.1721770064454733, "pen_industrial": 0.012745456260305899, "pen_isolation": 0.00059594599009104925, "pen_low_connectivity": 0.13958773778778774, "penalty_total": 1.325106146483658, "raw": 8.2631618128792503, "score_physical": 76.5, "score_rank_pct": 87.39, "count_shop": 0, "count_supermarket": 0, "count_food": 0, "count_pharmacy": 0, "count_healthcare": 0, "count_education": 0, "count_fitness": 0, "count_office": 0, "count_bank": 0, "count_transport": 0, "count_leisure": 0, "count_fuel": 0, "feat_unsuitable_frac": 0.53280773020248784, "feat_industrial_frac": 0.031863640650764746, "feat_residential": 0.76943883395449453, "feat_commercial": 0.016483337142769439, "feat_road_density": 96249.956024091589, "feat_mixed_use": 0.73702364063809078, "feat_isolation": 0.00066216221121227694, "feat_anchor_proximity": 0.57426701826808202, "feat_low_connectivity": 0.34896934446946937, "raw_lu_frac_unsuitable": 0.0, "raw_lu_frac_residential": 0.0, "raw_lu_frac_commercial": 0.0, "raw_lu_frac_industrial": 0.0 }, "geometry": { "type": "Polygon", "coordinates": [ [ [ -41.806644259398475, -22.397310039704234 ], [ -41.805587084018001, -22.395765834351927 ], [ -41.80657708760365, -22.394189660620327 ], [ -41.808624261640794, -22.394157699948845 ], [ -41.809681442112002, -22.395701913690154 ], [ -41.808691443456674, -22.397278079713914 ], [ -41.806644259398475, -22.397310039704234 ] ] ] } },
{ "type": "Feature", "properties": { "h3": "89a8b1b0b7bffff", "lat": -22.422012755162385, "lon": -41.823559780126971, "area_km2": 0.12846172916376053, "score": 16.423384075924062, "class": "muito ruim", "direct_activity_score": 30.0, "neighborhood_inherited_score": 0.0, "pos_food": 0.093567251461988368, "pos_shop": 0.0, "pos_supermarket": 0.0, "pos_pharmacy": 0.0, "pos_fitness": 0.0680443548387097, "pos_education": 0.0, "pos_healthcare": 0.0, "pos_office": 0.0, "pos_bank": 0.0, "pos_transport": 0.017511792452830192, "pos_leisure": 0.0, "pos_fuel": 0.0, "pos_residential": 0.0079675870276393595, "pos_commercial": 0.0, "pos_mixed_use": 0.23119582977288833, "pos_road_density": 0.0062211639415814934, "pos_anchor_proximity": 0.64345354929250864, "positive_total": 1.0679615287881461, "pen_unsuitable_landuse": 2.1218139693140614, "pen_industrial": 0.0, "pen_isolation": 0.58428843901663274, "pen_low_connectivity": 0.39751153442336745, "penalty_total": 3.1036139427540617, "raw": -2.0356524139659156, "score_physical": 22.62, "score_rank_pct": 1.96, "count_shop": 0, "count_supermarket": 0, "count_food": 0, "count_pharmacy": 0, "count_healthcare": 0, "count_education": 0, "count_fitness": 0, "count_office": 0, "count_bank": 0, "count_transport": 0, "count_leisure": 0, "count_fuel": 0, "feat_unsuitable_frac": 0.96446089514275501, "feat_industrial_frac": 0.0, "feat_residential": 0.0051203126761229451, "feat_commercial": 0.0, "feat_road_density": 919.75201276493863, "feat_mixed_use": 0.12247262717495715, "feat_isolation": 0.64920937668514744, "feat_anchor_proximity": 0.32442788869571615, "feat_low_connectivity": 0.99377883605841855, "raw_lu_frac_unsuitable": 0.0, "raw_lu_frac_residential": 0.0, "raw_lu_frac_commercial": 0.0, "raw_lu_frac_industrial": 0.0 }, "geometry": { "type": "Polygon", "coordinates": [ [ [ -41.822569773113095, -22.423588551428324 ], [ -41.821512513608866, -22.422044903299181 ], [ -41.82250252057144, -22.420469098976774 ], [ -41.824549782078847, -22.420436950511331 ], [ -41.825607046642915, -22.421980607025585 ], [ -41.824617044641066, -22.423556403620129 ], [ -41.822569773113095, -22.423588551428324 ] ] ] } },
{ "type": "Feature", "properties": { "h3": "89a8b1a22a3ffff", "lat": -22.386563553075504, "lon": -41.795149847779101, "area_km2": 0.12847240399306442, "score": 64.417691381744646, "class": "bom", "direct_activity_score": 52.598143468041073, "neighborhood_inherited_score": 11.819547913703573, "pos_food": 0.18973359324236533, "pos_shop": 0.31154381084840055, "pos_supermarket": 0.0, "pos_pharmacy": 0.0, "pos_fitness": 0.24949596774193558, "pos_education": 0.0, "pos_healthcare": 0.0, "pos_office": 0.0, "pos_bank": 0.0, "pos_transport": 0.13425707547169813, "pos_leisure": 0.064113980409617119, "pos_fuel": 0.15, "pos_residential": 0.22218084636369778, "pos_commercial": 0.011798770928540574, "pos_mixed_use": 1.1009652695665073, "pos_road_density": 0.72096204139153997, "pos_anchor_proximity": 1.0359453230246878, "positive_total": 4.1909966789889905, "pen_unsuitable_landuse": 0.2799743477215223, "pen_industrial": 0.0, "pen_isolation": 0.079074841386194319, "pen_low_connectivity": 0.11161518344338402, "penalty_total": 0.47066437255110061, "raw": 3.7203323064378901, "score_physical": 59.13, "score_rank_pct": 76.75, "count_shop": 0, "count_supermarket": 0, "count_food": 0, "count_pharmacy": 0, "count_healthcare": 0, "count_education": 0, "count_fitness": 0, "count_office": 0, "count_bank": 0, "count_transport": 0, "count_leisure": 0, "count_fuel": 0, "feat_unsuitable_frac": 0.12726106714614649, "feat_industrial_frac": 0.0, "feat_residential": 0.14278292789038108, "feat_commercial": 0.0009052367185586154, "feat_road_density": 106588.7822477828, "feat_mixed_use": 0.58322033370866244, "feat_isolation": 0.087860934873549248, "feat_anchor_proximity": 0.47930344518156859, "feat_low_connectivity": 0.27903795860846003, "raw_lu_frac_unsuitable": 0.0, "raw_lu_frac_residential": 0.0, "raw_lu_frac_commercial": 0.0, "raw_lu_frac_industrial": 0.0 }, "geometry": { "type": "Polygon", "coordinates": [ [ [ -41.794159829107961, -22.388139804673919 ], [ -41.793102700847612, -22.386595360785908 ], [ -41.794092719413086, -22.385019101142213 ], [ -41.796139861333614, -22.384987293081817 ], [ -41.797196994709118, -22.386531745365097 ], [ -41.796206981050268, -22.388107997313458 ], [ -41.794159829107961, -22.388139804673919 ] ] ] } },
{ "type": "Feature", "properties": { "h3": "89a8b1a2457ffff", "lat": -22.417669595772587, "lon": -41.801962770708435, "area_km2": 0.12846260911675014, "score": 50.686865759467217, "class": "médio", "direct_activity_score": 30.0, "neighborhood_inherited_score": 20.686865759467217, "pos_food": 0.07017543859649128, "pos_shop": 0.0, "pos_supermarket": 0.0, "pos_pharmacy": 0.0, "pos_fitness": 0.1360887096774194, "pos_education": 0.0, "pos_healthcare": 0.0, "pos_office": 0.0, "pos_bank": 0.0, "pos_transport": 0.017511792452830192, "pos_leisure": 0.048085485307212829, "pos_fuel": 0.0, "pos_residential": 0.030724302009273171, "pos_commercial": 0.0, "pos_mixed_use": 0.4393694321099787, "pos_road_density": 0.025112705212438916, "pos_anchor_proximity": 0.57275183687268338, "positive_total": 1.3398197022383278, "pen_unsuitable_landuse": 0.0, "pen_industrial": 0.0, "pen_isolation": 0.50592820067714017, "pen_low_connectivity": 0.38995491791502446, "penalty_total": 0.89588311859216463, "raw": 0.44393658364616317, "score_physical": 42.4, "score_rank_pct": 70.03, "count_shop": 0, "count_supermarket": 0, "count_food": 0, "count_pharmacy": 0, "count_healthcare": 0, "count_education": 0, "count_fitness": 0, "count_office": 0, "count_bank": 0, "count_transport": 0, "count_leisure": 0, "count_fuel": 0, "feat_unsuitable_frac": 0.0, "feat_industrial_frac": 0.0, "feat_residential": 0.019744752394593092, "feat_commercial": 0.0, "feat_road_density": 3712.7234360008865, "feat_mixed_use": 0.23274956431410637, "feat_isolation": 0.56214244519682244, "feat_anchor_proximity": 0.29652929874209594, "feat_low_connectivity": 0.97488729478756109, "raw_lu_frac_unsuitable": 0.0, "raw_lu_frac_residential": 0.0, "raw_lu_frac_commercial": 0.0, "raw_lu_frac_industrial": 0.0 }, "geometry": { "type": "Polygon", "coordinates": [ [ [ -41.800972719727454, -22.419245335736871 ], [ -41.799915522509217, -22.417701473913642 ], [ -41.800905573397607, -22.416125725895078 ], [ -41.802952816585623, -22.416093847409165 ], [ -41.804010018906119, -22.417637717631536 ], [ -41.803019972937669, -22.419213457940636 ], [ -41.800972719727454, -22.419245335736871 ] ] ] } },
{ "type": "Feature", "properties": { "h3": "89a8b1b0ab3ffff", "lat": -22.443942551539088, "lon": -41.817888590431664, "area_km2": 0.12845454625007724, "score": 30.0, "class": "ruim", "direct_activity_score": 30.0, "neighborhood_inherited_score": 0.0, "pos_food": 0.0, "pos_shop": 0.0, "pos_supermarket": 0.0, "pos_pharmacy": 0.0, "pos_fitness": 0.0, "pos_education": 0.0, "pos_healthcare": 0.0, "pos_office": 0.0, "pos_bank": 0.0, "pos_transport": 0.0, "pos_leisure": 0.0, "pos_fuel": 0.0, "pos_residential": 0.0, "pos_commercial": 0.0, "pos_mixed_use": 0.0, "pos_road_density": 0.0, "pos_anchor_proximity": 0.14604782845984368, "positive_total": 0.14604782845984368, "pen_unsuitable_landuse": 0.0, "pen_industrial": 0.0, "pen_isolation": 0.9, "pen_low_connectivity": 0.4, "penalty_total": 1.3, "raw": -1.1539521715401564, "score_physical": 31.13, "score_rank_pct": 39.5, "count_shop": 0, "count_supermarket": 0, "count_food": 0, "count_pharmacy": 0, "count_healthcare": 0, "count_education": 0, "count_fitness": 0, "count_office": 0, "count_bank": 0, "count_transport": 0, "count_leisure": 0, "count_fuel": 0, "feat_unsuitable_frac": 0.0, "feat_industrial_frac": 0.0, "feat_residential": 0.0, "feat_commercial": 0.0, "feat_road_density": 0.0, "feat_mixed_use": -0.0, "feat_isolation": 1.0, "feat_anchor_proximity": 0.12815374241062258, "feat_low_connectivity": 1.0, "raw_lu_frac_unsuitable": 0.0, "raw_lu_frac_residential": 0.0, "raw_lu_frac_commercial": 0.0, "raw_lu_frac_industrial": 0.0 }, "geometry": { "type": "Polygon", "coordinates": [ [ [ -41.816898536048392, -22.445517921786092 ], [ -41.815841254643672, -22.443974617576693 ], [ -41.816831308964872, -22.442399239267374 ], [ -41.818878639741712, -22.442367172896866 ], [ -41.819935926217759, -22.443910485501487 ], [ -41.818945876846961, -22.445485856081358 ], [ -41.816898536048392, -22.445517921786092 ] ] ] } },
{ "type": "Feature", "properties": { "h3": "89a8b1b191bffff", "lat": -22.430432991956316, "lon": -41.783805801153221, "area_km2": 0.12845803476892798, "score": 30.0, "class": "ruim", "direct_activity_score": 30.0, "neighborhood_inherited_score": 0.0, "pos_food": 0.0, "pos_shop": 0.0, "pos_supermarket": 0.0, "pos_pharmacy": 0.0, "pos_fitness": 0.0, "pos_education": 0.0, "pos_healthcare": 0.0, "pos_office": 0.0, "pos_bank": 0.0, "pos_transport": 0.0, "pos_leisure": 0.0, "pos_fuel": 0.0, "pos_residential": 0.0, "pos_commercial": 0.0, "pos_mixed_use": 0.0, "pos_road_density": 0.0, "pos_anchor_proximity": 0.14435214391449186, "positive_total": 0.14435214391449186, "pen_unsuitable_landuse": 0.0, "pen_industrial": 0.0, "pen_isolation": 0.9, "pen_low_connectivity": 0.4, "penalty_total": 1.3, "raw": -1.1556478560855081, "score_physical": 31.11, "score_rank_pct": 38.66, "count_shop": 0, "count_supermarket": 0, "count_food": 0, "count_pharmacy": 0, "count_healthcare": 0, "count_education": 0, "count_fitness": 0, "count_office": 0, "count_bank": 0, "count_transport": 0, "count_leisure": 0, "count_fuel": 0, "feat_unsuitable_frac": 0.0, "feat_industrial_frac": 0.0, "feat_residential": 0.0, "feat_commercial": 0.0, "feat_road_density": 0.0, "feat_mixed_use": -0.0, "feat_isolation": 1.0, "feat_anchor_proximity": 0.12748463262243878, "feat_low_connectivity": 1.0, "raw_lu_frac_unsuitable": 0.0, "raw_lu_frac_residential": 0.0, "raw_lu_frac_commercial": 0.0, "raw_lu_frac_industrial": 0.0 }, "geometry": { "type": "Polygon", "coordinates": [ [ [ -41.782815687954454, -22.4320083918413 ], [ -41.78175851613554, -22.430464634952212 ], [ -41.782748629207028, -22.42888922701016 ], [ -41.78479590921286, -22.428857583655759 ], [ -41.785853086169958, -22.430401348960416 ], [ -41.784862977984375, -22.431976749203844 ], [ -41.782815687954454, -22.4320083918413 ] ] ] } },
{ "type": "Feature", "properties": { "h3": "89a8b1b0e1bffff", "lat": -22.462844579603036, "lon": -41.806007624904296, "area_km2": 0.12844816855027139, "score": 23.827309365821915, "class": "ruim", "direct_activity_score": 23.827309365821915, "neighborhood_inherited_score": 0.0, "pos_food": 0.0, "pos_shop": 0.0, "pos_supermarket": 0.0, "pos_pharmacy": 0.0, "pos_fitness": 0.0, "pos_education": 0.0, "pos_healthcare": 0.0, "pos_office": 0.0, "pos_bank": 0.0, "pos_transport": 0.0, "pos_leisure": 0.0, "pos_fuel": 0.0, "pos_residential": 0.0, "pos_commercial": 0.0, "pos_mixed_use": 0.0, "pos_road_density": 0.0, "pos_anchor_proximity": 0.02203645444638511, "positive_total": 0.02203645444638511, "pen_unsuitable_landuse": 0.0, "pen_industrial": 0.0, "pen_isolation": 0.9, "pen_low_connectivity": 0.4, "penalty_total": 1.3, "raw": -1.2779635455536149, "score_physical": 30.08, "score_rank_pct": 9.24, "count_shop": 0, "count_supermarket": 0, "count_food": 0, "count_pharmacy": 0, "count_healthcare": 0, "count_education": 0, "count_fitness": 0, "count_office": 0, "count_bank": 0, "count_transport": 0, "count_leisure": 0, "count_fuel": 0, "feat_unsuitable_frac": 0.0, "feat_industrial_frac": 0.0, "feat_residential": 0.0, "feat_commercial": 0.0, "feat_road_density": 0.0, "feat_mixed_use": -0.0, "feat_isolation": 1.0, "feat_anchor_proximity": 0.079219390543122756, "feat_low_connectivity": 1.0, "raw_lu_frac_unsuitable": 0.0, "raw_lu_frac_residential": 0.0, "raw_lu_frac_commercial": 0.0, "raw_lu_frac_industrial": 0.0 }, "geometry": { "type": "Polygon", "coordinates": [ [ [ -41.805017513292547, -22.464419538900277 ], [ -41.803960230872107, -22.462876486533329 ], [ -41.804950342399088, -22.461301519169048 ], [ -41.806997731419571, -22.461269611896931 ], [ -41.808055018935036, -22.462812672672747 ], [ -41.807064912336322, -22.464387632311773 ], [ -41.805017513292547, -22.464419538900277 ] ] ] } },
{ "type": "Feature", "properties": { "h3": "89a8b1b081bffff", "lat": -22.451594364339034, "lon": -41.827269799456204, "area_km2": 0.12845229421136531, "score": 29.026918743850143, "class": "ruim", "direct_activity_score": 29.026918743850143, "neighborhood_inherited_score": 0.0, "pos_food": 0.0, "pos_shop": 0.0, "pos_supermarket": 0.0, "pos_pharmacy": 0.0, "pos_fitness": 0.0, "pos_education": 0.0, "pos_healthcare": 0.0, "pos_office": 0.0, "pos_bank": 0.0, "pos_transport": 0.0, "pos_leisure": 0.0, "pos_fuel": 0.0, "pos_residential": 0.0, "pos_commercial": 0.0, "pos_mixed_use": 0.0, "pos_road_density": 0.0, "pos_anchor_proximity": 0.076421197843791228, "positive_total": 0.076421197843791228, "pen_unsuitable_landuse": 0.0, "pen_industrial": 0.0, "pen_isolation": 0.9, "pen_low_connectivity": 0.4, "penalty_total": 1.3, "raw": -1.2235788021562088, "score_physical": 30.54, "score_rank_pct": 25.49, "count_shop": 0, "count_supermarket": 0, "count_food": 0, "count_pharmacy": 0, "count_healthcare": 0, "count_education": 0, "count_fitness": 0, "count_office": 0, "count_bank": 0, "count_transport": 0, "count_leisure": 0, "count_fuel": 0, "feat_unsuitable_frac": 0.0, "feat_industrial_frac": 0.0, "feat_residential": 0.0, "feat_commercial": 0.0, "feat_road_density": 0.0, "feat_mixed_use": -0.0, "feat_isolation": 1.0, "feat_anchor_proximity": 0.10067937508731092, "feat_low_connectivity": 1.0, "raw_lu_frac_unsuitable": 0.0, "raw_lu_frac_residential": 0.0, "raw_lu_frac_commercial": 0.0, "raw_lu_frac_industrial": 0.0 }, "geometry": { "type": "Polygon", "coordinates": [ [ [ -41.826279755278151, -22.453169656172818 ], [ -41.825222437318629, -22.451626544998149 ], [ -41.826212481452536, -22.450051245099505 ], [ -41.828259838579108, -22.45001906411451 ], [ -41.829317161591632, -22.451562183679918 ], [ -41.828327122425925, -22.45313747583954 ], [ -41.826279755278151, -22.453169656172818 ] ] ] } },
{ "type": "Feature", "properties": { "h3": "89a8b1a2543ffff", "lat": -22.40490230520119, "lon": -41.82011905676481, "area_km2": 0.12846714120116109, "score": 66.84504053430517, "class": "bom", "direct_activity_score": 62.310606700192174, "neighborhood_inherited_score": 4.5344338341129955, "pos_food": 0.15854450942170253, "pos_shop": 0.19146963375057952, "pos_supermarket": 0.50688073394495414, "pos_pharmacy": 0.0, "pos_fitness": 0.34022177419354854, "pos_education": 0.98901098901098905, "pos_healthcare": 0.0, "pos_office": 0.0, "pos_bank": 0.0, "pos_transport": 0.857429245283019, "pos_leisure": 0.0, "pos_fuel": 0.0, "pos_residential": 0.45428622791091622, "pos_commercial": 0.0, "pos_mixed_use": 0.9613879666147841, "pos_road_density": 0.52421063085321373, "pos_anchor_proximity": 1.8, "positive_total": 6.7834417109837064, "pen_unsuitable_landuse": 2.2, "pen_industrial": 4.1167635673227314e-05, "pen_isolation": 0.0029596216226849075, "pen_low_connectivity": 0.19031574765871451, "penalty_total": 2.393316536917073, "raw": 4.3901251740666334, "score_physical": 62.0, "score_rank_pct": 78.15, "count_shop": 0, "count_supermarket": 0, "count_food": 0, "count_pharmacy": 0, "count_healthcare": 0, "count_education": 0, "count_fitness": 0, "count_office": 0, "count_bank": 0, "count_transport": 4, "count_leisure": 0, "count_fuel": 0, "feat_unsuitable_frac": 4.5765038673614917, "feat_industrial_frac": 0.00010291908918306827, "feat_residential": 0.29194378715804453, "feat_commercial": 0.0, "feat_road_density": 77500.575031857297, "feat_mixed_use": 0.5092812881675518, "feat_isolation": 0.0032884684696498972, "feat_anchor_proximity": 0.78676848170982161, "feat_low_connectivity": 0.47578936914678627, "raw_lu_frac_unsuitable": 0.15682140609009512, "raw_lu_frac_residential": 0.0, "raw_lu_frac_commercial": 0.0, "raw_lu_frac_industrial": 0.0 }, "geometry": { "type": "Polygon", "coordinates": [ [ [ -41.819129068196467, -22.406478384909082 ], [ -41.818071845793895, -22.404934418261586 ], [ -41.819061834304335, -22.403358330502158 ], [ -41.821109040264695, -22.403326217110553 ], [ -41.822166267733593, -22.404870192140795 ], [ -41.821176284177149, -22.406446272179871 ], [ -41.819129068196467, -22.406478384909082 ] ] ] } },
{ "type": "Feature", "properties": { "h3": "89a8b1b1d6fffff", "lat": -22.439789993853125, "lon": -41.784006995384857, "area_km2": 0.12845503018941831, "score": 29.214228900355099, "class": "ruim", "direct_activity_score": 29.214228900355099, "neighborhood_inherited_score": 0.0, "pos_food": 0.0, "pos_shop": 0.0, "pos_supermarket": 0.0, "pos_pharmacy": 0.0, "pos_fitness": 0.0, "pos_education": 0.0, "pos_healthcare": 0.0, "pos_office": 0.0, "pos_bank": 0.0, "pos_transport": 0.0, "pos_leisure": 0.0, "pos_fuel": 0.0, "pos_residential": 0.0, "pos_commercial": 0.0, "pos_mixed_use": 0.0, "pos_road_density": 0.0, "pos_anchor_proximity": 0.079660860497476435, "positive_total": 0.079660860497476435, "pen_unsuitable_landuse": 0.0, "pen_industrial": 0.0, "pen_isolation": 0.9, "pen_low_connectivity": 0.4, "penalty_total": 1.3, "raw": -1.2203391395025236, "score_physical": 30.57, "score_rank_pct": 26.05, "count_shop": 0, "count_supermarket": 0, "count_food": 0, "count_pharmacy": 0, "count_healthcare": 0, "count_education": 0, "count_fitness": 0, "count_office": 0, "count_bank": 0, "count_transport": 0, "count_leisure": 0, "count_fuel": 0, "feat_unsuitable_frac": 0.0, "feat_industrial_frac": 0.0, "feat_residential": 0.0, "feat_commercial": 0.0, "feat_road_density": 0.0, "feat_mixed_use": -0.0, "feat_isolation": 1.0, "feat_anchor_proximity": 0.10195773195972349, "feat_low_connectivity": 1.0, "raw_lu_frac_unsuitable": 0.0, "raw_lu_frac_residential": 0.0, "raw_lu_frac_commercial": 0.0, "raw_lu_frac_industrial": 0.0 }, "geometry": { "type": "Polygon", "coordinates": [ [ [ -41.783016868134389, -22.441365228095453 ], [ -41.78195968029452, -22.439821634698657 ], [ -41.782949807418127, -22.438246392396653 ], [ -41.784997117496495, -22.438214751192788 ], [ -41.786054310474285, -22.439758353007598 ], [ -41.785064188237115, -22.441333587608227 ], [ -41.783016868134389, -22.441365228095453 ] ] ] } },
{ "type": "Feature", "properties": { "h3": "89a8b1a247bffff", "lat": -22.411430156133953, "lon": -41.801828469340883, "area_km2": 0.12846460813658195, "score": 77.865910329932163, "class": "bom", "direct_activity_score": 30.0, "neighborhood_inherited_score": 47.865910329932163, "pos_food": 1.1176088369070836, "pos_shop": 0.45757997218358831, "pos_supermarket": 0.53669724770642202, "pos_pharmacy": 0.515625, "pos_fitness": 0.65776209677419384, "pos_education": 0.23736263736263735, "pos_healthcare": 0.72727272727272729, "pos_office": 0.14802631578947378, "pos_bank": 0.21212121212121227, "pos_transport": 0.36774764150943401, "pos_leisure": 0.17097061442564565, "pos_fuel": 0.0, "pos_residential": 0.18205616229439253, "pos_commercial": 0.16159755052443806, "pos_mixed_use": 1.3781768011102673, "pos_road_density": 0.31855499511829388, "pos_anchor_proximity": 0.95413290087896141, "positive_total": 8.1432927119787717, "pen_unsuitable_landuse": 0.15476900906818264, "pen_industrial": 0.0, "pen_isolation": 0.0002040061299783927, "pen_low_connectivity": 0.27257800195268245, "penalty_total": 0.42755101715084348, "raw": 7.715741694827928, "score_physical": 74.62, "score_rank_pct": 85.43, "count_shop": 0, "count_supermarket": 0, "count_food": 0, "count_pharmacy": 0, "count_healthcare": 0, "count_education": 0, "count_fitness": 0, "count_office": 0, "count_bank": 0, "count_transport": 0, "count_leisure": 0, "count_fuel": 0, "feat_unsuitable_frac": 0.070349549576446652, "feat_industrial_frac": 0.0, "feat_residential": 0.11699708736516461, "feat_commercial": 0.012398243617900859, "feat_road_density": 47095.945499532056, "feat_mixed_use": 0.73006910941845293, "feat_isolation": 0.00022667347775376967, "feat_anchor_proximity": 0.44702061722115155, "feat_low_connectivity": 0.68144500488170612, "raw_lu_frac_unsuitable": 0.0, "raw_lu_frac_residential": 0.0, "raw_lu_frac_commercial": 0.0, "raw_lu_frac_industrial": 0.0 }, "geometry": { "type": "Polygon", "coordinates": [ [ [ -41.800838427724827, -22.413006006417902 ], [ -41.799781241185876, -22.411462035654576 ], [ -41.800771282709078, -22.409886177318075 ], [ -41.802818505852962, -22.409854297452483 ], [ -41.803875697494327, -22.41139827661333 ], [ -41.802885660890723, -22.412974127242197 ], [ -41.800838427724827, -22.413006006417902 ] ] ] } },
{ "type": "Feature", "properties": { "h3": "89a8b1a200bffff", "lat": -22.394221582614406, "lon": -41.804529914063124, "area_km2": 0.12847019060377771, "score": 77.010298558851261, "class": "bom", "direct_activity_score": 58.05432436798187, "neighborhood_inherited_score": 18.955974190869391, "pos_food": 0.18193632228719961, "pos_shop": 0.29531757070004633, "pos_supermarket": 0.59633027522935778, "pos_pharmacy": 0.171875, "pos_fitness": 0.2570564516129033, "pos_education": 0.23736263736263735, "pos_healthcare": 0.75757575757575757, "pos_office": 0.59210526315789513, "pos_bank": 0.0, "pos_transport": 0.49033018867924544, "pos_leisure": 0.17898486197684779, "pos_fuel": 0.0, "pos_residential": 1.0, "pos_commercial": 0.40046077310124839, "pos_mixed_use": 1.4333987247144551, "pos_road_density": 0.74883609482715618, "pos_anchor_proximity": 1.3209403302217106, "positive_total": 8.6625102514464594, "pen_unsuitable_landuse": 1.0800846979760468, "pen_industrial": 0.0076225731747796011, "pen_isolation": 0.005293050656626103, "pen_low_connectivity": 0.10046556206913754, "penalty_total": 1.1934658838765899, "raw": 7.4690443675698699, "score_physical": 73.76, "score_rank_pct": 84.59, "count_shop": 0, "count_supermarket": 0, "count_food": 0, "count_pharmacy": 0, "count_healthcare": 0, "count_education": 0, "count_fitness": 0, "count_office": 0, "count_bank": 0, "count_transport": 0, "count_leisure": 0, "count_fuel": 0, "feat_unsuitable_frac": 0.49094758998911214, "feat_industrial_frac": 0.019056432936949003, "feat_residential": 1.1088353868844119, "feat_commercial": 0.030724538881988492, "feat_road_density": 110709.75012325855, "feat_mixed_use": 0.75932212002899613, "feat_isolation": 0.0058811673962512251, "feat_anchor_proximity": 0.59176124248930784, "feat_low_connectivity": 0.25116390517284382, "raw_lu_frac_unsuitable": 0.0, "raw_lu_frac_residential": 0.42200624331575409, "raw_lu_frac_commercial": 0.0, "raw_lu_frac_industrial": 0.0 }, "geometry": { "type": "Polygon", "coordinates": [ [ [ -41.803539905465328, -22.395797756003105 ], [ -41.802482740520887, -22.394253504608482 ], [ -41.803472749030966, -22.392677323171938 ], [ -41.805519917562386, -22.392645400834922 ], [ -41.80657708760365, -22.394189660620327 ], [ -41.805587084018001, -22.395765834351927 ], [ -41.803539905465328, -22.395797756003105 ] ] ] } },
{ "type": "Feature", "properties": { "h3": "89a8b1b0ad7ffff", "lat": -22.447253106678279, "lon": -41.805671753596194, "area_km2": 0.12845318748103071, "score": 30.0, "class": "ruim", "direct_activity_score": 30.0, "neighborhood_inherited_score": 0.0, "pos_food": 0.0, "pos_shop": 0.0, "pos_supermarket": 0.0, "pos_pharmacy": 0.0, "pos_fitness": 0.0, "pos_education": 0.0, "pos_healthcare": 0.0, "pos_office": 0.0, "pos_bank": 0.0, "pos_transport": 0.0, "pos_leisure": 0.0, "pos_fuel": 0.0, "pos_residential": 0.0, "pos_commercial": 0.0, "pos_mixed_use": 0.0, "pos_road_density": 0.0, "pos_anchor_proximity": 0.10230160004639356, "positive_total": 0.10230160004639356, "pen_unsuitable_landuse": 0.0, "pen_industrial": 0.0, "pen_isolation": 0.9, "pen_low_connectivity": 0.4, "penalty_total": 1.3, "raw": -1.1976983999536064, "score_physical": 30.76, "score_rank_pct": 31.65, "count_shop": 0, "count_supermarket": 0, "count_food": 0, "count_pharmacy": 0, "count_healthcare": 0, "count_education": 0, "count_fitness": 0, "count_office": 0, "count_bank": 0, "count_transport": 0, "count_leisure": 0, "count_fuel": 0, "feat_unsuitable_frac": 0.0, "feat_industrial_frac": 0.0, "feat_residential": 0.0, "feat_commercial": 0.0, "feat_road_density": 0.0, "feat_mixed_use": -0.0, "feat_isolation": 1.0, "feat_anchor_proximity": 0.11089166987018396, "feat_low_connectivity": 1.0, "raw_lu_frac_unsuitable": 0.0, "raw_lu_frac_residential": 0.0, "raw_lu_frac_commercial": 0.0, "raw_lu_frac_industrial": 0.0 }, "geometry": { "type": "Polygon", "coordinates": [ [ [ -41.804681665398469, -22.448828342173336 ], [ -41.803624409679287, -22.447285017027884 ], [ -41.804614497791576, -22.445709773470135 ], [ -41.806661836696975, -22.445677862778446 ], [ -41.807719097511587, -22.447221196328673 ], [ -41.806729014326699, -22.448796432165761 ], [ -41.804681665398469, -22.448828342173336 ] ] ] } },
{ "type": "Feature", "properties": { "h3": "89a8b1a262fffff", "lat": -22.397533024674434, "lon": -41.792313980667771, "area_km2": 0.12846881909554508, "score": 99.327731092436963, "class": "muito bom", "direct_activity_score": 80.366513924861408, "neighborhood_inherited_score": 18.961217167575555, "pos_food": 1.4884123889971854, "pos_shop": 1.4, "pos_supermarket": 1.3, "pos_pharmacy": 1.1, "pos_fitness": 1.0, "pos_education": 0.83076923076923082, "pos_healthcare": 0.54545454545454541, "pos_office": 0.80592105263157965, "pos_bank": 0.7, "pos_transport": 1.1, "pos_leisure": 0.6, "pos_fuel": 0.5, "pos_residential": 0.88752218124322935, "pos_commercial": 1.2, "pos_mixed_use": 1.5, "pos_road_density": 1.0, "pos_anchor_proximity": 1.8, "positive_total": 17.758079399095767, "pen_unsuitable_landuse": 0.90720388477814584, "pen_industrial": 0.0, "pen_isolation": 4.1167973023908238e-11, "pen_low_connectivity": 0.0, "penalty_total": 0.9072038848193138, "raw": 16.850875514276453, "score_physical": 100.0, "score_rank_pct": 97.76, "count_shop": 4, "count_supermarket": 2, "count_food": 1, "count_pharmacy": 1, "count_healthcare": 0, "count_education": 0, "count_fitness": 0, "count_office": 0, "count_bank": 0, "count_transport": 5, "count_leisure": 0, "count_fuel": 2, "feat_unsuitable_frac": 0.41236540217188444, "feat_industrial_frac": 0.0, "feat_residential": 0.5703597662875366, "feat_commercial": 0.17066752304962665, "feat_road_density": 173714.63667332768, "feat_mixed_use": 0.82340860824418804, "feat_isolation": 4.5742192248786932e-11, "feat_anchor_proximity": 0.85657364238946432, "feat_low_connectivity": 0.0, "raw_lu_frac_unsuitable": 0.00012968401570516411, "raw_lu_frac_residential": 0.0032664167251422686, "raw_lu_frac_commercial": 0.059618044310461915, "raw_lu_frac_industrial": 0.0 }, "geometry": { "type": "Polygon", "coordinates": [ [ [ -41.791323938359, -22.399109063489366 ], [ -41.790266799201426, -22.397564791253032 ], [ -41.791256841399139, -22.395988744389872 ], [ -41.79330401785429, -22.395956977459157 ], [ -41.794361162132766, -22.397501258095836 ], [ -41.793371124836519, -22.399077297262838 ], [ -41.791323938359, -22.399109063489366 ] ] ] } },
{ "type": "Feature", "properties": { "h3": "89a8b1a204bffff", "lat": -22.392804741792524, "lon": -41.795284078503968, "area_km2": 0.12847041029656861, "score": 90.868298839879088, "class": "muito bom", "direct_activity_score": 68.225330139383701, "neighborhood_inherited_score": 22.642968700495388, "pos_food": 0.62638076673164444, "pos_shop": 1.2007417709782104, "pos_supermarket": 0.71559633027522929, "pos_pharmacy": 0.45833333333333365, "pos_fitness": 0.88205645161290358, "pos_education": 0.35604395604395606, "pos_healthcare": 0.45454545454545459, "pos_office": 0.29605263157894757, "pos_bank": 0.39772727272727298, "pos_transport": 0.78543632075471714, "pos_leisure": 0.59572573463935907, "pos_fuel": 0.5, "pos_residential": 1.0, "pos_commercial": 1.087315971664087, "pos_mixed_use": 1.5, "pos_road_density": 1.0, "pos_anchor_proximity": 1.622519514492893, "positive_total": 13.478475509378008, "pen_unsuitable_landuse": 0.85463440304816951, "pen_industrial": 0.0, "pen_isolation": 3.1502549171412245e-06, "pen_low_connectivity": 0.0, "penalty_total": 0.85463755330308666, "raw": 12.623837956074921, "score_physical": 90.08, "score_rank_pct": 92.72, "count_shop": 0, "count_supermarket": 0, "count_food": 0, "count_pharmacy": 0, "count_healthcare": 0, "count_education": 0, "count_fitness": 1, "count_office": 0, "count_bank": 0, "count_transport": 1, "count_leisure": 0, "count_fuel": 0, "feat_unsuitable_frac": 0.3884701832037134, "feat_industrial_frac": 0.0, "feat_residential": 0.70657200918110852, "feat_commercial": 0.083422107962504433, "feat_road_density": 192614.65176244357, "feat_mixed_use": 0.79574754001424941, "feat_isolation": 3.5002832412680273e-06, "feat_anchor_proximity": 0.71076308434808777, "feat_low_connectivity": 0.0, "raw_lu_frac_unsuitable": 0.073462828040407005, "raw_lu_frac_residential": 0.062140964679027681, "raw_lu_frac_commercial": 0.0, "raw_lu_frac_industrial": 0.0 }, "geometry": { "type": "Polygon", "coordinates": [ [ [ -41.794294050467791, -22.394380883163496 ], [ -41.793236911528737, -22.392836548103269 ], [ -41.79422693945952, -22.391260398685265 ], [ -41.796274101423712, -22.391228592024635 ], [ -41.797331245477757, -22.392772935481776 ], [ -41.796341222453947, -22.394349077202584 ], [ -41.794294050467791, -22.394380883163496 ] ] ] } },
{ "type": "Feature", "properties": { "h3": "89a8b1b085bffff", "lat": -22.450179697722888, "lon": -41.818023055936067, "area_km2": 0.12845254016396376, "score": 30.0, "class": "ruim", "direct_activity_score": 30.0, "neighborhood_inherited_score": 0.0, "pos_food": 0.0, "pos_shop": 0.0, "pos_supermarket": 0.0, "pos_pharmacy": 0.0, "pos_fitness": 0.0, "pos_education": 0.0, "pos_healthcare": 0.0, "pos_office": 0.0, "pos_bank": 0.0, "pos_transport": 0.0, "pos_leisure": 0.0, "pos_fuel": 0.0, "pos_residential": 0.0, "pos_commercial": 0.0, "pos_mixed_use": 0.0, "pos_road_density": 0.0, "pos_anchor_proximity": 0.093602239597444681, "positive_total": 0.093602239597444681, "pen_unsuitable_landuse": 0.0, "pen_industrial": 0.0, "pen_isolation": 0.9, "pen_low_connectivity": 0.4, "penalty_total": 1.3, "raw": -1.2063977604025553, "score_physical": 30.69, "score_rank_pct": 29.69, "count_shop": 0, "count_supermarket": 0, "count_food": 0, "count_pharmacy": 0, "count_healthcare": 0, "count_education": 0, "count_fitness": 0, "count_office": 0, "count_bank": 0, "count_transport": 0, "count_leisure": 0, "count_fuel": 0, "feat_unsuitable_frac": 0.0, "feat_industrial_frac": 0.0, "feat_residential": 0.0, "feat_commercial": 0.0, "feat_road_density": 0.0, "feat_mixed_use": -0.0, "feat_isolation": 1.0, "feat_anchor_proximity": 0.10745893985958932, "feat_low_connectivity": 1.0, "raw_lu_frac_unsuitable": 0.0, "raw_lu_frac_residential": 0.0, "raw_lu_frac_commercial": 0.0, "raw_lu_frac_industrial": 0.0 }, "geometry": { "type": "Polygon", "coordinates": [ [ [ -41.817032992188949, -22.451754957540064 ], [ -41.815975700104445, -22.450211762429127 ], [ -41.816965763789753, -22.448636494547891 ], [ -41.819013114610144, -22.448604429508837 ], [ -41.820070411765819, -22.450147633016648 ], [ -41.819080353031268, -22.451722893166604 ], [ -41.817032992188949, -22.451754957540064 ] ] ] } },
{ "type": "Feature", "properties": { "h3": "89a8b1b0a0fffff", "lat": -22.43628954464447, "lon": -41.808507617081332, "area_km2": 0.12845678648219055, "score": 30.0, "class": "ruim", "direct_activity_score": 30.0, "neighborhood_inherited_score": 0.0, "pos_food": 0.0, "pos_shop": 0.0, "pos_supermarket": 0.0, "pos_pharmacy": 0.0, "pos_fitness": 0.0, "pos_education": 0.0, "pos_healthcare": 0.0, "pos_office": 0.0, "pos_bank": 0.0, "pos_transport": 0.0, "pos_leisure": 0.0, "pos_fuel": 0.0, "pos_residential": 0.0, "pos_commercial": 0.0, "pos_mixed_use": 0.0, "pos_road_density": 0.0, "pos_anchor_proximity": 0.22231956943846429, "positive_total": 0.22231956943846429, "pen_unsuitable_landuse": 0.0, "pen_industrial": 0.0, "pen_isolation": 0.9, "pen_low_connectivity": 0.4, "penalty_total": 1.3, "raw": -1.0776804305615357, "score_physical": 31.76, "score_rank_pct": 50.7, "count_shop": 0, "count_supermarket": 0, "count_food": 0, "count_pharmacy": 0, "count_healthcare": 0, "count_education": 0, "count_fitness": 0, "count_office": 0, "count_bank": 0, "count_transport": 0, "count_leisure": 0, "count_fuel": 0, "feat_unsuitable_frac": 0.0, "feat_industrial_frac": 0.0, "feat_residential": 0.0, "feat_commercial": 0.0, "feat_road_density": 0.0, "feat_mixed_use": -0.0, "feat_isolation": 1.0, "feat_anchor_proximity": 0.15825024154456147, "feat_low_connectivity": 1.0, "raw_lu_frac_unsuitable": 0.0, "raw_lu_frac_residential": 0.0, "raw_lu_frac_commercial": 0.0, "raw_lu_frac_industrial": 0.0 }, "geometry": { "type": "Polygon", "coordinates": [ [ [ -41.80751755254672, -22.437864993266885 ], [ -41.806460307752005, -22.436321496128777 ], [ -41.807450372206567, -22.434746039446583 ], [ -41.809497676524607, -22.434714087622332 ], [ -41.810554926409004, -22.436257593160164 ], [ -41.809564866887008, -22.437833042122485 ], [ -41.80751755254672, -22.437864993266885 ] ] ] } },
{ "type": "Feature", "properties": { "h3": "89a8b1b0bc3ffff", "lat": -22.434489688849439, "lon": -41.823828815599271, "area_km2": 0.12845772469976868, "score": 30.0, "class": "ruim", "direct_activity_score": 30.0, "neighborhood_inherited_score": 0.0, "pos_food": 0.0, "pos_shop": 0.0, "pos_supermarket": 0.0, "pos_pharmacy": 0.0, "pos_fitness": 0.0, "pos_education": 0.0, "pos_healthcare": 0.0, "pos_office": 0.0, "pos_bank": 0.0, "pos_transport": 0.0, "pos_leisure": 0.0, "pos_fuel": 0.0, "pos_residential": 0.0, "pos_commercial": 0.0, "pos_mixed_use": 0.0, "pos_road_density": 0.0, "pos_anchor_proximity": 0.26113760030098482, "positive_total": 0.26113760030098482, "pen_unsuitable_landuse": 0.0, "pen_industrial": 0.0, "pen_isolation": 0.9, "pen_low_connectivity": 0.4, "penalty_total": 1.3, "raw": -1.0388623996990152, "score_physical": 32.07, "score_rank_pct": 54.34, "count_shop": 0, "count_supermarket": 0, "count_food": 0, "count_pharmacy": 0, "count_healthcare": 0, "count_education": 0, "count_fitness": 0, "count_office": 0, "count_bank": 0, "count_transport": 0, "count_leisure": 0, "count_fuel": 0, "feat_unsuitable_frac": 0.0, "feat_industrial_frac": 0.0, "feat_residential": 0.0, "feat_commercial": 0.0, "feat_road_density": 0.0, "feat_mixed_use": -0.0, "feat_isolation": 1.0, "feat_anchor_proximity": 0.17356766864462647, "feat_low_connectivity": 1.0, "raw_lu_frac_unsuitable": 0.0, "raw_lu_frac_residential": 0.0, "raw_lu_frac_commercial": 0.0, "raw_lu_frac_industrial": 0.0 }, "geometry": { "type": "Polygon", "coordinates": [ [ [ -41.822838789860285, -22.436065264424897 ], [ -41.821781508998157, -22.434521834358048 ], [ -41.822771534686382, -22.432946250722633 ], [ -41.824818836276634, -22.432914104885572 ], [ -41.825876122198274, -22.43445754334083 ], [ -41.824886101471492, -22.436033119244687 ], [ -41.822838789860285, -22.436065264424897 ] ] ] } },
{ "type": "Feature", "properties": { "h3": "89a8b1b1d93ffff", "lat": -22.461524133312395, "lon": -41.790618629057477, "area_km2": 0.12844820267370916, "score": 22.318282959746032, "class": "ruim", "direct_activity_score": 22.318282959746032, "neighborhood_inherited_score": 0.0, "pos_food": 0.0, "pos_shop": 0.0, "pos_supermarket": 0.0, "pos_pharmacy": 0.0, "pos_fitness": 0.0, "pos_education": 0.0, "pos_healthcare": 0.0, "pos_office": 0.0, "pos_bank": 0.0, "pos_transport": 0.0, "pos_leisure": 0.0, "pos_fuel": 0.0, "pos_residential": 0.0, "pos_commercial": 0.0, "pos_mixed_use": 0.0, "pos_road_density": 0.0, "pos_anchor_proximity": 0.008729170508833475, "positive_total": 0.008729170508833475, "pen_unsuitable_landuse": 0.0, "pen_industrial": 0.0, "pen_isolation": 0.9, "pen_low_connectivity": 0.4, "penalty_total": 1.3, "raw": -1.2912708294911666, "score_physical": 29.96, "score_rank_pct": 4.48, "count_shop": 0, "count_supermarket": 0, "count_food": 0, "count_pharmacy": 0, "count_healthcare": 0, "count_education": 0, "count_fitness": 0, "count_office": 0, "count_bank": 0, "count_transport": 0, "count_leisure": 0, "count_fuel": 0, "feat_unsuitable_frac": 0.0, "feat_industrial_frac": 0.0, "feat_residential": 0.0, "feat_commercial": 0.0, "feat_road_density": 0.0, "feat_mixed_use": -0.0, "feat_isolation": 1.0, "feat_anchor_proximity": 0.07396839385204336, "feat_low_connectivity": 1.0, "raw_lu_frac_unsuitable": 0.0, "raw_lu_frac_residential": 0.0, "raw_lu_frac_commercial": 0.0, "raw_lu_frac_industrial": 0.0 }, "geometry": { "type": "Polygon", "coordinates": [ [ [ -41.789628483495179, -22.463099020681501 ], [ -41.788571242661995, -22.461555846699266 ], [ -41.789561388110094, -22.459980951264154 ], [ -41.791608769493486, -22.459949237523912 ], [ -41.792666015451942, -22.461492419925523 ], [ -41.791675874903071, -22.463067307647947 ], [ -41.789628483495179, -22.463099020681501 ] ] ] } },
{ "type": "Feature", "properties": { "h3": "89a8b1b0a97ffff", "lat": -22.448668520829315, "lon": -41.814918413426298, "area_km2": 0.12845295442496996, "score": 30.0, "class": "ruim", "direct_activity_score": 30.0, "neighborhood_inherited_score": 0.0, "pos_food": 0.0, "pos_shop": 0.0, "pos_supermarket": 0.0, "pos_pharmacy": 0.0, "pos_fitness": 0.0, "pos_education": 0.0, "pos_healthcare": 0.0, "pos_office": 0.0, "pos_bank": 0.0, "pos_transport": 0.0, "pos_leisure": 0.0, "pos_fuel": 0.0, "pos_residential": 0.0, "pos_commercial": 0.0, "pos_mixed_use": 0.0, "pos_road_density": 0.0, "pos_anchor_proximity": 0.1042616292746157, "positive_total": 0.1042616292746157, "pen_unsuitable_landuse": 0.0, "pen_industrial": 0.0, "pen_isolation": 0.9, "pen_low_connectivity": 0.4, "penalty_total": 1.3, "raw": -1.1957383707253844, "score_physical": 30.78, "score_rank_pct": 32.49, "count_shop": 0, "count_supermarket": 0, "count_food": 0, "count_pharmacy": 0, "count_healthcare": 0, "count_education": 0, "count_fitness": 0, "count_office": 0, "count_bank": 0, "count_transport": 0, "count_leisure": 0, "count_fuel": 0, "feat_unsuitable_frac": 0.0, "feat_industrial_frac": 0.0, "feat_residential": 0.0, "feat_commercial": 0.0, "feat_road_density": 0.0, "feat_mixed_use": -0.0, "feat_isolation": 1.0, "feat_anchor_proximity": 0.11166508892700368, "feat_low_connectivity": 1.0, "raw_lu_frac_unsuitable": 0.0, "raw_lu_frac_residential": 0.0, "raw_lu_frac_commercial": 0.0, "raw_lu_frac_industrial": 0.0 }, "geometry": { "type": "Polygon", "coordinates": [ [ [ -41.813928344728382, -22.450243788375452 ], [ -41.81287106306106, -22.448700547110736 ], [ -41.813861131691212, -22.44712527150109 ], [ -41.815908477045163, -22.44709324488452 ], [ -41.816965763789753, -22.448636494547891 ], [ -41.815975700104445, -22.450211762429127 ], [ -41.813928344728382, -22.450243788375452 ] ] ] } },
{ "type": "Feature", "properties": { "h3": "89a8b1b1963ffff", "lat": -22.421075002833636, "lon": -41.783604612828384, "area_km2": 0.12846103640043746, "score": 30.0, "class": "ruim", "direct_activity_score": 30.0, "neighborhood_inherited_score": 0.0, "pos_food": 0.0, "pos_shop": 0.0, "pos_supermarket": 0.0, "pos_pharmacy": 0.0, "pos_fitness": 0.0, "pos_education": 0.0, "pos_healthcare": 0.0, "pos_office": 0.0, "pos_bank": 0.0, "pos_transport": 0.0, "pos_leisure": 0.0, "pos_fuel": 0.0, "pos_residential": 0.0, "pos_commercial": 0.0, "pos_mixed_use": 0.0, "pos_road_density": 0.0, "pos_anchor_proximity": 0.24953544541084907, "positive_total": 0.24953544541084907, "pen_unsuitable_landuse": 0.0, "pen_industrial": 0.0, "pen_isolation": 0.9, "pen_low_connectivity": 0.4, "penalty_total": 1.3, "raw": -1.0504645545891509, "score_physical": 31.98, "score_rank_pct": 52.38, "count_shop": 0, "count_supermarket": 0, "count_food": 0, "count_pharmacy": 0, "count_healthcare": 0, "count_education": 0, "count_fitness": 0, "count_office": 0, "count_bank": 0, "count_transport": 0, "count_leisure": 0, "count_fuel": 0, "feat_unsuitable_frac": 0.0, "feat_industrial_frac": 0.0, "feat_residential": 0.0, "feat_commercial": 0.0, "feat_road_density": 0.0, "feat_mixed_use": -0.0, "feat_isolation": 1.0, "feat_anchor_proximity": 0.16898950850140024, "feat_low_connectivity": 1.0, "raw_lu_frac_unsuitable": 0.0, "raw_lu_frac_residential": 0.0, "raw_lu_frac_commercial": 0.0, "raw_lu_frac_industrial": 0.0 }, "geometry": { "type": "Polygon", "coordinates": [ [ [ -41.78261451368094, -22.422650568304533 ], [ -41.781557357882512, -22.421106647980853 ], [ -41.782547456902265, -22.419531074455492 ], [ -41.784594706836401, -22.419499428949621 ], [ -41.785651867773261, -22.421043357686418 ], [ -41.784661773638881, -22.42261892351593 ], [ -41.78261451368094, -22.422650568304533 ] ] ] } },
{ "type": "Feature", "properties": { "h3": "89a8b1a243bffff", "lat": -22.412846339603291, "lon": -41.811074597043699, "area_km2": 0.12846438078187006, "score": 66.958247524242836, "class": "bom", "direct_activity_score": 74.047897827752479, "neighborhood_inherited_score": 0.0, "pos_food": 0.5501407840589132, "pos_shop": 0.24663885025498378, "pos_supermarket": 0.50688073394495414, "pos_pharmacy": 0.0, "pos_fitness": 0.68548387096774233, "pos_education": 0.56703296703296713, "pos_healthcare": 0.0, "pos_office": 0.0, "pos_bank": 0.0, "pos_transport": 0.53443396226415107, "pos_leisure": 0.1816562778272485, "pos_fuel": 0.0, "pos_residential": 0.20241594425798939, "pos_commercial": 0.0, "pos_mixed_use": 1.2830952001879827, "pos_road_density": 0.39884856111940931, "pos_anchor_proximity": 1.6854470202714094, "positive_total": 6.8420741721877514, "pen_unsuitable_landuse": 2.2, "pen_industrial": 0.0, "pen_isolation": 0.0015195204069454486, "pen_low_connectivity": 0.24046057555223632, "penalty_total": 2.441980095959182, "raw": 4.4000940762285694, "score_physical": 62.04, "score_rank_pct": 78.43, "count_shop": 0, "count_supermarket": 0, "count_food": 1, "count_pharmacy": 0, "count_healthcare": 0, "count_education": 0, "count_fitness": 1, "count_office": 0, "count_bank": 0, "count_transport": 1, "count_leisure": 0, "count_fuel": 0, "feat_unsuitable_frac": 2.3582328691581917, "feat_industrial_frac": 0.0, "feat_residential": 0.13008115526547986, "feat_commercial": 0.0, "feat_road_density": 58966.741645570728, "feat_mixed_use": 0.67970101466349042, "feat_isolation": 0.001688356007717165, "feat_anchor_proximity": 0.73559400598254898, "feat_low_connectivity": 0.60115143888059075, "raw_lu_frac_unsuitable": 0.0, "raw_lu_frac_residential": 0.034944583250932984, "raw_lu_frac_commercial": 0.0, "raw_lu_frac_industrial": 0.0 }, "geometry": { "type": "Polygon", "coordinates": [ [ [ -41.810084574903762, -22.414422221907159 ], [ -41.809027362396769, -22.412878334894256 ], [ -41.810017384461517, -22.411302444537032 ], [ -41.812064614097558, -22.411270448908052 ], [ -41.813121831688797, -22.412814344312324 ], [ -41.812131814561091, -22.414390226954168 ], [ -41.810084574903762, -22.414422221907159 ] ] ] } },
{ "type": "Feature", "properties": { "h3": "89a8b1b0e63ffff", "lat": -22.453490025225179, "lon": -41.805806100147365, "area_km2": 0.12845118089015931, "score": 28.111946444046644, "class": "ruim", "direct_activity_score": 28.111946444046644, "neighborhood_inherited_score": 0.0, "pos_food": 0.0, "pos_shop": 0.0, "pos_supermarket": 0.0, "pos_pharmacy": 0.0, "pos_fitness": 0.0, "pos_education": 0.0, "pos_healthcare": 0.0, "pos_office": 0.0, "pos_bank": 0.0, "pos_transport": 0.0, "pos_leisure": 0.0, "pos_fuel": 0.0, "pos_residential": 0.0, "pos_commercial": 0.0, "pos_mixed_use": 0.0, "pos_road_density": 0.0, "pos_anchor_proximity": 0.063883326673370433, "positive_total": 0.063883326673370433, "pen_unsuitable_landuse": 0.0, "pen_industrial": 0.0, "pen_isolation": 0.9, "pen_low_connectivity": 0.4, "penalty_total": 1.3, "raw": -1.2361166733266296, "score_physical": 30.44, "score_rank_pct": 22.69, "count_shop": 0, "count_supermarket": 0, "count_food": 0, "count_pharmacy": 0, "count_healthcare": 0, "count_education": 0, "count_fitness": 0, "count_office": 0, "count_bank": 0, "count_transport": 0, "count_leisure": 0, "count_fuel": 0, "feat_unsuitable_frac": 0.0, "feat_industrial_frac": 0.0, "feat_residential": 0.0, "feat_commercial": 0.0, "feat_road_density": 0.0, "feat_mixed_use": -0.0, "feat_isolation": 1.0, "feat_anchor_proximity": 0.095731985346623361, "feat_low_connectivity": 1.0, "raw_lu_frac_unsuitable": 0.0, "raw_lu_frac_residential": 0.0, "raw_lu_frac_commercial": 0.0, "raw_lu_frac_industrial": 0.0 }, "geometry": { "type": "Polygon", "coordinates": [ [ [ -41.804816002584154, -22.455065150259987 ], [ -41.803758736184626, -22.453521934206762 ], [ -41.804748833662664, -22.451946801107514 ], [ -41.806796192613817, -22.451914891783954 ], [ -41.807853464108618, -22.453458116243599 ], [ -41.806863371558322, -22.455033241620338 ], [ -41.804816002584154, -22.455065150259987 ] ] ] } },
{ "type": "Feature", "properties": { "h3": "89a8b1a2287ffff", "lat": -22.39129216667245, "lon": -41.792179778039078, "area_km2": 0.12847081373849797, "score": 84.951994333148392, "class": "muito bom", "direct_activity_score": 62.722252975143647, "neighborhood_inherited_score": 22.229741358004745, "pos_food": 0.48862897985705039, "pos_shop": 1.2970174625251121, "pos_supermarket": 0.44724770642201833, "pos_pharmacy": 0.28645833333333348, "pos_fitness": 0.77116935483870985, "pos_education": 0.19780219780219782, "pos_healthcare": 0.27272727272727271, "pos_office": 0.14802631578947378, "pos_bank": 0.1590909090909092, "pos_transport": 0.61096698113207559, "pos_leisure": 0.45681211041852188, "pos_fuel": 0.5, "pos_residential": 0.58366867592642646, "pos_commercial": 0.58921637645722214, "pos_mixed_use": 1.4250733578763852, "pos_road_density": 1.0, "pos_anchor_proximity": 1.5031709835142737, "positive_total": 10.737077017710982, "pen_unsuitable_landuse": 0.49259085877346276, "pen_industrial": 0.0, "pen_isolation": 2.41628591646687e-05, "pen_low_connectivity": 0.0, "penalty_total": 0.49261502163262744, "raw": 10.244461996078355, "score_physical": 82.94, "score_rank_pct": 89.64, "count_shop": 1, "count_supermarket": 0, "count_food": 0, "count_pharmacy": 0, "count_healthcare": 0, "count_education": 0, "count_fitness": 0, "count_office": 0, "count_bank": 0, "count_transport": 0, "count_leisure": 0, "count_fuel": 0, "feat_unsuitable_frac": 0.22390493580611942, "feat_industrial_frac": 0.0, "feat_residential": 0.3750904897097096, "feat_commercial": 0.045206428904803642, "feat_road_density": 184462.8754785929, "feat_mixed_use": 0.75491187807153826, "feat_isolation": 2.6847621294076332e-05, "feat_anchor_proximity": 0.66366867017650433, "feat_low_connectivity": 0.0, "raw_lu_frac_unsuitable": 0.0, "raw_lu_frac_residential": 0.0, "raw_lu_frac_commercial": 0.0, "raw_lu_frac_industrial": 0.0 }, "geometry": { "type": "Polygon", "coordinates": [ [ [ -41.791189745095849, -22.392868315738276 ], [ -41.790132616617257, -22.391323934659638 ], [ -41.791122649449136, -22.389747777547338 ], [ -41.793169805859847, -22.38971600920793 ], [ -41.79422693945952, -22.391260398685265 ], [ -41.793236911528737, -22.392836548103269 ], [ -41.791189745095849, -22.392868315738276 ] ] ] } },
{ "type": "Feature", "properties": { "h3": "89a8b1b0a33ffff", "lat": -22.436193573973163, "lon": -41.814649546495616, "area_km2": 0.12845696455834002, "score": 30.0, "class": "ruim", "direct_activity_score": 30.0, "neighborhood_inherited_score": 0.0, "pos_food": 0.0, "pos_shop": 0.0, "pos_supermarket": 0.0, "pos_pharmacy": 0.0, "pos_fitness": 0.0, "pos_education": 0.0, "pos_healthcare": 0.0, "pos_office": 0.0, "pos_bank": 0.0, "pos_transport": 0.0, "pos_leisure": 0.0, "pos_fuel": 0.0, "pos_residential": 0.0, "pos_commercial": 0.0, "pos_mixed_use": 0.0, "pos_road_density": 0.0, "pos_anchor_proximity": 0.24603552071205764, "positive_total": 0.24603552071205764, "pen_unsuitable_landuse": 0.0, "pen_industrial": 0.0, "pen_isolation": 0.9, "pen_low_connectivity": 0.4, "penalty_total": 1.3, "raw": -1.0539644792879423, "score_physical": 31.95, "score_rank_pct": 52.1, "count_shop": 0, "count_supermarket": 0, "count_food": 0, "count_pharmacy": 0, "count_healthcare": 0, "count_education": 0, "count_fitness": 0, "count_office": 0, "count_bank": 0, "count_transport": 0, "count_leisure": 0, "count_fuel": 0, "feat_unsuitable_frac": 0.0, "feat_industrial_frac": 0.0, "feat_residential": 0.0, "feat_commercial": 0.0, "feat_road_density": 0.0, "feat_mixed_use": -0.0, "feat_isolation": 1.0, "feat_anchor_proximity": 0.16760845335155708, "feat_low_connectivity": 1.0, "raw_lu_frac_unsuitable": 0.0, "raw_lu_frac_residential": 0.0, "raw_lu_frac_commercial": 0.0, "raw_lu_frac_industrial": 0.0 }, "geometry": { "type": "Polygon", "coordinates": [ [ [ -41.813659496525908, -22.43776906235005 ], [ -41.812602236218098, -22.436225602936336 ], [ -41.813592286119501, -22.434650106499408 ], [ -41.815639591385896, -22.434618077200891 ], [ -41.816696856771301, -22.436161545009988 ], [ -41.81570681181406, -22.437737033722176 ], [ -41.813659496525908, -22.43776906235005 ] ] ] } },
{ "type": "Feature", "properties": { "h3": "89a8b1a20d3ffff", "lat": -22.405190278029959, "lon": -41.801694170601678, "area_km2": 0.1284666058451846, "score": 99.411764705882348, "class": "muito bom", "direct_activity_score": 78.497501892599459, "neighborhood_inherited_score": 20.914262813282889, "pos_food": 1.6, "pos_shop": 1.4, "pos_supermarket": 1.3, "pos_pharmacy": 1.1, "pos_fitness": 1.0, "pos_education": 1.054945054945055, "pos_healthcare": 1.0, "pos_office": 1.0, "pos_bank": 0.7, "pos_transport": 1.0143867924528305, "pos_leisure": 0.50222617987533413, "pos_fuel": 0.0, "pos_residential": 0.79282710659463596, "pos_commercial": 1.19728677857738, "pos_mixed_use": 1.4790801975465193, "pos_road_density": 0.91206264406148296, "pos_anchor_proximity": 1.8, "positive_total": 17.852814754053238, "pen_unsuitable_landuse": 0.93798599985059161, "pen_industrial": 0.0047137655252068311, "pen_isolation": 6.6530507394105709e-11, "pen_low_connectivity": 0.035174942375406817, "penalty_total": 0.97787470781773589, "raw": 16.874940046235501, "score_physical": 100.0, "score_rank_pct": 98.04, "count_shop": 0, "count_supermarket": 0, "count_food": 1, "count_pharmacy": 0, "count_healthcare": 1, "count_education": 0, "count_fitness": 2, "count_office": 0, "count_bank": 0, "count_transport": 2, "count_leisure": 0, "count_fuel": 0, "feat_unsuitable_frac": 0.4263572726593598, "feat_industrial_frac": 0.011784413813017076, "feat_residential": 0.50950465552343638, "feat_commercial": 0.091859394607897937, "feat_road_density": 134841.56028044003, "feat_mixed_use": 0.78352121564616295, "feat_isolation": 7.3922785993450779e-11, "feat_anchor_proximity": 0.86317398134275602, "feat_low_connectivity": 0.087937355938517037, "raw_lu_frac_unsuitable": 0.0026654231187089447, "raw_lu_frac_residential": 0.050403942422843559, "raw_lu_frac_commercial": 0.00047380420714910465, "raw_lu_frac_industrial": 0.0 }, "geometry": { "type": "Polygon", "coordinates": [ [ [ -41.800704138350376, -22.40676623860832 ], [ -41.799646962490513, -22.405222158930549 ], [ -41.800636994648691, -22.403646190301398 ], [ -41.802684197748817, -22.403614309055737 ], [ -41.803741378711258, -22.40515839712937 ], [ -41.802751351472331, -22.406734358052752 ], [ -41.800704138350376, -22.40676623860832 ] ] ] } },
{ "type": "Feature", "properties": { "h3": "89a8b1a258bffff", "lat": -22.412557336963374, "lon": -41.829499721057928, "area_km2": 0.12846489689513746, "score": 6.8819296345409553, "class": "muito ruim", "direct_activity_score": 8.9577193373037858, "neighborhood_inherited_score": 0.0, "pos_food": 0.023391812865497092, "pos_shop": 0.0, "pos_supermarket": 0.0, "pos_pharmacy": 0.0, "pos_fitness": 0.0, "pos_education": 0.0, "pos_healthcare": 0.0, "pos_office": 0.0, "pos_bank": 0.0, "pos_transport": 0.0, "pos_leisure": 0.0, "pos_fuel": 0.0, "pos_residential": 0.0, "pos_commercial": 0.0, "pos_mixed_use": 0.0, "pos_road_density": 0.011120820025800416, "pos_anchor_proximity": 0.54901656942115773, "positive_total": 0.5835292023124552, "pen_unsuitable_landuse": 2.2, "pen_industrial": 0.0, "pen_isolation": 0.83747780623008516, "pen_low_connectivity": 0.39555167198967989, "penalty_total": 3.4330294782197655, "raw": -2.8495002759073103, "score_physical": 9.47, "score_rank_pct": 0.84, "count_shop": 0, "count_supermarket": 0, "count_food": 0, "count_pharmacy": 0, "count_healthcare": 0, "count_education": 0, "count_fitness": 0, "count_office": 0, "count_bank": 0, "count_transport": 0, "count_leisure": 0, "count_fuel": 0, "feat_unsuitable_frac": 4.7076327909777032, "feat_industrial_frac": 0.0, "feat_residential": 0.0, "feat_commercial": 0.0, "feat_road_density": 1644.1290887644395, "feat_mixed_use": -0.0, "feat_isolation": 0.93053089581120574, "feat_anchor_proximity": 0.28716346485482586, "feat_low_connectivity": 0.98887917997419961, "raw_lu_frac_unsuitable": 0.89692631030560266, "raw_lu_frac_residential": 0.0, "raw_lu_frac_commercial": 0.0, "raw_lu_frac_industrial": 0.0 }, "geometry": { "type": "Polygon", "coordinates": [ [ [ -41.828509742706331, -22.414133338366451 ], [ -41.827452483766741, -22.412589564480299 ], [ -41.828442462078385, -22.41101355502315 ], [ -41.830489694359166, -22.41098132718205 ], [ -41.831546958346749, -22.412525109446449 ], [ -41.830556985006886, -22.414101111173657 ], [ -41.828509742706331, -22.414133338366451 ] ] ] } },
{ "type": "Feature", "properties": { "h3": "89a8b1b1d2fffff", "lat": -22.441206754425728, "lon": -41.793253472615227, "area_km2": 0.12845481986910368, "score": 30.0, "class": "ruim", "direct_activity_score": 30.0, "neighborhood_inherited_score": 0.0, "pos_food": 0.0, "pos_shop": 0.0, "pos_supermarket": 0.0, "pos_pharmacy": 0.0, "pos_fitness": 0.0, "pos_education": 0.0, "pos_healthcare": 0.0, "pos_office": 0.0, "pos_bank": 0.0, "pos_transport": 0.0, "pos_leisure": 0.0, "pos_fuel": 0.0, "pos_residential": 0.0, "pos_commercial": 0.0, "pos_mixed_use": 0.0, "pos_road_density": 0.0, "pos_anchor_proximity": 0.10149647854809192, "positive_total": 0.10149647854809192, "pen_unsuitable_landuse": 0.0, "pen_industrial": 0.0, "pen_isolation": 0.9, "pen_low_connectivity": 0.4, "penalty_total": 1.3, "raw": -1.1985035214519082, "score_physical": 30.75, "score_rank_pct": 31.37, "count_shop": 0, "count_supermarket": 0, "count_food": 0, "count_pharmacy": 0, "count_healthcare": 0, "count_education": 0, "count_fitness": 0, "count_office": 0, "count_bank": 0, "count_transport": 0, "count_leisure": 0, "count_fuel": 0, "feat_unsuitable_frac": 0.0, "feat_industrial_frac": 0.0, "feat_residential": 0.0, "feat_commercial": 0.0, "feat_road_density": 0.0, "feat_mixed_use": -0.0, "feat_isolation": 1.0, "feat_anchor_proximity": 0.11057397240890347, "feat_low_connectivity": 1.0, "raw_lu_frac_unsuitable": 0.0, "raw_lu_frac_residential": 0.0, "raw_lu_frac_commercial": 0.0, "raw_lu_frac_industrial": 0.0 }, "geometry": { "type": "Polygon", "coordinates": [ [ [ -41.792263364742929, -22.442782020776832 ], [ -41.791206150826874, -22.44123851115571 ], [ -41.792196258589989, -22.439663236744124 ], [ -41.794243575366593, -22.43963147966274 ], [ -41.795300794402401, -22.44117499769575 ], [ -41.794310691543181, -22.442750264398217 ], [ -41.792263364742929, -22.442782020776832 ] ] ] } },
{ "type": "Feature", "properties": { "h3": "89a8b1b1db7ffff", "lat": -22.453585635874163, "lon": -41.799664009778617, "area_km2": 0.12845099670075261, "score": 27.040486792174175, "class": "ruim", "direct_activity_score": 27.040486792174175, "neighborhood_inherited_score": 0.0, "pos_food": 0.0, "pos_shop": 0.0, "pos_supermarket": 0.0, "pos_pharmacy": 0.0, "pos_fitness": 0.0, "pos_education": 0.0, "pos_healthcare": 0.0, "pos_office": 0.0, "pos_bank": 0.0, "pos_transport": 0.0, "pos_leisure": 0.0, "pos_fuel": 0.0, "pos_residential": 0.0, "pos_commercial": 0.0, "pos_mixed_use": 0.0, "pos_road_density": 0.0, "pos_anchor_proximity": 0.053324887972377298, "positive_total": 0.053324887972377298, "pen_unsuitable_landuse": 0.0, "pen_industrial": 0.0, "pen_isolation": 0.9, "pen_low_connectivity": 0.4, "penalty_total": 1.3, "raw": -1.2466751120276227, "score_physical": 30.35, "score_rank_pct": 19.33, "count_shop": 0, "count_supermarket": 0, "count_food": 0, "count_pharmacy": 0, "count_healthcare": 0, "count_education": 0, "count_fitness": 0, "count_office": 0, "count_bank": 0, "count_transport": 0, "count_leisure": 0, "count_fuel": 0, "feat_unsuitable_frac": 0.0, "feat_industrial_frac": 0.0, "feat_residential": 0.0, "feat_commercial": 0.0, "feat_road_density": 0.0, "feat_mixed_use": -0.0, "feat_isolation": 1.0, "feat_anchor_proximity": 0.091565671097821044, "feat_low_connectivity": 1.0, "raw_lu_frac_unsuitable": 0.0, "raw_lu_frac_residential": 0.0, "raw_lu_frac_commercial": 0.0, "raw_lu_frac_industrial": 0.0 }, "geometry": { "type": "Polygon", "coordinates": [ [ [ -41.798673897682505, -22.455160721108719 ], [ -41.797616646831877, -22.453617467325177 ], [ -41.79860675883107, -22.452042374026416 ], [ -41.800654116766061, -22.452010542228813 ], [ -41.80171137272405, -22.453553804423144 ], [ -41.800721265641023, -22.455128890004247 ], [ -41.798673897682505, -22.455160721108719 ] ] ] } },
{ "type": "Feature", "properties": { "h3": "89a8b1b0ec7ffff", "lat": -22.465962544760259, "lon": -41.806074801138024, "area_km2": 0.12844716378253102, "score": 22.500309803785822, "class": "ruim", "direct_activity_score": 22.500309803785822, "neighborhood_inherited_score": 0.0, "pos_food": 0.0, "pos_shop": 0.0, "pos_supermarket": 0.0, "pos_pharmacy": 0.0, "pos_fitness": 0.0, "pos_education": 0.0, "pos_healthcare": 0.0, "pos_office": 0.0, "pos_bank": 0.0, "pos_transport": 0.0, "pos_leisure": 0.0, "pos_fuel": 0.0, "pos_residential": 0.0, "pos_commercial": 0.0, "pos_mixed_use": 0.0, "pos_road_density": 0.0, "pos_anchor_proximity": 0.011034443390976962, "positive_total": 0.011034443390976962, "pen_unsuitable_landuse": 0.0, "pen_industrial": 0.0, "pen_isolation": 0.9, "pen_low_connectivity": 0.4, "penalty_total": 1.3, "raw": -1.288965556609023, "score_physical": 29.98, "score_rank_pct": 5.04, "count_shop": 0, "count_supermarket": 0, "count_food": 0, "count_pharmacy": 0, "count_healthcare": 0, "count_education": 0, "count_fitness": 0, "count_office": 0, "count_bank": 0, "count_transport": 0, "count_leisure": 0, "count_fuel": 0, "feat_unsuitable_frac": 0.0, "feat_industrial_frac": 0.0, "feat_residential": 0.0, "feat_commercial": 0.0, "feat_road_density": 0.0, "feat_mixed_use": -0.0, "feat_isolation": 1.0, "feat_anchor_proximity": 0.07487804456160789, "feat_low_connectivity": 1.0, "raw_lu_frac_unsuitable": 0.0, "raw_lu_frac_residential": 0.0, "raw_lu_frac_commercial": 0.0, "raw_lu_frac_industrial": 0.0 }, "geometry": { "type": "Polygon", "coordinates": [ [ [ -41.805084684843344, -22.467537448799064 ], [ -41.8040273970825, -22.465994451006988 ], [ -41.805017513292547, -22.464419538900277 ], [ -41.807064912336322, -22.464387632311773 ], [ -41.808122205192106, -22.46593063851353 ], [ -41.807132093910511, -22.467505542894063 ], [ -41.805084684843344, -22.467537448799064 ] ] ] } },
{ "type": "Feature", "properties": { "h3": "89a8b1a24c3ffff", "lat": -22.423908596844043, "lon": -41.802097074704413, "area_km2": 0.12846060878562754, "score": 30.0, "class": "ruim", "direct_activity_score": 30.0, "neighborhood_inherited_score": 0.0, "pos_food": 0.0, "pos_shop": 0.0, "pos_supermarket": 0.0, "pos_pharmacy": 0.0, "pos_fitness": 0.0, "pos_education": 0.0, "pos_healthcare": 0.0, "pos_office": 0.0, "pos_bank": 0.0, "pos_transport": 0.0, "pos_leisure": 0.0, "pos_fuel": 0.0, "pos_residential": 0.0, "pos_commercial": 0.0, "pos_mixed_use": 0.0, "pos_road_density": 0.0, "pos_anchor_proximity": 0.38643498972609874, "positive_total": 0.38643498972609874, "pen_unsuitable_landuse": 0.0, "pen_industrial": 0.0, "pen_isolation": 0.9, "pen_low_connectivity": 0.4, "penalty_total": 1.3, "raw": -0.91356501027390125, "score_physical": 33.07, "score_rank_pct": 62.75, "count_shop": 0, "count_supermarket": 0, "count_food": 0, "count_pharmacy": 0, "count_healthcare": 0, "count_education": 0, "count_fitness": 0, "count_office": 0, "count_bank": 0, "count_transport": 0, "count_leisure": 0, "count_fuel": 0, "feat_unsuitable_frac": 0.0, "feat_industrial_frac": 0.0, "feat_residential": 0.0, "feat_commercial": 0.0, "feat_road_density": 0.0, "feat_mixed_use": -0.0, "feat_isolation": 1.0, "feat_anchor_proximity": 0.22300947663187012, "feat_low_connectivity": 1.0, "raw_lu_frac_unsuitable": 0.0, "raw_lu_frac_residential": 0.0, "raw_lu_frac_commercial": 0.0, "raw_lu_frac_industrial": 0.0 }, "geometry": { "type": "Polygon", "coordinates": [ [ [ -41.801107014358337, -22.425484226463382 ], [ -41.800049806460606, -22.423940473605928 ], [ -41.801039866714362, -22.422364835930551 ], [ -41.803087129946881, -22.422332958823901 ], [ -41.804144342946699, -22.423876720082163 ], [ -41.803154287613246, -22.425452350046214 ], [ -41.801107014358337, -22.425484226463382 ] ] ] } },
{ "type": "Feature", "properties": { "h3": "89a8b1b19c7ffff", "lat": -22.433552102297302, "lon": -41.783872865240781, "area_km2": 0.12845703356987148, "score": 30.0, "class": "ruim", "direct_activity_score": 30.0, "neighborhood_inherited_score": 0.0, "pos_food": 0.0, "pos_shop": 0.0, "pos_supermarket": 0.0, "pos_pharmacy": 0.0, "pos_fitness": 0.0, "pos_education": 0.0, "pos_healthcare": 0.0, "pos_office": 0.0, "pos_bank": 0.0, "pos_transport": 0.0, "pos_leisure": 0.0, "pos_fuel": 0.0, "pos_residential": 0.0, "pos_commercial": 0.0, "pos_mixed_use": 0.0, "pos_road_density": 0.0, "pos_anchor_proximity": 0.12008907876664991, "positive_total": 0.12008907876664991, "pen_unsuitable_landuse": 0.0, "pen_industrial": 0.0, "pen_isolation": 0.9, "pen_low_connectivity": 0.4, "penalty_total": 1.3, "raw": -1.1799109212333501, "score_physical": 30.91, "score_rank_pct": 35.01, "count_shop": 0, "count_supermarket": 0, "count_food": 0, "count_pharmacy": 0, "count_healthcare": 0, "count_education": 0, "count_fitness": 0, "count_office": 0, "count_bank": 0, "count_transport": 0, "count_leisure": 0, "count_fuel": 0, "feat_unsuitable_frac": 0.0, "feat_industrial_frac": 0.0, "feat_residential": 0.0, "feat_commercial": 0.0, "feat_road_density": 0.0, "feat_mixed_use": -0.0, "feat_isolation": 1.0, "feat_anchor_proximity": 0.11791053204679548, "feat_low_connectivity": 1.0, "raw_lu_frac_unsuitable": 0.0, "raw_lu_frac_residential": 0.0, "raw_lu_frac_commercial": 0.0, "raw_lu_frac_industrial": 0.0 }, "geometry": { "type": "Polygon", "coordinates": [ [ [ -41.782882747358151, -22.435127446974374 ], [ -41.781825570198961, -22.433583744576307 ], [ -41.782815687954454, -22.4320083918413 ], [ -41.784862977984375, -22.431976749203844 ], [ -41.785920160281648, -22.433520460018297 ], [ -41.784930047412246, -22.435095805053756 ], [ -41.782882747358151, -22.435127446974374 ] ] ] } },
{ "type": "Feature", "properties": { "h3": "89a8b1a2677ffff", "lat": -22.400748470904873, "lon": -41.78623951017407, "area_km2": 0.12846762802426218, "score": 85.171573828700261, "class": "muito bom", "direct_activity_score": 30.0, "neighborhood_inherited_score": 55.171573828700261, "pos_food": 0.73034437946718711, "pos_shop": 1.2299490032452483, "pos_supermarket": 0.71559633027522929, "pos_pharmacy": 0.28645833333333348, "pos_fitness": 0.61995967741935509, "pos_education": 0.31648351648351647, "pos_healthcare": 0.0, "pos_office": 0.3947368421052635, "pos_bank": 0.59217171717171768, "pos_transport": 0.42806603773584911, "pos_leisure": 0.6, "pos_fuel": 0.5, "pos_residential": 0.38125579164138262, "pos_commercial": 0.89979183738497814, "pos_mixed_use": 1.4876005475564706, "pos_road_density": 0.44522647679319738, "pos_anchor_proximity": 1.2198384814306109, "positive_total": 10.847478972043339, "pen_unsuitable_landuse": 0.31908473138204801, "pen_industrial": 0.0, "pen_isolation": 6.2849006994451944e-06, "pen_low_connectivity": 0.22190940928272107, "penalty_total": 0.54100042556546857, "raw": 10.306478546477869, "score_physical": 83.14, "score_rank_pct": 89.92, "count_shop": 0, "count_supermarket": 0, "count_food": 0, "count_pharmacy": 0, "count_healthcare": 0, "count_education": 0, "count_fitness": 0, "count_office": 0, "count_bank": 0, "count_transport": 0, "count_leisure": 0, "count_fuel": 0, "feat_unsuitable_frac": 0.14503851426456726, "feat_industrial_frac": 0.0, "feat_residential": 0.24501130091390336, "feat_commercial": 0.069034699901657962, "feat_road_density": 65823.365532895172, "feat_mixed_use": 0.7880347471021325, "feat_isolation": 6.9832229993835488e-06, "feat_anchor_proximity": 0.55186689019657764, "feat_low_connectivity": 0.55477352320680262, "raw_lu_frac_unsuitable": 0.0, "raw_lu_frac_residential": 0.0, "raw_lu_frac_commercial": 0.0, "raw_lu_frac_industrial": 0.0 }, "geometry": { "type": "Polygon", "coordinates": [ [ [ -41.785249448701727, -22.40232441483208 ], [ -41.784192319803985, -22.40078015940426 ], [ -41.785182381153646, -22.399204207428177 ], [ -41.78722956651233, -22.399172518572101 ], [ -41.788286700542997, -22.400716782405482 ], [ -41.787296644083376, -22.402292726689325 ], [ -41.785249448701727, -22.40232441483208 ] ] ] } },
{ "type": "Feature", "properties": { "h3": "89a8b1a26b7ffff", "lat": -22.409918018482841, "lon": -41.798724060083956, "area_km2": 0.12846501480196529, "score": 87.620303507647719, "class": "muito bom", "direct_activity_score": 30.0, "neighborhood_inherited_score": 57.620303507647719, "pos_food": 1.6, "pos_shop": 0.78859527121001394, "pos_supermarket": 0.84977064220183474, "pos_pharmacy": 1.03125, "pos_fitness": 0.77872983870967771, "pos_education": 0.55384615384615388, "pos_healthcare": 0.90909090909090917, "pos_office": 0.3947368421052635, "pos_bank": 0.59217171717171768, "pos_transport": 0.36191037735849063, "pos_leisure": 0.27782724844167417, "pos_fuel": 0.0, "pos_residential": 0.17344040444588452, "pos_commercial": 0.60786288820108669, "pos_mixed_use": 1.4034859412205849, "pos_road_density": 0.32744910474051769, "pos_anchor_proximity": 1.1402603276391972, "positive_total": 11.790427666383009, "pen_unsuitable_landuse": 0.18973771359345354, "pen_industrial": 0.0, "pen_isolation": 2.3306566276243872e-06, "pen_low_connectivity": 0.26902035810379293, "penalty_total": 0.45876040235387411, "raw": 11.331667264029134, "score_physical": 86.28, "score_rank_pct": 90.76, "count_shop": 0, "count_supermarket": 0, "count_food": 0, "count_pharmacy": 0, "count_healthcare": 0, "count_education": 0, "count_fitness": 0, "count_office": 0, "count_bank": 0, "count_transport": 0, "count_leisure": 0, "count_fuel": 0, "feat_unsuitable_frac": 0.086244415269751601, "feat_industrial_frac": 0.0, "feat_residential": 0.11146023235836189, "feat_commercial": 0.046637044619424396, "feat_road_density": 48410.8723048065, "feat_mixed_use": 0.74347625817150176, "feat_isolation": 2.5896184751382078e-06, "feat_anchor_proximity": 0.52046569486612004, "feat_low_connectivity": 0.67255089525948231, "raw_lu_frac_unsuitable": 0.0, "raw_lu_frac_residential": 0.0, "raw_lu_frac_commercial": 0.0, "raw_lu_frac_industrial": 0.0 }, "geometry": { "type": "Polygon", "coordinates": [ [ [ -41.797734013548236, -22.411493876472083 ], [ -41.796676837457355, -22.409949859647604 ], [ -41.797666883894294, -22.408373993606368 ], [ -41.799714101509707, -22.408342152094313 ], [ -41.800771282709078, -22.409886177318075 ], [ -41.799781241185876, -22.411462035654576 ], [ -41.797734013548236, -22.411493876472083 ] ] ] } },
{ "type": "Feature", "properties": { "h3": "89a8b1b1987ffff", "lat": -22.43496896620232, "lon": -41.79311925159935, "area_km2": 0.1284568236899504, "score": 30.0, "class": "ruim", "direct_activity_score": 30.0, "neighborhood_inherited_score": 0.0, "pos_food": 0.0, "pos_shop": 0.0, "pos_supermarket": 0.0, "pos_pharmacy": 0.0, "pos_fitness": 0.0, "pos_education": 0.0, "pos_healthcare": 0.0, "pos_office": 0.0, "pos_bank": 0.0, "pos_transport": 0.0, "pos_leisure": 0.0, "pos_fuel": 0.0, "pos_residential": 0.0, "pos_commercial": 0.0, "pos_mixed_use": 0.0, "pos_road_density": 0.0, "pos_anchor_proximity": 0.14649659434140144, "positive_total": 0.14649659434140144, "pen_unsuitable_landuse": 0.0, "pen_industrial": 0.0, "pen_isolation": 0.9, "pen_low_connectivity": 0.4, "penalty_total": 1.3, "raw": -1.1535034056585987, "score_physical": 31.13, "score_rank_pct": 39.78, "count_shop": 0, "count_supermarket": 0, "count_food": 0, "count_pharmacy": 0, "count_healthcare": 0, "count_education": 0, "count_fitness": 0, "count_office": 0, "count_bank": 0, "count_transport": 0, "count_leisure": 0, "count_fuel": 0, "feat_unsuitable_frac": 0.0, "feat_industrial_frac": 0.0, "feat_residential": 0.0, "feat_commercial": 0.0, "feat_road_density": 0.0, "feat_mixed_use": -0.0, "feat_isolation": 1.0, "feat_anchor_proximity": 0.12833082348668495, "feat_low_connectivity": 1.0, "raw_lu_frac_unsuitable": 0.0, "raw_lu_frac_residential": 0.0, "raw_lu_frac_commercial": 0.0, "raw_lu_frac_industrial": 0.0 }, "geometry": { "type": "Polygon", "coordinates": [ [ [ -41.792129153093768, -22.436544342981101 ], [ -41.791071949858114, -22.435000724338011 ], [ -41.792062048254245, -22.433425339500484 ], [ -41.794109344983816, -22.433393581013291 ], [ -41.795166553339392, -22.434937208066625 ], [ -41.794176459846803, -22.436512585196873 ], [ -41.792129153093768, -22.436544342981101 ] ] ] } },
{ "type": "Feature", "properties": { "h3": "89a8b1a2093ffff", "lat": -22.406606564958963, "lon": -41.810940207453058, "area_km2": 0.128466378931655, "score": 79.458175428927575, "class": "bom", "direct_activity_score": 64.482997617907785, "neighborhood_inherited_score": 14.97517781101979, "pos_food": 0.59692440978990746, "pos_shop": 0.73991655076495133, "pos_supermarket": 1.1032110091743119, "pos_pharmacy": 0.0, "pos_fitness": 0.68800403225806472, "pos_education": 1.2, "pos_healthcare": 0.27272727272727271, "pos_office": 0.24671052631578969, "pos_bank": 0.0, "pos_transport": 1.1, "pos_leisure": 0.15494211932324134, "pos_fuel": 0.0, "pos_residential": 0.39159468178416956, "pos_commercial": 0.032678430675263645, "pos_mixed_use": 1.246739376180154, "pos_road_density": 0.86081638654002823, "pos_anchor_proximity": 1.7938817108852716, "positive_total": 10.428146506418425, "pen_unsuitable_landuse": 2.2, "pen_industrial": 0.0047137655252068311, "pen_isolation": 6.2016582066231982e-06, "pen_low_connectivity": 0.055673445383988711, "penalty_total": 2.2603934125674026, "raw": 8.1677530938510223, "score_physical": 76.18, "score_rank_pct": 87.11, "count_shop": 0, "count_supermarket": 0, "count_food": 1, "count_pharmacy": 0, "count_healthcare": 0, "count_education": 0, "count_fitness": 0, "count_office": 0, "count_bank": 0, "count_transport": 0, "count_leisure": 0, "count_fuel": 0, "feat_unsuitable_frac": 2.3547771971462641, "feat_industrial_frac": 0.011784413813017076, "feat_residential": 0.25165551453485446, "feat_commercial": 0.0025071861748382899, "feat_road_density": 127265.18889003323, "feat_mixed_use": 0.66044204583294064, "feat_isolation": 6.8907313406924424e-06, "feat_anchor_proximity": 0.77838186594583225, "feat_low_connectivity": 0.13918361345997177, "raw_lu_frac_unsuitable": 0.0033535141804634338, "raw_lu_frac_residential": 0.0, "raw_lu_frac_commercial": 0.0, "raw_lu_frac_industrial": 0.0 }, "geometry": { "type": "Polygon", "coordinates": [ [ [ -41.809950194676745, -22.40818255755018 ], [ -41.808892992848541, -22.406638561602108 ], [ -41.809883005549409, -22.405062560959312 ], [ -41.811930215143107, -22.405030563978045 ], [ -41.812987422055713, -22.406574568315818 ], [ -41.811997414291554, -22.408150561245101 ], [ -41.809950194676745, -22.40818255755018 ] ] ] } },
{ "type": "Feature", "properties": { "h3": "89a8b1b0a57ffff", "lat": -22.439504180123212, "lon": -41.802432846194193, "area_km2": 0.12845560222543834, "score": 30.0, "class": "ruim", "direct_activity_score": 30.0, "neighborhood_inherited_score": 0.0, "pos_food": 0.0, "pos_shop": 0.0, "pos_supermarket": 0.0, "pos_pharmacy": 0.0, "pos_fitness": 0.0, "pos_education": 0.0, "pos_healthcare": 0.0, "pos_office": 0.0, "pos_bank": 0.0, "pos_transport": 0.0, "pos_leisure": 0.0, "pos_fuel": 0.0, "pos_residential": 0.0, "pos_commercial": 0.0, "pos_mixed_use": 0.0, "pos_road_density": 0.0, "pos_anchor_proximity": 0.15455556225517628, "positive_total": 0.15455556225517628, "pen_unsuitable_landuse": 0.0, "pen_industrial": 0.0, "pen_isolation": 0.9, "pen_low_connectivity": 0.4, "penalty_total": 1.3, "raw": -1.1454444377448239, "score_physical": 31.2, "score_rank_pct": 41.46, "count_shop": 0, "count_supermarket": 0, "count_food": 0, "count_pharmacy": 0, "count_healthcare": 0, "count_education": 0, "count_fitness": 0, "count_office": 0, "count_bank": 0, "count_transport": 0, "count_leisure": 0, "count_fuel": 0, "feat_unsuitable_frac": 0.0, "feat_industrial_frac": 0.0, "feat_residential": 0.0, "feat_commercial": 0.0, "feat_road_density": 0.0, "feat_mixed_use": -0.0, "feat_isolation": 1.0, "feat_anchor_proximity": 0.13151085737243765, "feat_low_connectivity": 1.0, "raw_lu_frac_unsuitable": 0.0, "raw_lu_frac_residential": 0.0, "raw_lu_frac_commercial": 0.0, "raw_lu_frac_industrial": 0.0 }, "geometry": { "type": "Polygon", "coordinates": [ [ [ -41.801442762434682, -22.441079533769827 ], [ -41.800385527837314, -22.439536053438957 ], [ -41.801375611505186, -22.437960691731949 ], [ -41.80342292485058, -22.437928818071686 ], [ -41.804480164549616, -22.439472306807467 ], [ -41.80349008580292, -22.441047660798542 ], [ -41.801442762434682, -22.441079533769827 ] ] ] } },
{ "type": "Feature", "properties": { "h3": "89a8b1b0b43ffff", "lat": -22.426740002637679, "lon": -41.82058974519947, "area_km2": 0.12846014269599543, "score": 30.0, "class": "ruim", "direct_activity_score": 30.0, "neighborhood_inherited_score": 0.0, "pos_food": 0.0, "pos_shop": 0.0, "pos_supermarket": 0.0, "pos_pharmacy": 0.0, "pos_fitness": 0.0, "pos_education": 0.0, "pos_healthcare": 0.0, "pos_office": 0.0, "pos_bank": 0.0, "pos_transport": 0.0, "pos_leisure": 0.0, "pos_fuel": 0.0, "pos_residential": 0.0, "pos_commercial": 0.0, "pos_mixed_use": 0.0, "pos_road_density": 0.0, "pos_anchor_proximity": 0.49437514159951584, "positive_total": 0.49437514159951584, "pen_unsuitable_landuse": 0.15593482061254407, "pen_industrial": 0.0, "pen_isolation": 0.9, "pen_low_connectivity": 0.4, "penalty_total": 1.4559348206125442, "raw": -0.9615596790130283, "score_physical": 32.69, "score_rank_pct": 60.22, "count_shop": 0, "count_supermarket": 0, "count_food": 0, "count_pharmacy": 0, "count_healthcare": 0, "count_education": 0, "count_fitness": 0, "count_office": 0, "count_bank": 0, "count_transport": 0, "count_leisure": 0, "count_fuel": 0, "feat_unsuitable_frac": 0.070879463914792759, "feat_industrial_frac": 0.0, "feat_residential": 0.0, "feat_commercial": 0.0, "feat_road_density": 0.0, "feat_mixed_use": -0.0, "feat_isolation": 1.0, "feat_anchor_proximity": 0.26560219374693028, "feat_low_connectivity": 1.0, "raw_lu_frac_unsuitable": 0.0, "raw_lu_frac_residential": 0.0, "raw_lu_frac_commercial": 0.0, "raw_lu_frac_industrial": 0.0 }, "geometry": { "type": "Polygon", "coordinates": [ [ [ -41.819599723861984, -22.42831569629837 ], [ -41.818542464084103, -22.426772111063723 ], [ -41.819532485364633, -22.425196409345368 ], [ -41.82157976146916, -22.425164300588452 ], [ -41.822637026312798, -22.426707894211635 ], [ -41.821647009987473, -22.428283588203161 ], [ -41.819599723861984, -22.42831569629837 ] ] ] } },
{ "type": "Feature", "properties": { "h3": "89a8b1a269bffff", "lat": -22.416348139801947, "lon": -41.786574881176236, "area_km2": 0.12846263422441223, "score": 30.0, "class": "ruim", "direct_activity_score": 30.0, "neighborhood_inherited_score": 0.0, "pos_food": 0.0, "pos_shop": 0.0, "pos_supermarket": 0.0, "pos_pharmacy": 0.0, "pos_fitness": 0.0, "pos_education": 0.0, "pos_healthcare": 0.0, "pos_office": 0.0, "pos_bank": 0.0, "pos_transport": 0.0, "pos_leisure": 0.0, "pos_fuel": 0.0, "pos_residential": 0.0, "pos_commercial": 0.0, "pos_mixed_use": 0.0, "pos_road_density": 0.0, "pos_anchor_proximity": 0.37136093880711257, "positive_total": 0.37136093880711257, "pen_unsuitable_landuse": 0.0, "pen_industrial": 0.0, "pen_isolation": 0.9, "pen_low_connectivity": 0.4, "penalty_total": 1.3, "raw": -0.92863906119288742, "score_physical": 32.95, "score_rank_pct": 61.9, "count_shop": 0, "count_supermarket": 0, "count_food": 0, "count_pharmacy": 0, "count_healthcare": 0, "count_education": 0, "count_fitness": 0, "count_office": 0, "count_bank": 0, "count_transport": 0, "count_leisure": 0, "count_fuel": 0, "feat_unsuitable_frac": 0.0, "feat_industrial_frac": 0.0, "feat_residential": 0.0, "feat_commercial": 0.0, "feat_road_density": 0.0, "feat_mixed_use": -0.0, "feat_isolation": 1.0, "feat_anchor_proximity": 0.21706132133074246, "feat_low_connectivity": 1.0, "raw_lu_frac_unsuitable": 0.0, "raw_lu_frac_residential": 0.0, "raw_lu_frac_commercial": 0.0, "raw_lu_frac_industrial": 0.0 }, "geometry": { "type": "Polygon", "coordinates": [ [ [ -41.785584796287118, -22.417923807937367 ], [ -41.784527640690243, -22.416379824736026 ], [ -41.785517725457353, -22.41480414854734 ], [ -41.787564960931739, -22.414772463256845 ], [ -41.78862212166112, -22.416316454867868 ], [ -41.787632041784931, -22.417892123359671 ], [ -41.785584796287118, -22.417923807937367 ] ] ] } },
{ "type": "Feature", "properties": { "h3": "89a8b1b19abffff", "lat": -22.428730739133705, "lon": -41.792985033210449, "area_km2": 0.12845882620172486, "score": 30.0, "class": "ruim", "direct_activity_score": 30.0, "neighborhood_inherited_score": 0.0, "pos_food": 0.0, "pos_shop": 0.0, "pos_supermarket": 0.0, "pos_pharmacy": 0.0, "pos_fitness": 0.0, "pos_education": 0.0, "pos_healthcare": 0.0, "pos_office": 0.0, "pos_bank": 0.0, "pos_transport": 0.0, "pos_leisure": 0.0, "pos_fuel": 0.0, "pos_residential": 0.0, "pos_commercial": 0.0, "pos_mixed_use": 0.0, "pos_road_density": 0.0, "pos_anchor_proximity": 0.20744622734406909, "positive_total": 0.20744622734406909, "pen_unsuitable_landuse": 0.0, "pen_industrial": 0.0, "pen_isolation": 0.9, "pen_low_connectivity": 0.4, "penalty_total": 1.3, "raw": -1.0925537726559309, "score_physical": 31.64, "score_rank_pct": 47.9, "count_shop": 0, "count_supermarket": 0, "count_food": 0, "count_pharmacy": 0, "count_healthcare": 0, "count_education": 0, "count_fitness": 0, "count_office": 0, "count_bank": 0, "count_transport": 0, "count_leisure": 0, "count_fuel": 0, "feat_unsuitable_frac": 0.0, "feat_industrial_frac": 0.0, "feat_residential": 0.0, "feat_commercial": 0.0, "feat_road_density": 0.0, "feat_mixed_use": -0.0, "feat_isolation": 1.0, "feat_anchor_proximity": 0.15238128507760187, "feat_low_connectivity": 1.0, "raw_lu_frac_unsuitable": 0.0, "raw_lu_frac_residential": 0.0, "raw_lu_frac_commercial": 0.0, "raw_lu_frac_industrial": 0.0 }, "geometry": { "type": "Polygon", "coordinates": [ [ [ -41.791994944071419, -22.430306226314961 ], [ -41.790937751515948, -22.428762498675525 ], [ -41.791927840545263, -22.427187003437272 ], [ -41.793975117228172, -22.427155243543844 ], [ -41.795032314903722, -22.428698979591882 ], [ -41.794042230777606, -22.430274467124711 ], [ -41.791994944071419, -22.430306226314961 ] ] ] } },
{ "type": "Feature", "properties": { "h3": "89a8b1b0eabffff", "lat": -22.46114171137328, "lon": -41.815187290881063, "area_km2": 0.12844893905477478, "score": 25.071561270554945, "class": "ruim", "direct_activity_score": 25.071561270554945, "neighborhood_inherited_score": 0.0, "pos_food": 0.0, "pos_shop": 0.0, "pos_supermarket": 0.0, "pos_pharmacy": 0.0, "pos_fitness": 0.0, "pos_education": 0.0, "pos_healthcare": 0.0, "pos_office": 0.0, "pos_bank": 0.0, "pos_transport": 0.0, "pos_leisure": 0.0, "pos_fuel": 0.0, "pos_residential": 0.0, "pos_commercial": 0.0, "pos_mixed_use": 0.0, "pos_road_density": 0.0, "pos_anchor_proximity": 0.033287052412266364, "positive_total": 0.033287052412266364, "pen_unsuitable_landuse": 0.0, "pen_industrial": 0.0, "pen_isolation": 0.9, "pen_low_connectivity": 0.4, "penalty_total": 1.3, "raw": -1.2667129475877337, "score_physical": 30.17, "score_rank_pct": 13.17, "count_shop": 0, "count_supermarket": 0, "count_food": 0, "count_pharmacy": 0, "count_healthcare": 0, "count_education": 0, "count_fitness": 0, "count_office": 0, "count_bank": 0, "count_transport": 0, "count_leisure": 0, "count_fuel": 0, "feat_unsuitable_frac": 0.0, "feat_industrial_frac": 0.0, "feat_residential": 0.0, "feat_commercial": 0.0, "feat_road_density": 0.0, "feat_mixed_use": -0.0, "feat_isolation": 1.0, "feat_anchor_proximity": 0.083658827844434028, "feat_low_connectivity": 1.0, "raw_lu_frac_unsuitable": 0.0, "raw_lu_frac_residential": 0.0, "raw_lu_frac_commercial": 0.0, "raw_lu_frac_industrial": 0.0 }, "geometry": { "type": "Polygon", "coordinates": [ [ [ -41.814197203454285, -22.46271675798792 ], [ -41.813139900426634, -22.461173734974548 ], [ -41.81412998778621, -22.459598680292927 ], [ -41.816177373229188, -22.459566656356724 ], [ -41.817234681333758, -22.461109687772016 ], [ -41.816244598919752, -22.462684734721552 ], [ -41.814197203454285, -22.46271675798792 ] ] ] } },
{ "type": "Feature", "properties": { "h3": "89a8b1b1d13ffff", "lat": -22.453776159392071, "lon": -41.787379838537206, "area_km2": 0.12845061568289287, "score": 24.448024795757853, "class": "ruim", "direct_activity_score": 24.448024795757853, "neighborhood_inherited_score": 0.0, "pos_food": 0.0, "pos_shop": 0.0, "pos_supermarket": 0.0, "pos_pharmacy": 0.0, "pos_fitness": 0.0, "pos_education": 0.0, "pos_healthcare": 0.0, "pos_office": 0.0, "pos_bank": 0.0, "pos_transport": 0.0, "pos_leisure": 0.0, "pos_fuel": 0.0, "pos_residential": 0.0, "pos_commercial": 0.0, "pos_mixed_use": 0.0, "pos_road_density": 0.0, "pos_anchor_proximity": 0.027423117231259619, "positive_total": 0.027423117231259619, "pen_unsuitable_landuse": 0.0, "pen_industrial": 0.0, "pen_isolation": 0.9, "pen_low_connectivity": 0.4, "penalty_total": 1.3, "raw": -1.2725768827687405, "score_physical": 30.12, "score_rank_pct": 11.2, "count_shop": 0, "count_supermarket": 0, "count_food": 0, "count_pharmacy": 0, "count_healthcare": 0, "count_education": 0, "count_fitness": 0, "count_office": 0, "count_bank": 0, "count_transport": 0, "count_leisure": 0, "count_fuel": 0, "feat_unsuitable_frac": 0.0, "feat_industrial_frac": 0.0, "feat_residential": 0.0, "feat_commercial": 0.0, "feat_road_density": 0.0, "feat_mixed_use": -0.0, "feat_isolation": 1.0, "feat_anchor_proximity": 0.081344944382063439, "feat_low_connectivity": 1.0, "raw_lu_frac_unsuitable": 0.0, "raw_lu_frac_residential": 0.0, "raw_lu_frac_commercial": 0.0, "raw_lu_frac_industrial": 0.0 }, "geometry": { "type": "Polygon", "coordinates": [ [ [ -41.786389697443603, -22.455351164983671 ], [ -41.785332477763625, -22.453807835779976 ], [ -41.786322618736811, -22.45223282212465 ], [ -41.788369974498323, -22.45220114538094 ], [ -41.789427199309834, -22.453744483004165 ], [ -41.788437063229644, -22.455319488951528 ], [ -41.786389697443603, -22.455351164983671 ] ] ] } },
{ "type": "Feature", "properties": { "h3": "89a8b1b08c7ffff", "lat": -22.454712720844064, "lon": -41.827337078621511, "area_km2": 0.12845129045682108, "score": 27.578011243993977, "class": "ruim", "direct_activity_score": 27.578011243993977, "neighborhood_inherited_score": 0.0, "pos_food": 0.0, "pos_shop": 0.0, "pos_supermarket": 0.0, "pos_pharmacy": 0.0, "pos_fitness": 0.0, "pos_education": 0.0, "pos_healthcare": 0.0, "pos_office": 0.0, "pos_bank": 0.0, "pos_transport": 0.0, "pos_leisure": 0.0, "pos_fuel": 0.0, "pos_residential": 0.0, "pos_commercial": 0.0, "pos_mixed_use": 0.0, "pos_road_density": 0.0, "pos_anchor_proximity": 0.058900708539463949, "positive_total": 0.058900708539463949, "pen_unsuitable_landuse": 0.0, "pen_industrial": 0.0, "pen_isolation": 0.9, "pen_low_connectivity": 0.4, "penalty_total": 1.3, "raw": -1.2410992914605361, "score_physical": 30.39, "score_rank_pct": 21.01, "count_shop": 0, "count_supermarket": 0, "count_food": 0, "count_pharmacy": 0, "count_healthcare": 0, "count_education": 0, "count_fitness": 0, "count_office": 0, "count_bank": 0, "count_transport": 0, "count_leisure": 0, "count_fuel": 0, "feat_unsuitable_frac": 0.0, "feat_industrial_frac": 0.0, "feat_residential": 0.0, "feat_commercial": 0.0, "feat_road_density": 0.0, "feat_mixed_use": -0.0, "feat_isolation": 1.0, "feat_anchor_proximity": 0.093765865779562488, "feat_low_connectivity": 1.0, "raw_lu_frac_unsuitable": 0.0, "raw_lu_frac_residential": 0.0, "raw_lu_frac_commercial": 0.0, "raw_lu_frac_industrial": 0.0 }, "geometry": { "type": "Polygon", "coordinates": [ [ [ -41.826347029762054, -22.456287957457036 ], [ -41.825289706462705, -22.454744900851523 ], [ -41.826279755278151, -22.453169656172818 ], [ -41.828327122425925, -22.45313747583954 ], [ -41.829384450778193, -22.454680540836609 ], [ -41.828394406931103, -22.456255777775368 ], [ -41.826347029762054, -22.456287957457036 ] ] ] } },
{ "type": "Feature", "properties": { "h3": "89a8b1b0a7bffff", "lat": -22.433266275915038, "lon": -41.802298535626832, "area_km2": 0.12845760583216004, "score": 30.0, "class": "ruim", "direct_activity_score": 30.0, "neighborhood_inherited_score": 0.0, "pos_food": 0.0, "pos_shop": 0.0, "pos_supermarket": 0.0, "pos_pharmacy": 0.0, "pos_fitness": 0.0, "pos_education": 0.0, "pos_healthcare": 0.0, "pos_office": 0.0, "pos_bank": 0.0, "pos_transport": 0.0, "pos_leisure": 0.0, "pos_fuel": 0.0, "pos_residential": 0.0, "pos_commercial": 0.0, "pos_mixed_use": 0.0, "pos_road_density": 0.0, "pos_anchor_proximity": 0.219314540022023, "positive_total": 0.219314540022023, "pen_unsuitable_landuse": 0.0, "pen_industrial": 0.0, "pen_isolation": 0.9, "pen_low_connectivity": 0.4, "penalty_total": 1.3, "raw": -1.0806854599779769, "score_physical": 31.73, "score_rank_pct": 50.14, "count_shop": 0, "count_supermarket": 0, "count_food": 0, "count_pharmacy": 0, "count_healthcare": 0, "count_education": 0, "count_fitness": 0, "count_office": 0, "count_bank": 0, "count_transport": 0, "count_leisure": 0, "count_fuel": 0, "feat_unsuitable_frac": 0.0, "feat_industrial_frac": 0.0, "feat_residential": 0.0, "feat_commercial": 0.0, "feat_road_density": 0.0, "feat_mixed_use": -0.0, "feat_isolation": 1.0, "feat_anchor_proximity": 0.15706446993283521, "feat_low_connectivity": 1.0, "raw_lu_frac_unsuitable": 0.0, "raw_lu_frac_residential": 0.0, "raw_lu_frac_commercial": 0.0, "raw_lu_frac_industrial": 0.0 }, "geometry": { "type": "Polygon", "coordinates": [ [ [ -41.801308461232821, -22.434841739969645 ], [ -41.800251237315464, -22.433298150608934 ], [ -41.801241311617559, -22.431722678495657 ], [ -41.803288604917519, -22.431690803457137 ], [ -41.804345833936722, -22.433234401221139 ], [ -41.803355764555448, -22.43480986562032 ], [ -41.801308461232821, -22.434841739969645 ] ] ] } },
{ "type": "Feature", "properties": { "h3": "89a8b1a25d3ffff", "lat": -22.415773630296393, "lon": -41.823425266339399, "area_km2": 0.12846372942963766, "score": 43.087099841128826, "class": "médio", "direct_activity_score": 28.203687163494255, "neighborhood_inherited_score": 14.883412677634571, "pos_food": 0.17933723196881107, "pos_shop": 0.0, "pos_supermarket": 0.0, "pos_pharmacy": 0.0, "pos_fitness": 0.11340725806451618, "pos_education": 0.11868131868131868, "pos_healthcare": 0.0, "pos_office": 0.0, "pos_bank": 0.0, "pos_transport": 0.04669811320754718, "pos_leisure": 0.024042742653606414, "pos_fuel": 0.0, "pos_residential": 0.042154448945252512, "pos_commercial": 0.0, "pos_mixed_use": 0.61558151608785749, "pos_road_density": 0.048973412276835347, "pos_anchor_proximity": 0.88779750224823473, "positive_total": 2.0766735441339796, "pen_unsuitable_landuse": 2.2, "pen_industrial": 0.0, "pen_isolation": 0.32845333180904435, "pen_low_connectivity": 0.38041063508926587, "penalty_total": 2.9088639668983105, "raw": -0.83219042276433086, "score_physical": 33.7, "score_rank_pct": 64.99, "count_shop": 0, "count_supermarket": 0, "count_food": 0, "count_pharmacy": 0, "count_healthcare": 0, "count_education": 0, "count_fitness": 0, "count_office": 0, "count_bank": 0, "count_transport": 0, "count_leisure": 0, "count_fuel": 0, "feat_unsuitable_frac": 5.2443219574467346, "feat_industrial_frac": 0.0, "feat_residential": 0.027090254369434148, "feat_commercial": 0.0, "feat_road_density": 7240.3484197743073, "feat_mixed_use": 0.32609535210770502, "feat_isolation": 0.36494814645449369, "feat_anchor_proximity": 0.42084495580549341, "feat_low_connectivity": 0.95102658772316462, "raw_lu_frac_unsuitable": 0.37391887070172752, "raw_lu_frac_residential": 0.0, "raw_lu_frac_commercial": 0.0, "raw_lu_frac_industrial": 0.0 }, "geometry": { "type": "Polygon", "coordinates": [ [ [ -41.822435268687833, -22.417349536869697 ], [ -41.821378019862252, -22.41580577974787 ], [ -41.822368017462253, -22.414229865119829 ], [ -41.824415258928788, -22.414197715339618 ], [ -41.825472512814372, -22.415741480844918 ], [ -41.824482520174747, -22.41731738774692 ], [ -41.822435268687833, -22.417349536869697 ] ] ] } },
{ "type": "Feature", "properties": { "h3": "89a8b1b0b67ffff", "lat": -22.418796685031989, "lon": -41.829634293650159, "area_km2": 0.12846289720962545, "score": 0.084033613445378144, "class": "muito ruim", "direct_activity_score": 30.0, "neighborhood_inherited_score": 0.0, "pos_food": 0.0, "pos_shop": 0.0, "pos_supermarket": 0.0, "pos_pharmacy": 0.0, "pos_fitness": 0.0, "pos_education": 0.0, "pos_healthcare": 0.0, "pos_office": 0.0, "pos_bank": 0.0, "pos_transport": 0.0, "pos_leisure": 0.0, "pos_fuel": 0.0, "pos_residential": 0.0, "pos_commercial": 0.0, "pos_mixed_use": 0.0, "pos_road_density": 0.0, "pos_anchor_proximity": 0.47751690328382945, "positive_total": 0.47751690328382945, "pen_unsuitable_landuse": 2.2, "pen_industrial": 0.0, "pen_isolation": 0.9, "pen_low_connectivity": 0.4, "penalty_total": 3.5, "raw": -3.0224830967161704, "score_physical": 0.0, "score_rank_pct": 0.28, "count_shop": 0, "count_supermarket": 0, "count_food": 0, "count_pharmacy": 0, "count_healthcare": 0, "count_education": 0, "count_fitness": 0, "count_office": 0, "count_bank": 0, "count_transport": 0, "count_leisure": 0, "count_fuel": 0, "feat_unsuitable_frac": 1.8026224189787483, "feat_industrial_frac": 0.0, "feat_residential": 0.0, "feat_commercial": 0.0, "feat_road_density": 0.0, "feat_mixed_use": -0.0, "feat_isolation": 1.0, "feat_anchor_proximity": 0.25895000581522948, "feat_low_connectivity": 1.0, "raw_lu_frac_unsuitable": 0.0, "raw_lu_frac_residential": 0.0, "raw_lu_frac_commercial": 0.0, "raw_lu_frac_industrial": 0.0 }, "geometry": { "type": "Polygon", "coordinates": [ [ [ -41.828644305937125, -22.420372576149262 ], [ -41.827587036319215, -22.418828911252504 ], [ -41.828577023992572, -22.417253012079392 ], [ -41.830624276313017, -22.417220785534802 ], [ -41.831681550978743, -22.418764458811474 ], [ -41.830691568277537, -22.420340350252779 ], [ -41.828644305937125, -22.420372576149262 ] ] ] } },
{ "type": "Feature", "properties": { "h3": "89a8b1b0ecfffff", "lat": -22.464451406707454, "lon": -41.802970114751297, "area_km2": 0.12844757470525897, "score": 22.601398013772759, "class": "ruim", "direct_activity_score": 22.601398013772759, "neighborhood_inherited_score": 0.0, "pos_food": 0.0, "pos_shop": 0.0, "pos_supermarket": 0.0, "pos_pharmacy": 0.0, "pos_fitness": 0.0, "pos_education": 0.0, "pos_healthcare": 0.0, "pos_office": 0.0, "pos_bank": 0.0, "pos_transport": 0.0, "pos_leisure": 0.0, "pos_fuel": 0.0, "pos_residential": 0.0, "pos_commercial": 0.0, "pos_mixed_use": 0.0, "pos_road_density": 0.0, "pos_anchor_proximity": 0.013852898729867179, "positive_total": 0.013852898729867179, "pen_unsuitable_landuse": 0.0, "pen_industrial": 0.0, "pen_isolation": 0.9, "pen_low_connectivity": 0.4, "penalty_total": 1.3, "raw": -1.2861471012701329, "score_physical": 30.01, "score_rank_pct": 5.32, "count_shop": 0, "count_supermarket": 0, "count_food": 0, "count_pharmacy": 0, "count_healthcare": 0, "count_education": 0, "count_fitness": 0, "count_office": 0, "count_bank": 0, "count_transport": 0, "count_leisure": 0, "count_fuel": 0, "feat_unsuitable_frac": 0.0, "feat_industrial_frac": 0.0, "feat_residential": 0.0, "feat_commercial": 0.0, "feat_road_density": 0.0, "feat_mixed_use": -0.0, "feat_isolation": 1.0, "feat_anchor_proximity": 0.075990194849218762, "feat_low_connectivity": 1.0, "raw_lu_frac_unsuitable": 0.0, "raw_lu_frac_residential": 0.0, "raw_lu_frac_commercial": 0.0, "raw_lu_frac_industrial": 0.0 }, "geometry": { "type": "Polygon", "coordinates": [ [ [ -41.801979993528114, -22.466026318470107 ], [ -41.800922716208689, -22.464483274514627 ], [ -41.801912837341305, -22.462908354684611 ], [ -41.803960230872107, -22.462876486533329 ], [ -41.805017513292547, -22.464419538900277 ], [ -41.8040273970825, -22.465994451006988 ], [ -41.801979993528114, -22.466026318470107 ] ] ] } },
{ "type": "Feature", "properties": { "h3": "89a8b1b1d37ffff", "lat": -22.445837144960421, "lon": -41.796425145738553, "area_km2": 0.12845341091862789, "score": 30.0, "class": "ruim", "direct_activity_score": 30.0, "neighborhood_inherited_score": 0.0, "pos_food": 0.0, "pos_shop": 0.0, "pos_supermarket": 0.0, "pos_pharmacy": 0.0, "pos_fitness": 0.0, "pos_education": 0.0, "pos_healthcare": 0.0, "pos_office": 0.0, "pos_bank": 0.0, "pos_transport": 0.0, "pos_leisure": 0.0, "pos_fuel": 0.0, "pos_residential": 0.0, "pos_commercial": 0.0, "pos_mixed_use": 0.0, "pos_road_density": 0.0, "pos_anchor_proximity": 0.08521133783247159, "positive_total": 0.08521133783247159, "pen_unsuitable_landuse": 0.0, "pen_industrial": 0.0, "pen_isolation": 0.9, "pen_low_connectivity": 0.4, "penalty_total": 1.3, "raw": -1.2147886621675283, "score_physical": 30.62, "score_rank_pct": 28.57, "count_shop": 0, "count_supermarket": 0, "count_food": 0, "count_pharmacy": 0, "count_healthcare": 0, "count_education": 0, "count_fitness": 0, "count_office": 0, "count_bank": 0, "count_transport": 0, "count_leisure": 0, "count_fuel": 0, "feat_unsuitable_frac": 0.0, "feat_industrial_frac": 0.0, "feat_residential": 0.0, "feat_commercial": 0.0, "feat_road_density": 0.0, "feat_mixed_use": -0.0, "feat_isolation": 1.0, "feat_anchor_proximity": 0.10414792631168478, "feat_low_connectivity": 1.0, "raw_lu_frac_unsuitable": 0.0, "raw_lu_frac_residential": 0.0, "raw_lu_frac_commercial": 0.0, "raw_lu_frac_industrial": 0.0 }, "geometry": { "type": "Polygon", "coordinates": [ [ [ -41.795435038092819, -22.447412348377629 ], [ -41.794377808376581, -22.445868939390568 ], [ -41.795367915919186, -22.44429372791145 ], [ -41.797415248269417, -22.444261933132289 ], [ -41.798472483099268, -22.445805350530279 ], [ -41.797482380466604, -22.447380554296466 ], [ -41.795435038092819, -22.447412348377629 ] ] ] } },
{ "type": "Feature", "properties": { "h3": "89a8b1a20dbffff", "lat": -22.403678032855467, "lon": -41.798589792067851, "area_km2": 0.12846701214449552, "score": 99.663865546218489, "class": "muito bom", "direct_activity_score": 81.624686149511618, "neighborhood_inherited_score": 18.039179396706871, "pos_food": 1.6, "pos_shop": 1.4, "pos_supermarket": 1.3, "pos_pharmacy": 1.1, "pos_fitness": 1.0, "pos_education": 1.2, "pos_healthcare": 1.0, "pos_office": 1.0, "pos_bank": 0.7, "pos_transport": 0.9813089622641511, "pos_leisure": 0.6, "pos_fuel": 0.3, "pos_residential": 0.96277552480515094, "pos_commercial": 1.2, "pos_mixed_use": 1.5, "pos_road_density": 0.9346473968100949, "pos_anchor_proximity": 1.8, "positive_total": 18.578731883879399, "pen_unsuitable_landuse": 1.1274618462057078, "pen_industrial": 0.0028282593151240983, "pen_isolation": 3.5213019249127015e-14, "pen_low_connectivity": 0.026141041275962042, "penalty_total": 1.1564311467968291, "raw": 17.422300737082569, "score_physical": 100.0, "score_rank_pct": 98.88, "count_shop": 7, "count_supermarket": 2, "count_food": 16, "count_pharmacy": 3, "count_healthcare": 1, "count_education": 1, "count_fitness": 2, "count_office": 1, "count_bank": 1, "count_transport": 2, "count_leisure": 0, "count_fuel": 0, "feat_unsuitable_frac": 0.51248265736623078, "feat_industrial_frac": 0.0070706482878102449, "feat_residential": 0.61872078796499985, "feat_commercial": 0.15319106958487352, "feat_road_density": 138180.54507386338, "feat_mixed_use": 0.80284041220849822, "feat_isolation": 3.9125576943474457e-14, "feat_anchor_proximity": 0.88102987864026916, "feat_low_connectivity": 0.065352603189905101, "raw_lu_frac_unsuitable": 0.02467991578110185, "raw_lu_frac_residential": 0.022668053020928287, "raw_lu_frac_commercial": 0.0099083510021774294, "raw_lu_frac_industrial": 0.0 }, "geometry": { "type": "Polygon", "coordinates": [ [ [ -41.797599754897242, -22.405254001137269 ], [ -41.796542589485504, -22.40370987540954 ], [ -41.797532626557064, -22.402133899077512 ], [ -41.799579824128301, -22.402102056176041 ], [ -41.800636994648691, -22.403646190301398 ], [ -41.799646962490513, -22.405222158930549 ], [ -41.797599754897242, -22.405254001137269 ] ] ] } },
{ "type": "Feature", "properties": { "h3": "89a8b1a25cbffff", "lat": -22.411142195475708, "lon": -41.820253535885072, "area_km2": 0.12846514326753353, "score": 15.0, "class": "muito ruim", "direct_activity_score": 11.26203198606909, "neighborhood_inherited_score": 3.7379680139309102, "pos_food": 0.26510721247563368, "pos_shop": 0.087621696801112647, "pos_supermarket": 0.26834862385321101, "pos_pharmacy": 0.0, "pos_fitness": 0.24949596774193558, "pos_education": 0.43516483516483512, "pos_healthcare": 0.0, "pos_office": 0.0, "pos_bank": 0.0, "pos_transport": 0.32104952830188688, "pos_leisure": 0.040071237756010701, "pos_fuel": 0.0, "pos_residential": 0.23931666653322725, "pos_commercial": 0.0, "pos_mixed_use": 1.1487988126073045, "pos_road_density": 0.27177821894087134, "pos_anchor_proximity": 0.95457091652722048, "positive_total": 4.2813237167032492, "pen_unsuitable_landuse": 2.2, "pen_industrial": 0.0, "pen_isolation": 0.038799011260367458, "pen_low_connectivity": 0.29128871242365151, "penalty_total": 2.5300877236840189, "raw": 1.7512359930192303, "score_physical": 49.75, "score_rank_pct": 73.39, "count_shop": 0, "count_supermarket": 0, "count_food": 0, "count_pharmacy": 0, "count_healthcare": 0, "count_education": 0, "count_fitness": 0, "count_office": 0, "count_bank": 0, "count_transport": 0, "count_leisure": 0, "count_fuel": 0, "feat_unsuitable_frac": 7.3911387486697455, "feat_industrial_frac": 0.0, "feat_residential": 0.15379513985937929, "feat_commercial": 0.0, "feat_road_density": 40180.353104951551, "feat_mixed_use": 0.60855945720863058, "feat_isolation": 0.043110012511519399, "feat_anchor_proximity": 0.44719345630164642, "feat_low_connectivity": 0.72822178105912871, "raw_lu_frac_unsuitable": 1.0, "raw_lu_frac_residential": 0.0, "raw_lu_frac_commercial": 0.0, "raw_lu_frac_industrial": 0.0 }, "geometry": { "type": "Polygon", "coordinates": [ [ [ -41.81926353795432, -22.412718164915994 ], [ -41.81820630487335, -22.41117430721151 ], [ -41.819196302746462, -22.409598329717944 ], [ -41.821243528747551, -22.40956621765103 ], [ -41.822300766894692, -22.411110083739906 ], [ -41.821310773975917, -22.412686053511266 ], [ -41.81926353795432, -22.412718164915994 ] ] ] } },
{ "type": "Feature", "properties": { "h3": "89a8b1b0a73ffff", "lat": -22.434777952533452, "lon": -41.805403068381793, "area_km2": 0.12845719673409625, "score": 30.0, "class": "ruim", "direct_activity_score": 30.0, "neighborhood_inherited_score": 0.0, "pos_food": 0.0, "pos_shop": 0.0, "pos_supermarket": 0.0, "pos_pharmacy": 0.0, "pos_fitness": 0.0, "pos_education": 0.0, "pos_healthcare": 0.0, "pos_office": 0.0, "pos_bank": 0.0, "pos_transport": 0.0, "pos_leisure": 0.0, "pos_fuel": 0.0, "pos_residential": 0.0, "pos_commercial": 0.0, "pos_mixed_use": 0.0, "pos_road_density": 0.0, "pos_anchor_proximity": 0.22434040452321055, "positive_total": 0.22434040452321055, "pen_unsuitable_landuse": 0.0, "pen_industrial": 0.0, "pen_isolation": 0.9, "pen_low_connectivity": 0.4, "penalty_total": 1.3, "raw": -1.0756595954767896, "score_physical": 31.77, "score_rank_pct": 51.26, "count_shop": 0, "count_supermarket": 0, "count_food": 0, "count_pharmacy": 0, "count_healthcare": 0, "count_education": 0, "count_fitness": 0, "count_office": 0, "count_bank": 0, "count_transport": 0, "count_leisure": 0, "count_fuel": 0, "feat_unsuitable_frac": 0.0, "feat_industrial_frac": 0.0, "feat_residential": 0.0, "feat_commercial": 0.0, "feat_road_density": 0.0, "feat_mixed_use": -0.0, "feat_isolation": 1.0, "feat_anchor_proximity": 0.15904765432939547, "feat_low_connectivity": 1.0, "raw_lu_frac_unsuitable": 0.0, "raw_lu_frac_residential": 0.0, "raw_lu_frac_commercial": 0.0, "raw_lu_frac_industrial": 0.0 }, "geometry": { "type": "Polygon", "coordinates": [ [ [ -41.80441299891455, -22.436353408873412 ], [ -41.803355764555448, -22.43480986562032 ], [ -41.804345833936722, -22.433234401221139 ], [ -41.806393132751715, -22.433202487791988 ], [ -41.807450372206567, -22.434746039446583 ], [ -41.806460307752005, -22.436321496128777 ], [ -41.80441299891455, -22.436353408873412 ] ] ] } },
{ "type": "Feature", "properties": { "h3": "89a8b1a2417ffff", "lat": -22.419085675755003, "lon": -41.811208989264365, "area_km2": 0.12846238132174073, "score": 53.259416761037194, "class": "médio", "direct_activity_score": 30.0, "neighborhood_inherited_score": 23.259416761037194, "pos_food": 0.24171539961013663, "pos_shop": 0.029207232267037551, "pos_supermarket": 0.13417431192660551, "pos_pharmacy": 0.0, "pos_fitness": 0.29485887096774205, "pos_education": 0.19780219780219782, "pos_healthcare": 0.0, "pos_office": 0.0, "pos_bank": 0.0, "pos_transport": 0.093396226415094361, "pos_leisure": 0.064113980409617119, "pos_fuel": 0.0, "pos_residential": 0.083168317460305508, "pos_commercial": 0.0, "pos_mixed_use": 1.0603590867177728, "pos_road_density": 0.094000164225539751, "pos_anchor_proximity": 0.82248446441596346, "positive_total": 3.1152802522180121, "pen_unsuitable_landuse": 1.6105485809679447, "pen_industrial": 0.0, "pen_isolation": 0.13515128266092724, "pen_low_connectivity": 0.36239993430978412, "penalty_total": 2.1080997979386562, "raw": 1.0071804542793559, "score_physical": 45.71, "score_rank_pct": 70.87, "count_shop": 0, "count_supermarket": 0, "count_food": 0, "count_pharmacy": 0, "count_healthcare": 0, "count_education": 0, "count_fitness": 0, "count_office": 0, "count_bank": 0, "count_transport": 0, "count_leisure": 0, "count_fuel": 0, "feat_unsuitable_frac": 0.73206753680361114, "feat_industrial_frac": 0.0, "feat_residential": 0.053447522903303638, "feat_commercial": 0.0, "feat_road_density": 13897.21297469885, "feat_mixed_use": 0.56170979912022934, "feat_isolation": 0.15016809184547469, "feat_anchor_proximity": 0.39507271353945073, "feat_low_connectivity": 0.9059998357744603, "raw_lu_frac_unsuitable": 0.0, "raw_lu_frac_residential": 0.0, "raw_lu_frac_commercial": 0.0, "raw_lu_frac_industrial": 0.0 }, "geometry": { "type": "Polygon", "coordinates": [ [ [ -41.81021895776064, -22.420661447746269 ], [ -41.809161734574644, -22.419117669694185 ], [ -41.810151766003465, -22.417541889647818 ], [ -41.812199015682204, -22.417509895370713 ], [ -41.813256243952281, -22.419053681815821 ], [ -41.812266217460873, -22.420629454144962 ], [ -41.81021895776064, -22.420661447746269 ] ] ] } },
{ "type": "Feature", "properties": { "h3": "89a8b1a228fffff", "lat": -22.389779507215444, "lon": -41.789075493594012, "area_km2": 0.12847121602655873, "score": 80.159709460788946, "class": "muito bom", "direct_activity_score": 63.493121181921985, "neighborhood_inherited_score": 16.666588278866961, "pos_food": 0.45137535196014761, "pos_shop": 1.3954566527584611, "pos_supermarket": 0.26834862385321101, "pos_pharmacy": 0.171875, "pos_fitness": 0.55947580645161321, "pos_education": 0.19780219780219782, "pos_healthcare": 0.0, "pos_office": 0.0, "pos_bank": 0.0795454545454546, "pos_transport": 0.38720518867924536, "pos_leisure": 0.32324131789848631, "pos_fuel": 0.5, "pos_residential": 0.31021389939548127, "pos_commercial": 0.20087250913447754, "pos_mixed_use": 1.3133320090455753, "pos_road_density": 1.0, "pos_anchor_proximity": 1.4941448978643543, "positive_total": 8.6528889093887056, "pen_unsuitable_landuse": 0.25996973179213845, "pen_industrial": 0.0, "pen_isolation": 0.00014501203064918228, "pen_low_connectivity": 0.0, "penalty_total": 0.26011474382278765, "raw": 8.3927741655659176, "score_physical": 76.94, "score_rank_pct": 87.68, "count_shop": 0, "count_supermarket": 0, "count_food": 1, "count_pharmacy": 0, "count_healthcare": 0, "count_education": 0, "count_fitness": 0, "count_office": 0, "count_bank": 0, "count_transport": 0, "count_leisure": 0, "count_fuel": 0, "feat_unsuitable_frac": 0.11816805990551746, "feat_industrial_frac": 0.0, "feat_residential": 0.19935673822879102, "feat_commercial": 0.015411534991129955, "feat_road_density": 158130.26150399764, "feat_mixed_use": 0.69571852424320102, "feat_isolation": 0.00016112447849909141, "feat_anchor_proximity": 0.66010701581461162, "feat_low_connectivity": 0.0, "raw_lu_frac_unsuitable": 0.0, "raw_lu_frac_residential": 0.0, "raw_lu_frac_commercial": 0.00081199736205694807, "raw_lu_frac_industrial": 0.0 }, "geometry": { "type": "Polygon", "coordinates": [ [ [ -41.788085455749631, -22.391355663973226 ], [ -41.787028337737596, -22.389811236883546 ], [ -41.788018375464702, -22.388235072079837 ], [ -41.790065526309952, -22.388203342057182 ], [ -41.791122649449136, -22.389747777547338 ], [ -41.790132616617257, -22.391323934659638 ], [ -41.788085455749631, -22.391355663973226 ] ] ] } },
{ "type": "Feature", "properties": { "h3": "89a8b1a2443ffff", "lat": -22.416157565670947, "lon": -41.798858330727839, "area_km2": 0.1284630161469914, "score": 54.212173855333326, "class": "médio", "direct_activity_score": 30.0, "neighborhood_inherited_score": 24.212173855333326, "pos_food": 0.28070175438596512, "pos_shop": 0.0, "pos_supermarket": 0.0, "pos_pharmacy": 0.0, "pos_fitness": 0.1360887096774194, "pos_education": 0.0, "pos_healthcare": 0.0, "pos_office": 0.0, "pos_bank": 0.0795454545454546, "pos_transport": 0.0, "pos_leisure": 0.072128227960819247, "pos_fuel": 0.0, "pos_residential": 0.01935727264645714, "pos_commercial": 0.059368921548143369, "pos_mixed_use": 0.53727260422416279, "pos_road_density": 0.019860604093448909, "pos_anchor_proximity": 0.57642988161984954, "positive_total": 1.7807534307017199, "pen_unsuitable_landuse": 0.0, "pen_industrial": 0.0, "pen_isolation": 0.24626169303336734, "pen_low_connectivity": 0.39205575836262047, "penalty_total": 0.63831745139598783, "raw": 1.1424359793057319, "score_physical": 46.47, "score_rank_pct": 72.27, "count_shop": 0, "count_supermarket": 0, "count_food": 0, "count_pharmacy": 0, "count_healthcare": 0, "count_education": 0, "count_fitness": 0, "count_office": 0, "count_bank": 0, "count_transport": 0, "count_leisure": 0, "count_fuel": 0, "feat_unsuitable_frac": 0.0, "feat_industrial_frac": 0.0, "feat_residential": 0.012439812475595686, "feat_commercial": 0.0045549598387916836, "feat_road_density": 2936.2400285875715, "feat_mixed_use": 0.28461234535719343, "feat_isolation": 0.27362410337040816, "feat_anchor_proximity": 0.29798063929270308, "feat_low_connectivity": 0.98013939590655108, "raw_lu_frac_unsuitable": 0.0, "raw_lu_frac_residential": 0.0, "raw_lu_frac_commercial": 0.0, "raw_lu_frac_industrial": 0.0 }, "geometry": { "type": "Polygon", "coordinates": [ [ [ -41.797868274826854, -22.417733313342367 ], [ -41.796811088056621, -22.416189405446815 ], [ -41.797801143859083, -22.414613649721659 ], [ -41.799848381519048, -22.414581809598591 ], [ -41.800905573397607, -22.416125725895078 ], [ -41.799915522509217, -22.417701473913642 ], [ -41.797868274826854, -22.417733313342367 ] ] ] } },
{ "type": "Feature", "properties": { "h3": "89a8b1b1907ffff", "lat": -22.42721872460401, "lon": -41.789880564414844, "area_km2": 0.12845923068328161, "score": 30.0, "class": "ruim", "direct_activity_score": 30.0, "neighborhood_inherited_score": 0.0, "pos_food": 0.0, "pos_shop": 0.0, "pos_supermarket": 0.0, "pos_pharmacy": 0.0, "pos_fitness": 0.0, "pos_education": 0.0, "pos_healthcare": 0.0, "pos_office": 0.0, "pos_bank": 0.0, "pos_transport": 0.0, "pos_leisure": 0.0, "pos_fuel": 0.0, "pos_residential": 0.0, "pos_commercial": 0.0, "pos_mixed_use": 0.0, "pos_road_density": 0.0, "pos_anchor_proximity": 0.21044572524108565, "positive_total": 0.21044572524108565, "pen_unsuitable_landuse": 0.0, "pen_industrial": 0.0, "pen_isolation": 0.9, "pen_low_connectivity": 0.4, "penalty_total": 1.3, "raw": -1.0895542747589144, "score_physical": 31.66, "score_rank_pct": 48.74, "count_shop": 0, "count_supermarket": 0, "count_food": 0, "count_pharmacy": 0, "count_healthcare": 0, "count_education": 0, "count_fitness": 0, "count_office": 0, "count_bank": 0, "count_transport": 0, "count_leisure": 0, "count_fuel": 0, "feat_unsuitable_frac": 0.0, "feat_industrial_frac": 0.0, "feat_residential": 0.0, "feat_commercial": 0.0, "feat_road_density": 0.0, "feat_mixed_use": -0.0, "feat_isolation": 1.0, "feat_anchor_proximity": 0.15356487397568558, "feat_low_connectivity": 1.0, "raw_lu_frac_unsuitable": 0.0, "raw_lu_frac_residential": 0.0, "raw_lu_frac_commercial": 0.0, "raw_lu_frac_industrial": 0.0 }, "geometry": { "type": "Polygon", "coordinates": [ [ [ -41.78889047037255, -22.428794219488367 ], [ -41.787833288283281, -22.427250445770753 ], [ -41.788823382209905, -22.425674942829943 ], [ -41.790870653329826, -22.425643221309265 ], [ -41.791927840545263, -22.427187003437272 ], [ -41.790937751515948, -22.428762498675525 ], [ -41.78889047037255, -22.428794219488367 ] ] ] } },
{ "type": "Feature", "properties": { "h3": "89a8b1b0e07ffff", "lat": -22.459630665455215, "lon": -41.812082602810975, "area_km2": 0.12844935289193837, "score": 25.609978583689969, "class": "ruim", "direct_activity_score": 25.609978583689969, "neighborhood_inherited_score": 0.0, "pos_food": 0.0, "pos_shop": 0.0, "pos_supermarket": 0.0, "pos_pharmacy": 0.0, "pos_fitness": 0.0, "pos_education": 0.0, "pos_healthcare": 0.0, "pos_office": 0.0, "pos_bank": 0.0, "pos_transport": 0.0, "pos_leisure": 0.0, "pos_fuel": 0.0, "pos_residential": 0.0, "pos_commercial": 0.0, "pos_mixed_use": 0.0, "pos_road_density": 0.0, "pos_anchor_proximity": 0.038980026251012163, "positive_total": 0.038980026251012163, "pen_unsuitable_landuse": 0.0, "pen_industrial": 0.0, "pen_isolation": 0.9, "pen_low_connectivity": 0.4, "penalty_total": 1.3, "raw": -1.2610199737489878, "score_physical": 30.22, "score_rank_pct": 14.85, "count_shop": 0, "count_supermarket": 0, "count_food": 0, "count_pharmacy": 0, "count_healthcare": 0, "count_education": 0, "count_fitness": 0, "count_office": 0, "count_bank": 0, "count_transport": 0, "count_leisure": 0, "count_fuel": 0, "feat_unsuitable_frac": 0.0, "feat_industrial_frac": 0.0, "feat_residential": 0.0, "feat_commercial": 0.0, "feat_road_density": 0.0, "feat_mixed_use": -0.0, "feat_isolation": 1.0, "feat_anchor_proximity": 0.085905250700513539, "feat_low_connectivity": 1.0, "raw_lu_frac_unsuitable": 0.0, "raw_lu_frac_residential": 0.0, "raw_lu_frac_commercial": 0.0, "raw_lu_frac_industrial": 0.0 }, "geometry": { "type": "Polygon", "coordinates": [ [ [ -41.81109251043857, -22.461205719799608 ], [ -41.810035217834091, -22.459662650617506 ], [ -41.811025310133346, -22.458087588206688 ], [ -41.813072690098721, -22.458055602707134 ], [ -41.81412998778621, -22.459598680292927 ], [ -41.813139900426634, -22.461173734974548 ], [ -41.81109251043857, -22.461205719799608 ] ] ] } },
{ "type": "Feature", "properties": { "h3": "89a8b1a2013ffff", "lat": -22.398854198666328, "lon": -41.80770144019985, "area_km2": 0.12846878498311406, "score": 88.706086065893871, "class": "muito bom", "direct_activity_score": 47.443859385555136, "neighborhood_inherited_score": 41.262226680338735, "pos_food": 0.78232618583495839, "pos_shop": 0.91840519239684737, "pos_supermarket": 1.2224770642201834, "pos_pharmacy": 0.6875, "pos_fitness": 0.66532258064516148, "pos_education": 1.1076923076923078, "pos_healthcare": 1.0, "pos_office": 1.0, "pos_bank": 0.0795454545454546, "pos_transport": 1.1, "pos_leisure": 0.12822796081923424, "pos_fuel": 0.0, "pos_residential": 1.0, "pos_commercial": 0.25249321193051472, "pos_mixed_use": 1.4326414139686088, "pos_road_density": 0.87783286351004053, "pos_anchor_proximity": 1.4171943086528711, "positive_total": 13.671658544216182, "pen_unsuitable_landuse": 1.8356796442953549, "pen_industrial": 0.015887966610443789, "pen_isolation": 1.9235069228740679e-06, "pen_low_connectivity": 0.048866854595983791, "penalty_total": 1.9004363890087055, "raw": 11.771222155207477, "score_physical": 87.59, "score_rank_pct": 91.32, "count_shop": 0, "count_supermarket": 0, "count_food": 0, "count_pharmacy": 0, "count_healthcare": 0, "count_education": 0, "count_fitness": 0, "count_office": 0, "count_bank": 0, "count_transport": 0, "count_leisure": 0, "count_fuel": 0, "feat_unsuitable_frac": 0.83439983831607034, "feat_industrial_frac": 0.039719916526109469, "feat_residential": 0.80223982249914461, "feat_commercial": 0.019372028494376085, "feat_road_density": 129780.94624513653, "feat_mixed_use": 0.75892094567942969, "feat_isolation": 2.1372299143045197e-06, "feat_anchor_proximity": 0.62974264610383412, "feat_low_connectivity": 0.12216713648995947, "raw_lu_frac_unsuitable": 0.34864312168998157, "raw_lu_frac_residential": 0.0, "raw_lu_frac_commercial": 0.0, "raw_lu_frac_industrial": 0.0 }, "geometry": { "type": "Polygon", "coordinates": [ [ [ -41.806711431850573, -22.400430309228923 ], [ -41.805654251130861, -22.398886158316106 ], [ -41.806644259398475, -22.397310039704234 ], [ -41.808691443456674, -22.397278079713914 ], [ -41.809748629267055, -22.39882223901655 ], [ -41.808758625929912, -22.400398349919652 ], [ -41.806711431850573, -22.400430309228923 ] ] ] } },
{ "type": "Feature", "properties": { "h3": "89a8b1b1d0bffff", "lat": -22.449146008180918, "lon": -41.784208195523554, "area_km2": 0.12845202266322689, "score": 25.264051328386088, "class": "ruim", "direct_activity_score": 25.264051328386088, "neighborhood_inherited_score": 0.0, "pos_food": 0.0, "pos_shop": 0.0, "pos_supermarket": 0.0, "pos_pharmacy": 0.0, "pos_fitness": 0.0, "pos_education": 0.0, "pos_healthcare": 0.0, "pos_office": 0.0, "pos_bank": 0.0, "pos_transport": 0.0, "pos_leisure": 0.0, "pos_fuel": 0.0, "pos_residential": 0.0, "pos_commercial": 0.0, "pos_mixed_use": 0.0, "pos_road_density": 0.0, "pos_anchor_proximity": 0.037349708058696078, "positive_total": 0.037349708058696078, "pen_unsuitable_landuse": 0.0, "pen_industrial": 0.0, "pen_isolation": 0.9, "pen_low_connectivity": 0.4, "penalty_total": 1.3, "raw": -1.2626502919413041, "score_physical": 30.21, "score_rank_pct": 13.73, "count_shop": 0, "count_supermarket": 0, "count_food": 0, "count_pharmacy": 0, "count_healthcare": 0, "count_education": 0, "count_fitness": 0, "count_office": 0, "count_bank": 0, "count_transport": 0, "count_leisure": 0, "count_fuel": 0, "feat_unsuitable_frac": 0.0, "feat_industrial_frac": 0.0, "feat_residential": 0.0, "feat_commercial": 0.0, "feat_road_density": 0.0, "feat_mixed_use": -0.0, "feat_isolation": 1.0, "feat_anchor_proximity": 0.085261934192544492, "feat_low_connectivity": 1.0, "raw_lu_frac_unsuitable": 0.0, "raw_lu_frac_residential": 0.0, "raw_lu_frac_commercial": 0.0, "raw_lu_frac_industrial": 0.0 }, "geometry": { "type": "Polygon", "coordinates": [ [ [ -41.783218054221003, -22.450721076723884 ], [ -41.78216085035973, -22.449177646877008 ], [ -41.78315099153582, -22.447602570271766 ], [ -41.785198331687546, -22.447570931217488 ], [ -41.786255540686497, -22.449114369484828 ], [ -41.785265404397379, -22.450689438385925 ], [ -41.783218054221003, -22.450721076723884 ] ] ] } },
{ "type": "Feature", "properties": { "h3": "89a8b1b0b8bffff", "lat": -22.434393136114682, "lon": -41.829970736652179, "area_km2": 0.12845789226132712, "score": 30.0, "class": "ruim", "direct_activity_score": 30.0, "neighborhood_inherited_score": 0.0, "pos_food": 0.0, "pos_shop": 0.0, "pos_supermarket": 0.0, "pos_pharmacy": 0.0, "pos_fitness": 0.0, "pos_education": 0.0, "pos_healthcare": 0.0, "pos_office": 0.0, "pos_bank": 0.0, "pos_transport": 0.0, "pos_leisure": 0.0, "pos_fuel": 0.0, "pos_residential": 0.0, "pos_commercial": 0.0, "pos_mixed_use": 0.0, "pos_road_density": 0.0, "pos_anchor_proximity": 0.22174174800754343, "positive_total": 0.22174174800754343, "pen_unsuitable_landuse": 0.039937498176094245, "pen_industrial": 0.0, "pen_isolation": 0.9, "pen_low_connectivity": 0.4, "penalty_total": 1.3399374981760943, "raw": -1.1181957501685509, "score_physical": 31.42, "score_rank_pct": 45.1, "count_shop": 0, "count_supermarket": 0, "count_food": 0, "count_pharmacy": 0, "count_healthcare": 0, "count_education": 0, "count_fitness": 0, "count_office": 0, "count_bank": 0, "count_transport": 0, "count_leisure": 0, "count_fuel": 0, "feat_unsuitable_frac": 0.018153408261861018, "feat_industrial_frac": 0.0, "feat_residential": 0.0, "feat_commercial": 0.0, "feat_road_density": 0.0, "feat_mixed_use": -0.0, "feat_isolation": 1.0, "feat_anchor_proximity": 0.15802223570685342, "feat_low_connectivity": 1.0, "raw_lu_frac_unsuitable": 0.0, "raw_lu_frac_residential": 0.0, "raw_lu_frac_commercial": 0.0, "raw_lu_frac_industrial": 0.0 }, "geometry": { "type": "Polygon", "coordinates": [ [ [ -41.828980725534812, -22.435968751406961 ], [ -41.827923429220242, -22.434425359095847 ], [ -41.828913440298585, -22.432849735743368 ], [ -41.830960742719824, -22.432817512438366 ], [ -41.832018044081821, -22.434360913133517 ], [ -41.831028037976488, -22.43593652874959 ], [ -41.828980725534812, -22.435968751406961 ] ] ] } },
{ "type": "Feature", "properties": { "h3": "89a8b1b0ea3ffff", "lat": -22.462652672676846, "lon": -41.81829199483974, "area_km2": 0.12844852406440899, "score": 24.278145961770988, "class": "ruim", "direct_activity_score": 24.278145961770988, "neighborhood_inherited_score": 0.0, "pos_food": 0.0, "pos_shop": 0.0, "pos_supermarket": 0.0, "pos_pharmacy": 0.0, "pos_fitness": 0.0, "pos_education": 0.0, "pos_healthcare": 0.0, "pos_office": 0.0, "pos_bank": 0.0, "pos_transport": 0.0, "pos_leisure": 0.0, "pos_fuel": 0.0, "pos_residential": 0.0, "pos_commercial": 0.0, "pos_mixed_use": 0.0, "pos_road_density": 0.0, "pos_anchor_proximity": 0.027122452897312653, "positive_total": 0.027122452897312653, "pen_unsuitable_landuse": 0.0, "pen_industrial": 0.0, "pen_isolation": 0.9, "pen_low_connectivity": 0.4, "penalty_total": 1.3, "raw": -1.2728775471026874, "score_physical": 30.12, "score_rank_pct": 10.64, "count_shop": 0, "count_supermarket": 0, "count_food": 0, "count_pharmacy": 0, "count_healthcare": 0, "count_education": 0, "count_fitness": 0, "count_office": 0, "count_bank": 0, "count_transport": 0, "count_leisure": 0, "count_fuel": 0, "feat_unsuitable_frac": 0.0, "feat_industrial_frac": 0.0, "feat_residential": 0.0, "feat_commercial": 0.0, "feat_road_density": 0.0, "feat_mixed_use": -0.0, "feat_isolation": 1.0, "feat_anchor_proximity": 0.081226303536186095, "feat_low_connectivity": 1.0, "raw_lu_frac_unsuitable": 0.0, "raw_lu_frac_residential": 0.0, "raw_lu_frac_commercial": 0.0, "raw_lu_frac_industrial": 0.0 }, "geometry": { "type": "Polygon", "coordinates": [ [ [ -41.817301912364456, -22.464227711558852 ], [ -41.816244598919752, -22.462684734721552 ], [ -41.817234681333758, -22.461109687772016 ], [ -41.819282072242359, -22.461077625394694 ], [ -41.820339390757908, -22.46262061063214 ], [ -41.819349313295334, -22.464195649846726 ], [ -41.817301912364456, -22.464227711558852 ] ] ] } },
{ "type": "Feature", "properties": { "h3": "89a8b1a22b3ffff", "lat": -22.389684202197408, "lon": -41.795216962813157, "area_km2": 0.12847140730842521, "score": 77.354352112796263, "class": "bom", "direct_activity_score": 62.795976636872595, "neighborhood_inherited_score": 14.558375475923668, "pos_food": 0.27983539094650228, "pos_shop": 0.74316179879462207, "pos_supermarket": 0.26834862385321101, "pos_pharmacy": 0.171875, "pos_fitness": 0.41582661290322592, "pos_education": 0.11868131868131868, "pos_healthcare": 0.27272727272727271, "pos_office": 0.0, "pos_bank": 0.0, "pos_transport": 0.45141509433962268, "pos_leisure": 0.17631344612644706, "pos_fuel": 0.45, "pos_residential": 0.61974122009171673, "pos_commercial": 0.40867785258748884, "pos_mixed_use": 1.3385073672740884, "pos_road_density": 1.0, "pos_anchor_proximity": 1.3263739366711245, "positive_total": 8.0414849349966406, "pen_unsuitable_landuse": 0.46447155850886446, "pen_industrial": 0.0, "pen_isolation": 0.0020320831110579012, "pen_low_connectivity": 0.0, "penalty_total": 0.46650364161992236, "raw": 7.5749812933767187, "score_physical": 74.13, "score_rank_pct": 84.87, "count_shop": 0, "count_supermarket": 0, "count_food": 1, "count_pharmacy": 0, "count_healthcare": 0, "count_education": 0, "count_fitness": 0, "count_office": 0, "count_bank": 0, "count_transport": 0, "count_leisure": 0, "count_fuel": 0, "feat_unsuitable_frac": 0.21112343568584746, "feat_industrial_frac": 0.0, "feat_residential": 0.39827225157924567, "feat_commercial": 0.031354977604403769, "feat_road_density": 160624.26419523999, "feat_mixed_use": 0.70905480399074439, "feat_isolation": 0.0022578701233976679, "feat_anchor_proximity": 0.5939053200952561, "feat_low_connectivity": 0.0, "raw_lu_frac_unsuitable": 0.0, "raw_lu_frac_residential": 0.0, "raw_lu_frac_commercial": 0.0, "raw_lu_frac_industrial": 0.0 }, "geometry": { "type": "Polygon", "coordinates": [ [ [ -41.79422693945952, -22.391260398685265 ], [ -41.793169805859847, -22.38971600920793 ], [ -41.794159829107961, -22.388139804673919 ], [ -41.796206981050268, -22.388107997313458 ], [ -41.797264119765011, -22.389652395186882 ], [ -41.796274101423712, -22.391228592024635 ], [ -41.79422693945952, -22.391260398685265 ] ] ] } },
{ "type": "Feature", "properties": { "h3": "89a8b1b19a3ffff", "lat": -22.430242669203338, "lon": -41.796089518023052, "area_km2": 0.12845842056571236, "score": 30.0, "class": "ruim", "direct_activity_score": 30.0, "neighborhood_inherited_score": 0.0, "pos_food": 0.0, "pos_shop": 0.0, "pos_supermarket": 0.0, "pos_pharmacy": 0.0, "pos_fitness": 0.0, "pos_education": 0.0, "pos_healthcare": 0.0, "pos_office": 0.0, "pos_bank": 0.0, "pos_transport": 0.0, "pos_leisure": 0.0, "pos_fuel": 0.0, "pos_residential": 0.0, "pos_commercial": 0.0, "pos_mixed_use": 0.0, "pos_road_density": 0.0, "pos_anchor_proximity": 0.21209224775320462, "positive_total": 0.21209224775320462, "pen_unsuitable_landuse": 0.0, "pen_industrial": 0.0, "pen_isolation": 0.9, "pen_low_connectivity": 0.4, "penalty_total": 1.3, "raw": -1.0879077522467955, "score_physical": 31.67, "score_rank_pct": 49.02, "count_shop": 0, "count_supermarket": 0, "count_food": 0, "count_pharmacy": 0, "count_healthcare": 0, "count_education": 0, "count_fitness": 0, "count_office": 0, "count_bank": 0, "count_transport": 0, "count_leisure": 0, "count_fuel": 0, "feat_unsuitable_frac": 0.0, "feat_industrial_frac": 0.0, "feat_residential": 0.0, "feat_commercial": 0.0, "feat_road_density": 0.0, "feat_mixed_use": -0.0, "feat_isolation": 1.0, "feat_anchor_proximity": 0.1542145846381692, "feat_low_connectivity": 1.0, "raw_lu_frac_unsuitable": 0.0, "raw_lu_frac_residential": 0.0, "raw_lu_frac_commercial": 0.0, "raw_lu_frac_industrial": 0.0 }, "geometry": { "type": "Polygon", "coordinates": [ [ [ -41.795099433793155, -22.431818148678602 ], [ -41.794042230777606, -22.430274467124711 ], [ -41.795032314903722, -22.428698979591882 ], [ -41.797079597137646, -22.428667181321241 ], [ -41.798136805267191, -22.430210871281965 ], [ -41.797146726050151, -22.431786351106449 ], [ -41.795099433793155, -22.431818148678602 ] ] ] } },
{ "type": "Feature", "properties": { "h3": "89a8b1a2467ffff", "lat": -22.408214515157237, "lon": -41.807902975545673, "area_km2": 0.1284657897826815, "score": 84.588435298686292, "class": "muito bom", "direct_activity_score": 68.373497427785651, "neighborhood_inherited_score": 16.214937870900641, "pos_food": 1.1669915529564663, "pos_shop": 0.90109720290526962, "pos_supermarket": 1.1479357798165137, "pos_pharmacy": 0.515625, "pos_fitness": 0.84677419354838734, "pos_education": 0.87032967032967024, "pos_healthcare": 0.72727272727272729, "pos_office": 0.3947368421052635, "pos_bank": 0.1590909090909092, "pos_transport": 1.1, "pos_leisure": 0.22172751558325923, "pos_fuel": 0.0, "pos_residential": 0.40237261683663117, "pos_commercial": 0.12083184393553073, "pos_mixed_use": 1.3883255522147044, "pos_road_density": 0.76296667069065127, "pos_anchor_proximity": 1.6904767459344816, "positive_total": 12.416554823220466, "pen_unsuitable_landuse": 2.2, "pen_industrial": 0.0047137655252068311, "pen_isolation": 8.9001530091872801e-07, "pen_low_connectivity": 0.0948133317237395, "penalty_total": 2.2995279872642476, "raw": 10.117026835956217, "score_physical": 82.55, "score_rank_pct": 89.36, "count_shop": 1, "count_supermarket": 0, "count_food": 0, "count_pharmacy": 0, "count_healthcare": 0, "count_education": 0, "count_fitness": 0, "count_office": 0, "count_bank": 0, "count_transport": 1, "count_leisure": 0, "count_fuel": 0, "feat_unsuitable_frac": 1.3987852127396019, "feat_industrial_frac": 0.011784413813017076, "feat_residential": 0.25858187721907849, "feat_commercial": 0.0092705776359297692, "feat_road_density": 112798.84883758586, "feat_mixed_use": 0.735445262662766, "feat_isolation": 9.8890588990969776e-07, "feat_anchor_proximity": 0.73757871397689034, "feat_low_connectivity": 0.23703332930934873, "raw_lu_frac_unsuitable": 0.0, "raw_lu_frac_residential": 0.0, "raw_lu_frac_commercial": 0.0, "raw_lu_frac_industrial": 0.0 }, "geometry": { "type": "Polygon", "coordinates": [ [ [ -41.806912953150622, -22.409790460320046 ], [ -41.805855756412846, -22.408246472764294 ], [ -41.80684577872664, -22.406670519549579 ], [ -41.808892992848541, -22.406638561602108 ], [ -41.809950194676745, -22.40818255755018 ], [ -41.808960177293947, -22.409758503053339 ], [ -41.806912953150622, -22.409790460320046 ] ] ] } },
{ "type": "Feature", "properties": { "h3": "89a8b1a2693ffff", "lat": -22.417860400068982, "lon": -41.789679287846454, "area_km2": 0.12846223144462848, "score": 30.0, "class": "ruim", "direct_activity_score": 30.0, "neighborhood_inherited_score": 0.0, "pos_food": 0.0, "pos_shop": 0.0, "pos_supermarket": 0.0, "pos_pharmacy": 0.0, "pos_fitness": 0.0, "pos_education": 0.0, "pos_healthcare": 0.0, "pos_office": 0.0, "pos_bank": 0.0, "pos_transport": 0.0, "pos_leisure": 0.0, "pos_fuel": 0.0, "pos_residential": 0.0, "pos_commercial": 0.0, "pos_mixed_use": 0.0, "pos_road_density": 0.0, "pos_anchor_proximity": 0.37582696737286531, "positive_total": 0.37582696737286531, "pen_unsuitable_landuse": 0.0, "pen_industrial": 0.0, "pen_isolation": 0.9, "pen_low_connectivity": 0.4, "penalty_total": 1.3, "raw": -0.92417303262713468, "score_physical": 32.99, "score_rank_pct": 62.18, "count_shop": 0, "count_supermarket": 0, "count_food": 0, "count_pharmacy": 0, "count_healthcare": 0, "count_education": 0, "count_fitness": 0, "count_office": 0, "count_bank": 0, "count_transport": 0, "count_leisure": 0, "count_fuel": 0, "feat_unsuitable_frac": 0.0, "feat_industrial_frac": 0.0, "feat_residential": 0.0, "feat_commercial": 0.0, "feat_road_density": 0.0, "feat_mixed_use": -0.0, "feat_isolation": 1.0, "feat_anchor_proximity": 0.2188235968883307, "feat_low_connectivity": 1.0, "raw_lu_frac_unsuitable": 0.0, "raw_lu_frac_residential": 0.0, "raw_lu_frac_commercial": 0.0, "raw_lu_frac_industrial": 0.0 }, "geometry": { "type": "Polygon", "coordinates": [ [ [ -41.788689207854198, -22.419436060506968 ], [ -41.787632041784931, -22.417892123359671 ], [ -41.78862212166112, -22.416316454867868 ], [ -41.790669362711107, -22.41628473122309 ], [ -41.791726533906804, -22.417828676778292 ], [ -41.790736458927412, -22.419404337570324 ], [ -41.788689207854198, -22.419436060506968 ] ] ] } },
{ "type": "Feature", "properties": { "h3": "89a8b1b0ac3ffff", "lat": -22.445741645408134, "lon": -41.80256715939025, "area_km2": 0.12845359730887498, "score": 30.0, "class": "ruim", "direct_activity_score": 30.0, "neighborhood_inherited_score": 0.0, "pos_food": 0.0, "pos_shop": 0.0, "pos_supermarket": 0.0, "pos_pharmacy": 0.0, "pos_fitness": 0.0, "pos_education": 0.0, "pos_healthcare": 0.0, "pos_office": 0.0, "pos_bank": 0.0, "pos_transport": 0.0, "pos_leisure": 0.0, "pos_fuel": 0.0, "pos_residential": 0.0, "pos_commercial": 0.0, "pos_mixed_use": 0.0, "pos_road_density": 0.0, "pos_anchor_proximity": 0.10503658257113833, "positive_total": 0.10503658257113833, "pen_unsuitable_landuse": 0.0, "pen_industrial": 0.0, "pen_isolation": 0.9, "pen_low_connectivity": 0.4, "penalty_total": 1.3, "raw": -1.1949634174288617, "score_physical": 30.78, "score_rank_pct": 32.77, "count_shop": 0, "count_supermarket": 0, "count_food": 0, "count_pharmacy": 0, "count_healthcare": 0, "count_education": 0, "count_fitness": 0, "count_office": 0, "count_bank": 0, "count_transport": 0, "count_leisure": 0, "count_fuel": 0, "feat_unsuitable_frac": 0.0, "feat_industrial_frac": 0.0, "feat_residential": 0.0, "feat_commercial": 0.0, "feat_road_density": 0.0, "feat_mixed_use": -0.0, "feat_isolation": 1.0, "feat_anchor_proximity": 0.11197088214633211, "feat_low_connectivity": 1.0, "raw_lu_frac_unsuitable": 0.0, "raw_lu_frac_residential": 0.0, "raw_lu_frac_commercial": 0.0, "raw_lu_frac_industrial": 0.0 }, "geometry": { "type": "Polygon", "coordinates": [ [ [ -41.801577066265068, -22.447316888621526 ], [ -41.800519820987489, -22.445773517346129 ], [ -41.801509914021295, -22.444198266070586 ], [ -41.803557247412485, -22.444166393788183 ], [ -41.804614497791576, -22.445709773470135 ], [ -41.803624409679287, -22.447285017027884 ], [ -41.801577066265068, -22.447316888621526 ] ] ] } },
{ "type": "Feature", "properties": { "h3": "89a8b1b192bffff", "lat": -22.420979951238817, "lon": -41.789746379379352, "area_km2": 0.12846123151913882, "score": 30.0, "class": "ruim", "direct_activity_score": 30.0, "neighborhood_inherited_score": 0.0, "pos_food": 0.0, "pos_shop": 0.0, "pos_supermarket": 0.0, "pos_pharmacy": 0.0, "pos_fitness": 0.0, "pos_education": 0.0, "pos_healthcare": 0.0, "pos_office": 0.0, "pos_bank": 0.0, "pos_transport": 0.0, "pos_leisure": 0.0, "pos_fuel": 0.0, "pos_residential": 0.0, "pos_commercial": 0.0, "pos_mixed_use": 0.0, "pos_road_density": 0.0, "pos_anchor_proximity": 0.30699700495646554, "positive_total": 0.30699700495646554, "pen_unsuitable_landuse": 0.0, "pen_industrial": 0.0, "pen_isolation": 0.9, "pen_low_connectivity": 0.4, "penalty_total": 1.3, "raw": -0.99300299504353451, "score_physical": 32.44, "score_rank_pct": 57.98, "count_shop": 0, "count_supermarket": 0, "count_food": 0, "count_pharmacy": 0, "count_healthcare": 0, "count_education": 0, "count_fitness": 0, "count_office": 0, "count_bank": 0, "count_transport": 0, "count_leisure": 0, "count_fuel": 0, "feat_unsuitable_frac": 0.0, "feat_industrial_frac": 0.0, "feat_residential": 0.0, "feat_commercial": 0.0, "feat_road_density": 0.0, "feat_mixed_use": -0.0, "feat_isolation": 1.0, "feat_anchor_proximity": 0.19166359139121106, "feat_low_connectivity": 1.0, "raw_lu_frac_unsuitable": 0.0, "raw_lu_frac_residential": 0.0, "raw_lu_frac_commercial": 0.0, "raw_lu_frac_industrial": 0.0 }, "geometry": { "type": "Polygon", "coordinates": [ [ [ -41.788756294703795, -22.422555556498569 ], [ -41.787699123294573, -22.421011673821415 ], [ -41.788689207854198, -22.419436060506968 ], [ -41.790736458927412, -22.419404337570324 ], [ -41.791793635462966, -22.420948228656219 ], [ -41.790803555800309, -22.422523834269967 ], [ -41.788756294703795, -22.422555556498569 ] ] ] } },
{ "type": "Feature", "properties": { "h3": "89a8b1b0e2bffff", "lat": -22.453394181985498, "lon": -41.811948193493251, "area_km2": 0.12845136086656567, "score": 28.826050629678701, "class": "ruim", "direct_activity_score": 28.826050629678701, "neighborhood_inherited_score": 0.0, "pos_food": 0.0, "pos_shop": 0.0, "pos_supermarket": 0.0, "pos_pharmacy": 0.0, "pos_fitness": 0.0, "pos_education": 0.0, "pos_healthcare": 0.0, "pos_office": 0.0, "pos_bank": 0.0, "pos_transport": 0.0, "pos_leisure": 0.0, "pos_fuel": 0.0, "pos_residential": 0.0, "pos_commercial": 0.0, "pos_mixed_use": 0.0, "pos_road_density": 0.0, "pos_anchor_proximity": 0.070905689874673286, "positive_total": 0.070905689874673286, "pen_unsuitable_landuse": 0.0, "pen_industrial": 0.0, "pen_isolation": 0.9, "pen_low_connectivity": 0.4, "penalty_total": 1.3, "raw": -1.2290943101253267, "score_physical": 30.5, "score_rank_pct": 24.93, "count_shop": 0, "count_supermarket": 0, "count_food": 0, "count_pharmacy": 0, "count_healthcare": 0, "count_education": 0, "count_fitness": 0, "count_office": 0, "count_bank": 0, "count_transport": 0, "count_leisure": 0, "count_fuel": 0, "feat_unsuitable_frac": 0.0, "feat_industrial_frac": 0.0, "feat_residential": 0.0, "feat_commercial": 0.0, "feat_road_density": 0.0, "feat_mixed_use": -0.0, "feat_isolation": 1.0, "feat_anchor_proximity": 0.098502979495891013, "feat_low_connectivity": 1.0, "raw_lu_frac_unsuitable": 0.0, "raw_lu_frac_residential": 0.0, "raw_lu_frac_commercial": 0.0, "raw_lu_frac_industrial": 0.0 }, "geometry": { "type": "Polygon", "coordinates": [ [ [ -41.810958110485714, -22.454969346806394 ], [ -41.809900828561567, -22.453426168496975 ], [ -41.810890911495676, -22.451850995611398 ], [ -41.812938271415938, -22.451819008762538 ], [ -41.813995558423258, -22.453362195474021 ], [ -41.813005480428487, -22.454937360632236 ], [ -41.810958110485714, -22.454969346806394 ] ] ] } },
{ "type": "Feature", "properties": { "h3": "89a8b1b032bffff", "lat": -22.464642148170832, "lon": -41.790685729783078, "area_km2": 0.12844719816362343, "score": 21.845170845194676, "class": "ruim", "direct_activity_score": 21.845170845194676, "neighborhood_inherited_score": 0.0, "pos_food": 0.0, "pos_shop": 0.0, "pos_supermarket": 0.0, "pos_pharmacy": 0.0, "pos_fitness": 0.0, "pos_education": 0.0, "pos_healthcare": 0.0, "pos_office": 0.0, "pos_bank": 0.0, "pos_transport": 0.0, "pos_leisure": 0.0, "pos_fuel": 0.0, "pos_residential": 0.0, "pos_commercial": 0.0, "pos_mixed_use": 0.0, "pos_road_density": 0.0, "pos_anchor_proximity": 0.0, "positive_total": 0.0, "pen_unsuitable_landuse": 0.0, "pen_industrial": 0.0, "pen_isolation": 0.9, "pen_low_connectivity": 0.4, "penalty_total": 1.3, "raw": -1.3, "score_physical": 29.89, "score_rank_pct": 3.08, "count_shop": 0, "count_supermarket": 0, "count_food": 0, "count_pharmacy": 0, "count_healthcare": 0, "count_education": 0, "count_fitness": 0, "count_office": 0, "count_bank": 0, "count_transport": 0, "count_leisure": 0, "count_fuel": 0, "feat_unsuitable_frac": 0.0, "feat_industrial_frac": 0.0, "feat_residential": 0.0, "feat_commercial": 0.0, "feat_road_density": 0.0, "feat_mixed_use": -0.0, "feat_isolation": 1.0, "feat_anchor_proximity": 0.070523900920739319, "feat_low_connectivity": 1.0, "raw_lu_frac_unsuitable": 0.0, "raw_lu_frac_residential": 0.0, "raw_lu_frac_commercial": 0.0, "raw_lu_frac_industrial": 0.0 }, "geometry": { "type": "Polygon", "coordinates": [ [ [ -41.78969557953689, -22.466216980273497 ], [ -41.788638333363046, -22.464673860851057 ], [ -41.789628483495179, -22.463099020681501 ], [ -41.791675874903071, -22.463067307647947 ], [ -41.792733126202108, -22.464610435490602 ], [ -41.791742980969389, -22.466185267946546 ], [ -41.78969557953689, -22.466216980273497 ] ] ] } },
{ "type": "Feature", "properties": { "h3": "89a8b1b0847ffff", "lat": -22.446964867131769, "lon": -41.824097861601643, "area_km2": 0.12845371499541691, "score": 30.0, "class": "ruim", "direct_activity_score": 30.0, "neighborhood_inherited_score": 0.0, "pos_food": 0.0, "pos_shop": 0.0, "pos_supermarket": 0.0, "pos_pharmacy": 0.0, "pos_fitness": 0.0, "pos_education": 0.0, "pos_healthcare": 0.0, "pos_office": 0.0, "pos_bank": 0.0, "pos_transport": 0.0, "pos_leisure": 0.0, "pos_fuel": 0.0, "pos_residential": 0.0, "pos_commercial": 0.0, "pos_mixed_use": 0.0, "pos_road_density": 0.0, "pos_anchor_proximity": 0.11303963407668592, "positive_total": 0.11303963407668592, "pen_unsuitable_landuse": 0.0, "pen_industrial": 0.0, "pen_isolation": 0.9, "pen_low_connectivity": 0.4, "penalty_total": 1.3, "raw": -1.1869603659233141, "score_physical": 30.85, "score_rank_pct": 33.33, "count_shop": 0, "count_supermarket": 0, "count_food": 0, "count_pharmacy": 0, "count_healthcare": 0, "count_education": 0, "count_fitness": 0, "count_office": 0, "count_bank": 0, "count_transport": 0, "count_leisure": 0, "count_fuel": 0, "feat_unsuitable_frac": 0.0, "feat_industrial_frac": 0.0, "feat_residential": 0.0, "feat_commercial": 0.0, "feat_road_density": 0.0, "feat_mixed_use": -0.0, "feat_isolation": 1.0, "feat_anchor_proximity": 0.11512885165922282, "feat_low_connectivity": 1.0, "raw_lu_frac_unsuitable": 0.0, "raw_lu_frac_residential": 0.0, "raw_lu_frac_commercial": 0.0, "raw_lu_frac_industrial": 0.0 }, "geometry": { "type": "Polygon", "coordinates": [ [ [ -41.823107817136894, -22.448540221915849 ], [ -41.822050514916036, -22.446997010013753 ], [ -41.823040559330579, -22.445421647166238 ], [ -41.825087901005155, -22.44538950395599 ], [ -41.826145208285183, -22.446932724249788 ], [ -41.825155168832779, -22.448508079362071 ], [ -41.823107817136894, -22.448540221915849 ] ] ] } },
{ "type": "Feature", "properties": { "h3": "89a8b1a2553ffff", "lat": -22.408022305140697, "lon": -41.820186295995988, "area_km2": 0.12846614239873649, "score": 15.0, "class": "muito ruim", "direct_activity_score": 14.24097672418595, "neighborhood_inherited_score": 0.75902327581404982, "pos_food": 0.27550357374918799, "pos_shop": 0.12656467315716274, "pos_supermarket": 0.35779816513761464, "pos_pharmacy": 0.0, "pos_fitness": 0.38558467741935493, "pos_education": 0.87032967032967024, "pos_healthcare": 0.0, "pos_office": 0.0, "pos_bank": 0.0, "pos_transport": 0.61875, "pos_leisure": 0.024042742653606414, "pos_fuel": 0.0, "pos_residential": 0.32672453215069469, "pos_commercial": 0.0, "pos_mixed_use": 1.0970362583778435, "pos_road_density": 0.40065544730734237, "pos_anchor_proximity": 1.2476467972127312, "positive_total": 5.7306365374952088, "pen_unsuitable_landuse": 2.2, "pen_industrial": 0.0, "pen_isolation": 0.0066751706087589289, "pen_low_connectivity": 0.23973782107706307, "penalty_total": 2.4464129916858224, "raw": 3.2842235458093865, "score_physical": 57.19, "score_rank_pct": 76.19, "count_shop": 0, "count_supermarket": 0, "count_food": 0, "count_pharmacy": 0, "count_healthcare": 0, "count_education": 0, "count_fitness": 0, "count_office": 0, "count_bank": 0, "count_transport": 0, "count_leisure": 0, "count_fuel": 0, "feat_unsuitable_frac": 6.7976279895771272, "feat_industrial_frac": 0.0, "feat_residential": 0.20996717798854064, "feat_commercial": 0.0, "feat_road_density": 59233.876095618049, "feat_mixed_use": 0.5811389971942964, "feat_isolation": 0.0074168562319543649, "feat_anchor_proximity": 0.56283993134018395, "feat_low_connectivity": 0.59934455269265763, "raw_lu_frac_unsuitable": 1.0, "raw_lu_frac_residential": 0.0, "raw_lu_frac_commercial": 0.0, "raw_lu_frac_industrial": 0.0 }, "geometry": { "type": "Polygon", "coordinates": [ [ [ -41.819196302746462, -22.409598329717944 ], [ -41.818139075004716, -22.408054417538747 ], [ -41.819129068196467, -22.406478384909082 ], [ -41.821176284177149, -22.406446272179871 ], [ -41.822233516985143, -22.407990192742652 ], [ -41.821243528747551, -22.40956621765103 ], [ -41.819196302746462, -22.409598329717944 ] ] ] } },
{ "type": "Feature", "properties": { "h3": "89a8b1a248bffff", "lat": -22.423812850394324, "lon": -41.808238880935932, "area_km2": 0.12846079122598414, "score": 30.0, "class": "ruim", "direct_activity_score": 30.0, "neighborhood_inherited_score": 0.0, "pos_food": 0.0, "pos_shop": 0.0, "pos_supermarket": 0.0, "pos_pharmacy": 0.0, "pos_fitness": 0.0, "pos_education": 0.0, "pos_healthcare": 0.0, "pos_office": 0.0, "pos_bank": 0.0, "pos_transport": 0.0, "pos_leisure": 0.0, "pos_fuel": 0.0, "pos_residential": 0.0, "pos_commercial": 0.0, "pos_mixed_use": 0.0, "pos_road_density": 0.0, "pos_anchor_proximity": 0.49270202037483768, "positive_total": 0.49270202037483768, "pen_unsuitable_landuse": 0.0, "pen_industrial": 0.0, "pen_isolation": 0.9, "pen_low_connectivity": 0.4, "penalty_total": 1.3, "raw": -0.80729797962516237, "score_physical": 33.89, "score_rank_pct": 66.67, "count_shop": 0, "count_supermarket": 0, "count_food": 0, "count_pharmacy": 0, "count_healthcare": 0, "count_education": 0, "count_fitness": 0, "count_office": 0, "count_bank": 0, "count_transport": 0, "count_leisure": 0, "count_fuel": 0, "feat_unsuitable_frac": 0.0, "feat_industrial_frac": 0.0, "feat_residential": 0.0, "feat_commercial": 0.0, "feat_road_density": 0.0, "feat_mixed_use": -0.0, "feat_isolation": 1.0, "feat_anchor_proximity": 0.26494198734750357, "feat_low_connectivity": 1.0, "raw_lu_frac_unsuitable": 0.0, "raw_lu_frac_residential": 0.0, "raw_lu_frac_commercial": 0.0, "raw_lu_frac_industrial": 0.0 }, "geometry": { "type": "Polygon", "coordinates": [ [ [ -41.80724883513043, -22.425388519764471 ], [ -41.806191611694857, -22.423844804598858 ], [ -41.80718165741979, -22.422269127172417 ], [ -41.809228921649726, -22.422237172627732 ], [ -41.810286150175301, -22.42378089618979 ], [ -41.809296109382259, -22.425356565900042 ], [ -41.80724883513043, -22.425388519764471 ] ] ] } },
{ "type": "Feature", "properties": { "h3": "89a8b1b0e4fffff", "lat": -22.456703928406391, "lon": -41.799731153970285, "area_km2": 0.12844999295213982, "score": 25.781437236160386, "class": "ruim", "direct_activity_score": 25.781437236160386, "neighborhood_inherited_score": 0.0, "pos_food": 0.0, "pos_shop": 0.0, "pos_supermarket": 0.0, "pos_pharmacy": 0.0, "pos_fitness": 0.0, "pos_education": 0.0, "pos_healthcare": 0.0, "pos_office": 0.0, "pos_bank": 0.0, "pos_transport": 0.0, "pos_leisure": 0.0, "pos_fuel": 0.0, "pos_residential": 0.0, "pos_commercial": 0.0, "pos_mixed_use": 0.0, "pos_road_density": 0.0, "pos_anchor_proximity": 0.039544811112002122, "positive_total": 0.039544811112002122, "pen_unsuitable_landuse": 0.0, "pen_industrial": 0.0, "pen_isolation": 0.9, "pen_low_connectivity": 0.4, "penalty_total": 1.3, "raw": -1.260455188887998, "score_physical": 30.23, "score_rank_pct": 15.41, "count_shop": 0, "count_supermarket": 0, "count_food": 0, "count_pharmacy": 0, "count_healthcare": 0, "count_education": 0, "count_fitness": 0, "count_office": 0, "count_bank": 0, "count_transport": 0, "count_leisure": 0, "count_fuel": 0, "feat_unsuitable_frac": 0.0, "feat_industrial_frac": 0.0, "feat_residential": 0.0, "feat_commercial": 0.0, "feat_road_density": 0.0, "feat_mixed_use": -0.0, "feat_isolation": 1.0, "feat_anchor_proximity": 0.086128112364106751, "feat_low_connectivity": 1.0, "raw_lu_frac_unsuitable": 0.0, "raw_lu_frac_residential": 0.0, "raw_lu_frac_commercial": 0.0, "raw_lu_frac_industrial": 0.0 }, "geometry": { "type": "Polygon", "coordinates": [ [ [ -41.798741037190972, -22.458278958396917 ], [ -41.797683780999982, -22.456735759164328 ], [ -41.798673897682505, -22.455160721108719 ], [ -41.800721265641023, -22.455128890004247 ], [ -41.801778526939287, -22.456672097648454 ], [ -41.800788415173102, -22.458247127985484 ], [ -41.798741037190972, -22.458278958396917 ] ] ] } },
{ "type": "Feature", "properties": { "h3": "89a8b1a205bffff", "lat": -22.395925171848084, "lon": -41.795351194851534, "area_km2": 0.12846941295564812, "score": 99.048892214886791, "class": "muito bom", "direct_activity_score": 65.471772425519319, "neighborhood_inherited_score": 33.577119789367472, "pos_food": 1.2735542560103974, "pos_shop": 1.4, "pos_supermarket": 1.3, "pos_pharmacy": 1.1, "pos_fitness": 1.0, "pos_education": 0.75164835164835164, "pos_healthcare": 0.72727272727272729, "pos_office": 0.64144736842105321, "pos_bank": 0.7, "pos_transport": 1.1, "pos_leisure": 0.6, "pos_fuel": 0.5, "pos_residential": 1.0, "pos_commercial": 1.2, "pos_mixed_use": 1.5, "pos_road_density": 1.0, "pos_anchor_proximity": 1.7361496995826575, "positive_total": 17.530072402935183, "pen_unsuitable_landuse": 1.2834041538943368, "pen_industrial": 0.0, "pen_isolation": 1.4553386964827166e-09, "pen_low_connectivity": 0.0, "penalty_total": 1.2834041553496756, "raw": 16.246668247585507, "score_physical": 99.96, "score_rank_pct": 96.92, "count_shop": 0, "count_supermarket": 0, "count_food": 0, "count_pharmacy": 0, "count_healthcare": 0, "count_education": 0, "count_fitness": 0, "count_office": 0, "count_bank": 0, "count_transport": 4, "count_leisure": 1, "count_fuel": 0, "feat_unsuitable_frac": 0.58336552449742574, "feat_industrial_frac": 0.0, "feat_residential": 0.87456322410570553, "feat_commercial": 0.14112519057952466, "feat_road_density": 194092.8100321847, "feat_mixed_use": 0.81758370004914249, "feat_isolation": 1.6170429960919074e-09, "feat_anchor_proximity": 0.7556010639623465, "feat_low_connectivity": 0.0, "raw_lu_frac_unsuitable": 0.23913549850045035, "raw_lu_frac_residential": 0.013661606316565187, "raw_lu_frac_commercial": 0.0, "raw_lu_frac_industrial": 0.0 }, "geometry": { "type": "Polygon", "coordinates": [ [ [ -41.794361162132766, -22.397501258095836 ], [ -41.79330401785429, -22.395956977459157 ], [ -41.794294050467791, -22.394380883163496 ], [ -41.796341222453947, -22.394349077202584 ], [ -41.797398371847336, -22.395893366237011 ], [ -41.796408344140978, -22.39746945283456 ], [ -41.794361162132766, -22.397501258095836 ] ] ] } },
{ "type": "Feature", "properties": { "h3": "89a8b1b086bffff", "lat": -22.440727497467023, "lon": -41.823963337284162, "area_km2": 0.12845572050243639, "score": 30.0, "class": "ruim", "direct_activity_score": 30.0, "neighborhood_inherited_score": 0.0, "pos_food": 0.0, "pos_shop": 0.0, "pos_supermarket": 0.0, "pos_pharmacy": 0.0, "pos_fitness": 0.0, "pos_education": 0.0, "pos_healthcare": 0.0, "pos_office": 0.0, "pos_bank": 0.0, "pos_transport": 0.0, "pos_leisure": 0.0, "pos_fuel": 0.0, "pos_residential": 0.0, "pos_commercial": 0.0, "pos_mixed_use": 0.0, "pos_road_density": 0.0, "pos_anchor_proximity": 0.17256881025915868, "positive_total": 0.17256881025915868, "pen_unsuitable_landuse": 0.0, "pen_industrial": 0.0, "pen_isolation": 0.9, "pen_low_connectivity": 0.4, "penalty_total": 1.3, "raw": -1.1274311897408413, "score_physical": 31.35, "score_rank_pct": 42.3, "count_shop": 0, "count_supermarket": 0, "count_food": 0, "count_pharmacy": 0, "count_healthcare": 0, "count_education": 0, "count_fitness": 0, "count_office": 0, "count_bank": 0, "count_transport": 0, "count_leisure": 0, "count_fuel": 0, "feat_unsuitable_frac": 0.0, "feat_industrial_frac": 0.0, "feat_residential": 0.0, "feat_commercial": 0.0, "feat_road_density": 0.0, "feat_mixed_use": -0.0, "feat_isolation": 1.0, "feat_anchor_proximity": 0.13861880713201172, "feat_low_connectivity": 1.0, "raw_lu_frac_unsuitable": 0.0, "raw_lu_frac_residential": 0.0, "raw_lu_frac_commercial": 0.0, "raw_lu_frac_industrial": 0.0 }, "geometry": { "type": "Polygon", "coordinates": [ [ [ -41.822973302182376, -22.442302962659404 ], [ -41.82191601064099, -22.440759641662126 ], [ -41.822906045692292, -22.439184168408058 ], [ -41.824953367324518, -22.439152023884603 ], [ -41.826010663925246, -22.44069535327192 ], [ -41.825020633835742, -22.442270818792604 ], [ -41.822973302182376, -22.442302962659404 ] ] ] } },
{ "type": "Feature", "properties": { "h3": "89a8b1b0bd3ffff", "lat": -22.437608648020976, "lon": -41.823896076112639, "area_km2": 0.1284567227652198, "score": 30.0, "class": "ruim", "direct_activity_score": 30.0, "neighborhood_inherited_score": 0.0, "pos_food": 0.0, "pos_shop": 0.0, "pos_supermarket": 0.0, "pos_pharmacy": 0.0, "pos_fitness": 0.0, "pos_education": 0.0, "pos_healthcare": 0.0, "pos_office": 0.0, "pos_bank": 0.0, "pos_transport": 0.0, "pos_leisure": 0.0, "pos_fuel": 0.0, "pos_residential": 0.0, "pos_commercial": 0.0, "pos_mixed_use": 0.0, "pos_road_density": 0.0, "pos_anchor_proximity": 0.21209914777941546, "positive_total": 0.21209914777941546, "pen_unsuitable_landuse": 0.0, "pen_industrial": 0.0, "pen_isolation": 0.9, "pen_low_connectivity": 0.4, "penalty_total": 1.3, "raw": -1.0879008522205846, "score_physical": 31.67, "score_rank_pct": 49.3, "count_shop": 0, "count_supermarket": 0, "count_food": 0, "count_pharmacy": 0, "count_healthcare": 0, "count_education": 0, "count_fitness": 0, "count_office": 0, "count_bank": 0, "count_transport": 0, "count_leisure": 0, "count_fuel": 0, "feat_unsuitable_frac": 0.0, "feat_industrial_frac": 0.0, "feat_residential": 0.0, "feat_commercial": 0.0, "feat_road_density": 0.0, "feat_mixed_use": -0.0, "feat_isolation": 1.0, "feat_anchor_proximity": 0.15421730735867112, "feat_low_connectivity": 1.0, "raw_lu_frac_unsuitable": 0.0, "raw_lu_frac_residential": 0.0, "raw_lu_frac_commercial": 0.0, "raw_lu_frac_industrial": 0.0 }, "geometry": { "type": "Polygon", "coordinates": [ [ [ -41.822906045692292, -22.439184168408058 ], [ -41.821848759490543, -22.437640792872791 ], [ -41.822838789860285, -22.436065264424897 ], [ -41.824886101471492, -22.436033119244687 ], [ -41.825943392732647, -22.437576503169161 ], [ -41.824953367324518, -22.439152023884603 ], [ -41.822906045692292, -22.439184168408058 ] ] ] } },
{ "type": "Feature", "properties": { "h3": "89a8b1b1da3ffff", "lat": -22.452074167060776, "lon": -41.796559401423067, "area_km2": 0.12845140476829225, "score": 27.380792224572271, "class": "ruim", "direct_activity_score": 27.380792224572271, "neighborhood_inherited_score": 0.0, "pos_food": 0.0, "pos_shop": 0.0, "pos_supermarket": 0.0, "pos_pharmacy": 0.0, "pos_fitness": 0.0, "pos_education": 0.0, "pos_healthcare": 0.0, "pos_office": 0.0, "pos_bank": 0.0, "pos_transport": 0.0, "pos_leisure": 0.0, "pos_fuel": 0.0, "pos_residential": 0.0, "pos_commercial": 0.0, "pos_mixed_use": 0.0, "pos_road_density": 0.0, "pos_anchor_proximity": 0.054022329448222189, "positive_total": 0.054022329448222189, "pen_unsuitable_landuse": 0.0, "pen_industrial": 0.0, "pen_isolation": 0.9, "pen_low_connectivity": 0.4, "penalty_total": 1.3, "raw": -1.2459776705517778, "score_physical": 30.35, "score_rank_pct": 20.45, "count_shop": 0, "count_supermarket": 0, "count_food": 0, "count_pharmacy": 0, "count_healthcare": 0, "count_education": 0, "count_fitness": 0, "count_office": 0, "count_bank": 0, "count_transport": 0, "count_leisure": 0, "count_fuel": 0, "feat_unsuitable_frac": 0.0, "feat_industrial_frac": 0.0, "feat_residential": 0.0, "feat_commercial": 0.0, "feat_road_density": 0.0, "feat_mixed_use": -0.0, "feat_isolation": 1.0, "feat_anchor_proximity": 0.091840878487929295, "feat_low_connectivity": 1.0, "raw_lu_frac_unsuitable": 0.0, "raw_lu_frac_residential": 0.0, "raw_lu_frac_commercial": 0.0, "raw_lu_frac_industrial": 0.0 }, "geometry": { "type": "Polygon", "coordinates": [ [ [ -41.795569284410732, -22.453649260010657 ], [ -41.794512044013842, -22.452105960095135 ], [ -41.795502160923334, -22.450530859081599 ], [ -41.797549513320746, -22.450499065698327 ], [ -41.79860675883107, -22.452042374026416 ], [ -41.797616646831877, -22.453617467325177 ], [ -41.795569284410732, -22.453649260010657 ] ] ] } },
{ "type": "Feature", "properties": { "h3": "89a8b1a24afffff", "lat": -22.415869962524081, "lon": -41.817283528225815, "area_km2": 0.12846355742976315, "score": 59.596077752196209, "class": "médio", "direct_activity_score": 71.527070234497231, "neighborhood_inherited_score": 0.0, "pos_food": 0.51895170023825032, "pos_shop": 0.029207232267037551, "pos_supermarket": 0.13417431192660551, "pos_pharmacy": 0.0, "pos_fitness": 0.49647177419354854, "pos_education": 0.32967032967032966, "pos_healthcare": 0.0, "pos_office": 0.0, "pos_bank": 0.0, "pos_transport": 0.19198113207547174, "pos_leisure": 0.090828138913624248, "pos_fuel": 0.0, "pos_residential": 0.13698094214585826, "pos_commercial": 0.0, "pos_mixed_use": 1.1034612694413248, "pos_road_density": 0.14737990527145287, "pos_anchor_proximity": 1.8, "positive_total": 4.9791067361435033, "pen_unsuitable_landuse": 2.2, "pen_industrial": 0.0, "pen_isolation": 0.026427225912929401, "pen_low_connectivity": 0.34104803789141891, "penalty_total": 2.5674752638043481, "raw": 2.4116314723391552, "score_physical": 53.08, "score_rank_pct": 74.79, "count_shop": 0, "count_supermarket": 0, "count_food": 4, "count_pharmacy": 0, "count_healthcare": 0, "count_education": 0, "count_fitness": 1, "count_office": 0, "count_bank": 0, "count_transport": 1, "count_leisure": 0, "count_fuel": 0, "feat_unsuitable_frac": 4.2063693252138012, "feat_industrial_frac": 0.0, "feat_residential": 0.08802982032372085, "feat_commercial": 0.0, "feat_road_density": 21789.003759972544, "feat_mixed_use": 0.58454255332827043, "feat_isolation": 0.029363584347699333, "feat_anchor_proximity": 0.94971973063435067, "feat_low_connectivity": 0.85262009472854716, "raw_lu_frac_unsuitable": 0.28930212633552804, "raw_lu_frac_residential": 0.023705151278346971, "raw_lu_frac_commercial": 0.0, "raw_lu_frac_industrial": 0.0 }, "geometry": { "type": "Polygon", "coordinates": [ [ [ -41.816293515977748, -22.417445829393191 ], [ -41.815236282629577, -22.415902034557671 ], [ -41.816226294814349, -22.414326159634079 ], [ -41.818273535399811, -22.414294087267148 ], [ -41.819330773820056, -22.41583789049049 ], [ -41.8183407665841, -22.417413757692913 ], [ -41.816293515977748, -22.417445829393191 ] ] ] } },
{ "type": "Feature", "properties": { "h3": "89a8b1b0b0bffff", "lat": -22.426643561184704, "lon": -41.826731589832427, "area_km2": 0.12846031245819226, "score": 30.0, "class": "ruim", "direct_activity_score": 30.0, "neighborhood_inherited_score": 0.0, "pos_food": 0.0, "pos_shop": 0.0, "pos_supermarket": 0.0, "pos_pharmacy": 0.0, "pos_fitness": 0.0, "pos_education": 0.0, "pos_healthcare": 0.0, "pos_office": 0.0, "pos_bank": 0.0, "pos_transport": 0.0, "pos_leisure": 0.0, "pos_fuel": 0.0, "pos_residential": 0.0, "pos_commercial": 0.0, "pos_mixed_use": 0.0, "pos_road_density": 0.0, "pos_anchor_proximity": 0.39881167272147416, "positive_total": 0.39881167272147416, "pen_unsuitable_landuse": 0.11379454119046133, "pen_industrial": 0.0, "pen_isolation": 0.9, "pen_low_connectivity": 0.4, "penalty_total": 1.4137945411904616, "raw": -1.0149828684689874, "score_physical": 32.26, "score_rank_pct": 56.3, "count_shop": 0, "count_supermarket": 0, "count_food": 0, "count_pharmacy": 0, "count_healthcare": 0, "count_education": 0, "count_fitness": 0, "count_office": 0, "count_bank": 0, "count_transport": 0, "count_leisure": 0, "count_fuel": 0, "feat_unsuitable_frac": 0.051724791450209688, "feat_industrial_frac": 0.0, "feat_residential": 0.0, "feat_commercial": 0.0, "feat_road_density": 0.0, "feat_mixed_use": -0.0, "feat_isolation": 1.0, "feat_anchor_proximity": 0.22789326221578338, "feat_low_connectivity": 1.0, "raw_lu_frac_unsuitable": 0.0, "raw_lu_frac_residential": 0.0, "raw_lu_frac_commercial": 0.0, "raw_lu_frac_industrial": 0.0 }, "geometry": { "type": "Polygon", "coordinates": [ [ [ -41.82574158310419, -22.428219294558144 ], [ -41.824684307861439, -22.426675747060585 ], [ -41.825674314544457, -22.425100005629247 ], [ -41.827721591504762, -22.425067819427102 ], [ -41.828778871801184, -22.426611375308823 ], [ -41.827788870084952, -22.428187109008487 ], [ -41.82574158310419, -22.428219294558144 ] ] ] } },
{ "type": "Feature", "properties": { "h3": "89a8b1b1973ffff", "lat": -22.424194442211761, "lon": -41.78367167494703, "area_km2": 0.12846003618399837, "score": 30.0, "class": "ruim", "direct_activity_score": 30.0, "neighborhood_inherited_score": 0.0, "pos_food": 0.0, "pos_shop": 0.0, "pos_supermarket": 0.0, "pos_pharmacy": 0.0, "pos_fitness": 0.0, "pos_education": 0.0, "pos_healthcare": 0.0, "pos_office": 0.0, "pos_bank": 0.0, "pos_transport": 0.0, "pos_leisure": 0.0, "pos_fuel": 0.0, "pos_residential": 0.0, "pos_commercial": 0.0, "pos_mixed_use": 0.0, "pos_road_density": 0.0, "pos_anchor_proximity": 0.2083350136987126, "positive_total": 0.2083350136987126, "pen_unsuitable_landuse": 0.0, "pen_industrial": 0.0, "pen_isolation": 0.9, "pen_low_connectivity": 0.4, "penalty_total": 1.3, "raw": -1.0916649863012875, "score_physical": 31.64, "score_rank_pct": 48.18, "count_shop": 0, "count_supermarket": 0, "count_food": 0, "count_pharmacy": 0, "count_healthcare": 0, "count_education": 0, "count_fitness": 0, "count_office": 0, "count_bank": 0, "count_transport": 0, "count_leisure": 0, "count_fuel": 0, "feat_unsuitable_frac": 0.0, "feat_industrial_frac": 0.0, "feat_residential": 0.0, "feat_commercial": 0.0, "feat_road_density": 0.0, "feat_mixed_use": -0.0, "feat_isolation": 1.0, "feat_anchor_proximity": 0.15273199632936527, "feat_low_connectivity": 1.0, "raw_lu_frac_unsuitable": 0.0, "raw_lu_frac_residential": 0.0, "raw_lu_frac_commercial": 0.0, "raw_lu_frac_industrial": 0.0 }, "geometry": { "type": "Polygon", "coordinates": [ [ [ -41.782681571115859, -22.425769952493663 ], [ -41.781624409977319, -22.42422608664177 ], [ -41.78261451368094, -22.422650568304533 ], [ -41.784661773638881, -22.42261892351593 ], [ -41.78571893991576, -22.424162797781751 ], [ -41.784728841097703, -22.425738308422215 ], [ -41.782681571115859, -22.425769952493663 ] ] ] } },
{ "type": "Feature", "properties": { "h3": "89a8b1b0a4fffff", "lat": -22.434873575581257, "lon": -41.799261158426887, "area_km2": 0.12845701231893097, "score": 30.0, "class": "ruim", "direct_activity_score": 30.0, "neighborhood_inherited_score": 0.0, "pos_food": 0.0, "pos_shop": 0.0, "pos_supermarket": 0.0, "pos_pharmacy": 0.0, "pos_fitness": 0.0, "pos_education": 0.0, "pos_healthcare": 0.0, "pos_office": 0.0, "pos_bank": 0.0, "pos_transport": 0.0, "pos_leisure": 0.0, "pos_fuel": 0.0, "pos_residential": 0.0, "pos_commercial": 0.0, "pos_mixed_use": 0.0, "pos_road_density": 0.0, "pos_anchor_proximity": 0.18089229514388427, "positive_total": 0.18089229514388427, "pen_unsuitable_landuse": 0.0, "pen_industrial": 0.0, "pen_isolation": 0.9, "pen_low_connectivity": 0.4, "penalty_total": 1.3, "raw": -1.1191077048561158, "score_physical": 31.42, "score_rank_pct": 44.82, "count_shop": 0, "count_supermarket": 0, "count_food": 0, "count_pharmacy": 0, "count_healthcare": 0, "count_education": 0, "count_fitness": 0, "count_office": 0, "count_bank": 0, "count_transport": 0, "count_leisure": 0, "count_fuel": 0, "feat_unsuitable_frac": 0.0, "feat_industrial_frac": 0.0, "feat_residential": 0.0, "feat_commercial": 0.0, "feat_road_density": 0.0, "feat_mixed_use": -0.0, "feat_isolation": 1.0, "feat_anchor_proximity": 0.14190321827053176, "feat_low_connectivity": 1.0, "raw_lu_frac_unsuitable": 0.0, "raw_lu_frac_residential": 0.0, "raw_lu_frac_commercial": 0.0, "raw_lu_frac_industrial": 0.0 }, "geometry": { "type": "Polygon", "coordinates": [ [ [ -41.798271074429088, -22.436448992147724 ], [ -41.79721385561956, -22.434905411192869 ], [ -41.798203939519652, -22.433329986567436 ], [ -41.800251237315464, -22.433298150608934 ], [ -41.801308461232821, -22.434841739969645 ], [ -41.800318382247859, -22.43641715688295 ], [ -41.798271074429088, -22.436448992147724 ] ] ] } },
{ "type": "Feature", "properties": { "h3": "89a8b1b0e73ffff", "lat": -22.45660831982282, "lon": -41.805873274408981, "area_km2": 0.12845017710356829, "score": 26.505594226704048, "class": "ruim", "direct_activity_score": 26.505594226704048, "neighborhood_inherited_score": 0.0, "pos_food": 0.0, "pos_shop": 0.0, "pos_supermarket": 0.0, "pos_pharmacy": 0.0, "pos_fitness": 0.0, "pos_education": 0.0, "pos_healthcare": 0.0, "pos_office": 0.0, "pos_bank": 0.0, "pos_transport": 0.0, "pos_leisure": 0.0, "pos_fuel": 0.0, "pos_residential": 0.0, "pos_commercial": 0.0, "pos_mixed_use": 0.0, "pos_road_density": 0.0, "pos_anchor_proximity": 0.048197186526060205, "positive_total": 0.048197186526060205, "pen_unsuitable_landuse": 0.0, "pen_industrial": 0.0, "pen_isolation": 0.9, "pen_low_connectivity": 0.4, "penalty_total": 1.3, "raw": -1.2518028134739398, "score_physical": 30.3, "score_rank_pct": 17.65, "count_shop": 0, "count_supermarket": 0, "count_food": 0, "count_pharmacy": 0, "count_healthcare": 0, "count_education": 0, "count_fitness": 0, "count_office": 0, "count_bank": 0, "count_transport": 0, "count_leisure": 0, "count_fuel": 0, "feat_unsuitable_frac": 0.0, "feat_industrial_frac": 0.0, "feat_residential": 0.0, "feat_commercial": 0.0, "feat_road_density": 0.0, "feat_mixed_use": -0.0, "feat_isolation": 1.0, "feat_anchor_proximity": 0.089542302283132022, "feat_low_connectivity": 1.0, "raw_lu_frac_unsuitable": 0.0, "raw_lu_frac_residential": 0.0, "raw_lu_frac_commercial": 0.0, "raw_lu_frac_industrial": 0.0 }, "geometry": { "type": "Polygon", "coordinates": [ [ [ -41.804883172162967, -22.458183389618057 ], [ -41.803825900423185, -22.456640228120534 ], [ -41.804816002584154, -22.455065150259987 ], [ -41.806863371558322, -22.455033241620338 ], [ -41.807920648393292, -22.456576411525102 ], [ -41.806930551160242, -22.45815148166222 ], [ -41.804883172162967, -22.458183389618057 ] ] ] } },
{ "type": "Feature", "properties": { "h3": "89a8b1b0a43ffff", "lat": -22.437992526649872, "lon": -41.79932829867623, "area_km2": 0.12845601053402961, "score": 30.0, "class": "ruim", "direct_activity_score": 30.0, "neighborhood_inherited_score": 0.0, "pos_food": 0.0, "pos_shop": 0.0, "pos_supermarket": 0.0, "pos_pharmacy": 0.0, "pos_fitness": 0.0, "pos_education": 0.0, "pos_healthcare": 0.0, "pos_office": 0.0, "pos_bank": 0.0, "pos_transport": 0.0, "pos_leisure": 0.0, "pos_fuel": 0.0, "pos_residential": 0.0, "pos_commercial": 0.0, "pos_mixed_use": 0.0, "pos_road_density": 0.0, "pos_anchor_proximity": 0.15147145076765636, "positive_total": 0.15147145076765636, "pen_unsuitable_landuse": 0.0, "pen_industrial": 0.0, "pen_isolation": 0.9, "pen_low_connectivity": 0.4, "penalty_total": 1.3, "raw": -1.1485285492323436, "score_physical": 31.17, "score_rank_pct": 40.9, "count_shop": 0, "count_supermarket": 0, "count_food": 0, "count_pharmacy": 0, "count_healthcare": 0, "count_education": 0, "count_fitness": 0, "count_office": 0, "count_bank": 0, "count_transport": 0, "count_leisure": 0, "count_fuel": 0, "feat_unsuitable_frac": 0.0, "feat_industrial_frac": 0.0, "feat_residential": 0.0, "feat_commercial": 0.0, "feat_road_density": 0.0, "feat_mixed_use": -0.0, "feat_isolation": 1.0, "feat_anchor_proximity": 0.13029388031747396, "feat_low_connectivity": 1.0, "raw_lu_frac_unsuitable": 0.0, "raw_lu_frac_residential": 0.0, "raw_lu_frac_commercial": 0.0, "raw_lu_frac_industrial": 0.0 }, "geometry": { "type": "Polygon", "coordinates": [ [ [ -41.798338209995478, -22.439567888010089 ], [ -41.797280985845909, -22.438024361567791 ], [ -41.798271074429088, -22.436448992147724 ], [ -41.800318382247859, -22.43641715688295 ], [ -41.801375611505186, -22.437960691731949 ], [ -41.800385527837314, -22.439536053438957 ], [ -41.798338209995478, -22.439567888010089 ] ] ] } },
{ "type": "Feature", "properties": { "h3": "89a8b1a259bffff", "lat": -22.41567706581607, "lon": -41.829567007024878, "area_km2": 0.12846389721589638, "score": 2.4678049587601976, "class": "muito ruim", "direct_activity_score": 30.0, "neighborhood_inherited_score": 0.0, "pos_food": 0.0, "pos_shop": 0.0, "pos_supermarket": 0.0, "pos_pharmacy": 0.0, "pos_fitness": 0.0, "pos_education": 0.0, "pos_healthcare": 0.0, "pos_office": 0.0, "pos_bank": 0.0, "pos_transport": 0.0, "pos_leisure": 0.0, "pos_fuel": 0.0, "pos_residential": 0.0, "pos_commercial": 0.0, "pos_mixed_use": 0.0, "pos_road_density": 0.0, "pos_anchor_proximity": 0.49833087544205684, "positive_total": 0.49833087544205684, "pen_unsuitable_landuse": 2.2, "pen_industrial": 0.0, "pen_isolation": 0.9, "pen_low_connectivity": 0.4, "penalty_total": 3.5, "raw": -3.0016691245579432, "score_physical": 3.29, "score_rank_pct": 0.56, "count_shop": 0, "count_supermarket": 0, "count_food": 0, "count_pharmacy": 0, "count_healthcare": 0, "count_education": 0, "count_fitness": 0, "count_office": 0, "count_bank": 0, "count_transport": 0, "count_leisure": 0, "count_fuel": 0, "feat_unsuitable_frac": 3.3488018178349321, "feat_industrial_frac": 0.0, "feat_residential": 0.0, "feat_commercial": 0.0, "feat_road_density": 0.0, "feat_mixed_use": -0.0, "feat_isolation": 1.0, "feat_anchor_proximity": 0.26716310921363634, "feat_low_connectivity": 1.0, "raw_lu_frac_unsuitable": 0.15037116730815581, "raw_lu_frac_residential": 0.0, "raw_lu_frac_commercial": 0.0, "raw_lu_frac_industrial": 0.0 }, "geometry": { "type": "Polygon", "coordinates": [ [ [ -41.828577023992572, -22.417253012079392 ], [ -41.827519759713851, -22.415709292684742 ], [ -41.828509742706331, -22.414133338366451 ], [ -41.830556985006886, -22.414101111173657 ], [ -41.83161425433353, -22.415644838947401 ], [ -41.830624276313017, -22.417220785534802 ], [ -41.828577023992572, -22.417253012079392 ] ] ] } },
{ "type": "Feature", "properties": { "h3": "89a8b1b1dc7ffff", "lat": -22.455382802247321, "lon": -41.784342332231176, "area_km2": 0.12845001600945002, "score": 23.037917685979291, "class": "ruim", "direct_activity_score": 23.037917685979291, "neighborhood_inherited_score": 0.0, "pos_food": 0.0, "pos_shop": 0.0, "pos_supermarket": 0.0, "pos_pharmacy": 0.0, "pos_fitness": 0.0, "pos_education": 0.0, "pos_healthcare": 0.0, "pos_office": 0.0, "pos_bank": 0.0, "pos_transport": 0.0, "pos_leisure": 0.0, "pos_fuel": 0.0, "pos_residential": 0.0, "pos_commercial": 0.0, "pos_mixed_use": 0.0, "pos_road_density": 0.0, "pos_anchor_proximity": 0.016557326898619888, "positive_total": 0.016557326898619888, "pen_unsuitable_landuse": 0.0, "pen_industrial": 0.0, "pen_isolation": 0.9, "pen_low_connectivity": 0.4, "penalty_total": 1.3, "raw": -1.2834426731013802, "score_physical": 30.03, "score_rank_pct": 6.72, "count_shop": 0, "count_supermarket": 0, "count_food": 0, "count_pharmacy": 0, "count_healthcare": 0, "count_education": 0, "count_fitness": 0, "count_office": 0, "count_bank": 0, "count_transport": 0, "count_leisure": 0, "count_fuel": 0, "feat_unsuitable_frac": 0.0, "feat_industrial_frac": 0.0, "feat_residential": 0.0, "feat_commercial": 0.0, "feat_road_density": 0.0, "feat_mixed_use": -0.0, "feat_isolation": 1.0, "feat_anchor_proximity": 0.077057350508632397, "feat_low_connectivity": 1.0, "raw_lu_frac_unsuitable": 0.0, "raw_lu_frac_residential": 0.0, "raw_lu_frac_commercial": 0.0, "raw_lu_frac_industrial": 0.0 }, "geometry": { "type": "Polygon", "coordinates": [ [ [ -41.783352181560353, -22.456957760292561 ], [ -41.78229496701789, -22.455414439510967 ], [ -41.783285117562514, -22.453839473401704 ], [ -41.785332477763625, -22.453807835779976 ], [ -41.786389697443603, -22.455351164983671 ], [ -41.785399551786291, -22.456926123386939 ], [ -41.783352181560353, -22.456957760292561 ] ] ] } },
{ "type": "Feature", "properties": { "h3": "89a8b1a24d3ffff", "lat": -22.427027932885252, "lon": -41.802164227688081, "area_km2": 0.12845960812865045, "score": 30.0, "class": "ruim", "direct_activity_score": 30.0, "neighborhood_inherited_score": 0.0, "pos_food": 0.0, "pos_shop": 0.0, "pos_supermarket": 0.0, "pos_pharmacy": 0.0, "pos_fitness": 0.0, "pos_education": 0.0, "pos_healthcare": 0.0, "pos_office": 0.0, "pos_bank": 0.0, "pos_transport": 0.0, "pos_leisure": 0.0, "pos_fuel": 0.0, "pos_residential": 0.0, "pos_commercial": 0.0, "pos_mixed_use": 0.0, "pos_road_density": 0.0, "pos_anchor_proximity": 0.31549068876058994, "positive_total": 0.31549068876058994, "pen_unsuitable_landuse": 0.0, "pen_industrial": 0.0, "pen_isolation": 0.9, "pen_low_connectivity": 0.4, "penalty_total": 1.3, "raw": -0.9845093112394101, "score_physical": 32.51, "score_rank_pct": 58.82, "count_shop": 0, "count_supermarket": 0, "count_food": 0, "count_pharmacy": 0, "count_healthcare": 0, "count_education": 0, "count_fitness": 0, "count_office": 0, "count_bank": 0, "count_transport": 0, "count_leisure": 0, "count_fuel": 0, "feat_unsuitable_frac": 0.0, "feat_industrial_frac": 0.0, "feat_residential": 0.0, "feat_commercial": 0.0, "feat_road_density": 0.0, "feat_mixed_use": -0.0, "feat_isolation": 1.0, "feat_anchor_proximity": 0.19501516228725807, "feat_low_connectivity": 1.0, "raw_lu_frac_unsuitable": 0.0, "raw_lu_frac_residential": 0.0, "raw_lu_frac_commercial": 0.0, "raw_lu_frac_industrial": 0.0 }, "geometry": { "type": "Polygon", "coordinates": [ [ [ -41.801174162659407, -22.428603507322656 ], [ -41.800116949421849, -22.427059808957711 ], [ -41.801107014358337, -22.425484226463382 ], [ -41.803154287613246, -22.425452350046214 ], [ -41.804211505952807, -22.426996056812794 ], [ -41.803221445936792, -22.428571631594867 ], [ -41.801174162659407, -22.428603507322656 ] ] ] } },
{ "type": "Feature", "properties": { "h3": "89a8b1a208bffff", "lat": -22.401974413745961, "lon": -41.807768617991115, "area_km2": 0.1284677869107837, "score": 91.739172047883443, "class": "muito bom", "direct_activity_score": 77.902043967854723, "neighborhood_inherited_score": 13.83712808002872, "pos_food": 1.2181069958847748, "pos_shop": 1.1206923195796632, "pos_supermarket": 1.2672018348623852, "pos_pharmacy": 0.6875, "pos_fitness": 0.86189516129032295, "pos_education": 1.2, "pos_healthcare": 1.0, "pos_office": 1.0, "pos_bank": 0.1590909090909092, "pos_transport": 1.1, "pos_leisure": 0.21104185218165636, "pos_fuel": 0.0, "pos_residential": 0.95138057895497719, "pos_commercial": 0.2931700900501214, "pos_mixed_use": 1.3975448678707991, "pos_road_density": 0.97648542326809951, "pos_anchor_proximity": 1.8, "positive_total": 15.244110033033712, "pen_unsuitable_landuse": 2.2, "pen_industrial": 0.017929274620903265, "pen_isolation": 3.7259439469066505e-08, "pen_low_connectivity": 0.0094058306927601986, "penalty_total": 2.2273351425731032, "raw": 13.016774890460608, "score_physical": 91.2, "score_rank_pct": 93.0, "count_shop": 2, "count_supermarket": 0, "count_food": 1, "count_pharmacy": 0, "count_healthcare": 0, "count_education": 0, "count_fitness": 0, "count_office": 1, "count_bank": 0, "count_transport": 2, "count_leisure": 0, "count_fuel": 0, "feat_unsuitable_frac": 1.0453864278298286, "feat_industrial_frac": 0.044823186552258157, "feat_residential": 0.61139790771556179, "feat_commercial": 0.02249287929258343, "feat_road_density": 144365.98069430457, "feat_mixed_use": 0.74032906100059193, "feat_isolation": 4.1399377187851668e-08, "feat_anchor_proximity": 0.94172706281095453, "feat_low_connectivity": 0.023514576731900494, "raw_lu_frac_unsuitable": 0.097762278408719067, "raw_lu_frac_residential": 0.0050540148629345813, "raw_lu_frac_commercial": 0.0, "raw_lu_frac_industrial": 0.032734482813936323 }, "geometry": { "type": "Polygon", "coordinates": [ [ [ -41.806778604959959, -22.403550469181607 ], [ -41.80572141890093, -22.40200637271473 ], [ -41.806711431850573, -22.400430309228923 ], [ -41.808758625929912, -22.400398349919652 ], [ -41.809815817079517, -22.401942454777192 ], [ -41.808825809060529, -22.403518510553297 ], [ -41.806778604959959, -22.403550469181607 ] ] ] } },
{ "type": "Feature", "properties": { "h3": "89a8b1a2687ffff", "lat": -22.413133252182046, "lon": -41.792649498730668, "area_km2": 0.12846382674651999, "score": 54.839862918299751, "class": "médio", "direct_activity_score": 30.0, "neighborhood_inherited_score": 24.839862918299751, "pos_food": 0.35087719298245634, "pos_shop": 0.058414464534075103, "pos_supermarket": 0.0, "pos_pharmacy": 0.0, "pos_fitness": 0.0680443548387097, "pos_education": 0.0, "pos_healthcare": 0.0, "pos_office": 0.0, "pos_bank": 0.0795454545454546, "pos_transport": 0.0, "pos_leisure": 0.048085485307212829, "pos_fuel": 0.0, "pos_residential": 0.011229685980120288, "pos_commercial": 0.073093154461860432, "pos_mixed_use": 0.57926874144736196, "pos_road_density": 0.018310806988055459, "pos_anchor_proximity": 0.59933107222186277, "positive_total": 1.8862004133071697, "pen_unsuitable_landuse": 0.012298402812868058, "pen_industrial": 0.0, "pen_isolation": 0.19842173957611439, "pen_low_connectivity": 0.39267567720477786, "penalty_total": 0.60339581959376032, "raw": 1.2828045937134094, "score_physical": 47.25, "score_rank_pct": 72.55, "count_shop": 0, "count_supermarket": 0, "count_food": 0, "count_pharmacy": 0, "count_healthcare": 0, "count_education": 0, "count_fitness": 0, "count_office": 0, "count_bank": 0, "count_transport": 0, "count_leisure": 0, "count_fuel": 0, "feat_unsuitable_frac": 0.0055901830967582077, "feat_industrial_frac": 0.0, "feat_residential": 0.0072166771788529831, "feat_commercial": 0.0056079237146726179, "feat_road_density": 2707.1142539820339, "feat_mixed_use": 0.30685918805317858, "feat_isolation": 0.22046859952901599, "feat_anchor_proximity": 0.3070173500623295, "feat_low_connectivity": 0.98168919301194457, "raw_lu_frac_unsuitable": 0.0, "raw_lu_frac_residential": 0.0, "raw_lu_frac_commercial": 0.0, "raw_lu_frac_industrial": 0.0 }, "geometry": { "type": "Polygon", "coordinates": [ [ [ -41.791659433007283, -22.414709015259085 ], [ -41.790602267151399, -22.41316501524097 ], [ -41.791592332764395, -22.411589244111308 ], [ -41.79363955933227, -22.411557480700527 ], [ -41.794696730308644, -22.413101489123122 ], [ -41.793706669597981, -22.414677252551979 ], [ -41.791659433007283, -22.414709015259085 ] ] ] } },
{ "type": "Feature", "properties": { "h3": "89a8b1b1997ffff", "lat": -22.438087915176027, "lon": -41.793186361778915, "area_km2": 0.12845582194332952, "score": 30.0, "class": "ruim", "direct_activity_score": 30.0, "neighborhood_inherited_score": 0.0, "pos_food": 0.0, "pos_shop": 0.0, "pos_supermarket": 0.0, "pos_pharmacy": 0.0, "pos_fitness": 0.0, "pos_education": 0.0, "pos_healthcare": 0.0, "pos_office": 0.0, "pos_bank": 0.0, "pos_transport": 0.0, "pos_leisure": 0.0, "pos_fuel": 0.0, "pos_residential": 0.0, "pos_commercial": 0.0, "pos_mixed_use": 0.0, "pos_road_density": 0.0, "pos_anchor_proximity": 0.12243256183228095, "positive_total": 0.12243256183228095, "pen_unsuitable_landuse": 0.0, "pen_industrial": 0.0, "pen_isolation": 0.9, "pen_low_connectivity": 0.4, "penalty_total": 1.3, "raw": -1.177567438167719, "score_physical": 30.93, "score_rank_pct": 35.85, "count_shop": 0, "count_supermarket": 0, "count_food": 0, "count_pharmacy": 0, "count_healthcare": 0, "count_education": 0, "count_fitness": 0, "count_office": 0, "count_bank": 0, "count_transport": 0, "count_leisure": 0, "count_fuel": 0, "feat_unsuitable_frac": 0.0, "feat_industrial_frac": 0.0, "feat_residential": 0.0, "feat_commercial": 0.0, "feat_road_density": 0.0, "feat_mixed_use": -0.0, "feat_isolation": 1.0, "feat_anchor_proximity": 0.11883526032951471, "feat_low_connectivity": 1.0, "raw_lu_frac_unsuitable": 0.0, "raw_lu_frac_residential": 0.0, "raw_lu_frac_commercial": 0.0, "raw_lu_frac_industrial": 0.0 }, "geometry": { "type": "Polygon", "coordinates": [ [ [ -41.792196258589989, -22.439663236744124 ], [ -41.791139050014159, -22.438119672608813 ], [ -41.792129153093768, -22.436544342981101 ], [ -41.794176459846803, -22.436512585196873 ], [ -41.795233673542477, -22.438056157743244 ], [ -41.794243575366593, -22.43963147966274 ], [ -41.792196258589989, -22.439663236744124 ] ] ] } },
{ "type": "Feature", "properties": { "h3": "89a8b1a20a3ffff", "lat": -22.397149968980393, "lon": -41.816880183023109, "area_km2": 0.12846955013456812, "score": 72.607339980227792, "class": "bom", "direct_activity_score": 49.419462613140354, "neighborhood_inherited_score": 23.187877367087438, "pos_food": 0.22352176738141671, "pos_shop": 0.28233657858136302, "pos_supermarket": 0.58142201834862384, "pos_pharmacy": 0.0, "pos_fitness": 0.44606854838709697, "pos_education": 1.0945054945054946, "pos_healthcare": 0.0, "pos_office": 1.0, "pos_bank": 0.0, "pos_transport": 0.6498820754716983, "pos_leisure": 0.0, "pos_fuel": 0.0, "pos_residential": 0.18456413059609431, "pos_commercial": 0.16404878895341946, "pos_mixed_use": 1.2747108879082583, "pos_road_density": 0.38944512867571318, "pos_anchor_proximity": 1.2541581327616582, "positive_total": 7.544663551570836, "pen_unsuitable_landuse": 1.1473721919580335, "pen_industrial": 0.01633638872006174, "pen_isolation": 0.0018708535364294931, "pen_low_connectivity": 0.24422194852971471, "penalty_total": 1.4098013827442397, "raw": 6.1348621688265963, "score_physical": 68.91, "score_rank_pct": 81.23, "count_shop": 0, "count_supermarket": 0, "count_food": 0, "count_pharmacy": 0, "count_healthcare": 0, "count_education": 0, "count_fitness": 0, "count_office": 0, "count_bank": 0, "count_transport": 0, "count_leisure": 0, "count_fuel": 0, "feat_unsuitable_frac": 0.52153281452637879, "feat_industrial_frac": 0.040840971800154349, "feat_residential": 0.11860881521224942, "feat_commercial": 0.012586309904236528, "feat_road_density": 57576.515315224256, "feat_mixed_use": 0.67525954721590797, "feat_isolation": 0.0020787261515883256, "feat_anchor_proximity": 0.56540927618789105, "feat_low_connectivity": 0.61055487132428676, "raw_lu_frac_unsuitable": 0.04580233714909894, "raw_lu_frac_residential": 0.0, "raw_lu_frac_commercial": 0.0, "raw_lu_frac_industrial": 0.00047647726473642728 }, "geometry": { "type": "Polygon", "coordinates": [ [ [ -41.815890198863315, -22.398726166646782 ], [ -41.814832997550539, -22.39718204501574 ], [ -41.815822981646235, -22.395605839300153 ], [ -41.817870162108257, -22.395573762931154 ], [ -41.818927368493611, -22.397117892945047 ], [ -41.817937389345673, -22.398694090945039 ], [ -41.815890198863315, -22.398726166646782 ] ] ] } },
{ "type": "Feature", "properties": { "h3": "89a8b1a240bffff", "lat": -22.416061930213388, "lon": -41.8050000602789, "area_km2": 0.12846320078808654, "score": 58.291871464505931, "class": "médio", "direct_activity_score": 30.0, "neighborhood_inherited_score": 28.291871464505931, "pos_food": 0.12475633528265118, "pos_shop": 0.058414464534075103, "pos_supermarket": 0.13417431192660551, "pos_pharmacy": 0.0, "pos_fitness": 0.22681451612903236, "pos_education": 0.11868131868131868, "pos_healthcare": 0.0, "pos_office": 0.0, "pos_bank": 0.0, "pos_transport": 0.13425707547169813, "pos_leisure": 0.08815672306322353, "pos_fuel": 0.0, "pos_residential": 0.076275644294756792, "pos_commercial": 0.0, "pos_mixed_use": 1.0819758671827495, "pos_road_density": 0.11501052450303013, "pos_anchor_proximity": 0.78021337963948101, "positive_total": 2.938730160708622, "pen_unsuitable_landuse": 0.34044348186641177, "pen_industrial": 0.0, "pen_isolation": 0.1598754002356215, "pen_low_connectivity": 0.35399579019878796, "penalty_total": 0.85431467230082125, "raw": 2.0844154884078008, "score_physical": 51.46, "score_rank_pct": 74.23, "count_shop": 0, "count_supermarket": 0, "count_food": 0, "count_pharmacy": 0, "count_healthcare": 0, "count_education": 0, "count_fitness": 0, "count_office": 0, "count_bank": 0, "count_transport": 0, "count_leisure": 0, "count_fuel": 0, "feat_unsuitable_frac": 0.15474703721200533, "feat_industrial_frac": 0.0, "feat_residential": 0.049017995913576098, "feat_commercial": 0.0, "feat_road_density": 17003.435754808681, "feat_mixed_use": 0.57316097407096567, "feat_isolation": 0.17763933359513498, "feat_anchor_proximity": 0.37839272629853177, "feat_low_connectivity": 0.88498947549696982, "raw_lu_frac_unsuitable": 0.0, "raw_lu_frac_residential": 0.0, "raw_lu_frac_commercial": 0.0, "raw_lu_frac_industrial": 0.0 }, "geometry": { "type": "Polygon", "coordinates": [ [ [ -41.804010018906119, -22.417637717631536 ], [ -41.802952816585623, -22.416093847409165 ], [ -41.803942857871633, -22.414518051937023 ], [ -41.805990096553799, -22.414486134398658 ], [ -41.807047303970535, -22.416030013017608 ], [ -41.806057267610193, -22.417605800778297 ], [ -41.804010018906119, -22.417637717631536 ] ] ] } },
{ "type": "Feature", "properties": { "h3": "89a8b1b0a67ffff", "lat": -22.430051416905371, "lon": -41.80837324769378, "area_km2": 0.12845878950914913, "score": 30.0, "class": "ruim", "direct_activity_score": 30.0, "neighborhood_inherited_score": 0.0, "pos_food": 0.0, "pos_shop": 0.0, "pos_supermarket": 0.0, "pos_pharmacy": 0.0, "pos_fitness": 0.0, "pos_education": 0.0, "pos_healthcare": 0.0, "pos_office": 0.0, "pos_bank": 0.0, "pos_transport": 0.0, "pos_leisure": 0.0, "pos_fuel": 0.0, "pos_residential": 0.0, "pos_commercial": 0.0, "pos_mixed_use": 0.0, "pos_road_density": 0.0, "pos_anchor_proximity": 0.33108925799046623, "positive_total": 0.33108925799046623, "pen_unsuitable_landuse": 0.0, "pen_industrial": 0.0, "pen_isolation": 0.9, "pen_low_connectivity": 0.4, "penalty_total": 1.3, "raw": -0.96891074200953375, "score_physical": 32.63, "score_rank_pct": 59.66, "count_shop": 0, "count_supermarket": 0, "count_food": 0, "count_pharmacy": 0, "count_healthcare": 0, "count_education": 0, "count_fitness": 0, "count_office": 0, "count_bank": 0, "count_transport": 0, "count_leisure": 0, "count_fuel": 0, "feat_unsuitable_frac": 0.0, "feat_industrial_frac": 0.0, "feat_residential": 0.0, "feat_commercial": 0.0, "feat_road_density": 0.0, "feat_mixed_use": -0.0, "feat_isolation": 1.0, "feat_anchor_proximity": 0.2011702902454523, "feat_low_connectivity": 1.0, "raw_lu_frac_unsuitable": 0.0, "raw_lu_frac_residential": 0.0, "raw_lu_frac_commercial": 0.0, "raw_lu_frac_industrial": 0.0 }, "geometry": { "type": "Polygon", "coordinates": [ [ [ -41.807383192523815, -22.431626975914266 ], [ -41.80632595840877, -22.430083369749596 ], [ -41.807316013498436, -22.42850780268266 ], [ -41.809363297772236, -22.428475849498394 ], [ -41.810420536977126, -22.43001946406115 ], [ -41.809430486819686, -22.431595023410051 ], [ -41.807383192523815, -22.431626975914266 ] ] ] } },
{ "type": "Feature", "properties": { "h3": "89a8b1b0b53ffff", "lat": -22.429859235078361, "lon": -41.820656989036216, "area_km2": 0.12845914159890562, "score": 30.0, "class": "ruim", "direct_activity_score": 30.0, "neighborhood_inherited_score": 0.0, "pos_food": 0.0, "pos_shop": 0.0, "pos_supermarket": 0.0, "pos_pharmacy": 0.0, "pos_fitness": 0.0, "pos_education": 0.0, "pos_healthcare": 0.0, "pos_office": 0.0, "pos_bank": 0.0, "pos_transport": 0.0, "pos_leisure": 0.0, "pos_fuel": 0.0, "pos_residential": 0.0, "pos_commercial": 0.0, "pos_mixed_use": 0.0, "pos_road_density": 0.0, "pos_anchor_proximity": 0.38486705696217482, "positive_total": 0.38486705696217482, "pen_unsuitable_landuse": 0.039937498176094245, "pen_industrial": 0.0, "pen_isolation": 0.9, "pen_low_connectivity": 0.4, "penalty_total": 1.3399374981760943, "raw": -0.95507044121391949, "score_physical": 32.74, "score_rank_pct": 60.5, "count_shop": 0, "count_supermarket": 0, "count_food": 0, "count_pharmacy": 0, "count_healthcare": 0, "count_education": 0, "count_fitness": 0, "count_office": 0, "count_bank": 0, "count_transport": 0, "count_leisure": 0, "count_fuel": 0, "feat_unsuitable_frac": 0.018153408261861018, "feat_industrial_frac": 0.0, "feat_residential": 0.0, "feat_commercial": 0.0, "feat_road_density": 0.0, "feat_mixed_use": -0.0, "feat_isolation": 1.0, "feat_anchor_proximity": 0.22239077714414324, "feat_low_connectivity": 1.0, "raw_lu_frac_unsuitable": 0.0, "raw_lu_frac_residential": 0.0, "raw_lu_frac_commercial": 0.0, "raw_lu_frac_industrial": 0.0 }, "geometry": { "type": "Polygon", "coordinates": [ [ [ -41.819666963017248, -22.431434873564207 ], [ -41.818609697899845, -22.42989134284274 ], [ -41.819599723861984, -22.42831569629837 ], [ -41.821647009987473, -22.428283588203161 ], [ -41.822704280170555, -22.429827127313985 ], [ -41.821714259163805, -22.431402766130599 ], [ -41.819666963017248, -22.431434873564207 ] ] ] } },
{ "type": "Feature", "properties": { "h3": "89a8b1a26abffff", "lat": -22.406893489956566, "lon": -41.792515289535551, "area_km2": 0.12846582466928089, "score": 92.510721992194163, "class": "muito bom", "direct_activity_score": 30.0, "neighborhood_inherited_score": 62.510721992194163, "pos_food": 1.6, "pos_shop": 0.99953639313861853, "pos_supermarket": 1.1628440366972477, "pos_pharmacy": 1.1, "pos_fitness": 0.81653225806451657, "pos_education": 0.63296703296703294, "pos_healthcare": 0.72727272727272729, "pos_office": 0.74013157894736914, "pos_bank": 0.7, "pos_transport": 0.24516509433962272, "pos_leisure": 0.54496883348174541, "pos_fuel": 0.3, "pos_residential": 0.2045616005541466, "pos_commercial": 1.2, "pos_mixed_use": 1.4841597750162669, "pos_road_density": 0.31982530397851944, "pos_anchor_proximity": 1.0800210370330128, "positive_total": 13.857985671490825, "pen_unsuitable_landuse": 0.26446751476091768, "pen_industrial": 0.0, "pen_isolation": 3.584916331553708e-07, "pen_low_connectivity": 0.2720698784085922, "penalty_total": 0.53653775166114304, "raw": 13.321447919829682, "score_physical": 92.06, "score_rank_pct": 93.56, "count_shop": 0, "count_supermarket": 0, "count_food": 0, "count_pharmacy": 0, "count_healthcare": 0, "count_education": 0, "count_fitness": 0, "count_office": 0, "count_bank": 0, "count_transport": 0, "count_leisure": 0, "count_fuel": 0, "feat_unsuitable_frac": 0.12021250670950802, "feat_industrial_frac": 0.0, "feat_residential": 0.13146004589995991, "feat_commercial": 0.092900226603116337, "feat_road_density": 47283.7510519973, "feat_mixed_use": 0.78621204790844834, "feat_isolation": 3.9832403683930087e-07, "feat_anchor_proximity": 0.49669553131280192, "feat_low_connectivity": 0.68017469602148051, "raw_lu_frac_unsuitable": 0.0, "raw_lu_frac_residential": 0.0, "raw_lu_frac_commercial": 0.0, "raw_lu_frac_industrial": 0.0 }, "geometry": { "type": "Polygon", "coordinates": [ [ [ -41.791525233178135, -22.40846936334772 ], [ -41.79046807800173, -22.406925254423051 ], [ -41.791458134248479, -22.405349372981039 ], [ -41.793505340770992, -22.40531760816258 ], [ -41.794562501068057, -22.406861725490081 ], [ -41.793572449723271, -22.408437599233149 ], [ -41.791525233178135, -22.40846936334772 ] ] ] } },
{ "type": "Feature", "properties": { "h3": "89a8b1b19bbffff", "lat": -22.431849907517311, "lon": -41.79305214207654, "area_km2": 0.12845782510996628, "score": 30.0, "class": "ruim", "direct_activity_score": 30.0, "neighborhood_inherited_score": 0.0, "pos_food": 0.0, "pos_shop": 0.0, "pos_supermarket": 0.0, "pos_pharmacy": 0.0, "pos_fitness": 0.0, "pos_education": 0.0, "pos_healthcare": 0.0, "pos_office": 0.0, "pos_bank": 0.0, "pos_transport": 0.0, "pos_leisure": 0.0, "pos_fuel": 0.0, "pos_residential": 0.0, "pos_commercial": 0.0, "pos_mixed_use": 0.0, "pos_road_density": 0.0, "pos_anchor_proximity": 0.17404406912792705, "positive_total": 0.17404406912792705, "pen_unsuitable_landuse": 0.0, "pen_industrial": 0.0, "pen_isolation": 0.9, "pen_low_connectivity": 0.4, "penalty_total": 1.3, "raw": -1.125955930872073, "score_physical": 31.36, "score_rank_pct": 43.42, "count_shop": 0, "count_supermarket": 0, "count_food": 0, "count_pharmacy": 0, "count_healthcare": 0, "count_education": 0, "count_fitness": 0, "count_office": 0, "count_bank": 0, "count_transport": 0, "count_leisure": 0, "count_fuel": 0, "feat_unsuitable_frac": 0.0, "feat_industrial_frac": 0.0, "feat_residential": 0.0, "feat_commercial": 0.0, "feat_road_density": 0.0, "feat_mixed_use": -0.0, "feat_isolation": 1.0, "feat_anchor_proximity": 0.13920093790150168, "feat_low_connectivity": 1.0, "raw_lu_frac_unsuitable": 0.0, "raw_lu_frac_residential": 0.0, "raw_lu_frac_commercial": 0.0, "raw_lu_frac_industrial": 0.0 }, "geometry": { "type": "Polygon", "coordinates": [ [ [ -41.792062048254245, -22.433425339500484 ], [ -41.791004850358711, -22.431881666356016 ], [ -41.791994944071419, -22.430306226314961 ], [ -41.794042230777606, -22.430274467124711 ], [ -41.795099433793155, -22.431818148678602 ], [ -41.794109344983816, -22.433393581013291 ], [ -41.792062048254245, -22.433425339500484 ] ] ] } },
{ "type": "Feature", "properties": { "h3": "89a8b1b0ebbffff", "lat": -22.464259734490323, "lon": -41.815254511889222, "area_km2": 0.12844793439388619, "score": 23.7356255576411, "class": "ruim", "direct_activity_score": 23.7356255576411, "neighborhood_inherited_score": 0.0, "pos_food": 0.0, "pos_shop": 0.0, "pos_supermarket": 0.0, "pos_pharmacy": 0.0, "pos_fitness": 0.0, "pos_education": 0.0, "pos_healthcare": 0.0, "pos_office": 0.0, "pos_bank": 0.0, "pos_transport": 0.0, "pos_leisure": 0.0, "pos_fuel": 0.0, "pos_residential": 0.0, "pos_commercial": 0.0, "pos_mixed_use": 0.0, "pos_road_density": 0.0, "pos_anchor_proximity": 0.020768917371417353, "positive_total": 0.020768917371417353, "pen_unsuitable_landuse": 0.0, "pen_industrial": 0.0, "pen_isolation": 0.9, "pen_low_connectivity": 0.4, "penalty_total": 1.3, "raw": -1.2792310826285826, "score_physical": 30.07, "score_rank_pct": 8.96, "count_shop": 0, "count_supermarket": 0, "count_food": 0, "count_pharmacy": 0, "count_healthcare": 0, "count_education": 0, "count_fitness": 0, "count_office": 0, "count_bank": 0, "count_transport": 0, "count_leisure": 0, "count_fuel": 0, "feat_unsuitable_frac": 0.0, "feat_industrial_frac": 0.0, "feat_residential": 0.0, "feat_commercial": 0.0, "feat_road_density": 0.0, "feat_mixed_use": -0.0, "feat_isolation": 1.0, "feat_anchor_proximity": 0.078719225895121661, "feat_low_connectivity": 1.0, "raw_lu_frac_unsuitable": 0.0, "raw_lu_frac_residential": 0.0, "raw_lu_frac_commercial": 0.0, "raw_lu_frac_industrial": 0.0 }, "geometry": { "type": "Polygon", "coordinates": [ [ [ -41.814264419780116, -22.46583472585635 ], [ -41.813207111412261, -22.464291757421794 ], [ -41.814197203454285, -22.46271675798792 ], [ -41.816244598919752, -22.462684734721552 ], [ -41.817301912364456, -22.464227711558852 ], [ -41.816311825268166, -22.46580270325973 ], [ -41.814264419780116, -22.46583472585635 ] ] ] } },
{ "type": "Feature", "properties": { "h3": "89a8b1a24bbffff", "lat": -22.420597421827381, "lon": -41.814313477630833, "area_km2": 0.12846196985685882, "score": 48.224426923800998, "class": "médio", "direct_activity_score": 30.0, "neighborhood_inherited_score": 18.224426923800998, "pos_food": 0.17933723196881107, "pos_shop": 0.0, "pos_supermarket": 0.0, "pos_pharmacy": 0.0, "pos_fitness": 0.18145161290322587, "pos_education": 0.19780219780219782, "pos_healthcare": 0.0, "pos_office": 0.0, "pos_bank": 0.0, "pos_transport": 0.064209905660377362, "pos_leisure": 0.040071237756010701, "pos_fuel": 0.0, "pos_residential": 0.061434577538893705, "pos_commercial": 0.0, "pos_mixed_use": 0.77324360713107887, "pos_road_density": 0.057220506656141097, "pos_anchor_proximity": 0.90511563798179695, "positive_total": 2.4598865153985336, "pen_unsuitable_landuse": 1.8593757514077414, "pen_industrial": 0.0, "pen_isolation": 0.25837054186113151, "pen_low_connectivity": 0.37711179733754358, "penalty_total": 2.4948580906064164, "raw": -0.034971575207882744, "score_physical": 39.36, "score_rank_pct": 68.91, "count_shop": 0, "count_supermarket": 0, "count_food": 0, "count_pharmacy": 0, "count_healthcare": 0, "count_education": 0, "count_fitness": 0, "count_office": 0, "count_bank": 0, "count_transport": 0, "count_leisure": 0, "count_fuel": 0, "feat_unsuitable_frac": 0.8451707960944278, "feat_industrial_frac": 0.0, "feat_residential": 0.039480490772606555, "feat_commercial": 0.0, "feat_road_density": 8459.6189173945022, "feat_mixed_use": 0.40961455102633948, "feat_isolation": 0.28707837984570167, "feat_anchor_proximity": 0.42767861726934664, "feat_low_connectivity": 0.94277949334385891, "raw_lu_frac_unsuitable": 0.0, "raw_lu_frac_residential": 0.0, "raw_lu_frac_commercial": 0.0, "raw_lu_frac_industrial": 0.0 }, "geometry": { "type": "Polygon", "coordinates": [ [ [ -41.813323451070445, -22.422173186100856 ], [ -41.812266217460873, -22.420629454144962 ], [ -41.813256243952281, -22.419053681815821 ], [ -41.815303499111323, -22.419021649162659 ], [ -41.816360737798902, -22.420565389509797 ], [ -41.815370716250769, -22.422141154118826 ], [ -41.813323451070445, -22.422173186100856 ] ] ] } },
{ "type": "Feature", "properties": { "h3": "89a8b1b1d23ffff", "lat": -22.444325483938727, "lon": -41.793320584108301, "area_km2": 0.12845381746746087, "score": 29.824783229530965, "class": "ruim", "direct_activity_score": 29.824783229530965, "neighborhood_inherited_score": 0.0, "pos_food": 0.0, "pos_shop": 0.0, "pos_supermarket": 0.0, "pos_pharmacy": 0.0, "pos_fitness": 0.0, "pos_education": 0.0, "pos_healthcare": 0.0, "pos_office": 0.0, "pos_bank": 0.0, "pos_transport": 0.0, "pos_leisure": 0.0, "pos_fuel": 0.0, "pos_residential": 0.0, "pos_commercial": 0.0, "pos_mixed_use": 0.0, "pos_road_density": 0.0, "pos_anchor_proximity": 0.083422054605504739, "positive_total": 0.083422054605504739, "pen_unsuitable_landuse": 0.0, "pen_industrial": 0.0, "pen_isolation": 0.9, "pen_low_connectivity": 0.4, "penalty_total": 1.3, "raw": -1.2165779453944954, "score_physical": 30.6, "score_rank_pct": 28.01, "count_shop": 0, "count_supermarket": 0, "count_food": 0, "count_pharmacy": 0, "count_healthcare": 0, "count_education": 0, "count_fitness": 0, "count_office": 0, "count_bank": 0, "count_transport": 0, "count_leisure": 0, "count_fuel": 0, "feat_unsuitable_frac": 0.0, "feat_industrial_frac": 0.0, "feat_residential": 0.0, "feat_commercial": 0.0, "feat_road_density": 0.0, "feat_mixed_use": -0.0, "feat_isolation": 1.0, "feat_anchor_proximity": 0.1034418828885266, "feat_low_connectivity": 1.0, "raw_lu_frac_unsuitable": 0.0, "raw_lu_frac_residential": 0.0, "raw_lu_frac_commercial": 0.0, "raw_lu_frac_industrial": 0.0 }, "geometry": { "type": "Polygon", "coordinates": [ [ [ -41.792330471552575, -22.445900695066538 ], [ -41.79127325229625, -22.444357239966003 ], [ -41.792263364742929, -22.442782020776832 ], [ -41.794310691543181, -22.442750264398217 ], [ -41.795367915919186, -22.44429372791145 ], [ -41.794377808376581, -22.445868939390568 ], [ -41.792330471552575, -22.445900695066538 ] ] ] } },
{ "type": "Feature", "properties": { "h3": "89a8b1a20c7ffff", "lat": -22.400462229851563, "lon": -41.804664238267335, "area_km2": 0.12846819515318242, "score": 96.957016233002818, "class": "muito bom", "direct_activity_score": 64.614526298887384, "neighborhood_inherited_score": 32.342489934115434, "pos_food": 1.5542560103963625, "pos_shop": 1.1553082985628187, "pos_supermarket": 1.2970183486238533, "pos_pharmacy": 1.1, "pos_fitness": 0.84677419354838734, "pos_education": 1.2, "pos_healthcare": 1.0, "pos_office": 1.0, "pos_bank": 0.45075757575757602, "pos_transport": 1.1, "pos_leisure": 0.32858414959928778, "pos_fuel": 0.0, "pos_residential": 1.0, "pos_commercial": 0.87472522697166122, "pos_mixed_use": 1.4716111582597657, "pos_road_density": 1.0, "pos_anchor_proximity": 1.7962161487606223, "positive_total": 17.175251110480332, "pen_unsuitable_landuse": 1.8256398875364506, "pen_industrial": 0.012650589735000224, "pen_isolation": 1.2222012810486193e-08, "pen_low_connectivity": 0.0, "penalty_total": 1.8382904894934635, "raw": 15.336960620986869, "score_physical": 97.57, "score_rank_pct": 95.52, "count_shop": 0, "count_supermarket": 0, "count_food": 0, "count_pharmacy": 0, "count_healthcare": 0, "count_education": 0, "count_fitness": 0, "count_office": 0, "count_bank": 0, "count_transport": 2, "count_leisure": 0, "count_fuel": 0, "feat_unsuitable_frac": 0.82983631251656842, "feat_industrial_frac": 0.031626474337500557, "feat_residential": 1.0467089620476966, "feat_commercial": 0.067111515165436883, "feat_road_density": 153486.61381321971, "feat_mixed_use": 0.77956460075038281, "feat_isolation": 1.3580014233873547e-08, "feat_anchor_proximity": 0.77930302503558502, "feat_low_connectivity": 0.0, "raw_lu_frac_unsuitable": 0.11338798228129565, "raw_lu_frac_residential": 0.3422784455081761, "raw_lu_frac_commercial": 0.0, "raw_lu_frac_industrial": 0.0 }, "geometry": { "type": "Polygon", "coordinates": [ [ [ -41.803674220305467, -22.402038292994572 ], [ -41.802617044682407, -22.400494150474199 ], [ -41.803607062556821, -22.398918079281582 ], [ -41.805654251130861, -22.398886158316106 ], [ -41.806711431850573, -22.400430309228923 ], [ -41.80572141890093, -22.40200637271473 ], [ -41.803674220305467, -22.402038292994572 ] ] ] } },
{ "type": "Feature", "properties": { "h3": "89a8b1a242fffff", "lat": -22.408118526242205, "lon": -41.814044634377126, "area_km2": 0.12846596819807335, "score": 15.0, "class": "muito ruim", "direct_activity_score": 15.0, "neighborhood_inherited_score": 0.0, "pos_food": 0.50422352176738194, "pos_shop": 0.4802967083912843, "pos_supermarket": 0.81995412844036697, "pos_pharmacy": 0.0, "pos_fitness": 0.61995967741935509, "pos_education": 1.2, "pos_healthcare": 0.0, "pos_office": 0.14802631578947378, "pos_bank": 0.0, "pos_transport": 1.0545990566037737, "pos_leisure": 0.1202137132680321, "pos_fuel": 0.0, "pos_residential": 0.32642314218553242, "pos_commercial": 0.018806711035357949, "pos_mixed_use": 1.2266699766913152, "pos_road_density": 0.67886651755834926, "pos_anchor_proximity": 1.2732465632638197, "positive_total": 8.4712860324140422, "pen_unsuitable_landuse": 2.2, "pen_industrial": 0.0028282593151240983, "pen_isolation": 7.5652466386957496e-05, "pen_low_connectivity": 0.12845339297666031, "penalty_total": 2.3313573047581717, "raw": 6.1399287276558709, "score_physical": 68.93, "score_rank_pct": 81.51, "count_shop": 0, "count_supermarket": 0, "count_food": 0, "count_pharmacy": 0, "count_healthcare": 0, "count_education": 0, "count_fitness": 0, "count_office": 0, "count_bank": 0, "count_transport": 0, "count_leisure": 0, "count_fuel": 0, "feat_unsuitable_frac": 4.2689870114971828, "feat_industrial_frac": 0.0070706482878102449, "feat_residential": 0.20977349188837968, "feat_commercial": 0.0014429066796564499, "feat_road_density": 100365.27758892161, "feat_mixed_use": 0.64981057344160742, "feat_isolation": 8.405829598550832e-05, "feat_anchor_proximity": 0.57294148831135083, "feat_low_connectivity": 0.32113348244165074, "raw_lu_frac_unsuitable": 0.60138516373353545, "raw_lu_frac_residential": 0.0, "raw_lu_frac_commercial": 0.0, "raw_lu_frac_industrial": 0.0 }, "geometry": { "type": "Polygon", "coordinates": [ [ [ -41.813054626543455, -22.409694511119341 ], [ -41.811997414291554, -22.408150561245101 ], [ -41.812987422055713, -22.406574568315818 ], [ -41.815034637130537, -22.406542532977141 ], [ -41.816091854460765, -22.40808649123931 ], [ -41.815101851639191, -22.40966247645218 ], [ -41.813054626543455, -22.409694511119341 ] ] ] } },
{ "type": "Feature", "properties": { "h3": "89a8b1b08d7ffff", "lat": -22.457830967553608, "lon": -41.82740435844515, "area_km2": 0.12845028637575587, "score": 26.141780763143014, "class": "ruim", "direct_activity_score": 26.141780763143014, "neighborhood_inherited_score": 0.0, "pos_food": 0.0, "pos_shop": 0.0, "pos_supermarket": 0.0, "pos_pharmacy": 0.0, "pos_fitness": 0.0, "pos_education": 0.0, "pos_healthcare": 0.0, "pos_office": 0.0, "pos_bank": 0.0, "pos_transport": 0.0, "pos_leisure": 0.0, "pos_fuel": 0.0, "pos_residential": 0.0, "pos_commercial": 0.0, "pos_mixed_use": 0.0, "pos_road_density": 0.0, "pos_anchor_proximity": 0.043579054497548224, "positive_total": 0.043579054497548224, "pen_unsuitable_landuse": 0.0, "pen_industrial": 0.0, "pen_isolation": 0.9, "pen_low_connectivity": 0.4, "penalty_total": 1.3, "raw": -1.2564209455024518, "score_physical": 30.26, "score_rank_pct": 16.53, "count_shop": 0, "count_supermarket": 0, "count_food": 0, "count_pharmacy": 0, "count_healthcare": 0, "count_education": 0, "count_fitness": 0, "count_office": 0, "count_bank": 0, "count_transport": 0, "count_leisure": 0, "count_fuel": 0, "feat_unsuitable_frac": 0.0, "feat_industrial_frac": 0.0, "feat_residential": 0.0, "feat_commercial": 0.0, "feat_road_density": 0.0, "feat_mixed_use": -0.0, "feat_isolation": 1.0, "feat_anchor_proximity": 0.087720007356948473, "feat_low_connectivity": 1.0, "raw_lu_frac_unsuitable": 0.0, "raw_lu_frac_residential": 0.0, "raw_lu_frac_commercial": 0.0, "raw_lu_frac_industrial": 0.0 }, "geometry": { "type": "Polygon", "coordinates": [ [ [ -41.82641430490424, -22.459406148939479 ], [ -41.825356976265013, -22.457863146909506 ], [ -41.826347029762054, -22.456287957457036 ], [ -41.828394406931103, -22.456255777775368 ], [ -41.829451740623178, -22.45779878819771 ], [ -41.828461692094685, -22.459373969909322 ], [ -41.82641430490424, -22.459406148939479 ] ] ] } },
{ "type": "Feature", "properties": { "h3": "89a8b1b0a8bffff", "lat": -22.445645913333255, "lon": -41.808709176093458, "area_km2": 0.12845377948556022, "score": 30.0, "class": "ruim", "direct_activity_score": 30.0, "neighborhood_inherited_score": 0.0, "pos_food": 0.0, "pos_shop": 0.0, "pos_supermarket": 0.0, "pos_pharmacy": 0.0, "pos_fitness": 0.0, "pos_education": 0.0, "pos_healthcare": 0.0, "pos_office": 0.0, "pos_bank": 0.0, "pos_transport": 0.0, "pos_leisure": 0.0, "pos_fuel": 0.0, "pos_residential": 0.0, "pos_commercial": 0.0, "pos_mixed_use": 0.0, "pos_road_density": 0.0, "pos_anchor_proximity": 0.12107596104258589, "positive_total": 0.12107596104258589, "pen_unsuitable_landuse": 0.0, "pen_industrial": 0.0, "pen_isolation": 0.9, "pen_low_connectivity": 0.4, "penalty_total": 1.3, "raw": -1.178924038957414, "score_physical": 30.92, "score_rank_pct": 35.57, "count_shop": 0, "count_supermarket": 0, "count_food": 0, "count_pharmacy": 0, "count_healthcare": 0, "count_education": 0, "count_fitness": 0, "count_office": 0, "count_bank": 0, "count_transport": 0, "count_leisure": 0, "count_fuel": 0, "feat_unsuitable_frac": 0.0, "feat_industrial_frac": 0.0, "feat_residential": 0.0, "feat_commercial": 0.0, "feat_road_density": 0.0, "feat_mixed_use": -0.0, "feat_isolation": 1.0, "feat_anchor_proximity": 0.11829995152486053, "feat_low_connectivity": 1.0, "raw_lu_frac_unsuitable": 0.0, "raw_lu_frac_residential": 0.0, "raw_lu_frac_commercial": 0.0, "raw_lu_frac_industrial": 0.0 }, "geometry": { "type": "Polygon", "coordinates": [ [ [ -41.807719097511587, -22.447221196328673 ], [ -41.806661836696975, -22.445677862778446 ], [ -41.807651915199216, -22.444102571720634 ], [ -41.809699249584298, -22.444070621935644 ], [ -41.810756515488329, -22.445613963888064 ], [ -41.809766441919194, -22.447189247223243 ], [ -41.807719097511587, -22.447221196328673 ] ] ] } },
{ "type": "Feature", "properties": { "h3": "89a8b1b1dafffff", "lat": -22.448955710894907, "lon": -41.796492273252348, "area_km2": 0.12845240800718308, "score": 28.645652924956551, "class": "ruim", "direct_activity_score": 28.645652924956551, "neighborhood_inherited_score": 0.0, "pos_food": 0.0, "pos_shop": 0.0, "pos_supermarket": 0.0, "pos_pharmacy": 0.0, "pos_fitness": 0.0, "pos_education": 0.0, "pos_healthcare": 0.0, "pos_office": 0.0, "pos_bank": 0.0, "pos_transport": 0.0, "pos_leisure": 0.0, "pos_fuel": 0.0, "pos_residential": 0.0, "pos_commercial": 0.0, "pos_mixed_use": 0.0, "pos_road_density": 0.0, "pos_anchor_proximity": 0.068834495515451483, "positive_total": 0.068834495515451483, "pen_unsuitable_landuse": 0.0, "pen_industrial": 0.0, "pen_isolation": 0.9, "pen_low_connectivity": 0.4, "penalty_total": 1.3, "raw": -1.2311655044845486, "score_physical": 30.48, "score_rank_pct": 24.37, "count_shop": 0, "count_supermarket": 0, "count_food": 0, "count_pharmacy": 0, "count_healthcare": 0, "count_education": 0, "count_fitness": 0, "count_office": 0, "count_bank": 0, "count_transport": 0, "count_leisure": 0, "count_fuel": 0, "feat_unsuitable_frac": 0.0, "feat_industrial_frac": 0.0, "feat_residential": 0.0, "feat_commercial": 0.0, "feat_road_density": 0.0, "feat_mixed_use": -0.0, "feat_isolation": 1.0, "feat_anchor_proximity": 0.097685695159140246, "feat_low_connectivity": 1.0, "raw_lu_frac_unsuitable": 0.0, "raw_lu_frac_residential": 0.0, "raw_lu_frac_commercial": 0.0, "raw_lu_frac_industrial": 0.0 }, "geometry": { "type": "Polygon", "coordinates": [ [ [ -41.795502160923334, -22.450530859081599 ], [ -41.794444925866799, -22.448987504627105 ], [ -41.795435038092819, -22.447412348377629 ], [ -41.797482380466604, -22.447380554296466 ], [ -41.79853962063666, -22.448923917162709 ], [ -41.797549513320746, -22.450499065698327 ], [ -41.795502160923334, -22.450530859081599 ] ] ] } },
{ "type": "Feature", "properties": { "h3": "89a8b1a251bffff", "lat": -22.407925851854753, "lon": -41.826327960261104, "area_km2": 0.12846631238541198, "score": 15.0, "class": "muito ruim", "direct_activity_score": 11.380735057447762, "neighborhood_inherited_score": 3.6192649425522383, "pos_food": 0.064977257959714152, "pos_shop": 0.058414464534075103, "pos_supermarket": 0.13417431192660551, "pos_pharmacy": 0.0, "pos_fitness": 0.0, "pos_education": 0.0, "pos_healthcare": 0.0, "pos_office": 0.0, "pos_bank": 0.0, "pos_transport": 0.21014150943396231, "pos_leisure": 0.0, "pos_fuel": 0.0, "pos_residential": 0.24163824608368353, "pos_commercial": 0.0, "pos_mixed_use": 0.52818162515384337, "pos_road_density": 0.15312257678807303, "pos_anchor_proximity": 0.96491303291049035, "positive_total": 2.3555630247904475, "pen_unsuitable_landuse": 2.2, "pen_industrial": 0.0, "pen_isolation": 0.25023357040787475, "pen_low_connectivity": 0.33875096928477078, "penalty_total": 2.7889845396926458, "raw": -0.43342151490219827, "score_physical": 36.64, "score_rank_pct": 67.51, "count_shop": 0, "count_supermarket": 0, "count_food": 0, "count_pharmacy": 0, "count_healthcare": 0, "count_education": 0, "count_fitness": 0, "count_office": 0, "count_bank": 0, "count_transport": 0, "count_leisure": 0, "count_fuel": 0, "feat_unsuitable_frac": 5.7720044490911047, "feat_industrial_frac": 0.0, "feat_residential": 0.15528708631187396, "feat_commercial": 0.0, "feat_road_density": 22638.014288493767, "feat_mixed_use": 0.27979653145852446, "feat_isolation": 0.27803730045319414, "feat_anchor_proximity": 0.4512744106994151, "feat_low_connectivity": 0.84687742321192694, "raw_lu_frac_unsuitable": 0.99999999613220558, "raw_lu_frac_residential": 0.0, "raw_lu_frac_commercial": 0.0, "raw_lu_frac_industrial": 0.0 }, "geometry": { "type": "Polygon", "coordinates": [ [ [ -41.825337981618482, -22.40950191611795 ], [ -41.824280738411176, -22.407958041647273 ], [ -41.825270717007761, -22.406381969331431 ], [ -41.827317933847254, -22.406349779212352 ], [ -41.828375182108729, -22.407893662062232 ], [ -41.827385208477885, -22.409469726651931 ], [ -41.825337981618482, -22.40950191611795 ] ] ] } },
{ "type": "Feature", "properties": { "h3": "89a8b1b0b77ffff", "lat": -22.421916194598424, "lon": -41.829701580933801, "area_km2": 0.12846189687496418, "score": 14.563384413074418, "class": "muito ruim", "direct_activity_score": 30.0, "neighborhood_inherited_score": 0.0, "pos_food": 0.0, "pos_shop": 0.0, "pos_supermarket": 0.0, "pos_pharmacy": 0.0, "pos_fitness": 0.0, "pos_education": 0.0, "pos_healthcare": 0.0, "pos_office": 0.0, "pos_bank": 0.0, "pos_transport": 0.0, "pos_leisure": 0.0, "pos_fuel": 0.0, "pos_residential": 0.0, "pos_commercial": 0.0, "pos_mixed_use": 0.0, "pos_road_density": 0.0, "pos_anchor_proximity": 0.43049736546849937, "positive_total": 0.43049736546849937, "pen_unsuitable_landuse": 1.3563805187840288, "pen_industrial": 0.0, "pen_isolation": 0.9, "pen_low_connectivity": 0.4, "penalty_total": 2.6563805187840286, "raw": -2.2258831533155292, "score_physical": 20.32, "score_rank_pct": 1.12, "count_shop": 0, "count_supermarket": 0, "count_food": 0, "count_pharmacy": 0, "count_healthcare": 0, "count_education": 0, "count_fitness": 0, "count_office": 0, "count_bank": 0, "count_transport": 0, "count_leisure": 0, "count_fuel": 0, "feat_unsuitable_frac": 0.61653659944728578, "feat_industrial_frac": 0.0, "feat_residential": 0.0, "feat_commercial": 0.0, "feat_road_density": 0.0, "feat_mixed_use": -0.0, "feat_isolation": 1.0, "feat_anchor_proximity": 0.2403962995410544, "feat_low_connectivity": 1.0, "raw_lu_frac_unsuitable": 0.0, "raw_lu_frac_residential": 0.0, "raw_lu_frac_commercial": 0.0, "raw_lu_frac_industrial": 0.0 }, "geometry": { "type": "Polygon", "coordinates": [ [ [ -41.828711588539981, -22.423492030563303 ], [ -41.827654313582848, -22.421948420170875 ], [ -41.828644305937125, -22.420372576149262 ], [ -41.830691568277537, -22.420340350252779 ], [ -41.831748848282416, -22.421883969025977 ], [ -41.830758860900467, -22.423459805314842 ], [ -41.828711588539981, -22.423492030563303 ] ] ] } },
{ "type": "Feature", "properties": { "h3": "89a8b1a2453ffff", "lat": -22.419277174818447, "lon": -41.798925467035218, "area_km2": 0.12846201632869611, "score": 30.0, "class": "ruim", "direct_activity_score": 30.0, "neighborhood_inherited_score": 0.0, "pos_food": 0.0, "pos_shop": 0.0, "pos_supermarket": 0.0, "pos_pharmacy": 0.0, "pos_fitness": 0.0, "pos_education": 0.0, "pos_healthcare": 0.0, "pos_office": 0.0, "pos_bank": 0.0, "pos_transport": 0.0, "pos_leisure": 0.0, "pos_fuel": 0.0, "pos_residential": 0.0, "pos_commercial": 0.0, "pos_mixed_use": 0.0, "pos_road_density": 0.0, "pos_anchor_proximity": 0.45173198884053839, "positive_total": 0.45173198884053839, "pen_unsuitable_landuse": 0.0, "pen_industrial": 0.0, "pen_isolation": 0.9, "pen_low_connectivity": 0.4, "penalty_total": 1.3, "raw": -0.8482680111594616, "score_physical": 33.58, "score_rank_pct": 64.71, "count_shop": 0, "count_supermarket": 0, "count_food": 0, "count_pharmacy": 0, "count_healthcare": 0, "count_education": 0, "count_fitness": 0, "count_office": 0, "count_bank": 0, "count_transport": 0, "count_leisure": 0, "count_fuel": 0, "feat_unsuitable_frac": 0.0, "feat_industrial_frac": 0.0, "feat_residential": 0.0, "feat_commercial": 0.0, "feat_road_density": 0.0, "feat_mixed_use": -0.0, "feat_isolation": 1.0, "feat_anchor_proximity": 0.24877539008921995, "feat_low_connectivity": 1.0, "raw_lu_frac_unsuitable": 0.0, "raw_lu_frac_residential": 0.0, "raw_lu_frac_commercial": 0.0, "raw_lu_frac_industrial": 0.0 }, "geometry": { "type": "Polygon", "coordinates": [ [ [ -41.797935406451529, -22.420852867321475 ], [ -41.796878214341547, -22.419309013900019 ], [ -41.797868274826854, -22.417733313342367 ], [ -41.799915522509217, -22.417701473913642 ], [ -41.800972719727454, -22.419245335736871 ], [ -41.79998266415641, -22.420821028587007 ], [ -41.797935406451529, -22.420852867321475 ] ] ] } },
{ "type": "Feature", "properties": { "h3": "89a8b1b0aafffff", "lat": -22.437704966352825, "lon": -41.817754127558786, "area_km2": 0.12845655102696246, "score": 30.0, "class": "ruim", "direct_activity_score": 30.0, "neighborhood_inherited_score": 0.0, "pos_food": 0.0, "pos_shop": 0.0, "pos_supermarket": 0.0, "pos_pharmacy": 0.0, "pos_fitness": 0.0, "pos_education": 0.0, "pos_healthcare": 0.0, "pos_office": 0.0, "pos_bank": 0.0, "pos_transport": 0.0, "pos_leisure": 0.0, "pos_fuel": 0.0, "pos_residential": 0.0, "pos_commercial": 0.0, "pos_mixed_use": 0.0, "pos_road_density": 0.0, "pos_anchor_proximity": 0.22351371042054238, "positive_total": 0.22351371042054238, "pen_unsuitable_landuse": 0.0, "pen_industrial": 0.0, "pen_isolation": 0.9, "pen_low_connectivity": 0.4, "penalty_total": 1.3, "raw": -1.0764862895794576, "score_physical": 31.77, "score_rank_pct": 50.98, "count_shop": 0, "count_supermarket": 0, "count_food": 0, "count_pharmacy": 0, "count_healthcare": 0, "count_education": 0, "count_fitness": 0, "count_office": 0, "count_bank": 0, "count_transport": 0, "count_leisure": 0, "count_fuel": 0, "feat_unsuitable_frac": 0.0, "feat_industrial_frac": 0.0, "feat_residential": 0.0, "feat_commercial": 0.0, "feat_road_density": 0.0, "feat_mixed_use": -0.0, "feat_isolation": 1.0, "feat_anchor_proximity": 0.15872144441172806, "feat_low_connectivity": 1.0, "raw_lu_frac_unsuitable": 0.0, "raw_lu_frac_residential": 0.0, "raw_lu_frac_commercial": 0.0, "raw_lu_frac_industrial": 0.0 }, "geometry": { "type": "Polygon", "coordinates": [ [ [ -41.816764082539173, -22.439280447004439 ], [ -41.81570681181406, -22.437737033722176 ], [ -41.816696856771301, -22.436161545009988 ], [ -41.818744167504967, -22.436129477307617 ], [ -41.8198014433016, -22.437672898983472 ], [ -41.81881140329439, -22.439248379968049 ], [ -41.816764082539173, -22.439280447004439 ] ] ] } },
{ "type": "Feature", "properties": { "h3": "89a8b1a2607ffff", "lat": -22.405381099105099, "lon": -41.789410928280276, "area_km2": 0.12846622787142467, "score": 88.413251800906892, "class": "muito bom", "direct_activity_score": 30.0, "neighborhood_inherited_score": 58.413251800906892, "pos_food": 1.3879142300194944, "pos_shop": 0.99304589707927682, "pos_supermarket": 0.9839449541284403, "pos_pharmacy": 0.859375, "pos_fitness": 0.61239919354838734, "pos_education": 0.43516483516483512, "pos_healthcare": 0.27272727272727271, "pos_office": 0.64144736842105321, "pos_bank": 0.7, "pos_transport": 0.25683962264150945, "pos_leisure": 0.6, "pos_fuel": 0.3, "pos_residential": 0.21749972440886312, "pos_commercial": 1.1419459206481879, "pos_mixed_use": 1.4997143907258725, "pos_road_density": 0.28417268904963616, "pos_anchor_proximity": 0.95657716016037031, "positive_total": 12.1427682587232, "pen_unsuitable_landuse": 0.18580360440336241, "pen_industrial": 0.0, "pen_isolation": 2.6278080097590955e-06, "pen_low_connectivity": 0.28633092438014557, "penalty_total": 0.47213715659151773, "raw": 11.670631102131681, "score_physical": 87.29, "score_rank_pct": 91.04, "count_shop": 0, "count_supermarket": 0, "count_food": 0, "count_pharmacy": 0, "count_healthcare": 0, "count_education": 0, "count_fitness": 0, "count_office": 0, "count_bank": 0, "count_transport": 0, "count_leisure": 0, "count_fuel": 0, "feat_unsuitable_frac": 0.084456183819710179, "feat_industrial_frac": 0.0, "feat_residential": 0.13977463842951041, "feat_commercial": 0.087613479763254287, "feat_road_density": 42012.781720679908, "feat_mixed_use": 0.79445187927791383, "feat_isolation": 2.9197866775101059e-06, "feat_anchor_proximity": 0.44798511136278485, "feat_low_connectivity": 0.71582731095036389, "raw_lu_frac_unsuitable": 0.0, "raw_lu_frac_residential": 0.0, "raw_lu_frac_commercial": 0.0, "raw_lu_frac_industrial": 0.0 }, "geometry": { "type": "Polygon", "coordinates": [ [ [ -41.788420867020818, -22.40695698019287 ], [ -41.787363722310836, -22.40541282522916 ], [ -41.78835378345368, -22.403836936091082 ], [ -41.790400984411747, -22.403805209612727 ], [ -41.791458134248479, -22.405349372981039 ], [ -41.79046807800173, -22.406925254423051 ], [ -41.788420867020818, -22.40695698019287 ] ] ] } },
{ "type": "Feature", "properties": { "h3": "89a8b1b1917ffff", "lat": -22.430337946773925, "lon": -41.789947657917452, "area_km2": 0.12845822977398991, "score": 30.0, "class": "ruim", "direct_activity_score": 30.0, "neighborhood_inherited_score": 0.0, "pos_food": 0.0, "pos_shop": 0.0, "pos_supermarket": 0.0, "pos_pharmacy": 0.0, "pos_fitness": 0.0, "pos_education": 0.0, "pos_healthcare": 0.0, "pos_office": 0.0, "pos_bank": 0.0, "pos_transport": 0.0, "pos_leisure": 0.0, "pos_fuel": 0.0, "pos_residential": 0.0, "pos_commercial": 0.0, "pos_mixed_use": 0.0, "pos_road_density": 0.0, "pos_anchor_proximity": 0.17352245703111194, "positive_total": 0.17352245703111194, "pen_unsuitable_landuse": 0.0, "pen_industrial": 0.0, "pen_isolation": 0.9, "pen_low_connectivity": 0.4, "penalty_total": 1.3, "raw": -1.126477542968888, "score_physical": 31.36, "score_rank_pct": 43.14, "count_shop": 0, "count_supermarket": 0, "count_food": 0, "count_pharmacy": 0, "count_healthcare": 0, "count_education": 0, "count_fitness": 0, "count_office": 0, "count_bank": 0, "count_transport": 0, "count_leisure": 0, "count_fuel": 0, "feat_unsuitable_frac": 0.0, "feat_industrial_frac": 0.0, "feat_residential": 0.0, "feat_commercial": 0.0, "feat_road_density": 0.0, "feat_mixed_use": -0.0, "feat_isolation": 1.0, "feat_anchor_proximity": 0.13899511202394044, "feat_low_connectivity": 1.0, "raw_lu_frac_unsuitable": 0.0, "raw_lu_frac_residential": 0.0, "raw_lu_frac_commercial": 0.0, "raw_lu_frac_industrial": 0.0 }, "geometry": { "type": "Polygon", "coordinates": [ [ [ -41.788957559191736, -22.43191338646113 ], [ -41.787900371762362, -22.430369667232888 ], [ -41.78889047037255, -22.428794219488367 ], [ -41.790937751515948, -22.428762498675525 ], [ -41.791994944071419, -22.430306226314961 ], [ -41.791004850358711, -22.431881666356016 ], [ -41.788957559191736, -22.43191338646113 ] ] ] } },
{ "type": "Feature", "properties": { "h3": "89a8b1b0c63ffff", "lat": -22.464067131535511, "lon": -41.827538920067461, "area_km2": 0.12844827723205118, "score": 23.29929734057994, "class": "ruim", "direct_activity_score": 23.29929734057994, "neighborhood_inherited_score": 0.0, "pos_food": 0.0, "pos_shop": 0.0, "pos_supermarket": 0.0, "pos_pharmacy": 0.0, "pos_fitness": 0.0, "pos_education": 0.0, "pos_healthcare": 0.0, "pos_office": 0.0, "pos_bank": 0.0, "pos_transport": 0.0, "pos_leisure": 0.0, "pos_fuel": 0.0, "pos_residential": 0.0, "pos_commercial": 0.0, "pos_mixed_use": 0.0, "pos_road_density": 0.0, "pos_anchor_proximity": 0.0180929064805781, "positive_total": 0.0180929064805781, "pen_unsuitable_landuse": 0.0, "pen_industrial": 0.0, "pen_isolation": 0.9, "pen_low_connectivity": 0.4, "penalty_total": 1.3, "raw": -1.2819070935194219, "score_physical": 30.04, "score_rank_pct": 7.56, "count_shop": 0, "count_supermarket": 0, "count_food": 0, "count_pharmacy": 0, "count_healthcare": 0, "count_education": 0, "count_fitness": 0, "count_office": 0, "count_bank": 0, "count_transport": 0, "count_leisure": 0, "count_fuel": 0, "feat_unsuitable_frac": 0.0, "feat_industrial_frac": 0.0, "feat_residential": 0.0, "feat_commercial": 0.0, "feat_road_density": 0.0, "feat_mixed_use": -0.0, "feat_isolation": 1.0, "feat_anchor_proximity": 0.077663283570675049, "feat_low_connectivity": 1.0, "raw_lu_frac_unsuitable": 0.0, "raw_lu_frac_residential": 0.0, "raw_lu_frac_commercial": 0.0, "raw_lu_frac_industrial": 0.0 }, "geometry": { "type": "Polygon", "coordinates": [ [ [ -41.826548857163523, -22.465642202448294 ], [ -41.825491517844384, -22.464099309588573 ], [ -41.82648158070473, -22.46252423060746 ], [ -41.82852897791664, -22.462492052228722 ], [ -41.829586322288456, -22.46403495348245 ], [ -41.828596264397, -22.465610024720871 ], [ -41.826548857163523, -22.465642202448294 ] ] ] } },
{ "type": "Feature", "properties": { "h3": "89a8b1b0a2bffff", "lat": -22.431563032173251, "lon": -41.811477781596096, "area_km2": 0.12845837846869632, "score": 30.0, "class": "ruim", "direct_activity_score": 30.0, "neighborhood_inherited_score": 0.0, "pos_food": 0.0, "pos_shop": 0.0, "pos_supermarket": 0.0, "pos_pharmacy": 0.0, "pos_fitness": 0.0, "pos_education": 0.0, "pos_healthcare": 0.0, "pos_office": 0.0, "pos_bank": 0.0, "pos_transport": 0.0, "pos_leisure": 0.0, "pos_fuel": 0.0, "pos_residential": 0.0, "pos_commercial": 0.0, "pos_mixed_use": 0.0, "pos_road_density": 0.0, "pos_anchor_proximity": 0.32574323318675369, "positive_total": 0.32574323318675369, "pen_unsuitable_landuse": 0.0, "pen_industrial": 0.0, "pen_isolation": 0.9, "pen_low_connectivity": 0.4, "penalty_total": 1.3, "raw": -0.97425676681324636, "score_physical": 32.59, "score_rank_pct": 59.38, "count_shop": 0, "count_supermarket": 0, "count_food": 0, "count_pharmacy": 0, "count_healthcare": 0, "count_education": 0, "count_fitness": 0, "count_office": 0, "count_bank": 0, "count_transport": 0, "count_leisure": 0, "count_fuel": 0, "feat_unsuitable_frac": 0.0, "feat_industrial_frac": 0.0, "feat_residential": 0.0, "feat_commercial": 0.0, "feat_road_density": 0.0, "feat_mixed_use": -0.0, "feat_isolation": 1.0, "feat_anchor_proximity": 0.19906077197812902, "feat_low_connectivity": 1.0, "raw_lu_frac_unsuitable": 0.0, "raw_lu_frac_residential": 0.0, "raw_lu_frac_commercial": 0.0, "raw_lu_frac_industrial": 0.0 }, "geometry": { "type": "Polygon", "coordinates": [ [ [ -41.810487731364297, -22.433138583463563 ], [ -41.809430486819686, -22.431595023410051 ], [ -41.810420536977126, -22.43001946406115 ], [ -41.812467826742399, -22.429987472486633 ], [ -41.813525076370759, -22.431531040936452 ], [ -41.812535031151427, -22.433106592564432 ], [ -41.810487731364297, -22.433138583463563 ] ] ] } },
{ "type": "Feature", "properties": { "h3": "89a8b1b0e17ffff", "lat": -22.462748742475757, "lon": -41.812149808456304, "area_km2": 0.12844834841355116, "score": 24.102548316971948, "class": "ruim", "direct_activity_score": 24.102548316971948, "neighborhood_inherited_score": 0.0, "pos_food": 0.0, "pos_shop": 0.0, "pos_supermarket": 0.0, "pos_pharmacy": 0.0, "pos_fitness": 0.0, "pos_education": 0.0, "pos_healthcare": 0.0, "pos_office": 0.0, "pos_bank": 0.0, "pos_transport": 0.0, "pos_leisure": 0.0, "pos_fuel": 0.0, "pos_residential": 0.0, "pos_commercial": 0.0, "pos_mixed_use": 0.0, "pos_road_density": 0.0, "pos_anchor_proximity": 0.025872939948234329, "positive_total": 0.025872939948234329, "pen_unsuitable_landuse": 0.0, "pen_industrial": 0.0, "pen_isolation": 0.9, "pen_low_connectivity": 0.4, "penalty_total": 1.3, "raw": -1.2741270600517658, "score_physical": 30.11, "score_rank_pct": 10.08, "count_shop": 0, "count_supermarket": 0, "count_food": 0, "count_pharmacy": 0, "count_healthcare": 0, "count_education": 0, "count_fitness": 0, "count_office": 0, "count_bank": 0, "count_transport": 0, "count_leisure": 0, "count_fuel": 0, "feat_unsuitable_frac": 0.0, "feat_industrial_frac": 0.0, "feat_residential": 0.0, "feat_commercial": 0.0, "feat_road_density": 0.0, "feat_mixed_use": -0.0, "feat_isolation": 1.0, "feat_anchor_proximity": 0.080733251130311129, "feat_low_connectivity": 1.0, "raw_lu_frac_unsuitable": 0.0, "raw_lu_frac_residential": 0.0, "raw_lu_frac_commercial": 0.0, "raw_lu_frac_industrial": 0.0 }, "geometry": { "type": "Polygon", "coordinates": [ [ [ -41.811159711401409, -22.464323741572457 ], [ -41.81010241345669, -22.462780726963594 ], [ -41.81109251043857, -22.461205719799608 ], [ -41.813139900426634, -22.461173734974548 ], [ -41.814197203454285, -22.46271675798792 ], [ -41.813207111412261, -22.464291757421794 ], [ -41.811159711401409, -22.464323741572457 ] ] ] } },
{ "type": "Feature", "properties": { "h3": "89a8b1b1d6bffff", "lat": -22.441396829834765, "lon": -41.780969548618145, "area_km2": 0.12845443012311414, "score": 28.027200021590165, "class": "ruim", "direct_activity_score": 28.027200021590165, "neighborhood_inherited_score": 0.0, "pos_food": 0.0, "pos_shop": 0.0, "pos_supermarket": 0.0, "pos_pharmacy": 0.0, "pos_fitness": 0.0, "pos_education": 0.0, "pos_healthcare": 0.0, "pos_office": 0.0, "pos_bank": 0.0, "pos_transport": 0.0, "pos_leisure": 0.0, "pos_fuel": 0.0, "pos_residential": 0.0, "pos_commercial": 0.0, "pos_mixed_use": 0.0, "pos_road_density": 0.0, "pos_anchor_proximity": 0.063763795726657052, "positive_total": 0.063763795726657052, "pen_unsuitable_landuse": 0.0, "pen_industrial": 0.0, "pen_isolation": 0.9, "pen_low_connectivity": 0.4, "penalty_total": 1.3, "raw": -1.236236204273343, "score_physical": 30.44, "score_rank_pct": 22.41, "count_shop": 0, "count_supermarket": 0, "count_food": 0, "count_pharmacy": 0, "count_healthcare": 0, "count_education": 0, "count_fitness": 0, "count_office": 0, "count_bank": 0, "count_transport": 0, "count_leisure": 0, "count_fuel": 0, "feat_unsuitable_frac": 0.0, "feat_industrial_frac": 0.0, "feat_residential": 0.0, "feat_commercial": 0.0, "feat_road_density": 0.0, "feat_mixed_use": -0.0, "feat_isolation": 1.0, "feat_anchor_proximity": 0.09568481895199174, "feat_low_connectivity": 1.0, "raw_lu_frac_unsuitable": 0.0, "raw_lu_frac_residential": 0.0, "raw_lu_frac_commercial": 0.0, "raw_lu_frac_industrial": 0.0 }, "geometry": { "type": "Polygon", "coordinates": [ [ [ -41.779979411797015, -22.44297201655024 ], [ -41.778922229101084, -22.441428431574078 ], [ -41.779912365789528, -22.439853236798598 ], [ -41.78195968029452, -22.439821634698657 ], [ -41.783016868134389, -22.441365228095453 ], [ -41.782026736326657, -22.442940415171506 ], [ -41.779979411797015, -22.44297201655024 ] ] ] } },
{ "type": "Feature", "properties": { "h3": "89a8b1a2477ffff", "lat": -22.411334401463392, "lon": -41.807970155308972, "area_km2": 0.12846479072702249, "score": 71.049589399705553, "class": "bom", "direct_activity_score": 69.332457634394927, "neighborhood_inherited_score": 1.7171317653106257, "pos_food": 0.81524799653454694, "pos_shop": 0.41539174779786742, "pos_supermarket": 0.59633027522935778, "pos_pharmacy": 0.0, "pos_fitness": 0.84425403225806483, "pos_education": 0.43516483516483512, "pos_healthcare": 0.27272727272727271, "pos_office": 0.14802631578947378, "pos_bank": 0.0795454545454546, "pos_transport": 0.66544811320754715, "pos_leisure": 0.25556544968833494, "pos_fuel": 0.0, "pos_residential": 0.21844730555311404, "pos_commercial": 0.079509544866501705, "pos_mixed_use": 1.341305740396771, "pos_road_density": 0.48449973573575622, "pos_anchor_proximity": 1.434626409401486, "positive_total": 8.086090228896385, "pen_unsuitable_landuse": 2.2, "pen_industrial": 0.0028282593151240983, "pen_isolation": 0.00014578749421067375, "pen_low_connectivity": 0.20620010570569752, "penalty_total": 2.4091741525150323, "raw": 5.6769160763813531, "score_physical": 67.17, "score_rank_pct": 80.11, "count_shop": 0, "count_supermarket": 0, "count_food": 1, "count_pharmacy": 0, "count_healthcare": 0, "count_education": 0, "count_fitness": 1, "count_office": 0, "count_bank": 0, "count_transport": 0, "count_leisure": 1, "count_fuel": 0, "feat_unsuitable_frac": 1.2011749227602855, "feat_industrial_frac": 0.0070706482878102449, "feat_residential": 0.14038359465775516, "feat_commercial": 0.0061002082271923398, "feat_road_density": 71629.619683959158, "feat_mixed_use": 0.71053720143920795, "feat_isolation": 0.00016198610467852638, "feat_anchor_proximity": 0.63662127766975685, "feat_low_connectivity": 0.51550026426424378, "raw_lu_frac_unsuitable": 0.0, "raw_lu_frac_residential": 0.036752266026070381, "raw_lu_frac_commercial": 0.0, "raw_lu_frac_industrial": 0.0 }, "geometry": { "type": "Polygon", "coordinates": [ [ [ -41.806980128231928, -22.412910291480301 ], [ -41.805922926154679, -22.411366358389756 ], [ -41.806912953150622, -22.409790460320046 ], [ -41.808960177293947, -22.409758503053339 ], [ -41.810017384461517, -22.411302444537032 ], [ -41.809027362396769, -22.412878334894256 ], [ -41.806980128231928, -22.412910291480301 ] ] ] } },
{ "type": "Feature", "properties": { "h3": "89a8b1b0ad3ffff", "lat": -22.448860213422606, "lon": -41.802634316974057, "area_km2": 0.12845259435941378, "score": 29.917097053045623, "class": "ruim", "direct_activity_score": 29.917097053045623, "neighborhood_inherited_score": 0.0, "pos_food": 0.0, "pos_shop": 0.0, "pos_supermarket": 0.0, "pos_pharmacy": 0.0, "pos_fitness": 0.0, "pos_education": 0.0, "pos_healthcare": 0.0, "pos_office": 0.0, "pos_bank": 0.0, "pos_transport": 0.0, "pos_leisure": 0.0, "pos_fuel": 0.0, "pos_residential": 0.0, "pos_commercial": 0.0, "pos_mixed_use": 0.0, "pos_road_density": 0.0, "pos_anchor_proximity": 0.084818429142032234, "positive_total": 0.084818429142032234, "pen_unsuitable_landuse": 0.0, "pen_industrial": 0.0, "pen_isolation": 0.9, "pen_low_connectivity": 0.4, "penalty_total": 1.3, "raw": -1.2151815708579679, "score_physical": 30.61, "score_rank_pct": 28.29, "count_shop": 0, "count_supermarket": 0, "count_food": 0, "count_pharmacy": 0, "count_healthcare": 0, "count_education": 0, "count_fitness": 0, "count_office": 0, "count_bank": 0, "count_transport": 0, "count_leisure": 0, "count_fuel": 0, "feat_unsuitable_frac": 0.0, "feat_industrial_frac": 0.0, "feat_residential": 0.0, "feat_commercial": 0.0, "feat_road_density": 0.0, "feat_mixed_use": -0.0, "feat_isolation": 1.0, "feat_anchor_proximity": 0.10399288624166933, "feat_low_connectivity": 1.0, "raw_lu_frac_unsuitable": 0.0, "raw_lu_frac_residential": 0.0, "raw_lu_frac_commercial": 0.0, "raw_lu_frac_industrial": 0.0 }, "geometry": { "type": "Polygon", "coordinates": [ [ [ -41.801644219165979, -22.450435401409948 ], [ -41.800586968548224, -22.448892084671879 ], [ -41.801577066265068, -22.447316888621526 ], [ -41.803624409679287, -22.447285017027884 ], [ -41.804681665398469, -22.448828342173336 ], [ -41.803691572603327, -22.450403530504985 ], [ -41.801644219165979, -22.450435401409948 ] ] ] } },
{ "type": "Feature", "properties": { "h3": "89a8b1a262bffff", "lat": -22.399140791030732, "lon": -41.789276752436294, "area_km2": 0.1284682241180424, "score": 97.947148102438803, "class": "muito bom", "direct_activity_score": 69.867750126060386, "neighborhood_inherited_score": 28.079397976378417, "pos_food": 1.4580896686159857, "pos_shop": 1.4, "pos_supermarket": 1.3, "pos_pharmacy": 1.1, "pos_fitness": 1.0, "pos_education": 0.63296703296703294, "pos_healthcare": 0.27272727272727271, "pos_office": 0.80592105263157965, "pos_bank": 0.7, "pos_transport": 0.83862028301886793, "pos_leisure": 0.6, "pos_fuel": 0.5, "pos_residential": 0.7165697715389352, "pos_commercial": 1.2, "pos_mixed_use": 1.5, "pos_road_density": 0.84059416345300364, "pos_anchor_proximity": 1.621202178007324, "positive_total": 16.48669142296, "pen_unsuitable_landuse": 0.64136728946004373, "pen_industrial": 0.0, "pen_isolation": 2.9071030822236473e-10, "pen_low_connectivity": 0.063762334618798544, "penalty_total": 0.70512962436955262, "raw": 15.781561798590447, "score_physical": 98.75, "score_rank_pct": 96.08, "count_shop": 1, "count_supermarket": 0, "count_food": 0, "count_pharmacy": 0, "count_healthcare": 0, "count_education": 0, "count_fitness": 0, "count_office": 0, "count_bank": 1, "count_transport": 0, "count_leisure": 8, "count_fuel": 0, "feat_unsuitable_frac": 0.29153058611820165, "feat_industrial_frac": 0.0, "feat_residential": 0.46049842591106332, "feat_commercial": 0.12363217477572674, "feat_road_density": 124275.4862296426, "feat_mixed_use": 0.81052199500367295, "feat_isolation": 3.2301145358040522e-10, "feat_anchor_proximity": 0.71024326906803348, "feat_low_connectivity": 0.15940583654699636, "raw_lu_frac_unsuitable": 0.10838913093837906, "raw_lu_frac_residential": 0.19153047620404365, "raw_lu_frac_commercial": 0.0019924167516390196, "raw_lu_frac_industrial": 0.0 }, "geometry": { "type": "Polygon", "coordinates": [ [ [ -41.788286700542997, -22.400716782405482 ], [ -41.78722956651233, -22.399172518572101 ], [ -41.788219618288764, -22.397596519148802 ], [ -41.790266799201426, -22.397564791253032 ], [ -41.791323938359, -22.399109063489366 ], [ -41.790333891478312, -22.400685055218464 ], [ -41.788286700542997, -22.400716782405482 ] ] ] } },
{ "type": "Feature", "properties": { "h3": "89a8b1b193bffff", "lat": -22.424099392754734, "lon": -41.78981347156882, "area_km2": 0.12846023126463071, "score": 30.0, "class": "ruim", "direct_activity_score": 30.0, "neighborhood_inherited_score": 0.0, "pos_food": 0.0, "pos_shop": 0.0, "pos_supermarket": 0.0, "pos_pharmacy": 0.0, "pos_fitness": 0.0, "pos_education": 0.0, "pos_healthcare": 0.0, "pos_office": 0.0, "pos_bank": 0.0, "pos_transport": 0.0, "pos_leisure": 0.0, "pos_fuel": 0.0, "pos_residential": 0.0, "pos_commercial": 0.0, "pos_mixed_use": 0.0, "pos_road_density": 0.0, "pos_anchor_proximity": 0.2545010156497996, "positive_total": 0.2545010156497996, "pen_unsuitable_landuse": 0.0, "pen_industrial": 0.0, "pen_isolation": 0.9, "pen_low_connectivity": 0.4, "penalty_total": 1.3, "raw": -1.0454989843502005, "score_physical": 32.02, "score_rank_pct": 53.5, "count_shop": 0, "count_supermarket": 0, "count_food": 0, "count_pharmacy": 0, "count_healthcare": 0, "count_education": 0, "count_fitness": 0, "count_office": 0, "count_bank": 0, "count_transport": 0, "count_leisure": 0, "count_fuel": 0, "feat_unsuitable_frac": 0.0, "feat_industrial_frac": 0.0, "feat_residential": 0.0, "feat_commercial": 0.0, "feat_road_density": 0.0, "feat_mixed_use": -0.0, "feat_isolation": 1.0, "feat_anchor_proximity": 0.17094890104283939, "feat_low_connectivity": 1.0, "raw_lu_frac_unsuitable": 0.0, "raw_lu_frac_residential": 0.0, "raw_lu_frac_commercial": 0.0, "raw_lu_frac_industrial": 0.0 }, "geometry": { "type": "Polygon", "coordinates": [ [ [ -41.788823382209905, -22.425674942829943 ], [ -41.787766205460692, -22.424131114629354 ], [ -41.788756294703795, -22.422555556498569 ], [ -41.790803555800309, -22.422523834269967 ], [ -41.791860737675783, -22.424067670880117 ], [ -41.790870653329826, -22.425643221309265 ], [ -41.788823382209905, -22.425674942829943 ] ] ] } },
{ "type": "Feature", "properties": { "h3": "89a8b1b0e3bffff", "lat": -22.456512478620901, "lon": -41.812015397823295, "area_km2": 0.12845035704272251, "score": 27.295808950540479, "class": "ruim", "direct_activity_score": 27.295808950540479, "neighborhood_inherited_score": 0.0, "pos_food": 0.0, "pos_shop": 0.0, "pos_supermarket": 0.0, "pos_pharmacy": 0.0, "pos_fitness": 0.0, "pos_education": 0.0, "pos_healthcare": 0.0, "pos_office": 0.0, "pos_bank": 0.0, "pos_transport": 0.0, "pos_leisure": 0.0, "pos_fuel": 0.0, "pos_residential": 0.0, "pos_commercial": 0.0, "pos_mixed_use": 0.0, "pos_road_density": 0.0, "pos_anchor_proximity": 0.053863521897910882, "positive_total": 0.053863521897910882, "pen_unsuitable_landuse": 0.0, "pen_industrial": 0.0, "pen_isolation": 0.9, "pen_low_connectivity": 0.4, "penalty_total": 1.3, "raw": -1.2461364781020892, "score_physical": 30.35, "score_rank_pct": 20.17, "count_shop": 0, "count_supermarket": 0, "count_food": 0, "count_pharmacy": 0, "count_healthcare": 0, "count_education": 0, "count_fitness": 0, "count_office": 0, "count_bank": 0, "count_transport": 0, "count_leisure": 0, "count_fuel": 0, "feat_unsuitable_frac": 0.0, "feat_industrial_frac": 0.0, "feat_residential": 0.0, "feat_commercial": 0.0, "feat_road_density": 0.0, "feat_mixed_use": -0.0, "feat_isolation": 1.0, "feat_anchor_proximity": 0.091778213715379434, "feat_low_connectivity": 1.0, "raw_lu_frac_unsuitable": 0.0, "raw_lu_frac_residential": 0.0, "raw_lu_frac_commercial": 0.0, "raw_lu_frac_industrial": 0.0 }, "geometry": { "type": "Polygon", "coordinates": [ [ [ -41.811025310133346, -22.458087588206688 ], [ -41.809968022869064, -22.456544464457732 ], [ -41.810958110485714, -22.454969346806394 ], [ -41.813005480428487, -22.454937360632236 ], [ -41.81406277277587, -22.45648049278407 ], [ -41.813072690098721, -22.458055602707134 ], [ -41.811025310133346, -22.458087588206688 ] ] ] } },
{ "type": "Feature", "properties": { "h3": "89a8b1a2047ffff", "lat": -22.392709206833686, "lon": -41.801425581008019, "area_km2": 0.12847059732636096, "score": 76.653071994641152, "class": "bom", "direct_activity_score": 57.57337625042274, "neighborhood_inherited_score": 19.079695744218412, "pos_food": 0.12475633528265118, "pos_shop": 0.31154381084840055, "pos_supermarket": 0.62614678899082565, "pos_pharmacy": 0.34375, "pos_fitness": 0.22681451612903236, "pos_education": 0.23736263736263735, "pos_healthcare": 0.75757575757575757, "pos_office": 0.0, "pos_bank": 0.0, "pos_transport": 0.50395047169811324, "pos_leisure": 0.19501335707925205, "pos_fuel": 0.3, "pos_residential": 1.0, "pos_commercial": 0.48968837501046425, "pos_mixed_use": 1.4039563977983776, "pos_road_density": 0.88456158353585757, "pos_anchor_proximity": 1.0034344365650492, "positive_total": 8.4085544678764172, "pen_unsuitable_landuse": 0.9980974070119264, "pen_industrial": 0.0, "pen_isolation": 0.0059678979505960834, "pen_low_connectivity": 0.046175366585656977, "penalty_total": 1.0502406715481796, "raw": 7.3583137963282379, "score_physical": 73.37, "score_rank_pct": 84.31, "count_shop": 0, "count_supermarket": 0, "count_food": 0, "count_pharmacy": 0, "count_healthcare": 0, "count_education": 0, "count_fitness": 0, "count_office": 0, "count_bank": 0, "count_transport": 0, "count_leisure": 0, "count_fuel": 0, "feat_unsuitable_frac": 0.45368063955087562, "feat_industrial_frac": 0.0, "feat_residential": 1.0129527457891463, "feat_commercial": 0.037570345283888348, "feat_road_density": 130775.73658424205, "feat_mixed_use": 0.74372547569895719, "feat_isolation": 0.0066309977228845374, "feat_anchor_proximity": 0.4664747899860569, "feat_low_connectivity": 0.11543841646414243, "raw_lu_frac_unsuitable": 0.039550174891122857, "raw_lu_frac_residential": 0.11796678440730685, "raw_lu_frac_commercial": 0.0, "raw_lu_frac_industrial": 0.0 }, "geometry": { "type": "Polygon", "coordinates": [ [ [ -41.800435567485721, -22.394285387925002 ], [ -41.799378412983422, -22.392741090495438 ], [ -41.800368426412064, -22.391164901356838 ], [ -41.802415589425756, -22.391133017349823 ], [ -41.803472749030966, -22.392677323171938 ], [ -41.802482740520887, -22.394253504608482 ], [ -41.800435567485721, -22.394285387925002 ] ] ] } },
{ "type": "Feature", "properties": { "h3": "89a8b1b0857ffff", "lat": -22.450083387325073, "lon": -41.824165124747623, "area_km2": 0.12845271175137171, "score": 30.0, "class": "ruim", "direct_activity_score": 30.0, "neighborhood_inherited_score": 0.0, "pos_food": 0.0, "pos_shop": 0.0, "pos_supermarket": 0.0, "pos_pharmacy": 0.0, "pos_fitness": 0.0, "pos_education": 0.0, "pos_healthcare": 0.0, "pos_office": 0.0, "pos_bank": 0.0, "pos_transport": 0.0, "pos_leisure": 0.0, "pos_fuel": 0.0, "pos_residential": 0.0, "pos_commercial": 0.0, "pos_mixed_use": 0.0, "pos_road_density": 0.0, "pos_anchor_proximity": 0.090133472362484326, "positive_total": 0.090133472362484326, "pen_unsuitable_landuse": 0.0, "pen_industrial": 0.0, "pen_isolation": 0.9, "pen_low_connectivity": 0.4, "penalty_total": 1.3, "raw": -1.2098665276375158, "score_physical": 30.66, "score_rank_pct": 29.13, "count_shop": 0, "count_supermarket": 0, "count_food": 0, "count_pharmacy": 0, "count_healthcare": 0, "count_education": 0, "count_fitness": 0, "count_office": 0, "count_bank": 0, "count_transport": 0, "count_leisure": 0, "count_fuel": 0, "feat_unsuitable_frac": 0.0, "feat_industrial_frac": 0.0, "feat_residential": 0.0, "feat_commercial": 0.0, "feat_road_density": 0.0, "feat_mixed_use": -0.0, "feat_isolation": 1.0, "feat_anchor_proximity": 0.10609017931022566, "feat_low_connectivity": 1.0, "raw_lu_frac_unsuitable": 0.0, "raw_lu_frac_residential": 0.0, "raw_lu_frac_commercial": 0.0, "raw_lu_frac_industrial": 0.0 }, "geometry": { "type": "Polygon", "coordinates": [ [ [ -41.823175075601334, -22.451658686895559 ], [ -41.82211776804067, -22.45011552955064 ], [ -41.823107817136894, -22.448540221915849 ], [ -41.825155168832779, -22.448508079362071 ], [ -41.826212481452536, -22.450051245099505 ], [ -41.825222437318629, -22.451626544998149 ], [ -41.823175075601334, -22.451658686895559 ] ] ] } },
{ "type": "Feature", "properties": { "h3": "89a8b1b0e5bffff", "lat": -22.461428876819809, "lon": -41.796760789876885, "area_km2": 0.12844839308817041, "score": 23.211812205593386, "class": "ruim", "direct_activity_score": 23.211812205593386, "neighborhood_inherited_score": 0.0, "pos_food": 0.0, "pos_shop": 0.0, "pos_supermarket": 0.0, "pos_pharmacy": 0.0, "pos_fitness": 0.0, "pos_education": 0.0, "pos_healthcare": 0.0, "pos_office": 0.0, "pos_bank": 0.0, "pos_transport": 0.0, "pos_leisure": 0.0, "pos_fuel": 0.0, "pos_residential": 0.0, "pos_commercial": 0.0, "pos_mixed_use": 0.0, "pos_road_density": 0.0, "pos_anchor_proximity": 0.017521624384139463, "positive_total": 0.017521624384139463, "pen_unsuitable_landuse": 0.0, "pen_industrial": 0.0, "pen_isolation": 0.9, "pen_low_connectivity": 0.4, "penalty_total": 1.3, "raw": -1.2824783756158606, "score_physical": 30.04, "score_rank_pct": 7.28, "count_shop": 0, "count_supermarket": 0, "count_food": 0, "count_pharmacy": 0, "count_healthcare": 0, "count_education": 0, "count_fitness": 0, "count_office": 0, "count_bank": 0, "count_transport": 0, "count_leisure": 0, "count_fuel": 0, "feat_unsuitable_frac": 0.0, "feat_industrial_frac": 0.0, "feat_residential": 0.0, "feat_commercial": 0.0, "feat_road_density": 0.0, "feat_mixed_use": -0.0, "feat_isolation": 1.0, "feat_anchor_proximity": 0.077437858126072706, "feat_low_connectivity": 1.0, "raw_lu_frac_unsuitable": 0.0, "raw_lu_frac_residential": 0.0, "raw_lu_frac_commercial": 0.0, "raw_lu_frac_industrial": 0.0 }, "geometry": { "type": "Polygon", "coordinates": [ [ [ -41.795770658814298, -22.463003804021518 ], [ -41.794713402396077, -22.461460667761266 ], [ -41.795703533356203, -22.459885732493305 ], [ -41.797750915825077, -22.459853941203086 ], [ -41.798808177356491, -22.46139708587835 ], [ -41.797818051307175, -22.462972013428782 ], [ -41.795770658814298, -22.463003804021518 ] ] ] } },
{ "type": "Feature", "properties": { "h3": "89a8b1b0a0bffff", "lat": -22.437896905669284, "lon": -41.805470238699428, "area_km2": 0.12845619491182456, "score": 30.0, "class": "ruim", "direct_activity_score": 30.0, "neighborhood_inherited_score": 0.0, "pos_food": 0.0, "pos_shop": 0.0, "pos_supermarket": 0.0, "pos_pharmacy": 0.0, "pos_fitness": 0.0, "pos_education": 0.0, "pos_healthcare": 0.0, "pos_office": 0.0, "pos_bank": 0.0, "pos_transport": 0.0, "pos_leisure": 0.0, "pos_fuel": 0.0, "pos_residential": 0.0, "pos_commercial": 0.0, "pos_mixed_use": 0.0, "pos_road_density": 0.0, "pos_anchor_proximity": 0.18616679932380628, "positive_total": 0.18616679932380628, "pen_unsuitable_landuse": 0.0, "pen_industrial": 0.0, "pen_isolation": 0.9, "pen_low_connectivity": 0.4, "penalty_total": 1.3, "raw": -1.1138332006761937, "score_physical": 31.46, "score_rank_pct": 45.94, "count_shop": 0, "count_supermarket": 0, "count_food": 0, "count_pharmacy": 0, "count_healthcare": 0, "count_education": 0, "count_fitness": 0, "count_office": 0, "count_bank": 0, "count_transport": 0, "count_leisure": 0, "count_fuel": 0, "feat_unsuitable_frac": 0.0, "feat_industrial_frac": 0.0, "feat_residential": 0.0, "feat_commercial": 0.0, "feat_road_density": 0.0, "feat_mixed_use": -0.0, "feat_isolation": 1.0, "feat_anchor_proximity": 0.14398451480901614, "feat_low_connectivity": 1.0, "raw_lu_frac_unsuitable": 0.0, "raw_lu_frac_residential": 0.0, "raw_lu_frac_commercial": 0.0, "raw_lu_frac_industrial": 0.0 }, "geometry": { "type": "Polygon", "coordinates": [ [ [ -41.804480164549616, -22.439472306807467 ], [ -41.80342292485058, -22.437928818071686 ], [ -41.80441299891455, -22.436353408873412 ], [ -41.806460307752005, -22.436321496128777 ], [ -41.80751755254672, -22.437864993266885 ], [ -41.806527483409624, -22.439440394747251 ], [ -41.804480164549616, -22.439472306807467 ] ] ] } },
{ "type": "Feature", "properties": { "h3": "89a8b1b1d8fffff", "lat": -22.45528777415106, "lon": -41.79048442957631, "area_km2": 0.12845021071216786, "score": 24.538179544047029, "class": "ruim", "direct_activity_score": 24.538179544047029, "neighborhood_inherited_score": 0.0, "pos_food": 0.0, "pos_shop": 0.0, "pos_supermarket": 0.0, "pos_pharmacy": 0.0, "pos_fitness": 0.0, "pos_education": 0.0, "pos_healthcare": 0.0, "pos_office": 0.0, "pos_bank": 0.0, "pos_transport": 0.0, "pos_leisure": 0.0, "pos_fuel": 0.0, "pos_residential": 0.0, "pos_commercial": 0.0, "pos_mixed_use": 0.0, "pos_road_density": 0.0, "pos_anchor_proximity": 0.028439205723762892, "positive_total": 0.028439205723762892, "pen_unsuitable_landuse": 0.0, "pen_industrial": 0.0, "pen_isolation": 0.9, "pen_low_connectivity": 0.4, "penalty_total": 1.3, "raw": -1.2715607942762372, "score_physical": 30.13, "score_rank_pct": 11.48, "count_shop": 0, "count_supermarket": 0, "count_food": 0, "count_pharmacy": 0, "count_healthcare": 0, "count_education": 0, "count_fitness": 0, "count_office": 0, "count_bank": 0, "count_transport": 0, "count_leisure": 0, "count_fuel": 0, "feat_unsuitable_frac": 0.0, "feat_industrial_frac": 0.0, "feat_residential": 0.0, "feat_commercial": 0.0, "feat_road_density": 0.0, "feat_mixed_use": -0.0, "feat_isolation": 1.0, "feat_anchor_proximity": 0.081745888506876349, "feat_low_connectivity": 1.0, "raw_lu_frac_unsuitable": 0.0, "raw_lu_frac_residential": 0.0, "raw_lu_frac_commercial": 0.0, "raw_lu_frac_industrial": 0.0 }, "geometry": { "type": "Polygon", "coordinates": [ [ [ -41.789494293381658, -22.456862772034139 ], [ -41.788437063229644, -22.455319488951528 ], [ -41.789427199309834, -22.453744483004165 ], [ -41.791474560644488, -22.453712767850227 ], [ -41.792531795921938, -22.455256059350596 ], [ -41.791541664740627, -22.45683105758711 ], [ -41.789494293381658, -22.456862772034139 ] ] ] } },
{ "type": "Feature", "properties": { "h3": "89a8b1a249bffff", "lat": -22.426932188489985, "lon": -41.808306063986159, "area_km2": 0.12845979053124762, "score": 30.0, "class": "ruim", "direct_activity_score": 30.0, "neighborhood_inherited_score": 0.0, "pos_food": 0.0, "pos_shop": 0.0, "pos_supermarket": 0.0, "pos_pharmacy": 0.0, "pos_fitness": 0.0, "pos_education": 0.0, "pos_healthcare": 0.0, "pos_office": 0.0, "pos_bank": 0.0, "pos_transport": 0.0, "pos_leisure": 0.0, "pos_fuel": 0.0, "pos_residential": 0.0, "pos_commercial": 0.0, "pos_mixed_use": 0.0, "pos_road_density": 0.0, "pos_anchor_proximity": 0.40431745791881313, "positive_total": 0.40431745791881313, "pen_unsuitable_landuse": 0.0, "pen_industrial": 0.0, "pen_isolation": 0.9, "pen_low_connectivity": 0.4, "penalty_total": 1.3, "raw": -0.89568254208118692, "score_physical": 33.21, "score_rank_pct": 63.59, "count_shop": 0, "count_supermarket": 0, "count_food": 0, "count_pharmacy": 0, "count_healthcare": 0, "count_education": 0, "count_fitness": 0, "count_office": 0, "count_bank": 0, "count_transport": 0, "count_leisure": 0, "count_fuel": 0, "feat_unsuitable_frac": 0.0, "feat_industrial_frac": 0.0, "feat_residential": 0.0, "feat_commercial": 0.0, "feat_road_density": 0.0, "feat_mixed_use": -0.0, "feat_isolation": 1.0, "feat_anchor_proximity": 0.23006582124350786, "feat_low_connectivity": 1.0, "raw_lu_frac_unsuitable": 0.0, "raw_lu_frac_residential": 0.0, "raw_lu_frac_commercial": 0.0, "raw_lu_frac_industrial": 0.0 }, "geometry": { "type": "Polygon", "coordinates": [ [ [ -41.807316013498436, -22.42850780268266 ], [ -41.806258784723163, -22.426964142014317 ], [ -41.80724883513043, -22.425388519764471 ], [ -41.809296109382259, -22.425356565900042 ], [ -41.810353343247463, -22.426900234965657 ], [ -41.809363297772236, -22.428475849498394 ], [ -41.807316013498436, -22.42850780268266 ] ] ] } },
{ "type": "Feature", "properties": { "h3": "89a8b1b087bffff", "lat": -22.443846237174853, "lon": -41.824030599113819, "area_km2": 0.12845471791305996, "score": 30.0, "class": "ruim", "direct_activity_score": 30.0, "neighborhood_inherited_score": 0.0, "pos_food": 0.0, "pos_shop": 0.0, "pos_supermarket": 0.0, "pos_pharmacy": 0.0, "pos_fitness": 0.0, "pos_education": 0.0, "pos_healthcare": 0.0, "pos_office": 0.0, "pos_bank": 0.0, "pos_transport": 0.0, "pos_leisure": 0.0, "pos_fuel": 0.0, "pos_residential": 0.0, "pos_commercial": 0.0, "pos_mixed_use": 0.0, "pos_road_density": 0.0, "pos_anchor_proximity": 0.1401149675955258, "positive_total": 0.1401149675955258, "pen_unsuitable_landuse": 0.0, "pen_industrial": 0.0, "pen_isolation": 0.9, "pen_low_connectivity": 0.4, "penalty_total": 1.3, "raw": -1.1598850324044743, "score_physical": 31.08, "score_rank_pct": 37.82, "count_shop": 0, "count_supermarket": 0, "count_food": 0, "count_pharmacy": 0, "count_healthcare": 0, "count_education": 0, "count_fitness": 0, "count_office": 0, "count_bank": 0, "count_transport": 0, "count_leisure": 0, "count_fuel": 0, "feat_unsuitable_frac": 0.0, "feat_industrial_frac": 0.0, "feat_residential": 0.0, "feat_commercial": 0.0, "feat_road_density": 0.0, "feat_mixed_use": -0.0, "feat_isolation": 1.0, "feat_anchor_proximity": 0.12581266117170378, "feat_low_connectivity": 1.0, "raw_lu_frac_unsuitable": 0.0, "raw_lu_frac_residential": 0.0, "raw_lu_frac_commercial": 0.0, "raw_lu_frac_industrial": 0.0 }, "geometry": { "type": "Polygon", "coordinates": [ [ [ -41.823040559330579, -22.445421647166238 ], [ -41.821983262449471, -22.443878380713347 ], [ -41.822973302182376, -22.442302962659404 ], [ -41.825020633835742, -22.442270818792604 ], [ -41.826077935776091, -22.443814093636359 ], [ -41.825087901005155, -22.44538950395599 ], [ -41.823040559330579, -22.445421647166238 ] ] ] } },
{ "type": "Feature", "properties": { "h3": "89a8b1b0a2fffff", "lat": -22.429955442181988, "lon": -41.814515116976615, "area_km2": 0.12845896766085946, "score": 30.0, "class": "ruim", "direct_activity_score": 30.0, "neighborhood_inherited_score": 0.0, "pos_food": 0.0, "pos_shop": 0.0, "pos_supermarket": 0.0, "pos_pharmacy": 0.0, "pos_fitness": 0.0, "pos_education": 0.0, "pos_healthcare": 0.0, "pos_office": 0.0, "pos_bank": 0.0, "pos_transport": 0.0, "pos_leisure": 0.0, "pos_fuel": 0.0, "pos_residential": 0.0, "pos_commercial": 0.0, "pos_mixed_use": 0.0, "pos_road_density": 0.0, "pos_anchor_proximity": 0.38665348248687831, "positive_total": 0.38665348248687831, "pen_unsuitable_landuse": 0.0, "pen_industrial": 0.0, "pen_isolation": 0.9, "pen_low_connectivity": 0.4, "penalty_total": 1.3, "raw": -0.91334651751312168, "score_physical": 33.07, "score_rank_pct": 63.03, "count_shop": 0, "count_supermarket": 0, "count_food": 0, "count_pharmacy": 0, "count_healthcare": 0, "count_education": 0, "count_fitness": 0, "count_office": 0, "count_bank": 0, "count_transport": 0, "count_leisure": 0, "count_fuel": 0, "feat_unsuitable_frac": 0.0, "feat_industrial_frac": 0.0, "feat_residential": 0.0, "feat_commercial": 0.0, "feat_road_density": 0.0, "feat_mixed_use": -0.0, "feat_isolation": 1.0, "feat_anchor_proximity": 0.22309569293034714, "feat_low_connectivity": 1.0, "raw_lu_frac_unsuitable": 0.0, "raw_lu_frac_residential": 0.0, "raw_lu_frac_commercial": 0.0, "raw_lu_frac_industrial": 0.0 }, "geometry": { "type": "Polygon", "coordinates": [ [ [ -41.813525076370759, -22.431531040936452 ], [ -41.812467826742399, -22.429987472486633 ], [ -41.813457867279674, -22.428411865673894 ], [ -41.815505152502851, -22.428379835033816 ], [ -41.816562407208977, -22.429923411877343 ], [ -41.815572371615495, -22.431499010967205 ], [ -41.813525076370759, -22.431531040936452 ] ] ] } },
{ "type": "Feature", "properties": { "h3": "89a8b1a2497ffff", "lat": -22.426836211740117, "lon": -41.814447903203664, "area_km2": 0.12845996872038462, "score": 30.0, "class": "ruim", "direct_activity_score": 30.0, "neighborhood_inherited_score": 0.0, "pos_food": 0.0, "pos_shop": 0.0, "pos_supermarket": 0.0, "pos_pharmacy": 0.0, "pos_fitness": 0.0, "pos_education": 0.0, "pos_healthcare": 0.0, "pos_office": 0.0, "pos_bank": 0.0, "pos_transport": 0.0, "pos_leisure": 0.0, "pos_fuel": 0.0, "pos_residential": 0.0, "pos_commercial": 0.0, "pos_mixed_use": 0.0, "pos_road_density": 0.0, "pos_anchor_proximity": 0.4974069416549996, "positive_total": 0.4974069416549996, "pen_unsuitable_landuse": 0.0, "pen_industrial": 0.0, "pen_isolation": 0.9, "pen_low_connectivity": 0.4, "penalty_total": 1.3, "raw": -0.8025930583450005, "score_physical": 33.93, "score_rank_pct": 66.95, "count_shop": 0, "count_supermarket": 0, "count_food": 0, "count_pharmacy": 0, "count_healthcare": 0, "count_education": 0, "count_fitness": 0, "count_office": 0, "count_bank": 0, "count_transport": 0, "count_leisure": 0, "count_fuel": 0, "feat_unsuitable_frac": 0.0, "feat_industrial_frac": 0.0, "feat_residential": 0.0, "feat_commercial": 0.0, "feat_road_density": 0.0, "feat_mixed_use": -0.0, "feat_isolation": 1.0, "feat_anchor_proximity": 0.26679852893704636, "feat_low_connectivity": 1.0, "raw_lu_frac_unsuitable": 0.0, "raw_lu_frac_residential": 0.0, "raw_lu_frac_commercial": 0.0, "raw_lu_frac_industrial": 0.0 }, "geometry": { "type": "Polygon", "coordinates": [ [ [ -41.813457867279674, -22.428411865673894 ], [ -41.812400622990957, -22.426868242715635 ], [ -41.813390658846252, -22.425292580724456 ], [ -41.815437934047949, -22.425260549413451 ], [ -41.816495183414503, -22.426804180764599 ], [ -41.815505152502851, -22.428379835033816 ], [ -41.813457867279674, -22.428411865673894 ] ] ] } },
{ "type": "Feature", "properties": { "h3": "89a8b1b1db3ffff", "lat": -22.45519251344534, "lon": -41.796626530250734, "area_km2": 0.12845040120218318, "score": 26.040054153554266, "class": "ruim", "direct_activity_score": 26.040054153554266, "neighborhood_inherited_score": 0.0, "pos_food": 0.0, "pos_shop": 0.0, "pos_supermarket": 0.0, "pos_pharmacy": 0.0, "pos_fitness": 0.0, "pos_education": 0.0, "pos_healthcare": 0.0, "pos_office": 0.0, "pos_bank": 0.0, "pos_transport": 0.0, "pos_leisure": 0.0, "pos_fuel": 0.0, "pos_residential": 0.0, "pos_commercial": 0.0, "pos_mixed_use": 0.0, "pos_road_density": 0.0, "pos_anchor_proximity": 0.040630208163803194, "positive_total": 0.040630208163803194, "pen_unsuitable_landuse": 0.0, "pen_industrial": 0.0, "pen_isolation": 0.9, "pen_low_connectivity": 0.4, "penalty_total": 1.3, "raw": -1.2593697918361968, "score_physical": 30.24, "score_rank_pct": 16.25, "count_shop": 0, "count_supermarket": 0, "count_food": 0, "count_pharmacy": 0, "count_healthcare": 0, "count_education": 0, "count_fitness": 0, "count_office": 0, "count_bank": 0, "count_transport": 0, "count_leisure": 0, "count_fuel": 0, "feat_unsuitable_frac": 0.0, "feat_industrial_frac": 0.0, "feat_residential": 0.0, "feat_commercial": 0.0, "feat_road_density": 0.0, "feat_mixed_use": -0.0, "feat_isolation": 1.0, "feat_anchor_proximity": 0.086556405346676371, "feat_low_connectivity": 1.0, "raw_lu_frac_unsuitable": 0.0, "raw_lu_frac_residential": 0.0, "raw_lu_frac_commercial": 0.0, "raw_lu_frac_industrial": 0.0 }, "geometry": { "type": "Polygon", "coordinates": [ [ [ -41.795636408555019, -22.456767551152122 ], [ -41.79457916281774, -22.455224305781964 ], [ -41.795569284410732, -22.453649260010657 ], [ -41.797616646831877, -22.453617467325177 ], [ -41.798673897682505, -22.455160721108719 ], [ -41.797683780999982, -22.456735759164328 ], [ -41.795636408555019, -22.456767551152122 ] ] ] } },
{ "type": "Feature", "properties": { "h3": "89a8b1b0b1bffff", "lat": -22.429762795596524, "lon": -41.82679886373144, "area_km2": 0.12845931132311683, "score": 30.0, "class": "ruim", "direct_activity_score": 30.0, "neighborhood_inherited_score": 0.0, "pos_food": 0.0, "pos_shop": 0.0, "pos_supermarket": 0.0, "pos_pharmacy": 0.0, "pos_fitness": 0.0, "pos_education": 0.0, "pos_healthcare": 0.0, "pos_office": 0.0, "pos_bank": 0.0, "pos_transport": 0.0, "pos_leisure": 0.0, "pos_fuel": 0.0, "pos_residential": 0.0, "pos_commercial": 0.0, "pos_mixed_use": 0.0, "pos_road_density": 0.0, "pos_anchor_proximity": 0.32729534636630964, "positive_total": 0.32729534636630964, "pen_unsuitable_landuse": 0.066562496960157078, "pen_industrial": 0.0, "pen_isolation": 0.9, "pen_low_connectivity": 0.4, "penalty_total": 1.3665624969601571, "raw": -1.0392671505938473, "score_physical": 32.07, "score_rank_pct": 54.06, "count_shop": 0, "count_supermarket": 0, "count_food": 0, "count_pharmacy": 0, "count_healthcare": 0, "count_education": 0, "count_fitness": 0, "count_office": 0, "count_bank": 0, "count_transport": 0, "count_leisure": 0, "count_fuel": 0, "feat_unsuitable_frac": 0.030255680436435034, "feat_industrial_frac": 0.0, "feat_residential": 0.0, "feat_commercial": 0.0, "feat_road_density": 0.0, "feat_mixed_use": -0.0, "feat_isolation": 1.0, "feat_anchor_proximity": 0.19967322912628005, "feat_low_connectivity": 1.0, "raw_lu_frac_unsuitable": 0.0, "raw_lu_frac_residential": 0.0, "raw_lu_frac_commercial": 0.0, "raw_lu_frac_industrial": 0.0 }, "geometry": { "type": "Polygon", "coordinates": [ [ [ -41.825808852322133, -22.431338473799574 ], [ -41.824751571739959, -22.429794980819963 ], [ -41.82574158310419, -22.428219294558144 ], [ -41.827788870084952, -22.428187109008487 ], [ -41.828846155720704, -22.429730610373088 ], [ -41.827856149323445, -22.431306288902302 ], [ -41.825808852322133, -22.431338473799574 ] ] ] } },
{ "type": "Feature", "properties": { "h3": "89a8b1b1983ffff", "lat": -22.43657606202482, "lon": -41.790081846892441, "area_km2": 0.12845622697299497, "score": 30.0, "class": "ruim", "direct_activity_score": 30.0, "neighborhood_inherited_score": 0.0, "pos_food": 0.0, "pos_shop": 0.0, "pos_supermarket": 0.0, "pos_pharmacy": 0.0, "pos_fitness": 0.0, "pos_education": 0.0, "pos_healthcare": 0.0, "pos_office": 0.0, "pos_bank": 0.0, "pos_transport": 0.0, "pos_leisure": 0.0, "pos_fuel": 0.0, "pos_residential": 0.0, "pos_commercial": 0.0, "pos_mixed_use": 0.0, "pos_road_density": 0.0, "pos_anchor_proximity": 0.11991530095981291, "positive_total": 0.11991530095981291, "pen_unsuitable_landuse": 0.0, "pen_industrial": 0.0, "pen_isolation": 0.9, "pen_low_connectivity": 0.4, "penalty_total": 1.3, "raw": -1.1800846990401872, "score_physical": 30.91, "score_rank_pct": 34.73, "count_shop": 0, "count_supermarket": 0, "count_food": 0, "count_pharmacy": 0, "count_healthcare": 0, "count_education": 0, "count_fitness": 0, "count_office": 0, "count_bank": 0, "count_transport": 0, "count_leisure": 0, "count_fuel": 0, "feat_unsuitable_frac": 0.0, "feat_industrial_frac": 0.0, "feat_residential": 0.0, "feat_commercial": 0.0, "feat_road_density": 0.0, "feat_mixed_use": -0.0, "feat_isolation": 1.0, "feat_anchor_proximity": 0.11784196007576321, "feat_low_connectivity": 1.0, "raw_lu_frac_unsuitable": 0.0, "raw_lu_frac_residential": 0.0, "raw_lu_frac_commercial": 0.0, "raw_lu_frac_industrial": 0.0 }, "geometry": { "type": "Polygon", "coordinates": [ [ [ -41.789091738799748, -22.438151391298792 ], [ -41.788034540690013, -22.436607781068535 ], [ -41.78902464866745, -22.435032443735508 ], [ -41.791071949858114, -22.435000724338011 ], [ -41.792129153093768, -22.436544342981101 ], [ -41.791139050014159, -22.438119672608813 ], [ -41.789091738799748, -22.438151391298792 ] ] ] } },
{ "type": "Feature", "properties": { "h3": "89a8b1a208fffff", "lat": -22.400366351923928, "lon": -41.810805820492369, "area_km2": 0.12846837576893436, "score": 81.956762345391738, "class": "muito bom", "direct_activity_score": 59.450719431911558, "neighborhood_inherited_score": 22.506042913480179, "pos_food": 0.46003898635477614, "pos_shop": 0.70421882243857215, "pos_supermarket": 1.088302752293578, "pos_pharmacy": 0.0, "pos_fitness": 0.5897177419354841, "pos_education": 1.2, "pos_healthcare": 0.54545454545454541, "pos_office": 1.0, "pos_bank": 0.0, "pos_transport": 1.1, "pos_leisure": 0.064113980409617119, "pos_fuel": 0.0, "pos_residential": 0.69147748800541931, "pos_commercial": 0.13338044944044372, "pos_mixed_use": 1.253835583232354, "pos_road_density": 0.84456681383048904, "pos_anchor_proximity": 1.6600760337657032, "positive_total": 11.335183197160982, "pen_unsuitable_landuse": 2.2, "pen_industrial": 0.015915411700892609, "pen_isolation": 8.6782223470667979e-06, "pen_low_connectivity": 0.062173274467804386, "penalty_total": 2.2780973643910443, "raw": 9.0570858327699373, "score_physical": 79.15, "score_rank_pct": 88.52, "count_shop": 0, "count_supermarket": 0, "count_food": 0, "count_pharmacy": 0, "count_healthcare": 0, "count_education": 0, "count_fitness": 0, "count_office": 0, "count_bank": 0, "count_transport": 1, "count_leisure": 0, "count_fuel": 0, "feat_unsuitable_frac": 1.0243543452508246, "feat_industrial_frac": 0.039788529252231516, "feat_residential": 0.44437304980863268, "feat_commercial": 0.01023334388832612, "feat_road_density": 124862.81252662084, "feat_mixed_use": 0.66420115827676851, "feat_isolation": 9.6424692745186634e-06, "feat_anchor_proximity": 0.72558272443057559, "feat_low_connectivity": 0.15543318616951096, "raw_lu_frac_unsuitable": 0.072259208791443874, "raw_lu_frac_residential": 0.0, "raw_lu_frac_commercial": 0.0, "raw_lu_frac_industrial": 0.0 }, "geometry": { "type": "Polygon", "coordinates": [ [ [ -41.809815817079517, -22.401942454777192 ], [ -41.808758625929912, -22.400398349919652 ], [ -41.809748629267055, -22.39882223901655 ], [ -41.811795818818773, -22.398790240682608 ], [ -41.812853015052951, -22.400334353928201 ], [ -41.811863016652175, -22.401910457119637 ], [ -41.809815817079517, -22.401942454777192 ] ] ] } },
{ "type": "Feature", "properties": { "h3": "89a8b1b0a53ffff", "lat": -22.441111367994164, "lon": -41.799395439582618, "area_km2": 0.12845500842265961, "score": 30.0, "class": "ruim", "direct_activity_score": 30.0, "neighborhood_inherited_score": 0.0, "pos_food": 0.0, "pos_shop": 0.0, "pos_supermarket": 0.0, "pos_pharmacy": 0.0, "pos_fitness": 0.0, "pos_education": 0.0, "pos_healthcare": 0.0, "pos_office": 0.0, "pos_bank": 0.0, "pos_transport": 0.0, "pos_leisure": 0.0, "pos_fuel": 0.0, "pos_residential": 0.0, "pos_commercial": 0.0, "pos_mixed_use": 0.0, "pos_road_density": 0.0, "pos_anchor_proximity": 0.12710368582911133, "positive_total": 0.12710368582911133, "pen_unsuitable_landuse": 0.0, "pen_industrial": 0.0, "pen_isolation": 0.9, "pen_low_connectivity": 0.4, "penalty_total": 1.3, "raw": -1.1728963141708888, "score_physical": 30.97, "score_rank_pct": 36.69, "count_shop": 0, "count_supermarket": 0, "count_food": 0, "count_pharmacy": 0, "count_healthcare": 0, "count_education": 0, "count_fitness": 0, "count_office": 0, "count_bank": 0, "count_transport": 0, "count_leisure": 0, "count_fuel": 0, "feat_unsuitable_frac": 0.0, "feat_industrial_frac": 0.0, "feat_residential": 0.0, "feat_commercial": 0.0, "feat_road_density": 0.0, "feat_mixed_use": -0.0, "feat_isolation": 1.0, "feat_anchor_proximity": 0.12067846565721967, "feat_low_connectivity": 1.0, "raw_lu_frac_unsuitable": 0.0, "raw_lu_frac_residential": 0.0, "raw_lu_frac_commercial": 0.0, "raw_lu_frac_industrial": 0.0 }, "geometry": { "type": "Polygon", "coordinates": [ [ [ -41.798405346218871, -22.442686674141846 ], [ -41.797348116729196, -22.441143202218502 ], [ -41.798338209995478, -22.439567888010089 ], [ -41.800385527837314, -22.439536053438957 ], [ -41.801442762434682, -22.441079533769827 ], [ -41.800452674083864, -22.442654840264254 ], [ -41.798405346218871, -22.442686674141846 ] ] ] } },
{ "type": "Feature", "properties": { "h3": "89a8b1b1d8bffff", "lat": -22.456894447710539, "lon": -41.787446922584451, "area_km2": 0.12844961200951385, "score": 23.126761048591394, "class": "ruim", "direct_activity_score": 23.126761048591394, "neighborhood_inherited_score": 0.0, "pos_food": 0.0, "pos_shop": 0.0, "pos_supermarket": 0.0, "pos_pharmacy": 0.0, "pos_fitness": 0.0, "pos_education": 0.0, "pos_healthcare": 0.0, "pos_office": 0.0, "pos_bank": 0.0, "pos_transport": 0.0, "pos_leisure": 0.0, "pos_fuel": 0.0, "pos_residential": 0.0, "pos_commercial": 0.0, "pos_mixed_use": 0.0, "pos_road_density": 0.0, "pos_anchor_proximity": 0.017353222524507883, "positive_total": 0.017353222524507883, "pen_unsuitable_landuse": 0.0, "pen_industrial": 0.0, "pen_isolation": 0.9, "pen_low_connectivity": 0.4, "penalty_total": 1.3, "raw": -1.2826467774754922, "score_physical": 30.04, "score_rank_pct": 7.0, "count_shop": 0, "count_supermarket": 0, "count_food": 0, "count_pharmacy": 0, "count_healthcare": 0, "count_education": 0, "count_fitness": 0, "count_office": 0, "count_bank": 0, "count_transport": 0, "count_leisure": 0, "count_fuel": 0, "feat_unsuitable_frac": 0.0, "feat_industrial_frac": 0.0, "feat_residential": 0.0, "feat_commercial": 0.0, "feat_road_density": 0.0, "feat_mixed_use": -0.0, "feat_isolation": 1.0, "feat_anchor_proximity": 0.077371407480558055, "feat_low_connectivity": 1.0, "raw_lu_frac_unsuitable": 0.0, "raw_lu_frac_residential": 0.0, "raw_lu_frac_commercial": 0.0, "raw_lu_frac_industrial": 0.0 }, "geometry": { "type": "Polygon", "coordinates": [ [ [ -41.786456776806872, -22.458469398049218 ], [ -41.785399551786291, -22.456926123386939 ], [ -41.786389697443603, -22.455351164983671 ], [ -41.788437063229644, -22.455319488951528 ], [ -41.789494293381658, -22.456862772034139 ], [ -41.788504152617527, -22.458437722728522 ], [ -41.786456776806872, -22.458469398049218 ] ] ] } },
{ "type": "Feature", "properties": { "h3": "89a8b1a2697ffff", "lat": -22.416252968867791, "lon": -41.792716604313235, "area_km2": 0.12846282729274988, "score": 30.0, "class": "ruim", "direct_activity_score": 30.0, "neighborhood_inherited_score": 0.0, "pos_food": 0.0, "pos_shop": 0.0, "pos_supermarket": 0.0, "pos_pharmacy": 0.0, "pos_fitness": 0.0, "pos_education": 0.0, "pos_healthcare": 0.0, "pos_office": 0.0, "pos_bank": 0.0, "pos_transport": 0.0, "pos_leisure": 0.0, "pos_fuel": 0.0, "pos_residential": 0.0, "pos_commercial": 0.0, "pos_mixed_use": 0.0, "pos_road_density": 0.0, "pos_anchor_proximity": 0.46980571634976848, "positive_total": 0.46980571634976848, "pen_unsuitable_landuse": 0.0, "pen_industrial": 0.0, "pen_isolation": 0.9, "pen_low_connectivity": 0.4, "penalty_total": 1.3, "raw": -0.83019428365023162, "score_physical": 33.72, "score_rank_pct": 65.55, "count_shop": 0, "count_supermarket": 0, "count_food": 0, "count_pharmacy": 0, "count_healthcare": 0, "count_education": 0, "count_fitness": 0, "count_office": 0, "count_bank": 0, "count_transport": 0, "count_leisure": 0, "count_fuel": 0, "feat_unsuitable_frac": 0.0, "feat_industrial_frac": 0.0, "feat_residential": 0.0, "feat_commercial": 0.0, "feat_road_density": 0.0, "feat_mixed_use": -0.0, "feat_isolation": 1.0, "feat_anchor_proximity": 0.25590720480000601, "feat_low_connectivity": 1.0, "raw_lu_frac_unsuitable": 0.0, "raw_lu_frac_residential": 0.0, "raw_lu_frac_commercial": 0.0, "raw_lu_frac_industrial": 0.0 }, "geometry": { "type": "Polygon", "coordinates": [ [ [ -41.791726533906804, -22.417828676778292 ], [ -41.790669362711107, -22.41628473122309 ], [ -41.791659433007283, -22.414709015259085 ], [ -41.793706669597981, -22.414677252551979 ], [ -41.79476384591409, -22.416221206512493 ], [ -41.793773780520418, -22.417796914774769 ], [ -41.791726533906804, -22.417828676778292 ] ] ] } },
{ "type": "Feature", "properties": { "h3": "89a8b1b19a7ffff", "lat": -22.428635344321947, "lon": -41.799126879899234, "area_km2": 0.12845901490607034, "score": 30.0, "class": "ruim", "direct_activity_score": 30.0, "neighborhood_inherited_score": 0.0, "pos_food": 0.0, "pos_shop": 0.0, "pos_supermarket": 0.0, "pos_pharmacy": 0.0, "pos_fitness": 0.0, "pos_education": 0.0, "pos_healthcare": 0.0, "pos_office": 0.0, "pos_bank": 0.0, "pos_transport": 0.0, "pos_leisure": 0.0, "pos_fuel": 0.0, "pos_residential": 0.0, "pos_commercial": 0.0, "pos_mixed_use": 0.0, "pos_road_density": 0.0, "pos_anchor_proximity": 0.25889053878878049, "positive_total": 0.25889053878878049, "pen_unsuitable_landuse": 0.0, "pen_industrial": 0.0, "pen_isolation": 0.9, "pen_low_connectivity": 0.4, "penalty_total": 1.3, "raw": -1.0411094612112195, "score_physical": 32.05, "score_rank_pct": 53.78, "count_shop": 0, "count_supermarket": 0, "count_food": 0, "count_pharmacy": 0, "count_healthcare": 0, "count_education": 0, "count_fitness": 0, "count_office": 0, "count_bank": 0, "count_transport": 0, "count_leisure": 0, "count_fuel": 0, "feat_unsuitable_frac": 0.0, "feat_industrial_frac": 0.0, "feat_residential": 0.0, "feat_commercial": 0.0, "feat_road_density": 0.0, "feat_mixed_use": -0.0, "feat_isolation": 1.0, "feat_anchor_proximity": 0.17268098788989031, "feat_low_connectivity": 1.0, "raw_lu_frac_unsuitable": 0.0, "raw_lu_frac_residential": 0.0, "raw_lu_frac_commercial": 0.0, "raw_lu_frac_industrial": 0.0 }, "geometry": { "type": "Polygon", "coordinates": [ [ [ -41.798136805267191, -22.430210871281965 ], [ -41.797079597137646, -22.428667181321241 ], [ -41.798069671671691, -22.427091646303992 ], [ -41.800116949421849, -22.427059808957711 ], [ -41.801174162659407, -22.428603507322656 ], [ -41.800184093040137, -22.430179034629621 ], [ -41.798136805267191, -22.430210871281965 ] ] ] } },
{ "type": "Feature", "properties": { "h3": "89a8b1b0ea7ffff", "lat": -22.461045524241509, "lon": -41.821329463593884, "area_km2": 0.12844911261730638, "score": 24.986747792654352, "class": "ruim", "direct_activity_score": 24.986747792654352, "neighborhood_inherited_score": 0.0, "pos_food": 0.0, "pos_shop": 0.0, "pos_supermarket": 0.0, "pos_pharmacy": 0.0, "pos_fitness": 0.0, "pos_education": 0.0, "pos_healthcare": 0.0, "pos_office": 0.0, "pos_bank": 0.0, "pos_transport": 0.0, "pos_leisure": 0.0, "pos_fuel": 0.0, "pos_residential": 0.0, "pos_commercial": 0.0, "pos_mixed_use": 0.0, "pos_road_density": 0.0, "pos_anchor_proximity": 0.033157401938242924, "positive_total": 0.033157401938242924, "pen_unsuitable_landuse": 0.0, "pen_industrial": 0.0, "pen_isolation": 0.9, "pen_low_connectivity": 0.4, "penalty_total": 1.3, "raw": -1.266842598061757, "score_physical": 30.17, "score_rank_pct": 12.89, "count_shop": 0, "count_supermarket": 0, "count_food": 0, "count_pharmacy": 0, "count_healthcare": 0, "count_education": 0, "count_fitness": 0, "count_office": 0, "count_bank": 0, "count_transport": 0, "count_leisure": 0, "count_fuel": 0, "feat_unsuitable_frac": 0.0, "feat_industrial_frac": 0.0, "feat_residential": 0.0, "feat_commercial": 0.0, "feat_road_density": 0.0, "feat_mixed_use": -0.0, "feat_isolation": 1.0, "feat_anchor_proximity": 0.083607668328090287, "feat_low_connectivity": 1.0, "raw_lu_frac_unsuitable": 0.0, "raw_lu_frac_residential": 0.0, "raw_lu_frac_commercial": 0.0, "raw_lu_frac_industrial": 0.0 }, "geometry": { "type": "Polygon", "coordinates": [ [ [ -41.820339390757908, -22.46262061063214 ], [ -41.819282072242359, -22.461077625394694 ], [ -41.820272145022869, -22.459502530936838 ], [ -41.8223195313631, -22.459470429453319 ], [ -41.823376854943497, -22.461013423088325 ], [ -41.822386787120131, -22.462588509809244 ], [ -41.820339390757908, -22.46262061063214 ] ] ] } },
{ "type": "Feature", "properties": { "h3": "89a8b1b1d0fffff", "lat": -22.447539253406259, "lon": -41.787245672412269, "area_km2": 0.12845262204753172, "score": 26.772982490289593, "class": "ruim", "direct_activity_score": 26.772982490289593, "neighborhood_inherited_score": 0.0, "pos_food": 0.0, "pos_shop": 0.0, "pos_supermarket": 0.0, "pos_pharmacy": 0.0, "pos_fitness": 0.0, "pos_education": 0.0, "pos_healthcare": 0.0, "pos_office": 0.0, "pos_bank": 0.0, "pos_transport": 0.0, "pos_leisure": 0.0, "pos_fuel": 0.0, "pos_residential": 0.0, "pos_commercial": 0.0, "pos_mixed_use": 0.0, "pos_road_density": 0.0, "pos_anchor_proximity": 0.050750416933285074, "positive_total": 0.050750416933285074, "pen_unsuitable_landuse": 0.0, "pen_industrial": 0.0, "pen_isolation": 0.9, "pen_low_connectivity": 0.4, "penalty_total": 1.3, "raw": -1.249249583066715, "score_physical": 30.32, "score_rank_pct": 18.49, "count_shop": 0, "count_supermarket": 0, "count_food": 0, "count_pharmacy": 0, "count_healthcare": 0, "count_education": 0, "count_fitness": 0, "count_office": 0, "count_bank": 0, "count_transport": 0, "count_leisure": 0, "count_fuel": 0, "feat_unsuitable_frac": 0.0, "feat_industrial_frac": 0.0, "feat_residential": 0.0, "feat_commercial": 0.0, "feat_road_density": 0.0, "feat_mixed_use": -0.0, "feat_isolation": 1.0, "feat_anchor_proximity": 0.090549795959739318, "feat_low_connectivity": 1.0, "raw_lu_frac_unsuitable": 0.0, "raw_lu_frac_residential": 0.0, "raw_lu_frac_commercial": 0.0, "raw_lu_frac_industrial": 0.0 }, "geometry": { "type": "Polygon", "coordinates": [ [ [ -41.786255540686497, -22.449114369484828 ], [ -41.785198331687546, -22.447570931217488 ], [ -41.786188463292646, -22.445995807076923 ], [ -41.788235799005378, -22.44596412890979 ], [ -41.789293013136017, -22.447507575595029 ], [ -41.78830288642358, -22.449082692029464 ], [ -41.786255540686497, -22.449114369484828 ] ] ] } },
{ "type": "Feature", "properties": { "h3": "89a8b1a20b3ffff", "lat": -22.40027024187804, "lon": -41.816947405579164, "area_km2": 0.12846855217049838, "score": 74.667398882982383, "class": "bom", "direct_activity_score": 66.374769904727017, "neighborhood_inherited_score": 8.2926289782553653, "pos_food": 0.27290448343079937, "pos_shop": 0.43486323597589249, "pos_supermarket": 0.73050458715596334, "pos_pharmacy": 0.0, "pos_fitness": 0.74344758064516159, "pos_education": 1.2, "pos_healthcare": 0.0, "pos_office": 0.88815789473684292, "pos_bank": 0.0, "pos_transport": 1.0091981132075474, "pos_leisure": 0.024042742653606414, "pos_fuel": 0.0, "pos_residential": 0.31175133488194851, "pos_commercial": 0.097986346533610713, "pos_mixed_use": 1.2411568111462103, "pos_road_density": 0.58683391801327212, "pos_anchor_proximity": 1.603555487649807, "positive_total": 9.1444025360306629, "pen_unsuitable_landuse": 2.2, "pen_industrial": 0.010933136958086682, "pen_isolation": 0.00012895756227687376, "pen_low_connectivity": 0.16526643279469116, "penalty_total": 2.3763285273150547, "raw": 6.7680740087156082, "score_physical": 71.25, "score_rank_pct": 82.63, "count_shop": 0, "count_supermarket": 0, "count_food": 0, "count_pharmacy": 0, "count_healthcare": 0, "count_education": 2, "count_fitness": 2, "count_office": 0, "count_bank": 0, "count_transport": 1, "count_leisure": 0, "count_fuel": 0, "feat_unsuitable_frac": 1.373460151835818, "feat_industrial_frac": 0.027332842395216703, "feat_residential": 0.20034476012083577, "feat_commercial": 0.0075178032811087717, "feat_road_density": 86758.954163524802, "feat_mixed_use": 0.657484763226443, "feat_isolation": 0.00014328618030763751, "feat_anchor_proximity": 0.70327996137048432, "feat_low_connectivity": 0.41316608198672788, "raw_lu_frac_unsuitable": 0.0, "raw_lu_frac_residential": 0.0, "raw_lu_frac_commercial": 0.0, "raw_lu_frac_industrial": 0.0 }, "geometry": { "type": "Polygon", "coordinates": [ [ [ -41.815957416738087, -22.401846384427355 ], [ -41.814900210086215, -22.400302317246179 ], [ -41.815890198863315, -22.398726166646782 ], [ -41.817937389345673, -22.398694090945039 ], [ -41.81899460107006, -22.400238166509901 ], [ -41.818004617240895, -22.401814309392773 ], [ -41.815957416738087, -22.401846384427355 ] ] ] } },
{ "type": "Feature", "properties": { "h3": "89a8b1a241bffff", "lat": -22.419181541429932, "lon": -41.805067226652895, "area_km2": 0.12846220093221997, "score": 51.775910948925684, "class": "médio", "direct_activity_score": 30.0, "neighborhood_inherited_score": 21.775910948925684, "pos_food": 0.046783625730994184, "pos_shop": 0.0, "pos_supermarket": 0.0, "pos_pharmacy": 0.0, "pos_fitness": 0.1360887096774194, "pos_education": 0.11868131868131868, "pos_healthcare": 0.0, "pos_office": 0.0, "pos_bank": 0.0, "pos_transport": 0.017511792452830192, "pos_leisure": 0.048085485307212829, "pos_fuel": 0.0, "pos_residential": 0.040738905959820361, "pos_commercial": 0.0, "pos_mixed_use": 0.51876624584449282, "pos_road_density": 0.033499817615710421, "pos_anchor_proximity": 0.61604268906809911, "positive_total": 1.5761985903378979, "pen_unsuitable_landuse": 0.00098967303340802434, "pen_industrial": 0.0, "pen_isolation": 0.50592820067714017, "pen_low_connectivity": 0.38660007295371585, "penalty_total": 0.89351794666426398, "raw": 0.6826806436736339, "score_physical": 43.83, "score_rank_pct": 70.31, "count_shop": 0, "count_supermarket": 0, "count_food": 0, "count_pharmacy": 0, "count_healthcare": 0, "count_education": 0, "count_fitness": 0, "count_office": 0, "count_bank": 0, "count_transport": 0, "count_leisure": 0, "count_fuel": 0, "feat_unsuitable_frac": 0.00044985137882182924, "feat_industrial_frac": 0.0, "feat_residential": 0.026180565819216628, "feat_commercial": 0.0, "feat_road_density": 4952.6945389378943, "feat_mixed_use": 0.2748088712528986, "feat_isolation": 0.56214244519682244, "feat_anchor_proximity": 0.31361168179628657, "feat_low_connectivity": 0.96650018238428959, "raw_lu_frac_unsuitable": 0.0, "raw_lu_frac_residential": 0.0, "raw_lu_frac_commercial": 0.0, "raw_lu_frac_industrial": 0.0 }, "geometry": { "type": "Polygon", "coordinates": [ [ [ -41.804077180597801, -22.420757273684163 ], [ -41.803019972937669, -22.419213457940636 ], [ -41.804010018906119, -22.417637717631536 ], [ -41.806057267610193, -22.417605800778297 ], [ -41.807114480366494, -22.419149624919228 ], [ -41.806124439323874, -22.420725357515948 ], [ -41.804077180597801, -22.420757273684163 ] ] ] } },
{ "type": "Feature", "properties": { "h3": "89a8b1b08c3ffff", "lat": -22.456320098370071, "lon": -41.824299653014137, "area_km2": 0.12845070428085609, "score": 27.209830337420506, "class": "ruim", "direct_activity_score": 27.209830337420506, "neighborhood_inherited_score": 0.0, "pos_food": 0.0, "pos_shop": 0.0, "pos_supermarket": 0.0, "pos_pharmacy": 0.0, "pos_fitness": 0.0, "pos_education": 0.0, "pos_healthcare": 0.0, "pos_office": 0.0, "pos_bank": 0.0, "pos_transport": 0.0, "pos_leisure": 0.0, "pos_fuel": 0.0, "pos_residential": 0.0, "pos_commercial": 0.0, "pos_mixed_use": 0.0, "pos_road_density": 0.0, "pos_anchor_proximity": 0.053538290340184286, "positive_total": 0.053538290340184286, "pen_unsuitable_landuse": 0.0, "pen_industrial": 0.0, "pen_isolation": 0.9, "pen_low_connectivity": 0.4, "penalty_total": 1.3, "raw": -1.2464617096598158, "score_physical": 30.35, "score_rank_pct": 19.89, "count_shop": 0, "count_supermarket": 0, "count_food": 0, "count_pharmacy": 0, "count_healthcare": 0, "count_education": 0, "count_fitness": 0, "count_office": 0, "count_bank": 0, "count_transport": 0, "count_leisure": 0, "count_fuel": 0, "feat_unsuitable_frac": 0.0, "feat_industrial_frac": 0.0, "feat_residential": 0.0, "feat_commercial": 0.0, "feat_road_density": 0.0, "feat_mixed_use": -0.0, "feat_isolation": 1.0, "feat_anchor_proximity": 0.091649878749245753, "feat_low_connectivity": 1.0, "raw_lu_frac_unsuitable": 0.0, "raw_lu_frac_residential": 0.0, "raw_lu_frac_commercial": 0.0, "raw_lu_frac_industrial": 0.0 }, "geometry": { "type": "Polygon", "coordinates": [ [ [ -41.823309594504622, -22.457895287494484 ], [ -41.822252276264194, -22.45635223928311 ], [ -41.823242334723908, -22.454777042092672 ], [ -41.825289706462705, -22.454744900851523 ], [ -41.826347029762054, -22.456287957457036 ], [ -41.825356976265013, -22.457863146909506 ], [ -41.823309594504622, -22.457895287494484 ] ] ] } },
{ "type": "Feature", "properties": { "h3": "89a8b1b0a07ffff", "lat": -22.437801052236267, "lon": -41.811612181707325, "area_km2": 0.12845637507614222, "score": 30.0, "class": "ruim", "direct_activity_score": 30.0, "neighborhood_inherited_score": 0.0, "pos_food": 0.0, "pos_shop": 0.0, "pos_supermarket": 0.0, "pos_pharmacy": 0.0, "pos_fitness": 0.0, "pos_education": 0.0, "pos_healthcare": 0.0, "pos_office": 0.0, "pos_bank": 0.0, "pos_transport": 0.0, "pos_leisure": 0.0, "pos_fuel": 0.0, "pos_residential": 0.0, "pos_commercial": 0.0, "pos_mixed_use": 0.0, "pos_road_density": 0.0, "pos_anchor_proximity": 0.21336284496232535, "positive_total": 0.21336284496232535, "pen_unsuitable_landuse": 0.0, "pen_industrial": 0.0, "pen_isolation": 0.9, "pen_low_connectivity": 0.4, "penalty_total": 1.3, "raw": -1.0866371550376748, "score_physical": 31.68, "score_rank_pct": 49.58, "count_shop": 0, "count_supermarket": 0, "count_food": 0, "count_pharmacy": 0, "count_healthcare": 0, "count_education": 0, "count_fitness": 0, "count_office": 0, "count_bank": 0, "count_transport": 0, "count_leisure": 0, "count_fuel": 0, "feat_unsuitable_frac": 0.0, "feat_industrial_frac": 0.0, "feat_residential": 0.0, "feat_commercial": 0.0, "feat_road_density": 0.0, "feat_mixed_use": -0.0, "feat_isolation": 1.0, "feat_anchor_proximity": 0.15471595680187275, "feat_low_connectivity": 1.0, "raw_lu_frac_unsuitable": 0.0, "raw_lu_frac_residential": 0.0, "raw_lu_frac_commercial": 0.0, "raw_lu_frac_industrial": 0.0 }, "geometry": { "type": "Polygon", "coordinates": [ [ [ -41.810622122111234, -22.439376493138244 ], [ -41.809564866887008, -22.437833042122485 ], [ -41.810554926409004, -22.436257593160164 ], [ -41.812602236218098, -22.436225602936336 ], [ -41.813659496525908, -22.43776906235005 ], [ -41.812669441942376, -22.439344503589613 ], [ -41.810622122111234, -22.439376493138244 ] ] ] } },
{ "type": "Feature", "properties": { "h3": "89a8b1b0a77ffff", "lat": -22.433170535627774, "lon": -41.808440432058831, "area_km2": 0.12845778815972655, "score": 30.0, "class": "ruim", "direct_activity_score": 30.0, "neighborhood_inherited_score": 0.0, "pos_food": 0.0, "pos_shop": 0.0, "pos_supermarket": 0.0, "pos_pharmacy": 0.0, "pos_fitness": 0.0, "pos_education": 0.0, "pos_healthcare": 0.0, "pos_office": 0.0, "pos_bank": 0.0, "pos_transport": 0.0, "pos_leisure": 0.0, "pos_fuel": 0.0, "pos_residential": 0.0, "pos_commercial": 0.0, "pos_mixed_use": 0.0, "pos_road_density": 0.0, "pos_anchor_proximity": 0.27115656358662832, "positive_total": 0.27115656358662832, "pen_unsuitable_landuse": 0.0, "pen_industrial": 0.0, "pen_isolation": 0.9, "pen_low_connectivity": 0.4, "penalty_total": 1.3, "raw": -1.0288434364133718, "score_physical": 32.15, "score_rank_pct": 55.46, "count_shop": 0, "count_supermarket": 0, "count_food": 0, "count_pharmacy": 0, "count_healthcare": 0, "count_education": 0, "count_fitness": 0, "count_office": 0, "count_bank": 0, "count_transport": 0, "count_leisure": 0, "count_fuel": 0, "feat_unsuitable_frac": 0.0, "feat_industrial_frac": 0.0, "feat_residential": 0.0, "feat_commercial": 0.0, "feat_road_density": 0.0, "feat_mixed_use": -0.0, "feat_isolation": 1.0, "feat_anchor_proximity": 0.17752110822762823, "feat_low_connectivity": 1.0, "raw_lu_frac_unsuitable": 0.0, "raw_lu_frac_residential": 0.0, "raw_lu_frac_commercial": 0.0, "raw_lu_frac_industrial": 0.0 }, "geometry": { "type": "Polygon", "coordinates": [ [ [ -41.807450372206567, -22.434746039446583 ], [ -41.806393132751715, -22.433202487791988 ], [ -41.807383192523815, -22.431626975914266 ], [ -41.809430486819686, -22.431595023410051 ], [ -41.810487731364297, -22.433138583463563 ], [ -41.809497676524607, -22.434714087622332 ], [ -41.807450372206567, -22.434746039446583 ] ] ] } },
{ "type": "Feature", "properties": { "h3": "89a8b1b0853ffff", "lat": -22.45169079003108, "lon": -41.821127714317278, "area_km2": 0.12845212474873444, "score": 29.649470316612121, "class": "ruim", "direct_activity_score": 29.649470316612121, "neighborhood_inherited_score": 0.0, "pos_food": 0.0, "pos_shop": 0.0, "pos_supermarket": 0.0, "pos_pharmacy": 0.0, "pos_fitness": 0.0, "pos_education": 0.0, "pos_healthcare": 0.0, "pos_office": 0.0, "pos_bank": 0.0, "pos_transport": 0.0, "pos_leisure": 0.0, "pos_fuel": 0.0, "pos_residential": 0.0, "pos_commercial": 0.0, "pos_mixed_use": 0.0, "pos_road_density": 0.0, "pos_anchor_proximity": 0.082200584917592204, "positive_total": 0.082200584917592204, "pen_unsuitable_landuse": 0.0, "pen_industrial": 0.0, "pen_isolation": 0.9, "pen_low_connectivity": 0.4, "penalty_total": 1.3, "raw": -1.2177994150824079, "score_physical": 30.59, "score_rank_pct": 27.45, "count_shop": 0, "count_supermarket": 0, "count_food": 0, "count_pharmacy": 0, "count_healthcare": 0, "count_education": 0, "count_fitness": 0, "count_office": 0, "count_bank": 0, "count_transport": 0, "count_leisure": 0, "count_fuel": 0, "feat_unsuitable_frac": 0.0, "feat_industrial_frac": 0.0, "feat_residential": 0.0, "feat_commercial": 0.0, "feat_road_density": 0.0, "feat_mixed_use": -0.0, "feat_isolation": 1.0, "feat_anchor_proximity": 0.10295989623222755, "feat_low_connectivity": 1.0, "raw_lu_frac_unsuitable": 0.0, "raw_lu_frac_residential": 0.0, "raw_lu_frac_commercial": 0.0, "raw_lu_frac_industrial": 0.0 }, "geometry": { "type": "Polygon", "coordinates": [ [ [ -41.820137655526835, -22.453266042116404 ], [ -41.819080353031268, -22.451722893166604 ], [ -41.820070411765819, -22.450147633016648 ], [ -41.82211776804067, -22.45011552955064 ], [ -41.823175075601334, -22.451658686895559 ], [ -41.822185021823387, -22.453233939311335 ], [ -41.820137655526835, -22.453266042116404 ] ] ] } },
{ "type": "Feature", "properties": { "h3": "89a8b1a25cfffff", "lat": -22.40953406688449, "lon": -41.823290755184118, "area_km2": 0.12846572838444895, "score": 15.0, "class": "muito ruim", "direct_activity_score": 11.900007741377824, "neighborhood_inherited_score": 3.0999922586221764, "pos_food": 0.15854450942170253, "pos_shop": 0.058414464534075103, "pos_supermarket": 0.13417431192660551, "pos_pharmacy": 0.0, "pos_fitness": 0.1360887096774194, "pos_education": 0.35604395604395606, "pos_healthcare": 0.0, "pos_office": 0.0, "pos_bank": 0.0, "pos_transport": 0.2860259433962265, "pos_leisure": 0.024042742653606414, "pos_fuel": 0.0, "pos_residential": 0.28503019382135203, "pos_commercial": 0.0, "pos_mixed_use": 0.9962028241691252, "pos_road_density": 0.21053944876556585, "pos_anchor_proximity": 1.011458959114691, "positive_total": 3.6565660635243256, "pen_unsuitable_landuse": 2.2, "pen_industrial": 0.0, "pen_isolation": 0.089156634702072579, "pen_low_connectivity": 0.31578422049377369, "penalty_total": 2.6049408551958466, "raw": 1.0516252083284789, "score_physical": 45.96, "score_rank_pct": 71.15, "count_shop": 0, "count_supermarket": 0, "count_food": 0, "count_pharmacy": 0, "count_healthcare": 0, "count_education": 0, "count_fitness": 0, "count_office": 0, "count_bank": 0, "count_transport": 0, "count_leisure": 0, "count_fuel": 0, "feat_unsuitable_frac": 7.2756811053649502, "feat_industrial_frac": 0.0, "feat_residential": 0.1831726104074515, "feat_commercial": 0.0, "feat_road_density": 31126.664332739518, "feat_mixed_use": 0.52772395243874826, "feat_isolation": 0.099062927446747315, "feat_anchor_proximity": 0.46964123188009033, "feat_low_connectivity": 0.78946055123443415, "raw_lu_frac_unsuitable": 1.0, "raw_lu_frac_residential": 0.0, "raw_lu_frac_commercial": 0.0, "raw_lu_frac_industrial": 0.0 }, "geometry": { "type": "Polygon", "coordinates": [ [ [ -41.822300766894692, -22.411110083739906 ], [ -41.821243528747551, -22.40956621765103 ], [ -41.822233516985143, -22.407990192742652 ], [ -41.824280738411176, -22.407958041647273 ], [ -41.825337981618482, -22.40950191611795 ], [ -41.824347998340926, -22.411077933302163 ], [ -41.822300766894692, -22.411110083739906 ] ] ] } },
{ "type": "Feature", "properties": { "h3": "89a8b1a26bbffff", "lat": -22.410013425874062, "lon": -41.792582393804778, "area_km2": 0.12846482587164901, "score": 78.391973120039935, "class": "bom", "direct_activity_score": 30.0, "neighborhood_inherited_score": 48.391973120039935, "pos_food": 1.2709551656920088, "pos_shop": 0.47705146036161333, "pos_supermarket": 0.53669724770642202, "pos_pharmacy": 0.515625, "pos_fitness": 0.5897177419354841, "pos_education": 0.23736263736263735, "pos_healthcare": 0.54545454545454541, "pos_office": 0.44407894736842141, "pos_bank": 0.53030303030303072, "pos_transport": 0.087558962264150955, "pos_leisure": 0.20837043633125563, "pos_fuel": 0.0, "pos_residential": 0.059051562852022614, "pos_commercial": 0.47196389946552003, "pos_mixed_use": 1.3515974682400902, "pos_road_density": 0.14683201648250993, "pos_anchor_proximity": 0.79203400939422886, "positive_total": 8.264654131213943, "pen_unsuitable_landuse": 0.059701470758020354, "pen_industrial": 0.0, "pen_isolation": 0.00025117503389809567, "pen_low_connectivity": 0.34126719340699607, "penalty_total": 0.40121983919891452, "raw": 7.8634342920150289, "score_physical": 75.13, "score_rank_pct": 85.99, "count_shop": 0, "count_supermarket": 0, "count_food": 0, "count_pharmacy": 0, "count_healthcare": 0, "count_education": 0, "count_fitness": 0, "count_office": 0, "count_bank": 0, "count_transport": 0, "count_leisure": 0, "count_fuel": 0, "feat_unsuitable_frac": 0.027137032162736524, "feat_industrial_frac": 0.0, "feat_residential": 0.037949063470181676, "feat_commercial": 0.036210470922596522, "feat_road_density": 21708.002548441458, "feat_mixed_use": 0.71598909453078807, "feat_isolation": 0.00027908337099788406, "feat_anchor_proximity": 0.38305709567848478, "feat_low_connectivity": 0.85316798351749012, "raw_lu_frac_unsuitable": 0.0, "raw_lu_frac_residential": 0.0, "raw_lu_frac_commercial": 0.0, "raw_lu_frac_industrial": 0.0 }, "geometry": { "type": "Polygon", "coordinates": [ [ [ -41.791592332764395, -22.411589244111308 ], [ -41.790535172248276, -22.410045189636719 ], [ -41.791525233178135, -22.40846936334772 ], [ -41.793572449723271, -22.408437599233149 ], [ -41.794629615359973, -22.409981662111409 ], [ -41.79363955933227, -22.411557480700527 ], [ -41.791592332764395, -22.411589244111308 ] ] ] } },
{ "type": "Feature", "properties": { "h3": "89a8b1b0b63ffff", "lat": -22.420404763330296, "lon": -41.826597044009112, "area_km2": 0.12846231374512443, "score": 14.999517164853302, "class": "muito ruim", "direct_activity_score": 30.0, "neighborhood_inherited_score": 0.0, "pos_food": 0.093567251461988368, "pos_shop": 0.0, "pos_supermarket": 0.0, "pos_pharmacy": 0.0, "pos_fitness": 0.0680443548387097, "pos_education": 0.0, "pos_healthcare": 0.0, "pos_office": 0.0, "pos_bank": 0.0, "pos_transport": 0.017511792452830192, "pos_leisure": 0.0, "pos_fuel": 0.0, "pos_residential": 0.0079675870276393595, "pos_commercial": 0.0, "pos_mixed_use": 0.23119582977288833, "pos_road_density": 0.0062211639415814934, "pos_anchor_proximity": 0.57132560202159111, "positive_total": 0.99583358151722856, "pen_unsuitable_landuse": 2.2, "pen_industrial": 0.0, "pen_isolation": 0.58428843901663274, "pen_low_connectivity": 0.39751153442336745, "penalty_total": 3.1817999734400004, "raw": -2.1859663919227721, "score_physical": 20.83, "score_rank_pct": 1.4, "count_shop": 0, "count_supermarket": 0, "count_food": 0, "count_pharmacy": 0, "count_healthcare": 0, "count_education": 0, "count_fitness": 0, "count_office": 0, "count_bank": 0, "count_transport": 0, "count_leisure": 0, "count_fuel": 0, "feat_unsuitable_frac": 1.5190159131978791, "feat_industrial_frac": 0.0, "feat_residential": 0.0051203126761229451, "feat_commercial": 0.0, "feat_road_density": 919.75201276493863, "feat_mixed_use": 0.12247262717495715, "feat_isolation": 0.64920937668514744, "feat_anchor_proximity": 0.29596651263796431, "feat_low_connectivity": 0.99377883605841855, "raw_lu_frac_unsuitable": 0.0, "raw_lu_frac_residential": 0.0, "raw_lu_frac_commercial": 0.0, "raw_lu_frac_industrial": 0.0 }, "geometry": { "type": "Polygon", "coordinates": [ [ [ -41.825607046642915, -22.421980607025585 ], [ -41.824549782078847, -22.420436950511331 ], [ -41.825539779399556, -22.418861098759898 ], [ -41.827587036319215, -22.418828911252504 ], [ -41.828644305937125, -22.420372576149262 ], [ -41.827654313582848, -22.421948420170875 ], [ -41.825607046642915, -22.421980607025585 ] ] ] } },
{ "type": "Feature", "properties": { "h3": "89a8b1a2043ffff", "lat": -22.394317232563793, "lon": -41.798388394970601, "area_km2": 0.12847000569907474, "score": 94.888530650190177, "class": "muito bom", "direct_activity_score": 64.203100196272331, "neighborhood_inherited_score": 30.685430453917846, "pos_food": 0.86549707602339243, "pos_shop": 0.98331015299026403, "pos_supermarket": 1.1181192660550459, "pos_pharmacy": 1.0885416666666672, "pos_fitness": 0.7787298387096776, "pos_education": 0.55384615384615388, "pos_healthcare": 1.0, "pos_office": 0.44407894736842141, "pos_bank": 0.47727272727272757, "pos_transport": 0.88661556603773595, "pos_leisure": 0.6, "pos_fuel": 0.5, "pos_residential": 1.0, "pos_commercial": 1.1687073157209169, "pos_mixed_use": 1.5, "pos_road_density": 1.0, "pos_anchor_proximity": 1.6010491176740524, "positive_total": 15.565767828365054, "pen_unsuitable_landuse": 1.280148852701587, "pen_industrial": 0.0, "pen_isolation": 7.8099753057216393e-07, "pen_low_connectivity": 0.0, "penalty_total": 1.2801496336991176, "raw": 14.285618194665936, "score_physical": 94.74, "score_rank_pct": 95.24, "count_shop": 0, "count_supermarket": 0, "count_food": 0, "count_pharmacy": 0, "count_healthcare": 0, "count_education": 0, "count_fitness": 0, "count_office": 0, "count_bank": 0, "count_transport": 1, "count_leisure": 0, "count_fuel": 0, "feat_unsuitable_frac": 0.58188584213708494, "feat_industrial_frac": 0.0, "feat_residential": 1.1161834689704626, "feat_commercial": 0.089666693407828749, "feat_road_density": 175519.22007978384, "feat_mixed_use": 0.82940366795040055, "feat_isolation": 8.6777503396907106e-07, "feat_anchor_proximity": 0.70229095861747559, "feat_low_connectivity": 0.0, "raw_lu_frac_unsuitable": 0.07096636345848957, "raw_lu_frac_residential": 0.39958076879781151, "raw_lu_frac_commercial": 0.0, "raw_lu_frac_industrial": 0.0 }, "geometry": { "type": "Polygon", "coordinates": [ [ [ -41.797398371847336, -22.395893366237011 ], [ -41.796341222453947, -22.394349077202584 ], [ -41.797331245477757, -22.392772935481776 ], [ -41.799378412983422, -22.392741090495438 ], [ -41.800435567485721, -22.394285387925002 ], [ -41.799445549374767, -22.395861521945736 ], [ -41.797398371847336, -22.395893366237011 ] ] ] } },
{ "type": "Feature", "properties": { "h3": "89a8b1b1d33ffff", "lat": -22.447444103702303, "lon": -41.793387696258144, "area_km2": 0.12845281473790779, "score": 28.468797301122379, "class": "ruim", "direct_activity_score": 28.468797301122379, "neighborhood_inherited_score": 0.0, "pos_food": 0.0, "pos_shop": 0.0, "pos_supermarket": 0.0, "pos_pharmacy": 0.0, "pos_fitness": 0.0, "pos_education": 0.0, "pos_healthcare": 0.0, "pos_office": 0.0, "pos_bank": 0.0, "pos_transport": 0.0, "pos_leisure": 0.0, "pos_fuel": 0.0, "pos_residential": 0.0, "pos_commercial": 0.0, "pos_mixed_use": 0.0, "pos_road_density": 0.0, "pos_anchor_proximity": 0.067359007552225833, "positive_total": 0.067359007552225833, "pen_unsuitable_landuse": 0.0, "pen_industrial": 0.0, "pen_isolation": 0.9, "pen_low_connectivity": 0.4, "penalty_total": 1.3, "raw": -1.2326409924477741, "score_physical": 30.47, "score_rank_pct": 23.81, "count_shop": 0, "count_supermarket": 0, "count_food": 0, "count_pharmacy": 0, "count_healthcare": 0, "count_education": 0, "count_fitness": 0, "count_office": 0, "count_bank": 0, "count_transport": 0, "count_leisure": 0, "count_fuel": 0, "feat_unsuitable_frac": 0.0, "feat_industrial_frac": 0.0, "feat_residential": 0.0, "feat_commercial": 0.0, "feat_road_density": 0.0, "feat_mixed_use": -0.0, "feat_isolation": 1.0, "feat_anchor_proximity": 0.097103473989968228, "feat_low_connectivity": 1.0, "raw_lu_frac_unsuitable": 0.0, "raw_lu_frac_residential": 0.0, "raw_lu_frac_commercial": 0.0, "raw_lu_frac_industrial": 0.0 }, "geometry": { "type": "Polygon", "coordinates": [ [ [ -41.792397579018953, -22.449019259600529 ], [ -41.79134035442231, -22.44747585902698 ], [ -41.792330471552575, -22.445900695066538 ], [ -41.794377808376581, -22.445868939390568 ], [ -41.795435038092819, -22.447412348377629 ], [ -41.794444925866799, -22.448987504627105 ], [ -41.792397579018953, -22.449019259600529 ] ] ] } },
{ "type": "Feature", "properties": { "h3": "89a8b1a20d7ffff", "lat": -22.403582389118672, "lon": -41.804731401355227, "area_km2": 0.12846719693645675, "score": 97.118079563795931, "class": "muito bom", "direct_activity_score": 57.403630469341934, "neighborhood_inherited_score": 39.714449094453997, "pos_food": 1.6, "pos_shop": 1.2656467315716273, "pos_supermarket": 1.3, "pos_pharmacy": 1.1, "pos_fitness": 1.0, "pos_education": 1.2, "pos_healthcare": 1.0, "pos_office": 0.80592105263157965, "pos_bank": 0.50378787878787912, "pos_transport": 1.1, "pos_leisure": 0.35529830810329488, "pos_fuel": 0.0, "pos_residential": 1.0, "pos_commercial": 0.8898973796026477, "pos_mixed_use": 1.4535821910214548, "pos_road_density": 1.0, "pos_anchor_proximity": 1.4491670963825432, "positive_total": 17.023300638101027, "pen_unsuitable_landuse": 1.6370492418777201, "pen_industrial": 0.007856275875344718, "pen_isolation": 3.407249342275086e-09, "pen_low_connectivity": 0.0, "penalty_total": 1.6449055211603141, "raw": 15.378395116940712, "score_physical": 97.68, "score_rank_pct": 95.8, "count_shop": 0, "count_supermarket": 0, "count_food": 0, "count_pharmacy": 0, "count_healthcare": 0, "count_education": 0, "count_fitness": 0, "count_office": 0, "count_bank": 0, "count_transport": 0, "count_leisure": 0, "count_fuel": 0, "feat_unsuitable_frac": 0.74411329176259999, "feat_industrial_frac": 0.019640689688361794, "feat_residential": 0.68108005266012206, "feat_commercial": 0.068275567738736873, "feat_road_density": 148638.28103457647, "feat_mixed_use": 0.77001401765770228, "feat_isolation": 3.7858326025278734e-09, "feat_anchor_proximity": 0.64235896986764351, "feat_low_connectivity": 0.0, "raw_lu_frac_unsuitable": 0.058087921355476586, "raw_lu_frac_residential": 0.040806520834632973, "raw_lu_frac_commercial": 0.0066801235169280096, "raw_lu_frac_industrial": 0.0 }, "geometry": { "type": "Polygon", "coordinates": [ [ [ -41.803741378711258, -22.40515839712937 ], [ -41.802684197748817, -22.403614309055737 ], [ -41.803674220305467, -22.402038292994572 ], [ -41.80572141890093, -22.40200637271473 ], [ -41.806778604959959, -22.403550469181607 ], [ -41.805788587328259, -22.405126477535045 ], [ -41.803741378711258, -22.40515839712937 ] ] ] } },
{ "type": "Feature", "properties": { "h3": "89a8b1a228bffff", "lat": -22.391387354613041, "lon": -41.786038295449167, "area_km2": 0.12847062036854806, "score": 80.816878391649752, "class": "muito bom", "direct_activity_score": 76.189353057846759, "neighborhood_inherited_score": 4.6275253338029927, "pos_food": 0.4842971626597361, "pos_shop": 1.4, "pos_supermarket": 0.26834862385321101, "pos_pharmacy": 0.171875, "pos_fitness": 0.55947580645161321, "pos_education": 0.32967032967032966, "pos_healthcare": 0.0, "pos_office": 0.0, "pos_bank": 0.0795454545454546, "pos_transport": 0.36969339622641517, "pos_leisure": 0.32324131789848631, "pos_fuel": 0.5, "pos_residential": 0.19777704377306593, "pos_commercial": 0.19131330219192075, "pos_mixed_use": 1.2621520108262965, "pos_road_density": 0.93181924550910544, "pos_anchor_proximity": 1.8, "positive_total": 8.8692086936056356, "pen_unsuitable_landuse": 0.20487924283017461, "pen_industrial": 0.0, "pen_isolation": 3.3364196890233434e-05, "pen_low_connectivity": 0.027272301796357826, "penalty_total": 0.23218490882342269, "raw": 8.6370237847822136, "score_physical": 77.76, "score_rank_pct": 87.96, "count_shop": 8, "count_supermarket": 0, "count_food": 2, "count_pharmacy": 0, "count_healthcare": 0, "count_education": 0, "count_fitness": 0, "count_office": 0, "count_bank": 0, "count_transport": 0, "count_leisure": 0, "count_fuel": 1, "feat_unsuitable_frac": 0.093126928559170277, "feat_industrial_frac": 0.0, "feat_residential": 0.12709999912952186, "feat_commercial": 0.0146781242674951, "feat_road_density": 137762.42430483771, "feat_mixed_use": 0.66860666479970621, "feat_isolation": 3.707132987803715e-05, "feat_anchor_proximity": 0.80405986623627346, "feat_low_connectivity": 0.068180754490894557, "raw_lu_frac_unsuitable": 0.0, "raw_lu_frac_residential": 0.0, "raw_lu_frac_commercial": 0.0, "raw_lu_frac_industrial": 0.0 }, "geometry": { "type": "Polygon", "coordinates": [ [ [ -41.785048248026392, -22.392963463939477 ], [ -41.78399113514751, -22.391419045252857 ], [ -41.784981182447211, -22.389842927880203 ], [ -41.787028337737596, -22.389811236883546 ], [ -41.788085455749631, -22.391355663973226 ], [ -41.787095413339451, -22.392931773656453 ], [ -41.785048248026392, -22.392963463939477 ] ] ] } },
{ "type": "Feature", "properties": { "h3": "89a8b1b0e37ffff", "lat": -22.456416404802646, "lon": -41.81815752407207, "area_km2": 0.12845053276846086, "score": 27.475098703563933, "class": "ruim", "direct_activity_score": 27.475098703563933, "neighborhood_inherited_score": 0.0, "pos_food": 0.0, "pos_shop": 0.0, "pos_supermarket": 0.0, "pos_pharmacy": 0.0, "pos_fitness": 0.0, "pos_education": 0.0, "pos_healthcare": 0.0, "pos_office": 0.0, "pos_bank": 0.0, "pos_transport": 0.0, "pos_leisure": 0.0, "pos_fuel": 0.0, "pos_residential": 0.0, "pos_commercial": 0.0, "pos_mixed_use": 0.0, "pos_road_density": 0.0, "pos_anchor_proximity": 0.055740669145737713, "positive_total": 0.055740669145737713, "pen_unsuitable_landuse": 0.0, "pen_industrial": 0.0, "pen_isolation": 0.9, "pen_low_connectivity": 0.4, "penalty_total": 1.3, "raw": -1.2442593308542624, "score_physical": 30.37, "score_rank_pct": 20.73, "count_shop": 0, "count_supermarket": 0, "count_food": 0, "count_pharmacy": 0, "count_healthcare": 0, "count_education": 0, "count_fitness": 0, "count_office": 0, "count_bank": 0, "count_transport": 0, "count_leisure": 0, "count_fuel": 0, "feat_unsuitable_frac": 0.0, "feat_industrial_frac": 0.0, "feat_residential": 0.0, "feat_commercial": 0.0, "feat_road_density": 0.0, "feat_mixed_use": -0.0, "feat_isolation": 1.0, "feat_anchor_proximity": 0.092518927901179021, "feat_low_connectivity": 1.0, "raw_lu_frac_unsuitable": 0.0, "raw_lu_frac_residential": 0.0, "raw_lu_frac_commercial": 0.0, "raw_lu_frac_industrial": 0.0 }, "geometry": { "type": "Polygon", "coordinates": [ [ [ -41.817167450960959, -22.457991554164817 ], [ -41.816110148196451, -22.456448468177918 ], [ -41.817100221246022, -22.454873310749942 ], [ -41.819147592110326, -22.454841247041948 ], [ -41.82020489994585, -22.456384341427373 ], [ -41.819214831847361, -22.457959491122217 ], [ -41.817167450960959, -22.457991554164817 ] ] ] } },
{ "type": "Feature", "properties": { "h3": "89a8b1b0a9bffff", "lat": -22.448764483400076, "lon": -41.808776363745764, "area_km2": 0.12845277649901563, "score": 30.0, "class": "ruim", "direct_activity_score": 30.0, "neighborhood_inherited_score": 0.0, "pos_food": 0.0, "pos_shop": 0.0, "pos_supermarket": 0.0, "pos_pharmacy": 0.0, "pos_fitness": 0.0, "pos_education": 0.0, "pos_healthcare": 0.0, "pos_office": 0.0, "pos_bank": 0.0, "pos_transport": 0.0, "pos_leisure": 0.0, "pos_fuel": 0.0, "pos_residential": 0.0, "pos_commercial": 0.0, "pos_mixed_use": 0.0, "pos_road_density": 0.0, "pos_anchor_proximity": 0.097374256441762078, "positive_total": 0.097374256441762078, "pen_unsuitable_landuse": 0.0, "pen_industrial": 0.0, "pen_isolation": 0.9, "pen_low_connectivity": 0.4, "penalty_total": 1.3, "raw": -1.2026257435582379, "score_physical": 30.72, "score_rank_pct": 30.25, "count_shop": 0, "count_supermarket": 0, "count_food": 0, "count_pharmacy": 0, "count_healthcare": 0, "count_education": 0, "count_fitness": 0, "count_office": 0, "count_bank": 0, "count_transport": 0, "count_leisure": 0, "count_fuel": 0, "feat_unsuitable_frac": 0.0, "feat_industrial_frac": 0.0, "feat_residential": 0.0, "feat_commercial": 0.0, "feat_road_density": 0.0, "feat_mixed_use": -0.0, "feat_isolation": 1.0, "feat_anchor_proximity": 0.10894736139332648, "feat_low_connectivity": 1.0, "raw_lu_frac_unsuitable": 0.0, "raw_lu_frac_residential": 0.0, "raw_lu_frac_commercial": 0.0, "raw_lu_frac_industrial": 0.0 }, "geometry": { "type": "Polygon", "coordinates": [ [ [ -41.80778628048138, -22.4503397111739 ], [ -41.806729014326699, -22.448796432165761 ], [ -41.807719097511587, -22.447221196328673 ], [ -41.809766441919194, -22.447189247223243 ], [ -41.810823713163224, -22.448732534634392 ], [ -41.809833634911612, -22.450307762747915 ], [ -41.80778628048138, -22.4503397111739 ] ] ] } },
{ "type": "Feature", "properties": { "h3": "89a8b1b1937ffff", "lat": -22.424004110964837, "lon": -41.795955271534993, "area_km2": 0.12846042213202707, "score": 30.0, "class": "ruim", "direct_activity_score": 30.0, "neighborhood_inherited_score": 0.0, "pos_food": 0.0, "pos_shop": 0.0, "pos_supermarket": 0.0, "pos_pharmacy": 0.0, "pos_fitness": 0.0, "pos_education": 0.0, "pos_healthcare": 0.0, "pos_office": 0.0, "pos_bank": 0.0, "pos_transport": 0.0, "pos_leisure": 0.0, "pos_fuel": 0.0, "pos_residential": 0.0, "pos_commercial": 0.0, "pos_mixed_use": 0.0, "pos_road_density": 0.0, "pos_anchor_proximity": 0.30146246997345916, "positive_total": 0.30146246997345916, "pen_unsuitable_landuse": 0.0, "pen_industrial": 0.0, "pen_isolation": 0.9, "pen_low_connectivity": 0.4, "penalty_total": 1.3, "raw": -0.99853753002654089, "score_physical": 32.4, "score_rank_pct": 56.86, "count_shop": 0, "count_supermarket": 0, "count_food": 0, "count_pharmacy": 0, "count_healthcare": 0, "count_education": 0, "count_fitness": 0, "count_office": 0, "count_bank": 0, "count_transport": 0, "count_leisure": 0, "count_fuel": 0, "feat_unsuitable_frac": 0.0, "feat_industrial_frac": 0.0, "feat_residential": 0.0, "feat_commercial": 0.0, "feat_road_density": 0.0, "feat_mixed_use": -0.0, "feat_isolation": 1.0, "feat_anchor_proximity": 0.18947968782239785, "feat_low_connectivity": 1.0, "raw_lu_frac_unsuitable": 0.0, "raw_lu_frac_residential": 0.0, "raw_lu_frac_commercial": 0.0, "raw_lu_frac_industrial": 0.0 }, "geometry": { "type": "Polygon", "coordinates": [ [ [ -41.794965196671114, -22.425579700819199 ], [ -41.793908004335499, -22.424035910283422 ], [ -41.794898079095312, -22.42246031237325 ], [ -41.796945341283354, -22.422428512705302 ], [ -41.798002538733144, -22.423972311646256 ], [ -41.797012468882052, -22.425547901849942 ], [ -41.794965196671114, -22.425579700819199 ] ] ] } },
{ "type": "Feature", "properties": { "h3": "89a8b1b1903ffff", "lat": -22.428825901572061, "lon": -41.786843189793231, "area_km2": 0.1284586332841022, "score": 30.0, "class": "ruim", "direct_activity_score": 30.0, "neighborhood_inherited_score": 0.0, "pos_food": 0.0, "pos_shop": 0.0, "pos_supermarket": 0.0, "pos_pharmacy": 0.0, "pos_fitness": 0.0, "pos_education": 0.0, "pos_healthcare": 0.0, "pos_office": 0.0, "pos_bank": 0.0, "pos_transport": 0.0, "pos_leisure": 0.0, "pos_fuel": 0.0, "pos_residential": 0.0, "pos_commercial": 0.0, "pos_mixed_use": 0.0, "pos_road_density": 0.0, "pos_anchor_proximity": 0.17496371448022374, "positive_total": 0.17496371448022374, "pen_unsuitable_landuse": 0.0, "pen_industrial": 0.0, "pen_isolation": 0.9, "pen_low_connectivity": 0.4, "penalty_total": 1.3, "raw": -1.1250362855197764, "score_physical": 31.37, "score_rank_pct": 43.7, "count_shop": 0, "count_supermarket": 0, "count_food": 0, "count_pharmacy": 0, "count_healthcare": 0, "count_education": 0, "count_fitness": 0, "count_office": 0, "count_bank": 0, "count_transport": 0, "count_leisure": 0, "count_fuel": 0, "feat_unsuitable_frac": 0.0, "feat_industrial_frac": 0.0, "feat_residential": 0.0, "feat_commercial": 0.0, "feat_road_density": 0.0, "feat_mixed_use": -0.0, "feat_isolation": 1.0, "feat_anchor_proximity": 0.13956382598028155, "feat_low_connectivity": 1.0, "raw_lu_frac_unsuitable": 0.0, "raw_lu_frac_residential": 0.0, "raw_lu_frac_commercial": 0.0, "raw_lu_frac_industrial": 0.0 }, "geometry": { "type": "Polygon", "coordinates": [ [ [ -41.785853086169958, -22.430401348960416 ], [ -41.78479590921286, -22.428857583655759 ], [ -41.785786012714667, -22.42728212821066 ], [ -41.787833288283281, -22.427250445770753 ], [ -41.78889047037255, -22.428794219488367 ], [ -41.787900371762362, -22.430369667232888 ], [ -41.785853086169958, -22.430401348960416 ] ] ] } },
{ "type": "Feature", "properties": { "h3": "89a8b1a2627ffff", "lat": -22.399045492351341, "lon": -41.795418311855855, "area_km2": 0.12846841528660388, "score": 99.831932773109244, "class": "muito bom", "direct_activity_score": 56.688522058969738, "neighborhood_inherited_score": 43.143410714139506, "pos_food": 1.6, "pos_shop": 1.4, "pos_supermarket": 1.3, "pos_pharmacy": 1.1, "pos_fitness": 1.0, "pos_education": 1.1736263736263739, "pos_healthcare": 1.0, "pos_office": 1.0, "pos_bank": 0.7, "pos_transport": 1.0974056603773588, "pos_leisure": 0.6, "pos_fuel": 0.5, "pos_residential": 1.0, "pos_commercial": 1.2, "pos_mixed_use": 1.5, "pos_road_density": 1.0, "pos_anchor_proximity": 1.4738476452958613, "positive_total": 18.644879679299592, "pen_unsuitable_landuse": 1.1103655210555228, "pen_industrial": 0.0, "pen_isolation": 8.4008027514954855e-12, "pen_low_connectivity": 0.0, "penalty_total": 1.1103655210639236, "raw": 17.53451415823567, "score_physical": 100.0, "score_rank_pct": 99.44, "count_shop": 0, "count_supermarket": 0, "count_food": 0, "count_pharmacy": 0, "count_healthcare": 0, "count_education": 0, "count_fitness": 0, "count_office": 0, "count_bank": 0, "count_transport": 0, "count_leisure": 1, "count_fuel": 0, "feat_unsuitable_frac": 0.50471160047978303, "feat_industrial_frac": 0.0, "feat_residential": 0.80012245169668084, "feat_commercial": 0.21651104333639545, "feat_road_density": 175327.80704701957, "feat_mixed_use": 0.83378836815448598, "feat_isolation": 9.3342252794394287e-12, "feat_anchor_proximity": 0.65209780773163073, "feat_low_connectivity": 0.0, "raw_lu_frac_unsuitable": 0.012038540386979768, "raw_lu_frac_residential": 0.0, "raw_lu_frac_commercial": 0.080602565551888758, "raw_lu_frac_industrial": 0.0 }, "geometry": { "type": "Polygon", "coordinates": [ [ [ -41.794428274454461, -22.40062152346955 ], [ -41.793371124836519, -22.399077297262838 ], [ -41.794361162132766, -22.397501258095836 ], [ -41.796408344140978, -22.39746945283456 ], [ -41.79746549887377, -22.399013687439844 ], [ -41.796475466484829, -22.400589718907796 ], [ -41.794428274454461, -22.40062152346955 ] ] ] } },
{ "type": "Feature", "properties": { "h3": "89a8b1b0acfffff", "lat": -22.442622967637433, "lon": -41.802500002463631, "area_km2": 0.12845459993071287, "score": 30.0, "class": "ruim", "direct_activity_score": 30.0, "neighborhood_inherited_score": 0.0, "pos_food": 0.0, "pos_shop": 0.0, "pos_supermarket": 0.0, "pos_pharmacy": 0.0, "pos_fitness": 0.0, "pos_education": 0.0, "pos_healthcare": 0.0, "pos_office": 0.0, "pos_bank": 0.0, "pos_transport": 0.0, "pos_leisure": 0.0, "pos_fuel": 0.0, "pos_residential": 0.0, "pos_commercial": 0.0, "pos_mixed_use": 0.0, "pos_road_density": 0.0, "pos_anchor_proximity": 0.1281267387691114, "positive_total": 0.1281267387691114, "pen_unsuitable_landuse": 0.0, "pen_industrial": 0.0, "pen_isolation": 0.9, "pen_low_connectivity": 0.4, "penalty_total": 1.3, "raw": -1.1718732612308886, "score_physical": 30.98, "score_rank_pct": 36.97, "count_shop": 0, "count_supermarket": 0, "count_food": 0, "count_pharmacy": 0, "count_healthcare": 0, "count_education": 0, "count_fitness": 0, "count_office": 0, "count_bank": 0, "count_transport": 0, "count_leisure": 0, "count_fuel": 0, "feat_unsuitable_frac": 0.0, "feat_industrial_frac": 0.0, "feat_residential": 0.0, "feat_commercial": 0.0, "feat_road_density": 0.0, "feat_mixed_use": -0.0, "feat_isolation": 1.0, "feat_anchor_proximity": 0.12108215792289533, "feat_low_connectivity": 1.0, "raw_lu_frac_unsuitable": 0.0, "raw_lu_frac_residential": 0.0, "raw_lu_frac_commercial": 0.0, "raw_lu_frac_industrial": 0.0 }, "geometry": { "type": "Polygon", "coordinates": [ [ [ -41.801509914021295, -22.444198266070586 ], [ -41.800452674083864, -22.442654840264254 ], [ -41.801442762434682, -22.441079533769827 ], [ -41.80349008580292, -22.441047660798542 ], [ -41.804547330841963, -22.442591095010609 ], [ -41.803557247412485, -22.444166393788183 ], [ -41.801509914021295, -22.444198266070586 ] ] ] } },
{ "type": "Feature", "properties": { "h3": "89a8b1a2473ffff", "lat": -22.412942209361248, "lon": -41.80493289456215, "area_km2": 0.12846420031704261, "score": 66.757393520506866, "class": "bom", "direct_activity_score": 30.0, "neighborhood_inherited_score": 36.757393520506866, "pos_food": 0.50942170240415896, "pos_shop": 0.21418636995827539, "pos_supermarket": 0.35779816513761464, "pos_pharmacy": 0.0, "pos_fitness": 0.50655241935483886, "pos_education": 0.11868131868131868, "pos_healthcare": 0.27272727272727271, "pos_office": 0.0, "pos_bank": 0.0795454545454546, "pos_transport": 0.33272405660377369, "pos_leisure": 0.17898486197684779, "pos_fuel": 0.0, "pos_residential": 0.13706942939390154, "pos_commercial": 0.079509544866501705, "pos_mixed_use": 1.3209317998332029, "pos_road_density": 0.28542474586368455, "pos_anchor_proximity": 0.94838966500383792, "positive_total": 5.3419468063506841, "pen_unsuitable_landuse": 0.66081237437769724, "pen_industrial": 0.0, "pen_isolation": 0.0064134334254355571, "pen_low_connectivity": 0.28583010165452621, "penalty_total": 0.95305590945765895, "raw": 4.3888908968930256, "score_physical": 61.99, "score_rank_pct": 77.87, "count_shop": 0, "count_supermarket": 0, "count_food": 0, "count_pharmacy": 0, "count_healthcare": 0, "count_education": 0, "count_fitness": 0, "count_office": 0, "count_bank": 0, "count_transport": 0, "count_leisure": 0, "count_fuel": 0, "feat_unsuitable_frac": 0.30036926108077144, "feat_industrial_frac": 0.0, "feat_residential": 0.08808668601922684, "feat_commercial": 0.0061002082271923398, "feat_road_density": 42197.88884623241, "feat_mixed_use": 0.69974440284427752, "feat_isolation": 0.0071260371393728414, "feat_anchor_proximity": 0.44475436118288819, "feat_low_connectivity": 0.71457525413631551, "raw_lu_frac_unsuitable": 0.0, "raw_lu_frac_residential": 0.0, "raw_lu_frac_commercial": 0.0, "raw_lu_frac_industrial": 0.0 }, "geometry": { "type": "Polygon", "coordinates": [ [ [ -41.803942857871633, -22.414518051937023 ], [ -41.802885660890723, -22.412974127242197 ], [ -41.803875697494327, -22.41139827661333 ], [ -41.805922926154679, -22.411366358389756 ], [ -41.806980128231928, -22.412910291480301 ], [ -41.805990096553799, -22.414486134398658 ], [ -41.803942857871633, -22.414518051937023 ] ] ] } },
{ "type": "Feature", "properties": { "h3": "89a8b1b0c4fffff", "lat": -22.467281464633466, "lon": -41.821463966401964, "area_km2": 0.12844710289478617, "score": 22.407274242423956, "class": "ruim", "direct_activity_score": 22.407274242423956, "neighborhood_inherited_score": 0.0, "pos_food": 0.0, "pos_shop": 0.0, "pos_supermarket": 0.0, "pos_pharmacy": 0.0, "pos_fitness": 0.0, "pos_education": 0.0, "pos_healthcare": 0.0, "pos_office": 0.0, "pos_bank": 0.0, "pos_transport": 0.0, "pos_leisure": 0.0, "pos_fuel": 0.0, "pos_residential": 0.0, "pos_commercial": 0.0, "pos_mixed_use": 0.0, "pos_road_density": 0.0, "pos_anchor_proximity": 0.0095476978734162117, "positive_total": 0.0095476978734162117, "pen_unsuitable_landuse": 0.0, "pen_industrial": 0.0, "pen_isolation": 0.9, "pen_low_connectivity": 0.4, "penalty_total": 1.3, "raw": -1.2904523021265839, "score_physical": 29.97, "score_rank_pct": 4.76, "count_shop": 0, "count_supermarket": 0, "count_food": 0, "count_pharmacy": 0, "count_healthcare": 0, "count_education": 0, "count_fitness": 0, "count_office": 0, "count_bank": 0, "count_transport": 0, "count_leisure": 0, "count_fuel": 0, "feat_unsuitable_frac": 0.0, "feat_industrial_frac": 0.0, "feat_residential": 0.0, "feat_commercial": 0.0, "feat_road_density": 0.0, "feat_mixed_use": -0.0, "feat_isolation": 1.0, "feat_anchor_proximity": 0.074291381210181348, "feat_low_connectivity": 1.0, "raw_lu_frac_unsuitable": 0.0, "raw_lu_frac_residential": 0.0, "raw_lu_frac_commercial": 0.0, "raw_lu_frac_industrial": 0.0 }, "geometry": { "type": "Polygon", "coordinates": [ [ [ -41.820473884202087, -22.468856440529517 ], [ -41.819416555006299, -22.467313564465595 ], [ -41.820406637150974, -22.465738580500592 ], [ -41.822454043535281, -22.465706480338227 ], [ -41.823511377795739, -22.46724936480134 ], [ -41.822521300608557, -22.468824341027585 ], [ -41.820473884202087, -22.468856440529517 ] ] ] } },
{ "type": "Feature", "properties": { "h3": "89a8b1b0e03ffff", "lat": -22.46123766584827, "lon": -41.809045120929845, "area_km2": 0.12844876127865312, "score": 24.886414172433959, "class": "ruim", "direct_activity_score": 24.886414172433959, "neighborhood_inherited_score": 0.0, "pos_food": 0.0, "pos_shop": 0.0, "pos_supermarket": 0.0, "pos_pharmacy": 0.0, "pos_fitness": 0.0, "pos_education": 0.0, "pos_healthcare": 0.0, "pos_office": 0.0, "pos_bank": 0.0, "pos_transport": 0.0, "pos_leisure": 0.0, "pos_fuel": 0.0, "pos_residential": 0.0, "pos_commercial": 0.0, "pos_mixed_use": 0.0, "pos_road_density": 0.0, "pos_anchor_proximity": 0.030448663086828257, "positive_total": 0.030448663086828257, "pen_unsuitable_landuse": 0.0, "pen_industrial": 0.0, "pen_isolation": 0.9, "pen_low_connectivity": 0.4, "penalty_total": 1.3, "raw": -1.2695513369131717, "score_physical": 30.15, "score_rank_pct": 12.61, "count_shop": 0, "count_supermarket": 0, "count_food": 0, "count_pharmacy": 0, "count_healthcare": 0, "count_education": 0, "count_fitness": 0, "count_office": 0, "count_bank": 0, "count_transport": 0, "count_leisure": 0, "count_fuel": 0, "feat_unsuitable_frac": 0.0, "feat_industrial_frac": 0.0, "feat_residential": 0.0, "feat_commercial": 0.0, "feat_road_density": 0.0, "feat_mixed_use": -0.0, "feat_isolation": 1.0, "feat_anchor_proximity": 0.082538811691940869, "feat_low_connectivity": 1.0, "raw_lu_frac_unsuitable": 0.0, "raw_lu_frac_residential": 0.0, "raw_lu_frac_commercial": 0.0, "raw_lu_frac_industrial": 0.0 }, "geometry": { "type": "Polygon", "coordinates": [ [ [ -41.808055018935036, -22.462812672672747 ], [ -41.806997731419571, -22.461269611896931 ], [ -41.807987833335424, -22.459694597005711 ], [ -41.810035217834091, -22.459662650617506 ], [ -41.81109251043857, -22.461205719799608 ], [ -41.81010241345669, -22.462780726963594 ], [ -41.808055018935036, -22.462812672672747 ] ] ] } },
{ "type": "Feature", "properties": { "h3": "89a8b1a200fffff", "lat": -22.392613439822831, "lon": -41.807567086589287, "area_km2": 0.12847078014327173, "score": 75.096353915976152, "class": "bom", "direct_activity_score": 70.60783102728233, "neighborhood_inherited_score": 4.4885228886938222, "pos_food": 0.209659952350011, "pos_shop": 0.29099057332715195, "pos_supermarket": 0.84480122324159013, "pos_pharmacy": 0.0, "pos_fitness": 0.11340725806451618, "pos_education": 0.0, "pos_healthcare": 0.45454545454545459, "pos_office": 0.88815789473684292, "pos_bank": 0.0, "pos_transport": 0.2860259433962265, "pos_leisure": 0.064113980409617119, "pos_fuel": 0.0, "pos_residential": 0.98637605178002985, "pos_commercial": 0.10667722078306548, "pos_mixed_use": 1.3656197009327184, "pos_road_density": 0.44267340774338304, "pos_anchor_proximity": 1.8, "positive_total": 7.8530486613106065, "pen_unsuitable_landuse": 0.69626794482506527, "pen_industrial": 0.010859950050223166, "pen_isolation": 0.019037196261072007, "pen_low_connectivity": 0.22293063690264681, "penalty_total": 0.94909572803900721, "raw": 6.903952933271599, "score_physical": 71.75, "score_rank_pct": 82.91, "count_shop": 1, "count_supermarket": 1, "count_food": 1, "count_pharmacy": 0, "count_healthcare": 0, "count_education": 0, "count_fitness": 0, "count_office": 0, "count_bank": 0, "count_transport": 0, "count_leisure": 0, "count_fuel": 0, "feat_unsuitable_frac": 0.31648542946593872, "feat_industrial_frac": 0.027149875125557915, "feat_residential": 0.63388749741084038, "feat_commercial": 0.0081845929437465506, "feat_road_density": 65445.913593138437, "feat_mixed_use": 0.72341716829151193, "feat_isolation": 0.021152440290080007, "feat_anchor_proximity": 0.90913059954175002, "feat_low_connectivity": 0.55732659225661696, "raw_lu_frac_unsuitable": 0.014502582147540877, "raw_lu_frac_residential": 0.0, "raw_lu_frac_commercial": 0.00026221189377426558, "raw_lu_frac_industrial": 0.0 }, "geometry": { "type": "Polygon", "coordinates": [ [ [ -41.80657708760365, -22.394189660620327 ], [ -41.805519917562386, -22.392645400834922 ], [ -41.806509916466091, -22.391069171989908 ], [ -41.808557080482274, -22.391037210637169 ], [ -41.80961425561437, -22.392581478810744 ], [ -41.808624261640794, -22.394157699948845 ], [ -41.80657708760365, -22.394189660620327 ] ] ] } },
{ "type": "Feature", "properties": { "h3": "89a8b1a2463ffff", "lat": -22.409822378886265, "lon": -41.804865729502623, "area_km2": 0.12846519951851901, "score": 82.857563287608542, "class": "muito bom", "direct_activity_score": 30.0, "neighborhood_inherited_score": 52.857563287608542, "pos_food": 1.2917478882391173, "pos_shop": 0.64580435790449697, "pos_supermarket": 0.71559633027522929, "pos_pharmacy": 0.515625, "pos_fitness": 0.84677419354838734, "pos_education": 0.59340659340659341, "pos_healthcare": 0.72727272727272729, "pos_office": 0.29605263157894757, "pos_bank": 0.21212121212121227, "pos_transport": 0.73160377358490569, "pos_leisure": 0.23775601068566352, "pos_fuel": 0.0, "pos_residential": 0.37475695005133935, "pos_commercial": 0.17413535788134335, "pos_mixed_use": 1.3966506400248857, "pos_road_density": 0.5399098999079267, "pos_anchor_proximity": 1.2419998815449791, "positive_total": 10.541213448027754, "pen_unsuitable_landuse": 0.97562046379572187, "pen_industrial": 0.0028282593151240983, "pen_isolation": 7.6763950490651487e-06, "pen_low_connectivity": 0.18403604003682933, "penalty_total": 1.1624924395427243, "raw": 9.3787210084850301, "score_physical": 80.19, "score_rank_pct": 89.08, "count_shop": 0, "count_supermarket": 0, "count_food": 0, "count_pharmacy": 0, "count_healthcare": 0, "count_education": 0, "count_fitness": 0, "count_office": 0, "count_bank": 0, "count_transport": 0, "count_leisure": 0, "count_fuel": 0, "feat_unsuitable_frac": 0.44346384717987353, "feat_industrial_frac": 0.0070706482878102449, "feat_residential": 0.24083486696242223, "feat_commercial": 0.013360181404338492, "feat_road_density": 79821.593164091231, "feat_mixed_use": 0.7398553568092594, "feat_isolation": 8.5293278322946099e-06, "feat_anchor_proximity": 0.5606116828391885, "feat_low_connectivity": 0.4600901000920733, "raw_lu_frac_unsuitable": 0.0, "raw_lu_frac_residential": 0.0, "raw_lu_frac_commercial": 0.0, "raw_lu_frac_industrial": 0.0 }, "geometry": { "type": "Polygon", "coordinates": [ [ [ -41.803875697494327, -22.41139827661333 ], [ -41.802818505852962, -22.409854297452483 ], [ -41.803808537774209, -22.408278391673193 ], [ -41.805855756412846, -22.408246472764294 ], [ -41.806912953150622, -22.409790460320046 ], [ -41.805922926154679, -22.411366358389756 ], [ -41.803875697494327, -22.41139827661333 ] ] ] } },
{ "type": "Feature", "properties": { "h3": "89a8b1a2617ffff", "lat": -22.408501088763288, "lon": -41.789478017187022, "area_km2": 0.12846522925706066, "score": 76.280367123425194, "class": "bom", "direct_activity_score": 30.0, "neighborhood_inherited_score": 46.280367123425194, "pos_food": 1.0682261208577006, "pos_shop": 0.50625869262865097, "pos_supermarket": 0.53669724770642202, "pos_pharmacy": 0.515625, "pos_fitness": 0.40826612903225817, "pos_education": 0.23736263736263735, "pos_healthcare": 0.27272727272727271, "pos_office": 0.44407894736842141, "pos_bank": 0.55681818181818221, "pos_transport": 0.052535377358490572, "pos_leisure": 0.36064113980409623, "pos_fuel": 0.0, "pos_residential": 0.099607587264149589, "pos_commercial": 0.43666000454365389, "pos_mixed_use": 1.3783486833882139, "pos_road_density": 0.11879346810917361, "pos_anchor_proximity": 0.7459383002219836, "positive_total": 7.7385847901913092, "pen_unsuitable_landuse": 0.10994137671392759, "pen_industrial": 0.0, "pen_isolation": 0.00040591754275264523, "pen_low_connectivity": 0.35248261275633058, "penalty_total": 0.4628299070130108, "raw": 7.2757548831782985, "score_physical": 73.08, "score_rank_pct": 83.75, "count_shop": 0, "count_supermarket": 0, "count_food": 0, "count_pharmacy": 0, "count_healthcare": 0, "count_education": 0, "count_fitness": 0, "count_office": 0, "count_bank": 0, "count_transport": 0, "count_leisure": 0, "count_fuel": 0, "feat_unsuitable_frac": 0.049973353051785262, "feat_industrial_frac": 0.0, "feat_residential": 0.064012101774024444, "feat_commercial": 0.033501851339678548, "feat_road_density": 17562.715341168885, "feat_mixed_use": 0.73016016155449537, "feat_isolation": 0.00045101949194738359, "feat_anchor_proximity": 0.36486792819154285, "feat_low_connectivity": 0.88120653189082643, "raw_lu_frac_unsuitable": 0.0, "raw_lu_frac_residential": 0.0, "raw_lu_frac_commercial": 0.0, "raw_lu_frac_industrial": 0.0 }, "geometry": { "type": "Polygon", "coordinates": [ [ [ -41.788487951244434, -22.410076914698088 ], [ -41.787430801194702, -22.408532814178855 ], [ -41.788420867020818, -22.40695698019287 ], [ -41.79046807800173, -22.406925254423051 ], [ -41.791525233178135, -22.40846936334772 ], [ -41.790535172248276, -22.410045189636719 ], [ -41.788487951244434, -22.410076914698088 ] ] ] } },
{ "type": "Feature", "properties": { "h3": "89a8b1b1d67ffff", "lat": -22.441301908373251, "lon": -41.787111508913355, "area_km2": 0.12845462710282021, "score": 29.384755159864785, "class": "ruim", "direct_activity_score": 29.384755159864785, "neighborhood_inherited_score": 0.0, "pos_food": 0.0, "pos_shop": 0.0, "pos_supermarket": 0.0, "pos_pharmacy": 0.0, "pos_fitness": 0.0, "pos_education": 0.0, "pos_healthcare": 0.0, "pos_office": 0.0, "pos_bank": 0.0, "pos_transport": 0.0, "pos_leisure": 0.0, "pos_fuel": 0.0, "pos_residential": 0.0, "pos_commercial": 0.0, "pos_mixed_use": 0.0, "pos_road_density": 0.0, "pos_anchor_proximity": 0.080075063412980194, "positive_total": 0.080075063412980194, "pen_unsuitable_landuse": 0.0, "pen_industrial": 0.0, "pen_isolation": 0.9, "pen_low_connectivity": 0.4, "penalty_total": 1.3, "raw": -1.2199249365870199, "score_physical": 30.57, "score_rank_pct": 26.61, "count_shop": 0, "count_supermarket": 0, "count_food": 0, "count_pharmacy": 0, "count_healthcare": 0, "count_education": 0, "count_fitness": 0, "count_office": 0, "count_bank": 0, "count_transport": 0, "count_leisure": 0, "count_fuel": 0, "feat_unsuitable_frac": 0.0, "feat_industrial_frac": 0.0, "feat_residential": 0.0, "feat_commercial": 0.0, "feat_road_density": 0.0, "feat_mixed_use": -0.0, "feat_isolation": 1.0, "feat_anchor_proximity": 0.10212117463885714, "feat_low_connectivity": 1.0, "raw_lu_frac_unsuitable": 0.0, "raw_lu_frac_residential": 0.0, "raw_lu_frac_commercial": 0.0, "raw_lu_frac_industrial": 0.0 }, "geometry": { "type": "Polygon", "coordinates": [ [ [ -41.786121386555244, -22.442877134913608 ], [ -41.785064188237115, -22.441333587608227 ], [ -41.786054310474285, -22.439758353007598 ], [ -41.788101626138605, -22.439726673416626 ], [ -41.789158829588587, -22.441270229138276 ], [ -41.788168712243731, -22.442845456034608 ], [ -41.786121386555244, -22.442877134913608 ] ] ] } },
{ "type": "Feature", "properties": { "h3": "89a8b1b1927ffff", "lat": -22.420884667338814, "lon": -41.795888149276223, "area_km2": 0.12846142242356395, "score": 30.0, "class": "ruim", "direct_activity_score": 30.0, "neighborhood_inherited_score": 0.0, "pos_food": 0.0, "pos_shop": 0.0, "pos_supermarket": 0.0, "pos_pharmacy": 0.0, "pos_fitness": 0.0, "pos_education": 0.0, "pos_healthcare": 0.0, "pos_office": 0.0, "pos_bank": 0.0, "pos_transport": 0.0, "pos_leisure": 0.0, "pos_fuel": 0.0, "pos_residential": 0.0, "pos_commercial": 0.0, "pos_mixed_use": 0.0, "pos_road_density": 0.0, "pos_anchor_proximity": 0.37110099017452619, "positive_total": 0.37110099017452619, "pen_unsuitable_landuse": 0.0, "pen_industrial": 0.0, "pen_isolation": 0.9, "pen_low_connectivity": 0.4, "penalty_total": 1.3, "raw": -0.92889900982547391, "score_physical": 32.95, "score_rank_pct": 61.62, "count_shop": 0, "count_supermarket": 0, "count_food": 0, "count_pharmacy": 0, "count_healthcare": 0, "count_education": 0, "count_fitness": 0, "count_office": 0, "count_bank": 0, "count_transport": 0, "count_leisure": 0, "count_fuel": 0, "feat_unsuitable_frac": 0.0, "feat_industrial_frac": 0.0, "feat_residential": 0.0, "feat_commercial": 0.0, "feat_road_density": 0.0, "feat_mixed_use": -0.0, "feat_isolation": 1.0, "feat_anchor_proximity": 0.21695874672453677, "feat_low_connectivity": 1.0, "raw_lu_frac_unsuitable": 0.0, "raw_lu_frac_residential": 0.0, "raw_lu_frac_commercial": 0.0, "raw_lu_frac_industrial": 0.0 }, "geometry": { "type": "Polygon", "coordinates": [ [ [ -41.794898079095312, -22.42246031237325 ], [ -41.793840892099581, -22.420916467356154 ], [ -41.794830962176313, -22.419340814266782 ], [ -41.796878214341547, -22.419309013900019 ], [ -41.797935406451529, -22.420852867321475 ], [ -41.796945341283354, -22.422428512705302 ], [ -41.794898079095312, -22.42246031237325 ] ] ] } },
{ "type": "Feature", "properties": { "h3": "89a8b1b0c73ffff", "lat": -22.4671850487825, "lon": -41.827606201866146, "area_km2": 0.12844727216951518, "score": 21.974038232727374, "class": "ruim", "direct_activity_score": 21.974038232727374, "neighborhood_inherited_score": 0.0, "pos_food": 0.0, "pos_shop": 0.0, "pos_supermarket": 0.0, "pos_pharmacy": 0.0, "pos_fitness": 0.0, "pos_education": 0.0, "pos_healthcare": 0.0, "pos_office": 0.0, "pos_bank": 0.0, "pos_transport": 0.0, "pos_leisure": 0.0, "pos_fuel": 0.0, "pos_residential": 0.0, "pos_commercial": 0.0, "pos_mixed_use": 0.0, "pos_road_density": 0.0, "pos_anchor_proximity": 0.0073905550386130789, "positive_total": 0.0073905550386130789, "pen_unsuitable_landuse": 0.0, "pen_industrial": 0.0, "pen_isolation": 0.9, "pen_low_connectivity": 0.4, "penalty_total": 1.3, "raw": -1.292609444961387, "score_physical": 29.95, "score_rank_pct": 3.36, "count_shop": 0, "count_supermarket": 0, "count_food": 0, "count_pharmacy": 0, "count_healthcare": 0, "count_education": 0, "count_fitness": 0, "count_office": 0, "count_bank": 0, "count_transport": 0, "count_leisure": 0, "count_fuel": 0, "feat_unsuitable_frac": 0.0, "feat_industrial_frac": 0.0, "feat_residential": 0.0, "feat_commercial": 0.0, "feat_road_density": 0.0, "feat_mixed_use": -0.0, "feat_isolation": 1.0, "feat_anchor_proximity": 0.073440181976671876, "feat_low_connectivity": 1.0, "raw_lu_frac_unsuitable": 0.0, "raw_lu_frac_residential": 0.0, "raw_lu_frac_commercial": 0.0, "raw_lu_frac_industrial": 0.0 }, "geometry": { "type": "Polygon", "coordinates": [ [ [ -41.826616134280627, -22.46876006444931 ], [ -41.825558789621454, -22.467217226184289 ], [ -41.826548857163523, -22.465642202448294 ], [ -41.828596264397, -22.465610024720871 ], [ -41.829653614108757, -22.467152871380712 ], [ -41.828663551535769, -22.46872788737311 ], [ -41.826616134280627, -22.46876006444931 ] ] ] } },
{ "type": "Feature", "properties": { "h3": "89a8b1b0e27ffff", "lat": -22.453298106157117, "lon": -41.818090289675119, "area_km2": 0.12845153662955996, "score": 28.924074062235849, "class": "ruim", "direct_activity_score": 28.924074062235849, "neighborhood_inherited_score": 0.0, "pos_food": 0.0, "pos_shop": 0.0, "pos_supermarket": 0.0, "pos_pharmacy": 0.0, "pos_fitness": 0.0, "pos_education": 0.0, "pos_healthcare": 0.0, "pos_office": 0.0, "pos_bank": 0.0, "pos_transport": 0.0, "pos_leisure": 0.0, "pos_fuel": 0.0, "pos_residential": 0.0, "pos_commercial": 0.0, "pos_mixed_use": 0.0, "pos_road_density": 0.0, "pos_anchor_proximity": 0.07325705881925107, "positive_total": 0.07325705881925107, "pen_unsuitable_landuse": 0.0, "pen_industrial": 0.0, "pen_isolation": 0.9, "pen_low_connectivity": 0.4, "penalty_total": 1.3, "raw": -1.2267429411807489, "score_physical": 30.52, "score_rank_pct": 25.21, "count_shop": 0, "count_supermarket": 0, "count_food": 0, "count_pharmacy": 0, "count_healthcare": 0, "count_education": 0, "count_fitness": 0, "count_office": 0, "count_bank": 0, "count_transport": 0, "count_leisure": 0, "count_fuel": 0, "feat_unsuitable_frac": 0.0, "feat_industrial_frac": 0.0, "feat_residential": 0.0, "feat_commercial": 0.0, "feat_road_density": 0.0, "feat_mixed_use": -0.0, "feat_isolation": 1.0, "feat_anchor_proximity": 0.099430819512338162, "feat_low_connectivity": 1.0, "raw_lu_frac_unsuitable": 0.0, "raw_lu_frac_residential": 0.0, "raw_lu_frac_commercial": 0.0, "raw_lu_frac_industrial": 0.0 }, "geometry": { "type": "Polygon", "coordinates": [ [ [ -41.817100221246022, -22.454873310749942 ], [ -41.816042923821549, -22.45333017019783 ], [ -41.817032992188949, -22.451754957540064 ], [ -41.819080353031268, -22.451722893166604 ], [ -41.820137655526835, -22.453266042116404 ], [ -41.819147592110326, -22.454841247041948 ], [ -41.817100221246022, -22.454873310749942 ] ] ] } },
{ "type": "Feature", "properties": { "h3": "89a8b1b0327ffff", "lat": -22.464546893784352, "lon": -41.796827920675383, "area_km2": 0.1284473885409044, "score": 22.058952396611716, "class": "ruim", "direct_activity_score": 22.058952396611716, "neighborhood_inherited_score": 0.0, "pos_food": 0.0, "pos_shop": 0.0, "pos_supermarket": 0.0, "pos_pharmacy": 0.0, "pos_fitness": 0.0, "pos_education": 0.0, "pos_healthcare": 0.0, "pos_office": 0.0, "pos_bank": 0.0, "pos_transport": 0.0, "pos_leisure": 0.0, "pos_fuel": 0.0, "pos_residential": 0.0, "pos_commercial": 0.0, "pos_mixed_use": 0.0, "pos_road_density": 0.0, "pos_anchor_proximity": 0.0075358664494616688, "positive_total": 0.0075358664494616688, "pen_unsuitable_landuse": 0.0, "pen_industrial": 0.0, "pen_isolation": 0.9, "pen_low_connectivity": 0.4, "penalty_total": 1.3, "raw": -1.2924641335505385, "score_physical": 29.95, "score_rank_pct": 3.64, "count_shop": 0, "count_supermarket": 0, "count_food": 0, "count_pharmacy": 0, "count_healthcare": 0, "count_education": 0, "count_fitness": 0, "count_office": 0, "count_bank": 0, "count_transport": 0, "count_leisure": 0, "count_fuel": 0, "feat_unsuitable_frac": 0.0, "feat_industrial_frac": 0.0, "feat_residential": 0.0, "feat_commercial": 0.0, "feat_road_density": 0.0, "feat_mixed_use": -0.0, "feat_isolation": 1.0, "feat_anchor_proximity": 0.07349752123095718, "feat_low_connectivity": 1.0, "raw_lu_frac_unsuitable": 0.0, "raw_lu_frac_residential": 0.0, "raw_lu_frac_commercial": 0.0, "raw_lu_frac_industrial": 0.0 }, "geometry": { "type": "Polygon", "coordinates": [ [ [ -41.795837784929319, -22.466121765724083 ], [ -41.794780523170537, -22.464578684028378 ], [ -41.795770658814298, -22.463003804021518 ], [ -41.797818051307175, -22.462972013428782 ], [ -41.798875318179057, -22.464515103540322 ], [ -41.79788518744629, -22.466089975828723 ], [ -41.795837784929319, -22.466121765724083 ] ] ] } },
{ "type": "Feature", "properties": { "h3": "89a8b1b0843ffff", "lat": -22.448572325712341, "lon": -41.821060465874496, "area_km2": 0.12845312813805276, "score": 30.0, "class": "ruim", "direct_activity_score": 30.0, "neighborhood_inherited_score": 0.0, "pos_food": 0.0, "pos_shop": 0.0, "pos_supermarket": 0.0, "pos_pharmacy": 0.0, "pos_fitness": 0.0, "pos_education": 0.0, "pos_healthcare": 0.0, "pos_office": 0.0, "pos_bank": 0.0, "pos_transport": 0.0, "pos_leisure": 0.0, "pos_fuel": 0.0, "pos_residential": 0.0, "pos_commercial": 0.0, "pos_mixed_use": 0.0, "pos_road_density": 0.0, "pos_anchor_proximity": 0.10399232834016124, "positive_total": 0.10399232834016124, "pen_unsuitable_landuse": 0.0, "pen_industrial": 0.0, "pen_isolation": 0.9, "pen_low_connectivity": 0.4, "penalty_total": 1.3, "raw": -1.1960076716598389, "score_physical": 30.78, "score_rank_pct": 32.21, "count_shop": 0, "count_supermarket": 0, "count_food": 0, "count_pharmacy": 0, "count_healthcare": 0, "count_education": 0, "count_fitness": 0, "count_office": 0, "count_bank": 0, "count_transport": 0, "count_leisure": 0, "count_fuel": 0, "feat_unsuitable_frac": 0.0, "feat_industrial_frac": 0.0, "feat_residential": 0.0, "feat_commercial": 0.0, "feat_road_density": 0.0, "feat_mixed_use": -0.0, "feat_isolation": 1.0, "feat_anchor_proximity": 0.11155882394292721, "feat_low_connectivity": 1.0, "raw_lu_frac_unsuitable": 0.0, "raw_lu_frac_residential": 0.0, "raw_lu_frac_commercial": 0.0, "raw_lu_frac_industrial": 0.0 }, "geometry": { "type": "Polygon", "coordinates": [ [ [ -41.820070411765819, -22.450147633016648 ], [ -41.819013114610144, -22.448604429508837 ], [ -41.820003168662801, -22.447029114140776 ], [ -41.822050514916036, -22.446997010013753 ], [ -41.823107817136894, -22.448540221915849 ], [ -41.82211776804067, -22.45011552955064 ], [ -41.820070411765819, -22.450147633016648 ] ] ] } },
{ "type": "Feature", "properties": { "h3": "89a8b1a254fffff", "lat": -22.401782195669934, "lon": -41.820051818191544, "area_km2": 0.12846813967615797, "score": 68.635504777943581, "class": "bom", "direct_activity_score": 58.179574848465997, "neighborhood_inherited_score": 10.455929929477584, "pos_food": 0.15594541910331397, "pos_shop": 0.22067686601761707, "pos_supermarket": 0.50688073394495414, "pos_pharmacy": 0.0, "pos_fitness": 0.49143145161290347, "pos_education": 1.2, "pos_healthcare": 0.0, "pos_office": 0.44407894736842141, "pos_bank": 0.0, "pos_transport": 0.74327830188679256, "pos_leisure": 0.0, "pos_fuel": 0.0, "pos_residential": 0.46651178555042966, "pos_commercial": 0.057012093169415412, "pos_mixed_use": 1.1439428949913264, "pos_road_density": 0.5127721959802537, "pos_anchor_proximity": 1.3550649118279339, "positive_total": 7.2975956014533612, "pen_unsuitable_landuse": 2.2, "pen_industrial": 0.0048629265857775507, "pen_isolation": 0.0025970982480400715, "pen_low_connectivity": 0.19489112160789854, "penalty_total": 2.4023511464417164, "raw": 4.8952444550116443, "score_physical": 64.08, "score_rank_pct": 79.27, "count_shop": 0, "count_supermarket": 0, "count_food": 0, "count_pharmacy": 0, "count_healthcare": 0, "count_education": 0, "count_fitness": 0, "count_office": 0, "count_bank": 0, "count_transport": 0, "count_leisure": 0, "count_fuel": 0, "feat_unsuitable_frac": 2.1059715202778784, "feat_industrial_frac": 0.012157316464443875, "feat_residential": 0.2998004541184579, "feat_commercial": 0.0043741369716738272, "feat_road_density": 75809.48899135484, "feat_mixed_use": 0.60598710549987267, "feat_isolation": 0.002885664720044524, "feat_anchor_proximity": 0.60522665481083338, "feat_low_connectivity": 0.4872278040197463, "raw_lu_frac_unsuitable": 0.0, "raw_lu_frac_residential": 0.036070963364763016, "raw_lu_frac_commercial": 0.0, "raw_lu_frac_industrial": 0.0 }, "geometry": { "type": "Polygon", "coordinates": [ [ [ -41.819061834304335, -22.403358330502158 ], [ -41.818004617240895, -22.401814309392773 ], [ -41.81899460107006, -22.400238166509901 ], [ -41.821041797010182, -22.400206052455797 ], [ -41.822099019140047, -22.401750081947096 ], [ -41.821109040264695, -22.403326217110553 ], [ -41.819061834304335, -22.403358330502158 ] ] ] } },
{ "type": "Feature", "properties": { "h3": "89a8b1b1d7bffff", "lat": -22.444515555076226, "lon": -41.781036599965987, "area_km2": 0.1284534277970486, "score": 26.595669411768679, "class": "ruim", "direct_activity_score": 26.595669411768679, "neighborhood_inherited_score": 0.0, "pos_food": 0.0, "pos_shop": 0.0, "pos_supermarket": 0.0, "pos_pharmacy": 0.0, "pos_fitness": 0.0, "pos_education": 0.0, "pos_healthcare": 0.0, "pos_office": 0.0, "pos_bank": 0.0, "pos_transport": 0.0, "pos_leisure": 0.0, "pos_fuel": 0.0, "pos_residential": 0.0, "pos_commercial": 0.0, "pos_mixed_use": 0.0, "pos_road_density": 0.0, "pos_anchor_proximity": 0.049206000334385415, "positive_total": 0.049206000334385415, "pen_unsuitable_landuse": 0.0, "pen_industrial": 0.0, "pen_isolation": 0.9, "pen_low_connectivity": 0.4, "penalty_total": 1.3, "raw": -1.2507939996656146, "score_physical": 30.31, "score_rank_pct": 17.93, "count_shop": 0, "count_supermarket": 0, "count_food": 0, "count_pharmacy": 0, "count_healthcare": 0, "count_education": 0, "count_fitness": 0, "count_office": 0, "count_bank": 0, "count_transport": 0, "count_leisure": 0, "count_fuel": 0, "feat_unsuitable_frac": 0.0, "feat_industrial_frac": 0.0, "feat_residential": 0.0, "feat_commercial": 0.0, "feat_road_density": 0.0, "feat_mixed_use": -0.0, "feat_isolation": 1.0, "feat_anchor_proximity": 0.089940375849029461, "feat_low_connectivity": 1.0, "raw_lu_frac_unsuitable": 0.0, "raw_lu_frac_residential": 0.0, "raw_lu_frac_commercial": 0.0, "raw_lu_frac_industrial": 0.0 }, "geometry": { "type": "Polygon", "coordinates": [ [ [ -41.78004645846066, -22.446090686559501 ], [ -41.778989270424219, -22.444547156094401 ], [ -41.779979411797015, -22.44297201655024 ], [ -41.782026736326657, -22.442940415171506 ], [ -41.783083929506951, -22.44448395405805 ], [ -41.782093793015065, -22.446059085901851 ], [ -41.78004645846066, -22.446090686559501 ] ] ] } },
{ "type": "Feature", "properties": { "h3": "89a8b1a2487ffff", "lat": -22.423716871617671, "lon": -41.814380690088413, "area_km2": 0.12846096945279903, "score": 50.132621718674208, "class": "médio", "direct_activity_score": 30.0, "neighborhood_inherited_score": 20.132621718674208, "pos_food": 0.093567251461988368, "pos_shop": 0.0, "pos_supermarket": 0.0, "pos_pharmacy": 0.0, "pos_fitness": 0.0680443548387097, "pos_education": 0.11868131868131868, "pos_healthcare": 0.0, "pos_office": 0.0, "pos_bank": 0.0, "pos_transport": 0.017511792452830192, "pos_leisure": 0.024042742653606414, "pos_fuel": 0.0, "pos_residential": 0.024608317889802153, "pos_commercial": 0.0, "pos_mixed_use": 0.46112555186177129, "pos_road_density": 0.020832284133332414, "pos_anchor_proximity": 0.65861137774947132, "positive_total": 1.4870249917228304, "pen_unsuitable_landuse": 0.25446336590450075, "pen_industrial": 0.0, "pen_isolation": 0.50592820067714017, "pen_low_connectivity": 0.39166708634666708, "penalty_total": 1.1520586529283081, "raw": 0.33496633879452231, "score_physical": 41.73, "score_rank_pct": 69.75, "count_shop": 0, "count_supermarket": 0, "count_food": 0, "count_pharmacy": 0, "count_healthcare": 0, "count_education": 0, "count_fitness": 0, "count_office": 0, "count_bank": 0, "count_transport": 0, "count_leisure": 0, "count_fuel": 0, "feat_unsuitable_frac": 0.11566516632022761, "feat_industrial_frac": 0.0, "feat_residential": 0.015814359051506844, "feat_commercial": 0.0, "feat_road_density": 3079.8955697111478, "feat_mixed_use": 0.24427455222479871, "feat_isolation": 0.56214244519682244, "feat_anchor_proximity": 0.33040910225101239, "feat_low_connectivity": 0.97916771586666762, "raw_lu_frac_unsuitable": 0.0, "raw_lu_frac_residential": 0.0, "raw_lu_frac_commercial": 0.0, "raw_lu_frac_industrial": 0.0 }, "geometry": { "type": "Polygon", "coordinates": [ [ [ -41.813390658846252, -22.425292580724456 ], [ -41.812333419897122, -22.423748903264176 ], [ -41.813323451070445, -22.422173186100856 ], [ -41.815370716250769, -22.422141154118826 ], [ -41.816427960277821, -22.42368483997117 ], [ -41.815437934047949, -22.425260549413451 ], [ -41.813390658846252, -22.425292580724456 ] ] ] } },
{ "type": "Feature", "properties": { "h3": "89a8b1a263bffff", "lat": -22.402260999856665, "lon": -41.789343840030028, "area_km2": 0.12846722615899894, "score": 94.754060623908899, "class": "muito bom", "direct_activity_score": 30.0, "neighborhood_inherited_score": 64.754060623908899, "pos_food": 1.5802469135802482, "pos_shop": 1.3694946685210942, "pos_supermarket": 1.1628440366972477, "pos_pharmacy": 0.9739583333333337, "pos_fitness": 0.94506048387096819, "pos_education": 0.55384615384615388, "pos_healthcare": 0.27272727272727271, "pos_office": 0.80592105263157965, "pos_bank": 0.7, "pos_transport": 0.55064858490566038, "pos_leisure": 0.6, "pos_fuel": 0.5, "pos_residential": 0.3727366069875378, "pos_commercial": 1.2, "pos_mixed_use": 1.5, "pos_road_density": 0.52514690283453636, "pos_anchor_proximity": 1.2436957833853435, "positive_total": 14.856326793320973, "pen_unsuitable_landuse": 0.40708412644282854, "pen_industrial": 0.0, "pen_isolation": 2.2151502370211713e-08, "pen_low_connectivity": 0.18994123886618547, "penalty_total": 0.59702538746051637, "raw": 14.259301405860457, "score_physical": 94.67, "score_rank_pct": 94.96, "count_shop": 0, "count_supermarket": 0, "count_food": 0, "count_pharmacy": 0, "count_healthcare": 0, "count_education": 0, "count_fitness": 0, "count_office": 0, "count_bank": 0, "count_transport": 0, "count_leisure": 0, "count_fuel": 0, "feat_unsuitable_frac": 0.18503823929219479, "feat_industrial_frac": 0.0, "feat_residential": 0.23953650797822612, "feat_commercial": 0.11342832270464892, "feat_road_density": 77638.99575945799, "feat_mixed_use": 0.80740434949968731, "feat_isolation": 2.4612780411346347e-08, "feat_anchor_proximity": 0.56128087837104446, "feat_low_connectivity": 0.47485309716546364, "raw_lu_frac_unsuitable": 0.0, "raw_lu_frac_residential": 0.0, "raw_lu_frac_commercial": 0.0, "raw_lu_frac_industrial": 0.0 }, "geometry": { "type": "Polygon", "coordinates": [ [ [ -41.78835378345368, -22.403836936091082 ], [ -41.787296644083376, -22.402292726689325 ], [ -41.788286700542997, -22.400716782405482 ], [ -41.790333891478312, -22.400685055218464 ], [ -41.791391035975437, -22.402229273024005 ], [ -41.790400984411747, -22.403805209612727 ], [ -41.78835378345368, -22.403836936091082 ] ] ] } },
{ "type": "Feature", "properties": { "h3": "89a8b1b0e4bffff", "lat": -22.45831075003591, "lon": -41.796693659735325, "area_km2": 0.1284493973087007, "score": 24.62264074240375, "class": "ruim", "direct_activity_score": 24.62264074240375, "neighborhood_inherited_score": 0.0, "pos_food": 0.0, "pos_shop": 0.0, "pos_supermarket": 0.0, "pos_pharmacy": 0.0, "pos_fitness": 0.0, "pos_education": 0.0, "pos_healthcare": 0.0, "pos_office": 0.0, "pos_bank": 0.0, "pos_transport": 0.0, "pos_leisure": 0.0, "pos_fuel": 0.0, "pos_residential": 0.0, "pos_commercial": 0.0, "pos_mixed_use": 0.0, "pos_road_density": 0.0, "pos_anchor_proximity": 0.028510194449429507, "positive_total": 0.028510194449429507, "pen_unsuitable_landuse": 0.0, "pen_industrial": 0.0, "pen_isolation": 0.9, "pen_low_connectivity": 0.4, "penalty_total": 1.3, "raw": -1.2714898055505706, "score_physical": 30.13, "score_rank_pct": 11.76, "count_shop": 0, "count_supermarket": 0, "count_food": 0, "count_pharmacy": 0, "count_healthcare": 0, "count_education": 0, "count_fitness": 0, "count_office": 0, "count_bank": 0, "count_transport": 0, "count_leisure": 0, "count_fuel": 0, "feat_unsuitable_frac": 0.0, "feat_industrial_frac": 0.0, "feat_residential": 0.0, "feat_commercial": 0.0, "feat_road_density": 0.0, "feat_mixed_use": -0.0, "feat_isolation": 1.0, "feat_anchor_proximity": 0.081773900351015893, "feat_low_connectivity": 1.0, "raw_lu_frac_unsuitable": 0.0, "raw_lu_frac_residential": 0.0, "raw_lu_frac_commercial": 0.0, "raw_lu_frac_industrial": 0.0 }, "geometry": { "type": "Polygon", "coordinates": [ [ [ -41.795703533356203, -22.459885732493305 ], [ -41.794646282278478, -22.458342541674902 ], [ -41.795636408555019, -22.456767551152122 ], [ -41.797683780999982, -22.456735759164328 ], [ -41.798741037190972, -22.458278958396917 ], [ -41.797750915825077, -22.459853941203086 ], [ -41.795703533356203, -22.459885732493305 ] ] ] } },
{ "type": "Feature", "properties": { "h3": "89a8b1a2057ffff", "lat": -22.395829638974419, "lon": -41.801492727420865, "area_km2": 0.12846959994837143, "score": 91.995113511535166, "class": "muito bom", "direct_activity_score": 63.466474061460744, "neighborhood_inherited_score": 28.528639450074422, "pos_food": 0.84990253411306105, "pos_shop": 0.78859527121001394, "pos_supermarket": 1.1628440366972477, "pos_pharmacy": 0.9739583333333337, "pos_fitness": 0.7787298387096776, "pos_education": 0.63296703296703294, "pos_healthcare": 1.0, "pos_office": 0.59210526315789513, "pos_bank": 0.39772727272727298, "pos_transport": 0.7685731132075474, "pos_leisure": 0.44256455921638482, "pos_fuel": 0.3, "pos_residential": 1.0, "pos_commercial": 1.0704022144722758, "pos_mixed_use": 1.5, "pos_road_density": 1.0, "pos_anchor_proximity": 1.2211447218517504, "positive_total": 14.479514191663496, "pen_unsuitable_landuse": 1.3734108047216127, "pen_industrial": 0.0028282593151240983, "pen_isolation": 3.1755580339959641e-06, "pen_low_connectivity": 0.0, "penalty_total": 1.3762422395947709, "raw": 13.103271952068726, "score_physical": 91.45, "score_rank_pct": 93.28, "count_shop": 0, "count_supermarket": 0, "count_food": 0, "count_pharmacy": 0, "count_healthcare": 1, "count_education": 0, "count_fitness": 0, "count_office": 0, "count_bank": 0, "count_transport": 0, "count_leisure": 1, "count_fuel": 0, "feat_unsuitable_frac": 0.62427763850982387, "feat_industrial_frac": 0.0070706482878102449, "feat_residential": 1.2395203882761621, "feat_commercial": 0.082124434319076373, "feat_road_density": 159169.43262676569, "feat_mixed_use": 0.84920480970192602, "feat_isolation": 3.5283978155510709e-06, "feat_anchor_proximity": 0.55238232701759582, "feat_low_connectivity": 0.0, "raw_lu_frac_unsuitable": 0.0, "raw_lu_frac_residential": 0.24667487907843716, "raw_lu_frac_commercial": 0.0, "raw_lu_frac_industrial": 0.0 }, "geometry": { "type": "Polygon", "coordinates": [ [ [ -41.800502709216374, -22.397405764946992 ], [ -41.799445549374767, -22.395861521945736 ], [ -41.800435567485721, -22.394285387925002 ], [ -41.802482740520887, -22.394253504608482 ], [ -41.803539905465328, -22.395797756003105 ], [ -41.802549892273106, -22.397373882320867 ], [ -41.800502709216374, -22.397405764946992 ] ] ] } },
{ "type": "Feature", "properties": { "h3": "89a8b1b0a1bffff", "lat": -22.441015749080506, "lon": -41.805537409674358, "area_km2": 0.12845519276230838, "score": 30.0, "class": "ruim", "direct_activity_score": 30.0, "neighborhood_inherited_score": 0.0, "pos_food": 0.0, "pos_shop": 0.0, "pos_supermarket": 0.0, "pos_pharmacy": 0.0, "pos_fitness": 0.0, "pos_education": 0.0, "pos_healthcare": 0.0, "pos_office": 0.0, "pos_bank": 0.0, "pos_transport": 0.0, "pos_leisure": 0.0, "pos_fuel": 0.0, "pos_residential": 0.0, "pos_commercial": 0.0, "pos_mixed_use": 0.0, "pos_road_density": 0.0, "pos_anchor_proximity": 0.15372613716493191, "positive_total": 0.15372613716493191, "pen_unsuitable_landuse": 0.0, "pen_industrial": 0.0, "pen_isolation": 0.9, "pen_low_connectivity": 0.4, "penalty_total": 1.3, "raw": -1.1462738628350682, "score_physical": 31.19, "score_rank_pct": 41.18, "count_shop": 0, "count_supermarket": 0, "count_food": 0, "count_pharmacy": 0, "count_healthcare": 0, "count_education": 0, "count_fitness": 0, "count_office": 0, "count_bank": 0, "count_transport": 0, "count_leisure": 0, "count_fuel": 0, "feat_unsuitable_frac": 0.0, "feat_industrial_frac": 0.0, "feat_residential": 0.0, "feat_commercial": 0.0, "feat_road_density": 0.0, "feat_mixed_use": -0.0, "feat_isolation": 1.0, "feat_anchor_proximity": 0.13118356981888352, "feat_low_connectivity": 1.0, "raw_lu_frac_unsuitable": 0.0, "raw_lu_frac_residential": 0.0, "raw_lu_frac_commercial": 0.0, "raw_lu_frac_industrial": 0.0 }, "geometry": { "type": "Polygon", "coordinates": [ [ [ -41.804547330841963, -22.442591095010609 ], [ -41.80349008580292, -22.441047660798542 ], [ -41.804480164549616, -22.439472306807467 ], [ -41.806527483409624, -22.439440394747251 ], [ -41.807584733544253, -22.440983837362467 ], [ -41.806594659724624, -22.44255918363471 ], [ -41.804547330841963, -22.442591095010609 ] ] ] } },
{ "type": "Feature", "properties": { "h3": "89a8b1b0bcfffff", "lat": -22.431370619965087, "lon": -41.823761555744028, "area_km2": 0.12845872630713312, "score": 30.0, "class": "ruim", "direct_activity_score": 30.0, "neighborhood_inherited_score": 0.0, "pos_food": 0.0, "pos_shop": 0.0, "pos_supermarket": 0.0, "pos_pharmacy": 0.0, "pos_fitness": 0.0, "pos_education": 0.0, "pos_healthcare": 0.0, "pos_office": 0.0, "pos_bank": 0.0, "pos_transport": 0.0, "pos_leisure": 0.0, "pos_fuel": 0.0, "pos_residential": 0.0, "pos_commercial": 0.0, "pos_mixed_use": 0.0, "pos_road_density": 0.0, "pos_anchor_proximity": 0.32321351009357591, "positive_total": 0.32321351009357591, "pen_unsuitable_landuse": 0.039937498176094245, "pen_industrial": 0.0, "pen_isolation": 0.9, "pen_low_connectivity": 0.4, "penalty_total": 1.3399374981760943, "raw": -1.0167239880825183, "score_physical": 32.25, "score_rank_pct": 56.02, "count_shop": 0, "count_supermarket": 0, "count_food": 0, "count_pharmacy": 0, "count_healthcare": 0, "count_education": 0, "count_fitness": 0, "count_office": 0, "count_bank": 0, "count_transport": 0, "count_leisure": 0, "count_fuel": 0, "feat_unsuitable_frac": 0.018153408261861018, "feat_industrial_frac": 0.0, "feat_residential": 0.0, "feat_commercial": 0.0, "feat_road_density": 0.0, "feat_mixed_use": -0.0, "feat_isolation": 1.0, "feat_anchor_proximity": 0.19806255418598145, "feat_low_connectivity": 1.0, "raw_lu_frac_unsuitable": 0.0, "raw_lu_frac_residential": 0.0, "raw_lu_frac_commercial": 0.0, "raw_lu_frac_industrial": 0.0 }, "geometry": { "type": "Polygon", "coordinates": [ [ [ -41.822771534686382, -22.432946250722633 ], [ -41.821714259163805, -22.431402766130599 ], [ -41.822704280170555, -22.429827127313985 ], [ -41.824751571739959, -22.429794980819963 ], [ -41.825808852322133, -22.431338473799574 ], [ -41.824818836276634, -22.432914104885572 ], [ -41.822771534686382, -22.432946250722633 ] ] ] } },
{ "type": "Feature", "properties": { "h3": "89a8b1a24abffff", "lat": -22.417477862381951, "lon": -41.814246265830931, "area_km2": 0.12846296993409945, "score": 55.560978685604603, "class": "médio", "direct_activity_score": 30.0, "neighborhood_inherited_score": 25.560978685604603, "pos_food": 0.34567901234567927, "pos_shop": 0.029207232267037551, "pos_supermarket": 0.13417431192660551, "pos_pharmacy": 0.0, "pos_fitness": 0.37046370967741948, "pos_education": 0.32967032967032966, "pos_healthcare": 0.0, "pos_office": 0.0, "pos_bank": 0.0, "pos_transport": 0.12452830188679247, "pos_leisure": 0.090828138913624248, "pos_fuel": 0.0, "pos_residential": 0.11629450544236203, "pos_commercial": 0.0, "pos_mixed_use": 1.1284926729416713, "pos_road_density": 0.12805815722617586, "pos_anchor_proximity": 1.2472901676940431, "positive_total": 4.0446865399917407, "pen_unsuitable_landuse": 2.2, "pen_industrial": 0.0, "pen_isolation": 0.06792436205220409, "pen_low_connectivity": 0.34877673710952967, "penalty_total": 2.6167010991617339, "raw": 1.4279854408300068, "score_physical": 48.04, "score_rank_pct": 73.11, "count_shop": 0, "count_supermarket": 0, "count_food": 0, "count_pharmacy": 0, "count_healthcare": 0, "count_education": 0, "count_fitness": 0, "count_office": 0, "count_bank": 0, "count_transport": 0, "count_leisure": 0, "count_fuel": 0, "feat_unsuitable_frac": 2.0769022857444499, "feat_industrial_frac": 0.0, "feat_residential": 0.074735830096906972, "feat_commercial": 0.0, "feat_road_density": 18932.429520544465, "feat_mixed_use": 0.59780257515295199, "feat_isolation": 0.075471513391337883, "feat_anchor_proximity": 0.56269920687444319, "feat_low_connectivity": 0.87194184277382414, "raw_lu_frac_unsuitable": 0.0, "raw_lu_frac_residential": 0.0, "raw_lu_frac_commercial": 0.0, "raw_lu_frac_industrial": 0.0 }, "geometry": { "type": "Polygon", "coordinates": [ [ [ -41.813256243952281, -22.419053681815821 ], [ -41.812199015682204, -22.417509895370713 ], [ -41.813189037491732, -22.41593406788207 ], [ -41.815236282629577, -22.415902034557671 ], [ -41.816293515977748, -22.417445829393191 ], [ -41.815303499111323, -22.419021649162659 ], [ -41.813256243952281, -22.419053681815821 ] ] ] } },
{ "type": "Feature", "properties": { "h3": "89a8b1b0e6fffff", "lat": -22.450371620839441, "lon": -41.805738926543107, "area_km2": 0.12845218434886124, "score": 29.562863689226269, "class": "ruim", "direct_activity_score": 29.562863689226269, "neighborhood_inherited_score": 0.0, "pos_food": 0.0, "pos_shop": 0.0, "pos_supermarket": 0.0, "pos_pharmacy": 0.0, "pos_fitness": 0.0, "pos_education": 0.0, "pos_healthcare": 0.0, "pos_office": 0.0, "pos_bank": 0.0, "pos_transport": 0.0, "pos_leisure": 0.0, "pos_fuel": 0.0, "pos_residential": 0.0, "pos_commercial": 0.0, "pos_mixed_use": 0.0, "pos_road_density": 0.0, "pos_anchor_proximity": 0.081766928515394938, "positive_total": 0.081766928515394938, "pen_unsuitable_landuse": 0.0, "pen_industrial": 0.0, "pen_isolation": 0.9, "pen_low_connectivity": 0.4, "penalty_total": 1.3, "raw": -1.218233071484605, "score_physical": 30.59, "score_rank_pct": 27.17, "count_shop": 0, "count_supermarket": 0, "count_food": 0, "count_pharmacy": 0, "count_healthcare": 0, "count_education": 0, "count_fitness": 0, "count_office": 0, "count_bank": 0, "count_transport": 0, "count_leisure": 0, "count_fuel": 0, "feat_unsuitable_frac": 0.0, "feat_industrial_frac": 0.0, "feat_residential": 0.0, "feat_commercial": 0.0, "feat_road_density": 0.0, "feat_mixed_use": -0.0, "feat_isolation": 1.0, "feat_anchor_proximity": 0.10278877729137612, "feat_low_connectivity": 1.0, "raw_lu_frac_unsuitable": 0.0, "raw_lu_frac_residential": 0.0, "raw_lu_frac_commercial": 0.0, "raw_lu_frac_industrial": 0.0 }, "geometry": { "type": "Polygon", "coordinates": [ [ [ -41.804748833662664, -22.451946801107514 ], [ -41.803691572603327, -22.450403530504985 ], [ -41.804681665398469, -22.448828342173336 ], [ -41.806729014326699, -22.448796432165761 ], [ -41.80778628048138, -22.4503397111739 ], [ -41.806796192613817, -22.451914891783954 ], [ -41.804748833662664, -22.451946801107514 ] ] ] } },
{ "type": "Feature", "properties": { "h3": "89a8b1a207bffff", "lat": -22.389588665153092, "lon": -41.801358435252205, "area_km2": 0.12847159437641179, "score": 65.465269968624781, "class": "bom", "direct_activity_score": 50.209568133999639, "neighborhood_inherited_score": 15.255701834625143, "pos_food": 0.077972709551656985, "pos_shop": 0.077885952712100137, "pos_supermarket": 0.22362385321100917, "pos_pharmacy": 0.0, "pos_fitness": 0.18145161290322587, "pos_education": 0.0, "pos_healthcare": 0.45454545454545459, "pos_office": 0.0, "pos_bank": 0.0, "pos_transport": 0.19846698113207548, "pos_leisure": 0.08815672306322353, "pos_fuel": 0.0, "pos_residential": 0.86411885578669267, "pos_commercial": 0.0041965435802543164, "pos_mixed_use": 1.1032828091086517, "pos_road_density": 0.63964378177468773, "pos_anchor_proximity": 0.91678794573554601, "positive_total": 4.8301332231045784, "pen_unsuitable_landuse": 0.51926536554758673, "pen_industrial": 0.0, "pen_isolation": 0.12881725387099185, "pen_low_connectivity": 0.14414248729012491, "penalty_total": 0.7922251067087035, "raw": 4.037908116395875, "score_physical": 60.51, "score_rank_pct": 77.03, "count_shop": 0, "count_supermarket": 0, "count_food": 0, "count_pharmacy": 0, "count_healthcare": 0, "count_education": 0, "count_fitness": 0, "count_office": 0, "count_bank": 0, "count_transport": 0, "count_leisure": 0, "count_fuel": 0, "feat_unsuitable_frac": 0.23602971161253938, "feat_industrial_frac": 0.0, "feat_residential": 0.55531978698353401, "feat_commercial": 0.00032197127674446122, "feat_road_density": 94566.492904588202, "feat_mixed_use": 0.58444801656344003, "feat_isolation": 0.14313028207887984, "feat_anchor_proximity": 0.43228445942916099, "feat_low_connectivity": 0.36035621822531227, "raw_lu_frac_unsuitable": 0.058781280344479866, "raw_lu_frac_residential": 0.0, "raw_lu_frac_commercial": 0.0, "raw_lu_frac_industrial": 0.0 }, "geometry": { "type": "Polygon", "coordinates": [ [ [ -41.800368426412064, -22.391164901356838 ], [ -41.799311277249025, -22.389620549505384 ], [ -41.800301285995367, -22.388044305255246 ], [ -41.8023484389877, -22.388012420557629 ], [ -41.803405593253729, -22.389556780800802 ], [ -41.802415589425756, -22.391133017349823 ], [ -41.800368426412064, -22.391164901356838 ] ] ] } },
{ "type": "Feature", "properties": { "h3": "89a8b1a24cfffff", "lat": -22.420789151135587, "lon": -41.802029922377869, "area_km2": 0.12846160911504126, "score": 30.0, "class": "ruim", "direct_activity_score": 30.0, "neighborhood_inherited_score": 0.0, "pos_food": 0.0, "pos_shop": 0.0, "pos_supermarket": 0.0, "pos_pharmacy": 0.0, "pos_fitness": 0.0, "pos_education": 0.0, "pos_healthcare": 0.0, "pos_office": 0.0, "pos_bank": 0.0, "pos_transport": 0.0, "pos_leisure": 0.0, "pos_fuel": 0.0, "pos_residential": 0.0, "pos_commercial": 0.0, "pos_mixed_use": 0.0, "pos_road_density": 0.0, "pos_anchor_proximity": 0.47242106315791282, "positive_total": 0.47242106315791282, "pen_unsuitable_landuse": 0.0, "pen_industrial": 0.0, "pen_isolation": 0.9, "pen_low_connectivity": 0.4, "penalty_total": 1.3, "raw": -0.82757893684208717, "score_physical": 33.74, "score_rank_pct": 66.11, "count_shop": 0, "count_supermarket": 0, "count_food": 0, "count_pharmacy": 0, "count_healthcare": 0, "count_education": 0, "count_fitness": 0, "count_office": 0, "count_bank": 0, "count_transport": 0, "count_leisure": 0, "count_fuel": 0, "feat_unsuitable_frac": 0.0, "feat_industrial_frac": 0.0, "feat_residential": 0.0, "feat_commercial": 0.0, "feat_road_density": 0.0, "feat_mixed_use": -0.0, "feat_isolation": 1.0, "feat_anchor_proximity": 0.25693920933977821, "feat_low_connectivity": 1.0, "raw_lu_frac_unsuitable": 0.0, "raw_lu_frac_residential": 0.0, "raw_lu_frac_commercial": 0.0, "raw_lu_frac_industrial": 0.0 }, "geometry": { "type": "Polygon", "coordinates": [ [ [ -41.801039866714362, -22.422364835930551 ], [ -41.79998266415641, -22.420821028587007 ], [ -41.800972719727454, -22.419245335736871 ], [ -41.803019972937669, -22.419213457940636 ], [ -41.804077180597801, -22.420757273684163 ], [ -41.803087129946881, -22.422332958823901 ], [ -41.801039866714362, -22.422364835930551 ] ] ] } },
{ "type": "Feature", "properties": { "h3": "89a8b1b0e13ffff", "lat": -22.464355686942113, "lon": -41.80911231186964, "area_km2": 0.12844775665634017, "score": 23.553343906314549, "class": "ruim", "direct_activity_score": 23.553343906314549, "neighborhood_inherited_score": 0.0, "pos_food": 0.0, "pos_shop": 0.0, "pos_supermarket": 0.0, "pos_pharmacy": 0.0, "pos_fitness": 0.0, "pos_education": 0.0, "pos_healthcare": 0.0, "pos_office": 0.0, "pos_bank": 0.0, "pos_transport": 0.0, "pos_leisure": 0.0, "pos_fuel": 0.0, "pos_residential": 0.0, "pos_commercial": 0.0, "pos_mixed_use": 0.0, "pos_road_density": 0.0, "pos_anchor_proximity": 0.018414996526523082, "positive_total": 0.018414996526523082, "pen_unsuitable_landuse": 0.0, "pen_industrial": 0.0, "pen_isolation": 0.9, "pen_low_connectivity": 0.4, "penalty_total": 1.3, "raw": -1.281585003473477, "score_physical": 30.05, "score_rank_pct": 8.4, "count_shop": 0, "count_supermarket": 0, "count_food": 0, "count_pharmacy": 0, "count_healthcare": 0, "count_education": 0, "count_fitness": 0, "count_office": 0, "count_bank": 0, "count_transport": 0, "count_leisure": 0, "count_fuel": 0, "feat_unsuitable_frac": 0.0, "feat_industrial_frac": 0.0, "feat_residential": 0.0, "feat_commercial": 0.0, "feat_road_density": 0.0, "feat_mixed_use": -0.0, "feat_isolation": 1.0, "feat_anchor_proximity": 0.077790378909845956, "feat_low_connectivity": 1.0, "raw_lu_frac_unsuitable": 0.0, "raw_lu_frac_residential": 0.0, "raw_lu_frac_commercial": 0.0, "raw_lu_frac_industrial": 0.0 }, "geometry": { "type": "Polygon", "coordinates": [ [ [ -41.808122205192106, -22.46593063851353 ], [ -41.807064912336322, -22.464387632311773 ], [ -41.808055018935036, -22.462812672672747 ], [ -41.81010241345669, -22.462780726963594 ], [ -41.811159711401409, -22.464323741572457 ], [ -41.810169609736846, -22.465898693483329 ], [ -41.808122205192106, -22.46593063851353 ] ] ] } },
{ "type": "Feature", "properties": { "h3": "89a8b1a2683ffff", "lat": -22.414740739257965, "lon": -41.789612196970104, "area_km2": 0.12846323104339202, "score": 30.0, "class": "ruim", "direct_activity_score": 30.0, "neighborhood_inherited_score": 0.0, "pos_food": 0.0, "pos_shop": 0.0, "pos_supermarket": 0.0, "pos_pharmacy": 0.0, "pos_fitness": 0.0, "pos_education": 0.0, "pos_healthcare": 0.0, "pos_office": 0.0, "pos_bank": 0.0, "pos_transport": 0.0, "pos_leisure": 0.0, "pos_fuel": 0.0, "pos_residential": 0.0, "pos_commercial": 0.0, "pos_mixed_use": 0.0, "pos_road_density": 0.0, "pos_anchor_proximity": 0.4678535342534812, "positive_total": 0.4678535342534812, "pen_unsuitable_landuse": 0.0, "pen_industrial": 0.0, "pen_isolation": 0.9, "pen_low_connectivity": 0.4, "penalty_total": 1.3, "raw": -0.83214646574651885, "score_physical": 33.7, "score_rank_pct": 65.27, "count_shop": 0, "count_supermarket": 0, "count_food": 0, "count_pharmacy": 0, "count_healthcare": 0, "count_education": 0, "count_fitness": 0, "count_office": 0, "count_bank": 0, "count_transport": 0, "count_leisure": 0, "count_fuel": 0, "feat_unsuitable_frac": 0.0, "feat_industrial_frac": 0.0, "feat_residential": 0.0, "feat_commercial": 0.0, "feat_road_density": 0.0, "feat_mixed_use": -0.0, "feat_isolation": 1.0, "feat_anchor_proximity": 0.2551368821875109, "feat_low_connectivity": 1.0, "raw_lu_frac_unsuitable": 0.0, "raw_lu_frac_residential": 0.0, "raw_lu_frac_commercial": 0.0, "raw_lu_frac_industrial": 0.0 }, "geometry": { "type": "Polygon", "coordinates": [ [ [ -41.78862212166112, -22.416316454867868 ], [ -41.787564960931739, -22.414772463256845 ], [ -41.788555036124528, -22.413196739593999 ], [ -41.790602267151399, -22.41316501524097 ], [ -41.791659433007283, -22.414709015259085 ], [ -41.790669362711107, -22.41628473122309 ], [ -41.78862212166112, -22.416316454867868 ] ] ] } },
{ "type": "Feature", "properties": { "h3": "89a8b1b1913ffff", "lat": -22.431945067832487, "lon": -41.786910268588571, "area_km2": 0.12845763223057349, "score": 30.0, "class": "ruim", "direct_activity_score": 30.0, "neighborhood_inherited_score": 0.0, "pos_food": 0.0, "pos_shop": 0.0, "pos_supermarket": 0.0, "pos_pharmacy": 0.0, "pos_fitness": 0.0, "pos_education": 0.0, "pos_healthcare": 0.0, "pos_office": 0.0, "pos_bank": 0.0, "pos_transport": 0.0, "pos_leisure": 0.0, "pos_fuel": 0.0, "pos_residential": 0.0, "pos_commercial": 0.0, "pos_mixed_use": 0.0, "pos_road_density": 0.0, "pos_anchor_proximity": 0.14519706786595307, "positive_total": 0.14519706786595307, "pen_unsuitable_landuse": 0.0, "pen_industrial": 0.0, "pen_isolation": 0.9, "pen_low_connectivity": 0.4, "penalty_total": 1.3, "raw": -1.1548029321340469, "score_physical": 31.12, "score_rank_pct": 38.94, "count_shop": 0, "count_supermarket": 0, "count_food": 0, "count_pharmacy": 0, "count_healthcare": 0, "count_education": 0, "count_fitness": 0, "count_office": 0, "count_bank": 0, "count_transport": 0, "count_leisure": 0, "count_fuel": 0, "feat_unsuitable_frac": 0.0, "feat_industrial_frac": 0.0, "feat_residential": 0.0, "feat_commercial": 0.0, "feat_road_density": 0.0, "feat_mixed_use": -0.0, "feat_isolation": 1.0, "feat_anchor_proximity": 0.12781803595960037, "feat_low_connectivity": 1.0, "raw_lu_frac_unsuitable": 0.0, "raw_lu_frac_residential": 0.0, "raw_lu_frac_commercial": 0.0, "raw_lu_frac_industrial": 0.0 }, "geometry": { "type": "Polygon", "coordinates": [ [ [ -41.785920160281648, -22.433520460018297 ], [ -41.784862977984375, -22.431976749203844 ], [ -41.785853086169958, -22.430401348960416 ], [ -41.787900371762362, -22.430369667232888 ], [ -41.788957559191736, -22.43191338646113 ], [ -41.787967455897942, -22.433488779003063 ], [ -41.785920160281648, -22.433520460018297 ] ] ] } },
{ "type": "Feature", "properties": { "h3": "89a8b1b1993ffff", "lat": -22.439694955080377, "lon": -41.790148942364844, "area_km2": 0.12845522508128729, "score": 30.0, "class": "ruim", "direct_activity_score": 30.0, "neighborhood_inherited_score": 0.0, "pos_food": 0.0, "pos_shop": 0.0, "pos_supermarket": 0.0, "pos_pharmacy": 0.0, "pos_fitness": 0.0, "pos_education": 0.0, "pos_healthcare": 0.0, "pos_office": 0.0, "pos_bank": 0.0, "pos_transport": 0.0, "pos_leisure": 0.0, "pos_fuel": 0.0, "pos_residential": 0.0, "pos_commercial": 0.0, "pos_mixed_use": 0.0, "pos_road_density": 0.0, "pos_anchor_proximity": 0.099670995872964047, "positive_total": 0.099670995872964047, "pen_unsuitable_landuse": 0.0, "pen_industrial": 0.0, "pen_isolation": 0.9, "pen_low_connectivity": 0.4, "penalty_total": 1.3, "raw": -1.200329004127036, "score_physical": 30.74, "score_rank_pct": 31.09, "count_shop": 0, "count_supermarket": 0, "count_food": 0, "count_pharmacy": 0, "count_healthcare": 0, "count_education": 0, "count_fitness": 0, "count_office": 0, "count_bank": 0, "count_transport": 0, "count_leisure": 0, "count_fuel": 0, "feat_unsuitable_frac": 0.0, "feat_industrial_frac": 0.0, "feat_residential": 0.0, "feat_commercial": 0.0, "feat_road_density": 0.0, "feat_mixed_use": -0.0, "feat_isolation": 1.0, "feat_anchor_proximity": 0.10985364484005453, "feat_low_connectivity": 1.0, "raw_lu_frac_unsuitable": 0.0, "raw_lu_frac_residential": 0.0, "raw_lu_frac_commercial": 0.0, "raw_lu_frac_industrial": 0.0 }, "geometry": { "type": "Polygon", "coordinates": [ [ [ -41.789158829588587, -22.441270229138276 ], [ -41.788101626138605, -22.439726673416626 ], [ -41.789091738799748, -22.438151391298792 ], [ -41.791139050014159, -22.438119672608813 ], [ -41.792196258589989, -22.439663236744124 ], [ -41.791206150826874, -22.44123851115571 ], [ -41.789158829588587, -22.441270229138276 ] ] ] } },
{ "type": "Feature", "properties": { "h3": "89a8b1a2603ffff", "lat": -22.406988667265818, "lon": -41.786373656605782, "area_km2": 0.12846563148858003, "score": 67.486157408002143, "class": "bom", "direct_activity_score": 30.0, "neighborhood_inherited_score": 37.486157408002143, "pos_food": 0.44444444444444475, "pos_shop": 0.26286509040333794, "pos_supermarket": 0.26834862385321101, "pos_pharmacy": 0.0, "pos_fitness": 0.2721774193548388, "pos_education": 0.11868131868131868, "pos_healthcare": 0.0, "pos_office": 0.29605263157894757, "pos_bank": 0.39772727272727298, "pos_transport": 0.035023584905660383, "pos_leisure": 0.33659839715048984, "pos_fuel": 0.0, "pos_residential": 0.14051726565241179, "pos_commercial": 0.34024637752957582, "pos_mixed_use": 1.3552977794377778, "pos_road_density": 0.087155822486360349, "pos_anchor_proximity": 0.67010098736828749, "positive_total": 5.0252370155739348, "pen_unsuitable_landuse": 0.093677080861250372, "pen_industrial": 0.0, "pen_isolation": 0.013823841733560322, "pen_low_connectivity": 0.36513767100545591, "penalty_total": 0.47263859360026661, "raw": 4.5525984219736682, "score_physical": 62.68, "score_rank_pct": 78.71, "count_shop": 0, "count_supermarket": 0, "count_food": 0, "count_pharmacy": 0, "count_healthcare": 0, "count_education": 0, "count_fitness": 0, "count_office": 0, "count_bank": 0, "count_transport": 0, "count_leisure": 0, "count_fuel": 0, "feat_unsuitable_frac": 0.042580491300568346, "feat_industrial_frac": 0.0, "feat_residential": 0.090302413269949686, "feat_commercial": 0.026104711767162586, "feat_road_density": 12885.328840190567, "feat_mixed_use": 0.71794928055227003, "feat_isolation": 0.015359824148400357, "feat_anchor_proximity": 0.33494285251690609, "feat_low_connectivity": 0.91284417751363967, "raw_lu_frac_unsuitable": 0.0, "raw_lu_frac_residential": 0.0, "raw_lu_frac_commercial": 0.0, "raw_lu_frac_industrial": 0.0 }, "geometry": { "type": "Polygon", "coordinates": [ [ [ -41.785383585766866, -22.40856450089527 ], [ -41.784326446189617, -22.407020354338766 ], [ -41.785316516906128, -22.40544451265869 ], [ -41.787363722310836, -22.40541282522916 ], [ -41.788420867020818, -22.40695698019287 ], [ -41.787430801194702, -22.408532814178855 ], [ -41.785383585766866, -22.40856450089527 ] ] ] } },
{ "type": "Feature", "properties": { "h3": "89a8b1b0aabffff", "lat": -22.439312475297026, "lon": -41.814716762241687, "area_km2": 0.12845596251630992, "score": 30.0, "class": "ruim", "direct_activity_score": 30.0, "neighborhood_inherited_score": 0.0, "pos_food": 0.0, "pos_shop": 0.0, "pos_supermarket": 0.0, "pos_pharmacy": 0.0, "pos_fitness": 0.0, "pos_education": 0.0, "pos_healthcare": 0.0, "pos_office": 0.0, "pos_bank": 0.0, "pos_transport": 0.0, "pos_leisure": 0.0, "pos_fuel": 0.0, "pos_residential": 0.0, "pos_commercial": 0.0, "pos_mixed_use": 0.0, "pos_road_density": 0.0, "pos_anchor_proximity": 0.19884735328116374, "positive_total": 0.19884735328116374, "pen_unsuitable_landuse": 0.0, "pen_industrial": 0.0, "pen_isolation": 0.9, "pen_low_connectivity": 0.4, "penalty_total": 1.3, "raw": -1.1011526467188364, "score_physical": 31.56, "score_rank_pct": 46.78, "count_shop": 0, "count_supermarket": 0, "count_food": 0, "count_pharmacy": 0, "count_healthcare": 0, "count_education": 0, "count_fitness": 0, "count_office": 0, "count_bank": 0, "count_transport": 0, "count_leisure": 0, "count_fuel": 0, "feat_unsuitable_frac": 0.0, "feat_industrial_frac": 0.0, "feat_residential": 0.0, "feat_commercial": 0.0, "feat_road_density": 0.0, "feat_mixed_use": -0.0, "feat_isolation": 1.0, "feat_anchor_proximity": 0.14898820656036149, "feat_low_connectivity": 1.0, "raw_lu_frac_unsuitable": 0.0, "raw_lu_frac_residential": 0.0, "raw_lu_frac_commercial": 0.0, "raw_lu_frac_industrial": 0.0 }, "geometry": { "type": "Polygon", "coordinates": [ [ [ -41.813726707589986, -22.440887908475677 ], [ -41.812669441942376, -22.439344503589613 ], [ -41.813659496525908, -22.43776906235005 ], [ -41.81570681181406, -22.437737033722176 ], [ -41.816764082539173, -22.439280447004439 ], [ -41.815774032899974, -22.440855880518342 ], [ -41.813726707589986, -22.440887908475677 ] ] ] } },
{ "type": "Feature", "properties": { "h3": "89a8b1a244fffff", "lat": -22.413037846888166, "lon": -41.798791195077428, "area_km2": 0.12846401563845558, "score": 71.44707654752051, "class": "bom", "direct_activity_score": 30.0, "neighborhood_inherited_score": 41.44707654752051, "pos_food": 0.94346978557504946, "pos_shop": 0.29207232267037553, "pos_supermarket": 0.26834862385321101, "pos_pharmacy": 0.515625, "pos_fitness": 0.45362903225806472, "pos_education": 0.11868131868131868, "pos_healthcare": 0.54545454545454541, "pos_office": 0.14802631578947378, "pos_bank": 0.21212121212121227, "pos_transport": 0.14009433962264153, "pos_leisure": 0.10418521816562781, "pos_fuel": 0.0, "pos_residential": 0.060770099728136101, "pos_commercial": 0.14190156463374654, "pos_mixed_use": 1.3043515828550933, "pos_road_density": 0.13130817484867935, "pos_anchor_proximity": 0.78746343113620709, "positive_total": 6.1675025673933837, "pen_unsuitable_landuse": 0.024087044328037079, "pen_industrial": 0.0, "pen_isolation": 0.0026389860286514322, "pen_low_connectivity": 0.34747673006052832, "penalty_total": 0.37420276041721684, "raw": 5.793299806976167, "score_physical": 67.61, "score_rank_pct": 80.39, "count_shop": 0, "count_supermarket": 0, "count_food": 0, "count_pharmacy": 0, "count_healthcare": 0, "count_education": 0, "count_fitness": 0, "count_office": 0, "count_bank": 0, "count_transport": 0, "count_leisure": 0, "count_fuel": 0, "feat_unsuitable_frac": 0.010948656512744126, "feat_industrial_frac": 0.0, "feat_residential": 0.039053468871794936, "feat_commercial": 0.010887109132414939, "feat_road_density": 19412.920032912993, "feat_mixed_use": 0.69096127412420216, "feat_isolation": 0.0029322066985015913, "feat_anchor_proximity": 0.38125356526447846, "feat_low_connectivity": 0.86869182515132071, "raw_lu_frac_unsuitable": 0.0, "raw_lu_frac_residential": 0.0, "raw_lu_frac_commercial": 0.0, "raw_lu_frac_industrial": 0.0 }, "geometry": { "type": "Polygon", "coordinates": [ [ [ -41.797801143859083, -22.414613649721659 ], [ -41.796743962428557, -22.413069687358433 ], [ -41.797734013548236, -22.411493876472083 ], [ -41.799781241185876, -22.411462035654576 ], [ -41.800838427724827, -22.413006006417902 ], [ -41.799848381519048, -22.414581809598591 ], [ -41.797801143859083, -22.414613649721659 ] ] ] } },
{ "type": "Feature", "properties": { "h3": "89a8b1a2407ffff", "lat": -22.415966062497091, "lon": -41.811141792825268, "area_km2": 0.12846338121558185, "score": 56.934820113891028, "class": "médio", "direct_activity_score": 30.0, "neighborhood_inherited_score": 26.934820113891028, "pos_food": 0.3222871994801822, "pos_shop": 0.077885952712100137, "pos_supermarket": 0.22362385321100917, "pos_pharmacy": 0.0, "pos_fitness": 0.41582661290322592, "pos_education": 0.32967032967032966, "pos_healthcare": 0.0, "pos_office": 0.0, "pos_bank": 0.0, "pos_transport": 0.15371462264150948, "pos_leisure": 0.10685663401602853, "pos_fuel": 0.0, "pos_residential": 0.12976098795868768, "pos_commercial": 0.0, "pos_mixed_use": 1.2382516826765171, "pos_road_density": 0.19900259337942561, "pos_anchor_proximity": 1.1260974160645714, "positive_total": 4.3229778847135876, "pen_unsuitable_landuse": 2.2, "pen_industrial": 0.0, "pen_isolation": 0.049719378338905565, "pen_low_connectivity": 0.32039896264822976, "penalty_total": 2.5701183409871353, "raw": 1.7528595437264523, "score_physical": 49.76, "score_rank_pct": 73.67, "count_shop": 0, "count_supermarket": 0, "count_food": 0, "count_pharmacy": 0, "count_healthcare": 0, "count_education": 0, "count_fitness": 0, "count_office": 0, "count_bank": 0, "count_transport": 0, "count_leisure": 0, "count_fuel": 0, "feat_unsuitable_frac": 1.5341529016796276, "feat_industrial_frac": 0.0, "feat_residential": 0.083389968532036118, "feat_commercial": 0.0, "feat_road_density": 29421.027564118525, "feat_mixed_use": 0.65594581368607452, "feat_isolation": 0.055243753709895073, "feat_anchor_proximity": 0.51487707120982695, "feat_low_connectivity": 0.80099740662057439, "raw_lu_frac_unsuitable": 0.0, "raw_lu_frac_residential": 0.0, "raw_lu_frac_commercial": 0.0, "raw_lu_frac_industrial": 0.0 }, "geometry": { "type": "Polygon", "coordinates": [ [ [ -41.810151766003465, -22.417541889647818 ], [ -41.809094548156992, -22.415998057112109 ], [ -41.810084574903762, -22.414422221907159 ], [ -41.812131814561091, -22.414390226954168 ], [ -41.813189037491732, -22.41593406788207 ], [ -41.812199015682204, -22.417509895370713 ], [ -41.810151766003465, -22.417541889647818 ] ] ] } },
{ "type": "Feature", "properties": { "h3": "89a8b1a229bffff", "lat": -22.394507836260033, "lon": -41.786105366367785, "area_km2": 0.12846962324881123, "score": 85.947575249259174, "class": "muito bom", "direct_activity_score": 70.670357080436546, "neighborhood_inherited_score": 15.277218168822628, "pos_food": 0.56660168940870737, "pos_shop": 1.4, "pos_supermarket": 0.44724770642201833, "pos_pharmacy": 0.28645833333333348, "pos_fitness": 0.77116935483870985, "pos_education": 0.5494505494505495, "pos_healthcare": 0.0, "pos_office": 0.14802631578947378, "pos_bank": 0.21212121212121227, "pos_transport": 0.54286556603773595, "pos_leisure": 0.5761353517364205, "pos_fuel": 0.5, "pos_residential": 0.3270920672478872, "pos_commercial": 0.58956777892097267, "pos_mixed_use": 1.3802536405065189, "pos_road_density": 0.92622720327436525, "pos_anchor_proximity": 1.6937262198972478, "positive_total": 10.916942988985152, "pen_unsuitable_landuse": 0.262101815280326, "pen_industrial": 0.0, "pen_isolation": 2.7277671360158427e-06, "pen_low_connectivity": 0.0295091186902539, "penalty_total": 0.29161366173771591, "raw": 10.625329327247437, "score_physical": 84.13, "score_rank_pct": 90.2, "count_shop": 3, "count_supermarket": 0, "count_food": 0, "count_pharmacy": 0, "count_healthcare": 0, "count_education": 1, "count_fitness": 0, "count_office": 0, "count_bank": 0, "count_transport": 0, "count_leisure": 1, "count_fuel": 0, "feat_unsuitable_frac": 0.11913718876378454, "feat_industrial_frac": 0.0, "feat_residential": 0.21020337178354365, "feat_commercial": 0.045233389544611424, "feat_road_density": 136935.68317581975, "feat_mixed_use": 0.73116928487286859, "feat_isolation": 3.0308523733509363e-06, "feat_anchor_proximity": 0.73886094234943489, "feat_low_connectivity": 0.073772796725634748, "raw_lu_frac_unsuitable": 0.0, "raw_lu_frac_residential": 0.0054195763546400384, "raw_lu_frac_commercial": 0.0, "raw_lu_frac_industrial": 0.0 }, "geometry": { "type": "Polygon", "coordinates": [ [ [ -41.785115314261866, -22.396083890459725 ], [ -41.784058196043418, -22.394539526186271 ], [ -41.785048248026392, -22.392963463939477 ], [ -41.787095413339451, -22.392931773656453 ], [ -41.788152536690973, -22.394476146333794 ], [ -41.787162489597698, -22.396052200890228 ], [ -41.785115314261866, -22.396083890459725 ] ] ] } },
{ "type": "Feature", "properties": { "h3": "89a8b1b0a63ffff", "lat": -22.4316588896857, "lon": -41.805335898721452, "area_km2": 0.12845819822895299, "score": 30.0, "class": "ruim", "direct_activity_score": 30.0, "neighborhood_inherited_score": 0.0, "pos_food": 0.0, "pos_shop": 0.0, "pos_supermarket": 0.0, "pos_pharmacy": 0.0, "pos_fitness": 0.0, "pos_education": 0.0, "pos_healthcare": 0.0, "pos_office": 0.0, "pos_bank": 0.0, "pos_transport": 0.0, "pos_leisure": 0.0, "pos_fuel": 0.0, "pos_residential": 0.0, "pos_commercial": 0.0, "pos_mixed_use": 0.0, "pos_road_density": 0.0, "pos_anchor_proximity": 0.26917413448704736, "positive_total": 0.26917413448704736, "pen_unsuitable_landuse": 0.0, "pen_industrial": 0.0, "pen_isolation": 0.9, "pen_low_connectivity": 0.4, "penalty_total": 1.3, "raw": -1.0308258655129527, "score_physical": 32.14, "score_rank_pct": 55.18, "count_shop": 0, "count_supermarket": 0, "count_food": 0, "count_pharmacy": 0, "count_healthcare": 0, "count_education": 0, "count_fitness": 0, "count_office": 0, "count_bank": 0, "count_transport": 0, "count_leisure": 0, "count_fuel": 0, "feat_unsuitable_frac": 0.0, "feat_industrial_frac": 0.0, "feat_residential": 0.0, "feat_commercial": 0.0, "feat_road_density": 0.0, "feat_mixed_use": -0.0, "feat_isolation": 1.0, "feat_anchor_proximity": 0.17673885027844416, "feat_low_connectivity": 1.0, "raw_lu_frac_unsuitable": 0.0, "raw_lu_frac_residential": 0.0, "raw_lu_frac_commercial": 0.0, "raw_lu_frac_industrial": 0.0 }, "geometry": { "type": "Polygon", "coordinates": [ [ [ -41.804345833936722, -22.433234401221139 ], [ -41.803288604917519, -22.431690803457137 ], [ -41.804278669616146, -22.430115283863358 ], [ -41.80632595840877, -22.430083369749596 ], [ -41.807383192523815, -22.431626975914266 ], [ -41.806393132751715, -22.433202487791988 ], [ -41.804345833936722, -22.433234401221139 ] ] ] } },
{ "type": "Feature", "properties": { "h3": "89a8b1a26a7ffff", "lat": -22.406798080467688, "lon": -41.798656925747437, "area_km2": 0.12846601363721669, "score": 98.084196561814807, "class": "muito bom", "direct_activity_score": 68.433885173676529, "neighborhood_inherited_score": 29.650311388138277, "pos_food": 1.6, "pos_shop": 1.3045897079276774, "pos_supermarket": 1.3, "pos_pharmacy": 1.1, "pos_fitness": 1.0, "pos_education": 0.92307692307692324, "pos_healthcare": 1.0, "pos_office": 0.95394736842105343, "pos_bank": 0.7, "pos_transport": 0.62069575471698124, "pos_leisure": 0.50667853962600196, "pos_fuel": 0.0, "pos_residential": 0.45207092672060367, "pos_commercial": 1.2, "pos_mixed_use": 1.4171023665062896, "pos_road_density": 0.60645083937796596, "pos_anchor_proximity": 1.7952882030979349, "positive_total": 16.47990062947143, "pen_unsuitable_landuse": 0.50923605690537999, "pen_industrial": 0.0028282593151240983, "pen_isolation": 2.4185231395167133e-10, "pen_low_connectivity": 0.15741966424881362, "penalty_total": 0.66948398071116999, "raw": 15.81041664876026, "score_physical": 98.82, "score_rank_pct": 96.36, "count_shop": 0, "count_supermarket": 0, "count_food": 10, "count_pharmacy": 0, "count_healthcare": 0, "count_education": 0, "count_fitness": 1, "count_office": 0, "count_bank": 1, "count_transport": 0, "count_leisure": 1, "count_fuel": 0, "feat_unsuitable_frac": 0.23147093495699089, "feat_industrial_frac": 0.0070706482878102449, "feat_residential": 0.29052013973168583, "feat_commercial": 0.099671713955642685, "feat_road_density": 89659.167544630778, "feat_mixed_use": 0.75068936136246323, "feat_isolation": 2.6872479327963481e-10, "feat_anchor_proximity": 0.7789368616902218, "feat_low_connectivity": 0.39354916062203404, "raw_lu_frac_unsuitable": 0.0, "raw_lu_frac_residential": 0.0011254169592783245, "raw_lu_frac_commercial": 0.021087777031442982, "raw_lu_frac_industrial": 0.0 }, "geometry": { "type": "Polygon", "coordinates": [ [ [ -41.797666883894294, -22.408373993606368 ], [ -41.796609713143006, -22.406829922327056 ], [ -41.797599754897242, -22.405254001137269 ], [ -41.799646962490513, -22.405222158930549 ], [ -41.800704138350376, -22.40676623860832 ], [ -41.799714101509707, -22.408342152094313 ], [ -41.797666883894294, -22.408373993606368 ] ] ] } },
{ "type": "Feature", "properties": { "h3": "89a8b1b0b4fffff", "lat": -22.423620660516121, "lon": -41.820522502020694, "area_km2": 0.12846114346592957, "score": 41.372170211882462, "class": "médio", "direct_activity_score": 30.0, "neighborhood_inherited_score": 11.372170211882462, "pos_food": 0.093567251461988368, "pos_shop": 0.0, "pos_supermarket": 0.0, "pos_pharmacy": 0.0, "pos_fitness": 0.0680443548387097, "pos_education": 0.0, "pos_healthcare": 0.0, "pos_office": 0.0, "pos_bank": 0.0, "pos_transport": 0.017511792452830192, "pos_leisure": 0.0, "pos_fuel": 0.0, "pos_residential": 0.0079675870276393595, "pos_commercial": 0.0, "pos_mixed_use": 0.23119582977288833, "pos_road_density": 0.0062211639415814934, "pos_anchor_proximity": 0.65274409651455556, "positive_total": 1.0772520760101929, "pen_unsuitable_landuse": 1.0264860329524808, "pen_industrial": 0.0, "pen_isolation": 0.58428843901663274, "pen_low_connectivity": 0.39751153442336745, "penalty_total": 2.0082860063924808, "raw": -0.93103393038228788, "score_physical": 32.93, "score_rank_pct": 61.06, "count_shop": 0, "count_supermarket": 0, "count_food": 0, "count_pharmacy": 0, "count_healthcare": 0, "count_education": 0, "count_fitness": 0, "count_office": 0, "count_bank": 0, "count_transport": 0, "count_leisure": 0, "count_fuel": 0, "feat_unsuitable_frac": 0.46658456043294572, "feat_industrial_frac": 0.0, "feat_residential": 0.0051203126761229451, "feat_commercial": 0.0, "feat_road_density": 919.75201276493863, "feat_mixed_use": 0.12247262717495715, "feat_isolation": 0.64920937668514744, "feat_anchor_proximity": 0.32809389845024017, "feat_low_connectivity": 0.99377883605841855, "raw_lu_frac_unsuitable": 0.0, "raw_lu_frac_residential": 0.0, "raw_lu_frac_commercial": 0.0, "raw_lu_frac_industrial": 0.0 }, "geometry": { "type": "Polygon", "coordinates": [ [ [ -41.819532485364633, -22.425196409345368 ], [ -41.818475230926239, -22.423652769603923 ], [ -41.819465247525208, -22.422077012717903 ], [ -41.821512513608866, -22.422044903299181 ], [ -41.822569773113095, -22.423588551428324 ], [ -41.82157976146916, -22.425164300588452 ], [ -41.819532485364633, -22.425196409345368 ] ] ] } },
{ "type": "Feature", "properties": { "h3": "89a8b1b19b7ffff", "lat": -22.431754514801053, "lon": -41.799194018834555, "area_km2": 0.12845801377565025, "score": 30.0, "class": "ruim", "direct_activity_score": 30.0, "neighborhood_inherited_score": 0.0, "pos_food": 0.0, "pos_shop": 0.0, "pos_supermarket": 0.0, "pos_pharmacy": 0.0, "pos_fitness": 0.0, "pos_education": 0.0, "pos_healthcare": 0.0, "pos_office": 0.0, "pos_bank": 0.0, "pos_transport": 0.0, "pos_leisure": 0.0, "pos_fuel": 0.0, "pos_residential": 0.0, "pos_commercial": 0.0, "pos_mixed_use": 0.0, "pos_road_density": 0.0, "pos_anchor_proximity": 0.21517853137686438, "positive_total": 0.21517853137686438, "pen_unsuitable_landuse": 0.0, "pen_industrial": 0.0, "pen_isolation": 0.9, "pen_low_connectivity": 0.4, "penalty_total": 1.3, "raw": -1.0848214686231357, "score_physical": 31.7, "score_rank_pct": 49.86, "count_shop": 0, "count_supermarket": 0, "count_food": 0, "count_pharmacy": 0, "count_healthcare": 0, "count_education": 0, "count_fitness": 0, "count_office": 0, "count_bank": 0, "count_transport": 0, "count_leisure": 0, "count_fuel": 0, "feat_unsuitable_frac": 0.0, "feat_industrial_frac": 0.0, "feat_residential": 0.0, "feat_commercial": 0.0, "feat_road_density": 0.0, "feat_mixed_use": -0.0, "feat_isolation": 1.0, "feat_anchor_proximity": 0.15543241880865971, "feat_low_connectivity": 1.0, "raw_lu_frac_unsuitable": 0.0, "raw_lu_frac_residential": 0.0, "raw_lu_frac_commercial": 0.0, "raw_lu_frac_industrial": 0.0 }, "geometry": { "type": "Polygon", "coordinates": [ [ [ -41.798203939519652, -22.433329986567436 ], [ -41.797146726050151, -22.431786351106449 ], [ -41.798136805267191, -22.430210871281965 ], [ -41.800184093040137, -22.430179034629621 ], [ -41.801241311617559, -22.431722678495657 ], [ -41.800251237315464, -22.433298150608934 ], [ -41.798203939519652, -22.433329986567436 ] ] ] } },
{ "type": "Feature", "properties": { "h3": "89a8b1b0eb7ffff", "lat": -22.464163549354112, "lon": -41.821396714668879, "area_km2": 0.12844810791998312, "score": 23.650918550872866, "class": "ruim", "direct_activity_score": 23.650918550872866, "neighborhood_inherited_score": 0.0, "pos_food": 0.0, "pos_shop": 0.0, "pos_supermarket": 0.0, "pos_pharmacy": 0.0, "pos_fitness": 0.0, "pos_education": 0.0, "pos_healthcare": 0.0, "pos_office": 0.0, "pos_bank": 0.0, "pos_transport": 0.0, "pos_leisure": 0.0, "pos_fuel": 0.0, "pos_residential": 0.0, "pos_commercial": 0.0, "pos_mixed_use": 0.0, "pos_road_density": 0.0, "pos_anchor_proximity": 0.020657366975674232, "positive_total": 0.020657366975674232, "pen_unsuitable_landuse": 0.0, "pen_industrial": 0.0, "pen_isolation": 0.9, "pen_low_connectivity": 0.4, "penalty_total": 1.3, "raw": -1.2793426330243258, "score_physical": 30.07, "score_rank_pct": 8.68, "count_shop": 0, "count_supermarket": 0, "count_food": 0, "count_pharmacy": 0, "count_healthcare": 0, "count_education": 0, "count_fitness": 0, "count_office": 0, "count_bank": 0, "count_transport": 0, "count_leisure": 0, "count_fuel": 0, "feat_unsuitable_frac": 0.0, "feat_industrial_frac": 0.0, "feat_residential": 0.0, "feat_commercial": 0.0, "feat_road_density": 0.0, "feat_mixed_use": -0.0, "feat_isolation": 1.0, "feat_anchor_proximity": 0.078675208591389018, "feat_low_connectivity": 1.0, "raw_lu_frac_unsuitable": 0.0, "raw_lu_frac_residential": 0.0, "raw_lu_frac_commercial": 0.0, "raw_lu_frac_industrial": 0.0 }, "geometry": { "type": "Polygon", "coordinates": [ [ [ -41.820406637150974, -22.465738580500592 ], [ -41.819349313295334, -22.464195649846726 ], [ -41.820339390757908, -22.46262061063214 ], [ -41.822386787120131, -22.462588509809244 ], [ -41.823444116040527, -22.464131448861497 ], [ -41.822454043535281, -22.465706480338227 ], [ -41.820406637150974, -22.465738580500592 ] ] ] } },
{ "type": "Feature", "properties": { "h3": "89a8b1a20c3ffff", "lat": -22.402070174585305, "lon": -41.801627022217687, "area_km2": 0.12846760420731668, "score": 99.495798319327719, "class": "muito bom", "direct_activity_score": 65.791592406318216, "neighborhood_inherited_score": 33.704205913009503, "pos_food": 1.6, "pos_shop": 1.4, "pos_supermarket": 1.3, "pos_pharmacy": 1.1, "pos_fitness": 1.0, "pos_education": 1.2, "pos_healthcare": 1.0, "pos_office": 1.0, "pos_bank": 0.7, "pos_transport": 1.1, "pos_leisure": 0.52359750667853977, "pos_fuel": 0.3, "pos_residential": 1.0, "pos_commercial": 1.2, "pos_mixed_use": 1.5, "pos_road_density": 1.0, "pos_anchor_proximity": 1.5925223326911044, "positive_total": 18.516119839369644, "pen_unsuitable_landuse": 1.5284932519399563, "pen_industrial": 0.0047137655252068311, "pen_isolation": 4.2393452731480518e-11, "pen_low_connectivity": 0.0, "penalty_total": 1.5332070175075565, "raw": 16.982912821862087, "score_physical": 100.0, "score_rank_pct": 98.32, "count_shop": 0, "count_supermarket": 0, "count_food": 0, "count_pharmacy": 0, "count_healthcare": 0, "count_education": 1, "count_fitness": 0, "count_office": 0, "count_bank": 0, "count_transport": 1, "count_leisure": 0, "count_fuel": 0, "feat_unsuitable_frac": 0.69476965997270734, "feat_industrial_frac": 0.011784413813017076, "feat_residential": 0.91527674134496528, "feat_commercial": 0.11882720931121944, "feat_road_density": 159871.05474053571, "feat_mixed_use": 0.80671879323989959, "feat_isolation": 4.7103836368311689e-11, "feat_anchor_proximity": 0.69892632613941907, "feat_low_connectivity": 0.0, "raw_lu_frac_unsuitable": 0.1987583403216108, "raw_lu_frac_residential": 0.16899336878044496, "raw_lu_frac_commercial": 0.0, "raw_lu_frac_industrial": 0.0 }, "geometry": { "type": "Polygon", "coordinates": [ [ [ -41.800636994648691, -22.403646190301398 ], [ -41.799579824128301, -22.402102056176041 ], [ -41.800569851604031, -22.400526032410042 ], [ -41.802617044682407, -22.400494150474199 ], [ -41.803674220305467, -22.402038292994572 ], [ -41.802684197748817, -22.403614309055737 ], [ -41.800636994648691, -22.403646190301398 ] ] ] } },
{ "type": "Feature", "properties": { "h3": "89a8b1a242bffff", "lat": -22.40972650708634, "lon": -41.811007401919625, "area_km2": 0.12846538002043303, "score": 74.469238754995402, "class": "bom", "direct_activity_score": 79.15604268327894, "neighborhood_inherited_score": 0.0, "pos_food": 0.62291531297379299, "pos_shop": 0.52789367949312316, "pos_supermarket": 0.97897553516819569, "pos_pharmacy": 0.0, "pos_fitness": 0.69556451612903258, "pos_education": 0.71208791208791222, "pos_healthcare": 0.27272727272727271, "pos_office": 0.14802631578947378, "pos_bank": 0.0, "pos_transport": 0.95082547169811349, "pos_leisure": 0.17097061442564565, "pos_fuel": 0.0, "pos_residential": 0.22408791844027184, "pos_commercial": 0.020140623318358346, "pos_mixed_use": 1.2857030543190635, "pos_road_density": 0.65449995684939066, "pos_anchor_proximity": 1.8, "positive_total": 9.0644181834196473, "pen_unsuitable_landuse": 2.2, "pen_industrial": 0.0028282593151240983, "pen_isolation": 6.891106147052678e-05, "pen_low_connectivity": 0.13820001726024375, "penalty_total": 2.3410971876368385, "raw": 6.7233209957828084, "score_physical": 71.09, "score_rank_pct": 82.35, "count_shop": 1, "count_supermarket": 1, "count_food": 1, "count_pharmacy": 0, "count_healthcare": 0, "count_education": 0, "count_fitness": 0, "count_office": 0, "count_bank": 0, "count_transport": 1, "count_leisure": 0, "count_fuel": 0, "feat_unsuitable_frac": 2.6842530025322189, "feat_industrial_frac": 0.0070706482878102449, "feat_residential": 0.14400849408678262, "feat_commercial": 0.0015452483884006564, "feat_road_density": 96762.865971630818, "feat_mixed_use": 0.68108248744799638, "feat_isolation": 7.6567846078363092e-05, "feat_anchor_proximity": 0.87094319654726238, "feat_low_connectivity": 0.34550004315060934, "raw_lu_frac_unsuitable": 0.013027409950821649, "raw_lu_frac_residential": 0.004613530930238521, "raw_lu_frac_commercial": 0.0, "raw_lu_frac_industrial": 0.0 }, "geometry": { "type": "Polygon", "coordinates": [ [ [ -41.810017384461517, -22.411302444537032 ], [ -41.808960177293947, -22.409758503053339 ], [ -41.809950194676745, -22.40818255755018 ], [ -41.811997414291554, -22.408150561245101 ], [ -41.813054626543455, -22.409694511119341 ], [ -41.812064614097558, -22.411270448908052 ], [ -41.810017384461517, -22.411302444537032 ] ] ] } },
{ "type": "Feature", "properties": { "h3": "89a8b1b08d3ffff", "lat": -22.459438289196399, "lon": -41.824366918134672, "area_km2": 0.12844970005526124, "score": 25.524288709329568, "class": "ruim", "direct_activity_score": 25.524288709329568, "neighborhood_inherited_score": 0.0, "pos_food": 0.0, "pos_shop": 0.0, "pos_supermarket": 0.0, "pos_pharmacy": 0.0, "pos_fitness": 0.0, "pos_education": 0.0, "pos_healthcare": 0.0, "pos_office": 0.0, "pos_bank": 0.0, "pos_transport": 0.0, "pos_leisure": 0.0, "pos_fuel": 0.0, "pos_residential": 0.0, "pos_commercial": 0.0, "pos_mixed_use": 0.0, "pos_road_density": 0.0, "pos_anchor_proximity": 0.038704236768173694, "positive_total": 0.038704236768173694, "pen_unsuitable_landuse": 0.0, "pen_industrial": 0.0, "pen_isolation": 0.9, "pen_low_connectivity": 0.4, "penalty_total": 1.3, "raw": -1.2612957632318262, "score_physical": 30.22, "score_rank_pct": 14.57, "count_shop": 0, "count_supermarket": 0, "count_food": 0, "count_pharmacy": 0, "count_healthcare": 0, "count_education": 0, "count_fitness": 0, "count_office": 0, "count_bank": 0, "count_transport": 0, "count_leisure": 0, "count_fuel": 0, "feat_unsuitable_frac": 0.0, "feat_industrial_frac": 0.0, "feat_residential": 0.0, "feat_commercial": 0.0, "feat_road_density": 0.0, "feat_mixed_use": -0.0, "feat_isolation": 1.0, "feat_anchor_proximity": 0.085796425363306089, "feat_low_connectivity": 1.0, "raw_lu_frac_unsuitable": 0.0, "raw_lu_frac_residential": 0.0, "raw_lu_frac_commercial": 0.0, "raw_lu_frac_industrial": 0.0 }, "geometry": { "type": "Polygon", "coordinates": [ [ [ -41.823376854943497, -22.461013423088325 ], [ -41.8223195313631, -22.459470429453319 ], [ -41.823309594504622, -22.457895287494484 ], [ -41.825356976265013, -22.457863146909506 ], [ -41.82641430490424, -22.459406148939479 ], [ -41.825424246725575, -22.46098128315942 ], [ -41.823376854943497, -22.461013423088325 ] ] ] } },
{ "type": "Feature", "properties": { "h3": "89a8b1b0a87ffff", "lat": -22.445549948737803, "lon": -41.814851195707021, "area_km2": 0.1284539574494257, "score": 30.0, "class": "ruim", "direct_activity_score": 30.0, "neighborhood_inherited_score": 0.0, "pos_food": 0.0, "pos_shop": 0.0, "pos_supermarket": 0.0, "pos_pharmacy": 0.0, "pos_fitness": 0.0, "pos_education": 0.0, "pos_healthcare": 0.0, "pos_office": 0.0, "pos_bank": 0.0, "pos_transport": 0.0, "pos_leisure": 0.0, "pos_fuel": 0.0, "pos_residential": 0.0, "pos_commercial": 0.0, "pos_mixed_use": 0.0, "pos_road_density": 0.0, "pos_anchor_proximity": 0.1300726995366456, "positive_total": 0.1300726995366456, "pen_unsuitable_landuse": 0.0, "pen_industrial": 0.0, "pen_isolation": 0.9, "pen_low_connectivity": 0.4, "penalty_total": 1.3, "raw": -1.1699273004633544, "score_physical": 30.99, "score_rank_pct": 37.54, "count_shop": 0, "count_supermarket": 0, "count_food": 0, "count_pharmacy": 0, "count_healthcare": 0, "count_education": 0, "count_fitness": 0, "count_office": 0, "count_bank": 0, "count_transport": 0, "count_leisure": 0, "count_fuel": 0, "feat_unsuitable_frac": 0.0, "feat_industrial_frac": 0.0, "feat_residential": 0.0, "feat_commercial": 0.0, "feat_road_density": 0.0, "feat_mixed_use": -0.0, "feat_isolation": 1.0, "feat_anchor_proximity": 0.12185002562597015, "feat_low_connectivity": 1.0, "raw_lu_frac_unsuitable": 0.0, "raw_lu_frac_residential": 0.0, "raw_lu_frac_commercial": 0.0, "raw_lu_frac_industrial": 0.0 }, "geometry": { "type": "Polygon", "coordinates": [ [ [ -41.813861131691212, -22.44712527150109 ], [ -41.812803855363846, -22.445581975689514 ], [ -41.813793919311756, -22.444006644863606 ], [ -41.815841254643672, -22.443974617576693 ], [ -41.816898536048392, -22.445517921786092 ], [ -41.815908477045163, -22.44709324488452 ], [ -41.813861131691212, -22.44712527150109 ] ] ] } },
{ "type": "Feature", "properties": { "h3": "89a8b1b0b73ffff", "lat": -22.423524217091718, "lon": -41.826664316591646, "area_km2": 0.12846131326545468, "score": 19.173497846690633, "class": "muito ruim", "direct_activity_score": 30.0, "neighborhood_inherited_score": 0.0, "pos_food": 0.0, "pos_shop": 0.0, "pos_supermarket": 0.0, "pos_pharmacy": 0.0, "pos_fitness": 0.0, "pos_education": 0.0, "pos_healthcare": 0.0, "pos_office": 0.0, "pos_bank": 0.0, "pos_transport": 0.0, "pos_leisure": 0.0, "pos_fuel": 0.0, "pos_residential": 0.0, "pos_commercial": 0.0, "pos_mixed_use": 0.0, "pos_road_density": 0.0, "pos_anchor_proximity": 0.48277618769498198, "positive_total": 0.48277618769498198, "pen_unsuitable_landuse": 0.88252355032358243, "pen_industrial": 0.0, "pen_isolation": 0.9, "pen_low_connectivity": 0.4, "penalty_total": 2.1825235503235825, "raw": -1.6997473626286004, "score_physical": 26.19, "score_rank_pct": 2.8, "count_shop": 0, "count_supermarket": 0, "count_food": 0, "count_pharmacy": 0, "count_healthcare": 0, "count_education": 0, "count_fitness": 0, "count_office": 0, "count_bank": 0, "count_transport": 0, "count_leisure": 0, "count_fuel": 0, "feat_unsuitable_frac": 0.40114706832890107, "feat_industrial_frac": 0.0, "feat_residential": 0.0, "feat_commercial": 0.0, "feat_road_density": 0.0, "feat_mixed_use": -0.0, "feat_isolation": 1.0, "feat_anchor_proximity": 0.26102529669877911, "feat_low_connectivity": 1.0, "raw_lu_frac_unsuitable": 0.0, "raw_lu_frac_residential": 0.0, "raw_lu_frac_commercial": 0.0, "raw_lu_frac_industrial": 0.0 }, "geometry": { "type": "Polygon", "coordinates": [ [ [ -41.825674314544457, -22.425100005629247 ], [ -41.824617044641066, -22.423556403620129 ], [ -41.825607046642915, -22.421980607025585 ], [ -41.827654313582848, -22.421948420170875 ], [ -41.828711588539981, -22.423492030563303 ], [ -41.827721591504762, -22.425067819427102 ], [ -41.825674314544457, -22.425100005629247 ] ] ] } },
{ "type": "Feature", "properties": { "h3": "89a8b1b080bffff", "lat": -22.448475898051203, "lon": -41.8272025209492, "area_km2": 0.12845329763809174, "score": 30.0, "class": "ruim", "direct_activity_score": 30.0, "neighborhood_inherited_score": 0.0, "pos_food": 0.0, "pos_shop": 0.0, "pos_supermarket": 0.0, "pos_pharmacy": 0.0, "pos_fitness": 0.0, "pos_education": 0.0, "pos_healthcare": 0.0, "pos_office": 0.0, "pos_bank": 0.0, "pos_transport": 0.0, "pos_leisure": 0.0, "pos_fuel": 0.0, "pos_residential": 0.0, "pos_commercial": 0.0, "pos_mixed_use": 0.0, "pos_road_density": 0.0, "pos_anchor_proximity": 0.096628248266209332, "positive_total": 0.096628248266209332, "pen_unsuitable_landuse": 0.0, "pen_industrial": 0.0, "pen_isolation": 0.9, "pen_low_connectivity": 0.4, "penalty_total": 1.3, "raw": -1.2033717517337907, "score_physical": 30.71, "score_rank_pct": 29.97, "count_shop": 0, "count_supermarket": 0, "count_food": 0, "count_pharmacy": 0, "count_healthcare": 0, "count_education": 0, "count_fitness": 0, "count_office": 0, "count_bank": 0, "count_transport": 0, "count_leisure": 0, "count_fuel": 0, "feat_unsuitable_frac": 0.0, "feat_industrial_frac": 0.0, "feat_residential": 0.0, "feat_commercial": 0.0, "feat_road_density": 0.0, "feat_mixed_use": -0.0, "feat_isolation": 1.0, "feat_anchor_proximity": 0.10865298979355234, "feat_low_connectivity": 1.0, "raw_lu_frac_unsuitable": 0.0, "raw_lu_frac_residential": 0.0, "raw_lu_frac_commercial": 0.0, "raw_lu_frac_industrial": 0.0 }, "geometry": { "type": "Polygon", "coordinates": [ [ [ -41.826212481452536, -22.450051245099505 ], [ -41.825155168832779, -22.448508079362071 ], [ -41.826145208285183, -22.446932724249788 ], [ -41.82819255539065, -22.44690054261299 ], [ -41.829249873063482, -22.448443716740336 ], [ -41.828259838579108, -22.45001906411451 ], [ -41.826212481452536, -22.450051245099505 ] ] ] } }
]
}
