h3,lat,lon,bairro,score_final,beach_proximity,actionability_scenario_beach_tourism,actionability_scenario_convenience_urban,score_scenario_beach_tourism,score_scenario_convenience_urban,delta_score_urban_minus_beach
8aa8b1a26667fff,-22.398735820288174,-41.78663507431088,Glória,87.69553936722143,1.0,49.22,23.54,100.0,48.23,-51.77
8aa8b1a2665ffff,-22.396520603289687,-41.78570980280267,Aroeira,89.95188854589125,1.0,100.0,49.47,100.0,49.47,-50.53
8aa8b1a26647fff,-22.397628219313553,-41.786172437739125,Glória,90.93004934003253,1.0,100.0,49.53,100.0,50.01,-49.99
8aa8b1a26297fff,-22.39893831671172,-41.78795591273385,Glória,93.02003427135746,1.0,54.22,25.93,100.0,51.16,-48.84
8aa8b1a2666ffff,-22.39783072191025,-41.78749327363862,Glória,93.81997429296166,1.0,100.0,51.19,100.0,51.6,-48.4
8aa8b1a262b7fff,-22.400045896462792,-41.78841855346417,Glória,91.4880731019442,0.944204486547923,52.38,26.39,100.0,52.62,-47.38
8aa8b1a262a7fff,-22.400248375560388,-41.78973939548927,Glória,96.29825692795445,1.0,57.36,27.43,100.0,52.96,-47.04
8aa8b1a26287fff,-22.39914080198345,-41.789276752236134,Glória,96.37316624133163,1.0,87.59,41.89,100.0,53.01,-46.99
8aa8b1a2629ffff,-22.39803321335566,-41.78881411061793,Glória,97.35031060638863,0.9999999999999998,100.0,52.19,100.0,53.54,-46.46
8aa8b1a26217fff,-22.400450843505354,-41.791060238591804,Glória,97.77043327027114,1.0,100.0,50.09,100.0,53.77,-46.23
8aa8b1a2664ffff,-22.3967231120591,-41.78703063617854,Glória,94.77325775208618,0.9577846571976244,100.0,53.93,100.0,53.93,-46.07
8aa8b1a26237fff,-22.401558395855606,-41.79152288600199,Glória,98.64156348087812,1.0,59.63,28.52,100.0,54.25,-45.75
8aa8b1a2631ffff,-22.402665933153088,-41.79198553504686,Glória,98.91264079845845,0.9987303557621942,59.88,28.67,100.0,54.46,-45.54
8aa8b1a26ac7fff,-22.405285815605396,-41.79555254764168,Glória,99.22760041194645,1.0,60.2,28.79,100.0,54.58,-45.42
8aa8b1a26207fff,-22.40065330029745,-41.79238108277036,Glória,99.25849639546857,1.0,100.0,54.59,100.0,54.59,-45.41
8aa8b1a26adffff,-22.4041783207701,-41.79508989028572,Glória,99.28939237899073,1.0,100.0,51.42,100.0,54.61,-45.39
8aa8b1a26227fff,-22.401760846472072,-41.79284373270223,Glória,99.32028836251287,1.0,100.0,54.06,100.0,54.63,-45.37
8aa8b1a2632ffff,-22.40397589366095,-41.79376903746946,Glória,99.36663233779608,1.0,60.33,28.85,100.0,54.65,-45.35
8aa8b1a26acffff,-22.404380736724235,-41.79641074417374,Glória,99.38208032955716,1.0,100.0,54.66,100.0,54.66,-45.34
8aa8b1a2630ffff,-22.402868377593485,-41.79330638426862,Glória,99.4129763130793,1.0,60.38,28.88,100.0,54.68,-45.32
8aa8b1a26377fff,-22.40307081087967,-41.79462723456402,Glória,99.58290422245108,1.0,100.0,54.77,100.0,54.77,-45.23
8aa8b1a26357fff,-22.401963285934855,-41.79416458047661,Glória,99.6755921730175,1.0,100.0,53.38,100.0,54.82,-45.18
8aa8b1a26ad7fff,-22.40508339467373,-41.79423169230471,Glória,98.6617280799516,0.9421067705737531,59.19,29.88,100.0,56.83,-43.17
8aa8b1a2621ffff,-22.399545739070362,-41.79191843447306,Glória,99.16580844490215,0.9463539882320519,100.0,56.94,100.0,56.94,-43.06
8aa8b1a2628ffff,-22.398235693649504,-41.79013494867564,Glória,99.10401647785787,0.9442415915851743,100.0,56.99,100.0,56.99,-43.01
8aa8b1a229b7fff,-22.395412972217315,-41.7852471695016,Aroeira,84.3331609756099,0.8417968516492884,94.98,52.39,94.98,52.39,-42.59
8aa8b1a2638ffff,-22.401355934085725,-41.79020204037731,Glória,93.70882666352252,0.8359156297125843,53.7,29.77,100.0,58.46,-41.54
8aa8b1a2622ffff,-22.400855745936397,-41.79370192802355,Glória,99.49021627188465,0.8419025650761196,100.0,61.43,100.0,61.8,-38.2
8aa8b1a26677fff,-22.398533312713063,-41.785314236968645,Glória,82.76049103708279,0.766010472377918,43.35,25.48,92.27,54.23,-38.04
8aa8b1a26367fff,-22.403273233011383,-41.79594808593167,Glória,99.4593202883625,0.8034360301165537,100.0,63.5,100.0,63.5,-36.5
8aa8b1a26307fff,-22.40377345539705,-41.79244818572637,Glória,98.18927905835902,0.76282123254606,57.35,33.8,100.0,64.48,-35.52
8aa8b1a26aeffff,-22.40548822538154,-41.796873404049904,Glória,99.351184346035,0.6318394937444558,57.42,37.54,100.0,71.1,-28.9
8aa8b1a22937fff,-22.396925609677748,-41.78835147063472,Glória,96.64949150303562,0.5859357641436821,100.0,71.17,100.0,71.17,-28.83
8aa8b1a2674ffff,-22.39984340621282,-41.78709771251792,Glória,85.71897043677885,0.5429845719368929,44.58,31.15,92.7,64.77,-27.93
8aa8b1a26347fff,-22.4021657142437,-41.795485429323726,Glória,99.76828012358393,0.4633775557690598,100.0,76.99,100.0,78.96,-21.04
8aa8b1a262f7fff,-22.398438162791543,-41.79145578781037,Glória,99.24304840370752,0.4384453806715063,100.0,79.66,100.0,79.66,-20.34
8aa8b1a2620ffff,-22.399748190885035,-41.79323927720489,Glória,99.47476828012358,0.43608197912367563,100.0,77.28,100.0,79.95,-20.05
8aa8b1a26af7fff,-22.40619088063108,-41.79469434877433,Glória,97.58955118747414,0.38230862934490345,53.88,42.19,100.0,80.8,-19.2
8aa8b1a26327fff,-22.404880962586766,-41.792910838040434,Glória,95.79660335438922,0.34354080322820313,52.0,41.81,100.0,80.99,-19.01
8aa8b1a229a7fff,-22.395615487159006,-41.78656800035368,Aroeira,90.97478892040934,0.34324392352319233,94.72,76.17,95.66,76.92,-18.74
8aa8b1a263affff,-22.402463477558737,-41.79066468690017,Glória,96.06886532183387,0.3134339591146857,52.02,42.68,100.0,82.52,-17.48
8aa8b1a26ae7fff,-22.40639329538485,-41.79601520663182,Glória,98.97085410702098,0.3626089911857395,54.96,43.62,100.0,82.82,-17.18
8aa8b1a2639ffff,-22.401153461162686,-41.78888119582956,Glória,89.50772325402099,0.30053354530930304,46.26,38.28,93.54,77.4,-16.14
8aa8b1a22927fff,-22.397128096145387,-41.78967230616979,Glória,98.92887635983061,0.24705322850693973,99.6,85.36,100.0,87.93,-12.07
8aa8b1a20d97fff,-22.403475643988365,-41.79726893837015,Glória,99.64469618949536,0.19686789145736777,100.0,90.82,100.0,90.82,-9.18
8aa8b1a20db7fff,-22.40458314152312,-41.79773159913213,Glória,99.59835221421216,0.17616090530712275,100.0,91.7,100.0,91.7,-8.3
8aa8b1a2635ffff,-22.40105818042194,-41.79502277434997,Glória,99.87641606591143,0.12109667826431984,97.46,90.51,100.0,94.43,-5.57
8aa8b1a2675ffff,-22.399640904810752,-41.785776872651894,Glória,79.96825376668221,0.10912719124422389,37.33,34.92,81.28,76.04,-5.24
8aa8b1a26317fff,-22.40357100597867,-41.79112733505784,Glória,93.93727423605178,0.019287554820540214,48.04,47.49,94.21,93.12,-1.09
8aa8b1b1daaffff,-22.450764952199293,-41.79477575796823,Lagomar,5.863618965442487,0.0,5.86,5.86,5.86,5.86,0.0
8aa8b1b1dab7fff,-22.451467214038505,-41.79259654637219,Lagomar,4.5446351174665995,0.0,4.54,4.54,4.54,4.54,0.0
8aa8b1b1dac7fff,-22.448955721868742,-41.796492273060295,Lagomar,7.635258233413472,0.0,7.64,7.64,7.64,7.64,0.0
8aa8b1b1dacffff,-22.448051085886714,-41.79735052710249,Lagomar,8.557624990251846,0.0,8.56,8.56,8.56,8.56,0.0
8aa8b1b1dad7fff,-22.448753404319856,-41.795171326859176,Lagomar,7.344169920290203,0.0,7.34,7.34,7.34,7.34,0.0
8aa8b1b1dadffff,-22.447848773323365,-41.79602958235115,Lagomar,8.223475274784409,0.0,8.22,8.22,8.22,8.22,0.0
8aa8b1b1dae7fff,-22.450062655333355,-41.796954965403735,Lagomar,7.055200699494446,0.0,7.06,7.06,7.06,7.06,0.0
8aa8b1b1daeffff,-22.449158028243264,-41.79781322033183,Lagomar,8.01013163895769,0.0,8.01,8.01,8.01,8.01,0.0
8aa8b1b1da67fff,-22.45157415053186,-41.80005956507241,Lagomar,7.00250214389226,0.0,7.0,7.0,7.0,7.0,0.0
8aa8b1b1da6ffff,-22.450669522363363,-41.800917817982686,Lagomar,7.905309090437484,0.0,7.91,7.91,7.91,7.91,0.0
8aa8b1b1da77fff,-22.451371867712,-41.7987386116929,Lagomar,6.770384395959528,0.0,6.77,6.77,6.77,6.77,0.0
8aa8b1b1da87fff,-22.4505626246782,-41.79345480886931,Lagomar,5.485452431196529,0.0,5.49,5.49,5.49,5.49,0.0
8aa8b1b1da8ffff,-22.449658021438395,-41.794313069031766,Lagomar,6.458313588207876,0.0,6.46,6.46,6.46,6.46,0.0
8aa8b1b1da97fff,-22.45036028598245,-41.79213386084405,Lagomar,5.112492880871344,0.0,5.11,5.11,5.11,5.11,0.0
8aa8b1b1da9ffff,-22.449455687729202,-41.792992122454194,Lagomar,6.014519990502025,0.0,6.01,6.01,6.01,6.01,0.0
8aa8b1b1daa7fff,-22.451669546546263,-41.79391749691912,Lagomar,4.976747638852384,0.0,4.98,4.98,4.98,4.98,0.0
8aa8b1b1da1ffff,-22.45096726854547,-41.7960967081394,Lagomar,6.154738222741264,0.0,6.15,6.15,6.15,6.15,0.0
8aa8b1b1da27fff,-22.453181072443837,-41.79702209595709,Lagomar,5.004787261072035,0.0,5.0,5.0,5.0,5.0,0.0
8aa8b1b1da2ffff,-22.452276477017314,-41.79788035499332,Lagomar,5.885892723766879,0.0,5.89,5.89,5.89,5.89,0.0
8aa8b1b1da37fff,-22.452978768476235,-41.79570114074469,Lagomar,4.673950770832447,0.0,4.67,4.67,4.67,4.67,0.0
8aa8b1b1da47fff,-22.45046724452869,-41.79959686605544,Lagomar,7.6155700084216615,0.0,7.62,7.62,7.62,7.62,0.0
8aa8b1b1da4ffff,-22.44956260746816,-41.80045511808057,Lagomar,8.516789249464914,0.0,8.52,8.52,8.52,8.52,0.0
8aa8b1b1da57fff,-22.450264955518605,-41.79827591519532,Lagomar,7.393989037304058,0.0,7.39,7.39,7.39,7.39,0.0
8aa8b1b1da5ffff,-22.449360323443152,-41.799134168672396,Lagomar,8.267950942868938,0.0,8.27,8.27,8.27,8.27,0.0
8aa8b1b1d8d7fff,-22.455085432669236,-41.78916347304444,Lagomar,1.1943264135877185,0.0,1.19,1.19,1.19,1.19,0.0
8aa8b1b1d8dffff,-22.45418089883468,-41.79002174487651,Lagomar,1.983668934696977,0.0,1.98,1.98,1.98,1.98,0.0
8aa8b1b1d8e7fff,-22.456394656337206,-41.790947115513646,Lagomar,1.008441336397619,0.0,1.01,1.01,1.01,1.01,0.0
8aa8b1b1d8effff,-22.455490126409227,-41.79180538678747,Lagomar,1.8093977833110744,0.0,1.81,1.81,1.81,1.81,0.0
8aa8b1b1d94ffff,-22.459012987756743,-41.79451442371767,Lagomar,0.01544799176107106,0.0,0.02,0.02,0.02,0.02,0.0
8aa8b1b1da07fff,-22.45207417803592,-41.79655940123109,Lagomar,5.608288991701691,0.0,5.61,5.61,5.61,5.61,0.0
8aa8b1b1da0ffff,-22.451169573716456,-41.79741765938142,Lagomar,6.498128457791682,0.0,6.5,6.5,6.5,6.5,0.0
8aa8b1b1da17fff,-22.451871867878822,-41.79523844853922,Lagomar,5.259023741847929,0.0,5.26,5.26,5.26,5.26,0.0
8aa8b1a200dffff,-22.391505831688896,-41.80710441666731,Morro de São Jorge,72.29873840174926,0.0,72.3,72.3,72.3,72.3,0.0
8aa8b1a200e7fff,-22.393721054806157,-41.808029757784425,Nova Holanda,80.10063927980696,0.0,36.83,36.83,80.1,80.1,0.0
8aa8b1a200effff,-22.392815790902,-41.8088879224662,Nova Holanda,76.23112846165299,0.0,33.91,33.91,76.23,76.23,0.0
8aa8b1a200f7fff,-22.393518709705123,-41.80670892027025,Morro de São Jorge,75.7434849966427,0.0,33.55,33.55,75.74,75.74,0.0
8aa8b1a2010ffff,-22.397949000027005,-41.80855961203284,Nova Holanda,71.04570552872033,0.0,71.05,71.05,71.05,71.05,0.0
8aa8b1a2011ffff,-22.397746668493397,-41.80723876551379,Nova Holanda,73.17308579838068,0.0,72.56,72.56,73.17,73.17,0.0
8aa8b1a2012ffff,-22.39905653497213,-41.80902228905498,Nova Holanda,76.54734737546536,0.0,75.99,75.99,76.55,76.55,0.0
8aa8b1a20147fff,-22.397246091994298,-41.81073862782205,Nova Holanda,79.32903674422379,0.0,36.24,36.24,79.33,79.33,0.0
8aa8b1a20097fff,-22.394019221187502,-41.8032090770309,Morro de São Jorge,69.29427190695931,0.0,69.29,69.29,69.29,69.29,0.0
8aa8b1a2009ffff,-22.39311398604744,-41.80406724842146,Morro de São Jorge,69.31195997346741,0.0,69.31,69.31,69.31,69.31,0.0
8aa8b1a200a7fff,-22.395329186031756,-41.804992580971565,Morro de São Jorge,69.61129131781564,0.0,69.61,69.61,69.61,69.61,0.0
8aa8b1a200affff,-22.39442395479152,-41.8058507517908,Morro de São Jorge,72.94372037661051,0.0,72.94,72.94,72.94,72.94,0.0
8aa8b1a200b7fff,-22.395126819832324,-41.80367174160534,Morro de São Jorge,69.07030265358212,0.0,69.07,69.07,69.07,69.07,0.0
8aa8b1a200c7fff,-22.392613450773336,-41.80756708640955,Nova Holanda,76.28342027373434,0.0,76.28,76.28,76.28,76.28,0.0
8aa8b1a200cffff,-22.391708177996946,-41.8084252502083,Nova Holanda,68.78345275393245,0.0,68.78,68.78,68.78,68.78,0.0
8aa8b1a200d7fff,-22.392411099493003,-41.806246251411366,Morro de São Jorge,75.19168676373347,0.0,33.14,33.14,75.19,75.19,0.0
8aa8b1a2004ffff,-22.393220437703263,-41.81152959774931,Nova Holanda,72.42482703150685,0.0,31.14,31.14,72.42,72.42,0.0
8aa8b1a20057fff,-22.393923388755,-41.80935059635658,Nova Holanda,75.8393407983846,0.0,33.62,33.62,75.84,75.84,0.0
8aa8b1a2005ffff,-22.393018119878732,-41.81020875957992,Nova Holanda,74.50427854283654,0.0,73.87,73.87,74.5,74.5,0.0
8aa8b1a20067fff,-22.395233288170772,-41.81113411402295,Nova Holanda,74.79225627,0.0,74.23,74.23,74.79,74.79,0.0
8aa8b1a2006ffff,-22.394328023195012,-41.8119922766692,Nova Holanda,73.19752308066332,0.0,31.69,31.69,73.2,73.2,0.0
8aa8b1a20077fff,-22.39503097155521,-41.80981327187938,Nova Holanda,74.47582592226173,0.0,32.62,32.62,74.48,74.48,0.0
8aa8b1a20087fff,-22.394221593565494,-41.80452991388,Morro de São Jorge,70.17318434565377,0.0,70.17,70.17,70.17,70.17,0.0
8aa8b1a2008ffff,-22.39331635345213,-41.805388083815465,Morro de São Jorge,73.22840500929672,0.0,73.23,73.23,73.23,73.23,0.0
8aa8b1b1daf7fff,-22.449860343973192,-41.79563401668209,Lagomar,6.753644601214395,0.0,6.75,6.75,6.75,6.75,0.0
8aa8b1a2000ffff,-22.39482864378663,-41.808492430791894,Nova Holanda,78.21200703542061,0.0,35.39,35.39,78.21,78.21,0.0
8aa8b1a20017fff,-22.395531541078686,-41.806313421399004,Nova Holanda,75.58495395681288,0.0,33.43,33.43,75.58,75.58,0.0
8aa8b1a2001ffff,-22.394626304865312,-41.807171590761904,Nova Holanda,74.94795407796163,0.0,32.96,32.96,74.95,74.95,0.0
8aa8b1a20027fff,-22.396841450027004,-41.80809693664325,Nova Holanda,74.4488803541032,0.0,74.45,74.45,74.45,74.45,0.0
8aa8b1a2002ffff,-22.395936217714013,-41.80895510543189,Nova Holanda,76.41278884436795,0.0,34.04,34.04,76.41,76.41,0.0
8aa8b1a20037fff,-22.39663911231289,-41.80677609264002,Nova Holanda,74.62049866711179,0.0,74.62,74.62,74.62,74.62,0.0
8aa8b1a20047fff,-22.39412571155137,-41.810671435985306,Nova Holanda,74.26299988325309,0.0,32.46,32.46,74.26,74.26,0.0
8aa8b1a20887fff,-22.40197442470041,-41.80776861781161,Nova Holanda,86.62059546502879,0.0,86.62,86.62,86.62,86.62,0.0
8aa8b1a2088ffff,-22.401069246705305,-41.80862679393115,Nova Holanda,83.90938119412739,0.0,83.91,83.91,83.91,83.91,0.0
8aa8b1a20897fff,-22.401772095581485,-41.80644776334607,Nova Holanda,83.6217564132693,0.0,83.62,83.62,83.62,83.62,0.0
8aa8b1a208a7fff,-22.403081911783453,-41.808231296332906,Bosque Azul,87.61382773341168,0.0,85.79,85.79,87.61,87.61,0.0
8aa8b1a208affff,-22.402176742663617,-41.80908947333543,Nova Holanda,85.63261815739402,0.0,41.15,41.15,85.63,85.63,0.0
8aa8b1a208b7fff,-22.402879588846144,-41.80691043935139,Nova Holanda,87.64159989708389,0.0,87.64,87.64,87.64,87.64,0.0
8aa8b1a208c7fff,-22.400366362877783,-41.81080582031626,Nova Holanda,79.68714448086939,0.0,79.26,79.26,79.69,79.69,0.0
8aa8b1a208cffff,-22.39946115221334,-41.81166399029381,Nova Holanda,81.18949256148815,0.0,80.12,80.12,81.19,81.19,0.0
8aa8b1a2082ffff,-22.403688813656885,-41.81219387361865,Bosque Azul,80.69069765657511,0.0,80.69,80.69,80.69,80.69,0.0
8aa8b1a20837fff,-22.404391689407284,-41.81001483704148,Bosque Azul,84.52392133266827,0.0,84.28,84.28,84.52,84.52,0.0
8aa8b1a20847fff,-22.401878431728075,-41.81391021652347,Nova Holanda,78.08814882608598,0.0,77.27,77.27,78.09,78.09,0.0
8aa8b1a2084ffff,-22.40097321999267,-41.814768384460926,Nova Holanda,78.01383335759402,0.0,78.01,78.01,78.01,78.01,0.0
8aa8b1a20857fff,-22.401676152206434,-41.81258935929425,Nova Holanda,78.73031314699291,0.0,78.73,78.73,78.73,78.73,0.0
8aa8b1a20867fff,-22.40298590295419,-41.814372905985515,Nova Holanda,78.26023710528585,0.0,78.26,78.26,78.26,78.26,0.0
8aa8b1a2086ffff,-22.40208070009324,-41.81523107480446,Nova Holanda,79.66656830716377,0.0,79.67,79.67,79.67,79.67,0.0
8aa8b1a20877fff,-22.402783629616405,-41.81305204624258,Nova Holanda,79.22594329654751,0.0,79.23,79.23,79.23,79.23,0.0
8aa8b1a207a7fff,-22.39069633494791,-41.80182109310691,Morro de São Jorge,60.72034681628041,0.0,60.72,60.72,60.72,60.72,0.0
8aa8b1a207affff,-22.389791073190004,-41.80267926184451,Botafogo,59.275625434553724,0.0,54.58,54.58,59.28,59.28,0.0
8aa8b1a207b7fff,-22.390493932886766,-41.800500264874714,Visconde de Araújo,58.05435806469008,0.0,58.05,58.05,58.05,58.05,0.0
8aa8b1a20807fff,-22.403486524189084,-41.81087301346794,Bosque Azul,83.15169075936394,0.0,83.15,83.15,83.15,83.15,0.0
8aa8b1a2080ffff,-22.402581345121867,-41.811731187552326,Nova Holanda,80.46562165551735,0.0,80.47,80.47,80.47,80.47,0.0
8aa8b1a20817fff,-22.40328422356452,-41.80955215437223,Bosque Azul,85.36377207986378,0.0,83.95,83.95,85.36,85.36,0.0
8aa8b1a2081ffff,-22.402379049470863,-41.81041032991614,Nova Holanda,83.7724256424508,0.0,83.77,83.77,83.77,83.77,0.0
8aa8b1a20827fff,-22.404593983848727,-41.81133569865203,Bosque Azul,82.67492567351273,0.0,82.67,82.67,82.67,82.67,0.0
8aa8b1a2071ffff,-22.389993459128036,-41.80400008968715,Botafogo,61.81269078702088,0.0,61.81,61.81,61.81,61.81,0.0
8aa8b1a20727fff,-22.392208737061264,-41.804925417473044,Morro de São Jorge,72.16297982840342,0.0,30.95,30.95,72.16,72.16,0.0
8aa8b1a2072ffff,-22.39130347422971,-41.805783584185264,Morro de São Jorge,69.89650290582769,0.0,69.9,69.9,69.9,69.9,0.0
8aa8b1a20737fff,-22.39200636347836,-41.803604584595995,Morro de São Jorge,67.94814521741218,0.0,67.95,67.95,67.95,67.95,0.0
8aa8b1a20767fff,-22.39060055004059,-41.807962579582934,Morro de São Jorge,64.84118791545707,0.0,64.84,64.84,64.84,64.84,0.0
8aa8b1a20777fff,-22.39039819755358,-41.806641748557766,Morro de São Jorge,67.22639985372813,0.0,67.23,67.23,67.23,67.23,0.0
8aa8b1a20787fff,-22.38958867610214,-41.801358435065524,Visconde de Araújo,55.497018785105965,0.0,55.5,55.5,55.5,55.5,0.0
8aa8b1a20797fff,-22.38938626786472,-41.80003760935159,Visconde de Araújo,54.866023998928526,0.0,52.21,52.21,54.87,54.87,0.0
8aa8b1a20a27fff,-22.39825750171179,-41.817342874209,Nova Holanda,76.04576240737555,0.0,33.77,33.77,76.05,76.05,0.0
8aa8b1a20a37fff,-22.39805524207798,-41.8160220228298,Nova Holanda,77.45420222510107,0.0,77.25,77.25,77.45,77.45,0.0
8aa8b1a20a87fff,-22.39563788794189,-41.81377580147275,Nova Holanda,77.16447123667835,0.0,77.16,77.16,77.16,77.16,0.0
8aa8b1a20a8ffff,-22.394732613023102,-41.81463396119692,Nova Holanda,74.86849821733654,0.0,74.87,74.87,74.87,74.87,0.0
8aa8b1a20a97fff,-22.395435593633092,-41.812454957221206,Nova Holanda,76.8989483171222,0.0,34.41,34.41,76.9,76.9,0.0
8aa8b1a20a9ffff,-22.39453032368568,-41.813313118406874,Nova Holanda,76.02531320747978,0.0,76.03,76.03,76.03,76.03,0.0
8aa8b1a20aa7fff,-22.396745437143267,-41.81423848617051,Nova Holanda,77.20669833822727,0.0,75.14,75.14,77.21,77.21,0.0
8aa8b1a20aaffff,-22.395840171096914,-41.81509664677617,Nova Holanda,73.60304354486212,0.0,73.6,73.6,73.6,73.6,0.0
8aa8b1a2098ffff,-22.404189383808813,-41.80869397648682,Bosque Azul,87.25409767433322,0.0,86.67,86.67,87.25,87.25,0.0
8aa8b1a20997fff,-22.404892208473097,-41.806514935305515,Bosque Azul,90.42461378527909,0.0,90.42,90.42,90.42,90.42,0.0
8aa8b1a2099ffff,-22.403987067053542,-41.80737311698948,Bosque Azul,87.86225802263323,0.0,87.86,87.86,87.86,87.86,0.0
8aa8b1a209a7fff,-22.40620197829358,-41.808298477163774,Bosque Azul,88.23941905255903,0.0,88.24,88.24,88.24,88.24,0.0
8aa8b1a209affff,-22.405296840775712,-41.809156658273295,Bosque Azul,86.9488391032821,0.0,86.95,86.95,86.95,86.95,0.0
8aa8b1a209b7fff,-22.405999662746126,-41.80697761369302,Bosque Azul,90.15832150992627,0.0,90.16,90.16,90.16,90.16,0.0
8aa8b1a20a07fff,-22.397149979933072,-41.81688018285378,Nova Holanda,73.88758332702714,0.0,73.89,73.89,73.89,73.89,0.0
8aa8b1a20a17fff,-22.396947714115456,-41.81555933398715,Nova Holanda,74.75530282330247,0.0,32.82,32.82,74.76,74.76,0.0
8aa8b1a20927fff,-22.40771399657936,-41.81140289484338,Bosque Azul,81.9760706841005,0.0,81.98,81.98,81.98,81.98,0.0
8aa8b1a2092ffff,-22.406808857989343,-41.81226107391686,Bosque Azul,80.61829039871738,0.0,80.37,80.37,80.62,80.62,0.0
8aa8b1a20937fff,-22.407511709531242,-41.810082026743714,Bosque Azul,84.86823222881333,0.0,84.87,84.87,84.87,84.87,0.0
8aa8b1a20947fff,-22.404998539259466,-41.81397742503525,Bosque Azul,77.2573643445047,0.0,77.26,77.26,77.26,77.26,0.0
8aa8b1a2094ffff,-22.40409335912116,-41.81483559707941,Bosque Azul,75.67816280252305,0.0,75.68,75.68,75.68,75.68,0.0
8aa8b1a20957fff,-22.40479626713288,-41.812656561317084,Bosque Azul,81.11110685324202,0.0,81.11,81.11,81.11,81.11,0.0
8aa8b1a2095ffff,-22.403891091967665,-41.81351473482293,Bosque Azul,79.42436563314943,0.0,79.42,79.42,79.42,79.42,0.0
8aa8b1a20987fff,-22.40509453020293,-41.80783579626029,Bosque Azul,88.58387768962577,0.0,88.58,88.58,88.58,88.58,0.0
8aa8b1a208d7fff,-22.40016405486164,-41.80948496770961,Nova Holanda,81.1565887547275,0.0,81.16,81.16,81.16,81.16,0.0
8aa8b1a208dffff,-22.39925884917018,-41.810343139146624,Nova Holanda,79.76544021423997,0.0,79.77,79.77,79.77,79.77,0.0
8aa8b1a208e7fff,-22.401473861528594,-41.811268503118185,Nova Holanda,80.70665068389313,0.0,77.64,77.64,80.71,80.71,0.0
8aa8b1a208f7fff,-22.4012715596948,-41.80994764799668,Nova Holanda,84.21135725016924,0.0,83.35,83.35,84.21,84.21,0.0
8aa8b1a20907fff,-22.406606575915447,-41.8109402072771,Bosque Azul,84.75937454209561,0.0,84.76,84.76,84.76,84.76,0.0
8aa8b1a2090ffff,-22.405701428449063,-41.81179838546835,Bosque Azul,82.92161511628092,0.0,82.92,82.92,82.92,82.92,0.0
8aa8b1a20917fff,-22.406404282683436,-41.809619341692276,Bosque Azul,86.84438973678527,0.0,86.84,86.84,86.84,86.84,0.0
8aa8b1a2091ffff,-22.405499140191175,-41.81047752134312,Bosque Azul,84.44770678598186,0.0,84.45,84.45,84.45,84.45,0.0
8aa8b1a20c6ffff,-22.40066458726029,-41.805985088973586,Nova Holanda,77.00870367996924,0.0,76.17,76.17,77.01,77.01,0.0
8aa8b1a20c87fff,-22.400557886612493,-41.79852265885536,Granja dos Cavaleiros,99.95365602471678,0.0,95.69,95.69,99.95,99.95,0.0
8aa8b1a20c8ffff,-22.399652743441216,-41.799380845157295,Granja dos Cavaleiros,99.66014418125644,0.0,94.6,94.6,99.66,99.66,0.0
8aa8b1a20c97fff,-22.400355479410834,-41.797201811837084,Granja dos Cavaleiros,99.98455200823892,0.0,95.33,95.33,99.98,99.98,0.0
8aa8b1a20c9ffff,-22.399450341215484,-41.798059999589995,Granja dos Cavaleiros,100.0,0.0,97.89,97.89,100.0,100.0,0.0
8aa8b1a20ca7fff,-22.401665416955595,-41.798985319754536,Granja dos Cavaleiros,99.86096807415036,0.0,95.49,95.49,99.86,99.86,0.0
8aa8b1a20caffff,-22.40076028266025,-41.79984350694174,Granja dos Cavaleiros,99.62924819773428,0.0,93.33,93.33,99.63,99.63,0.0
8aa8b1a20cb7fff,-22.401463015931803,-41.79766447021686,Glória,99.783728115345,0.0,97.34,97.34,99.78,99.78,0.0
8aa8b1a20c0ffff,-22.401165041293027,-41.80248520631319,Nova Holanda,97.41249229499059,0.0,97.16,97.16,97.41,97.41,0.0
8aa8b1a20c1ffff,-22.40096266755385,-41.801164356094816,Granja dos Cavaleiros,99.33573635427393,0.0,94.95,94.95,99.34,99.34,0.0
8aa8b1a20c27fff,-22.403177688469853,-41.80208968960125,Bosque Azul,99.52111225540679,0.0,94.64,94.64,99.52,99.52,0.0
8aa8b1a20c47fff,-22.400462240805275,-41.80466423808437,Nova Holanda,81.39410551980188,0.0,81.39,81.39,81.39,81.39,0.0
8aa8b1a20c4ffff,-22.399557063883314,-41.80552241623397,Nova Holanda,74.34505453282057,0.0,74.35,74.35,74.35,74.35,0.0
8aa8b1a20c57fff,-22.400259883195602,-41.80334338825673,Nova Holanda,86.73238354820695,0.0,86.73,86.73,86.73,86.73,0.0
8aa8b1a20c5ffff,-22.399354711248094,-41.804201567861554,Nova Holanda,75.92611706159934,0.0,75.93,75.93,75.93,75.93,0.0
8aa8b1a20c67fff,-22.401569755307108,-41.80512690994023,Nova Holanda,81.26711127072393,0.0,81.27,81.27,81.27,81.27,0.0
8aa8b1a20b77fff,-22.39956725072699,-41.819126422134886,Nova Holanda,68.95093891969444,0.0,68.95,68.95,68.95,68.95,0.0
8aa8b1a20b87fff,-22.39875821461797,-41.81384300866931,Nova Holanda,80.82375682583125,0.0,80.82,80.82,80.82,80.82,0.0
8aa8b1a20b97fff,-22.39855592770226,-41.81252215792895,Nova Holanda,82.03801815076832,0.0,82.04,82.04,82.04,82.04,0.0
8aa8b1a20b9ffff,-22.39765068934531,-41.81338032322131,Nova Holanda,81.62885178630003,0.0,79.85,79.85,81.63,81.63,0.0
8aa8b1a20ba7fff,-22.399865724833997,-41.8143056957492,Nova Holanda,80.98418196344048,0.0,80.98,80.98,80.98,80.98,0.0
8aa8b1a20baffff,-22.398960490378542,-41.81516386046148,Nova Holanda,80.27752797380317,0.0,80.27,80.27,80.28,80.28,0.0
8aa8b1a20bb7fff,-22.39966344410137,-41.81298484249514,Nova Holanda,80.95952809911128,0.0,80.96,80.96,80.96,80.96,0.0
8aa8b1a20c07fff,-22.402070185539607,-41.80162702203132,Granja dos Cavaleiros,99.44387229660143,0.0,96.59,96.59,99.44,99.44,0.0
8aa8b1a20ab7fff,-22.39654314901677,-41.812917639405256,Nova Holanda,79.35341611146222,0.0,79.35,79.35,79.35,79.35,0.0
8aa8b1a20b07fff,-22.40027025283203,-41.81694740540991,Nova Holanda,79.99242320627418,0.0,79.55,79.55,79.99,79.99,0.0
8aa8b1a20b0ffff,-22.39936500843332,-41.81780556719568,Nova Holanda,77.03145575079473,0.0,77.03,77.03,77.03,77.03,0.0
8aa8b1a20b17fff,-22.400067994410968,-41.81562655005459,Nova Holanda,81.07769240903026,0.0,37.58,37.58,81.08,81.08,0.0
8aa8b1a20b1ffff,-22.39916275498375,-41.81648471330408,Nova Holanda,78.82155713233891,0.0,78.82,78.82,78.82,78.82,0.0
8aa8b1a20b27fff,-22.401377735622074,-41.81741009914727,Nova Holanda,76.87635801732026,0.0,76.88,76.88,76.88,76.88,0.0
8aa8b1a20b2ffff,-22.400472500096914,-41.81826826181376,Nova Holanda,73.46941865450087,0.0,72.22,72.22,73.47,73.47,0.0
8aa8b1a20b37fff,-22.401175483385593,-41.81608924127938,Nova Holanda,78.79124760213743,0.0,78.79,78.79,78.79,78.79,0.0
8aa8b1a2212ffff,-22.388469299076583,-41.787292041412414,Aroeira,61.287805567456466,0.0,61.29,61.29,61.29,61.29,0.0
8aa8b1a22807fff,-22.39290005564746,-41.78914257901798,Aroeira,87.96264705483449,0.0,87.59,87.59,87.96,87.96,0.0
8aa8b1a2280ffff,-22.391994884106364,-41.79000076724191,Aroeira,82.21706094096075,0.0,82.22,82.22,82.22,82.22,0.0
8aa8b1a22817fff,-22.39269755563819,-41.78782175249569,Aroeira,85.01075366141725,0.0,85.01,85.01,85.01,85.01,0.0
8aa8b1a2281ffff,-22.39179238907382,-41.788679942164066,Aroeira,82.9678177334509,0.0,82.97,82.97,82.97,82.97,0.0
8aa8b1a22827fff,-22.394007707173806,-41.78960521750681,Aroeira,92.09576280081852,0.0,91.89,91.89,92.1,92.1,0.0
8aa8b1a2282ffff,-22.39310254450733,-41.7904634066183,Aroeira,87.59654153542806,0.0,86.78,86.78,87.6,87.6,0.0
8aa8b1a20d6ffff,-22.40378473914175,-41.80605225855085,Bosque Azul,88.83800450002617,0.0,85.98,85.98,88.84,88.84,0.0
8aa8b1a20d77fff,-22.404487531543282,-41.80387321657625,Bosque Azul,98.08895954278235,0.0,95.74,95.74,98.09,98.09,0.0
8aa8b1a20d87fff,-22.40367804381036,-41.7985897918781,Glória,99.73738414006179,0.0,99.74,99.74,99.74,99.74,0.0
8aa8b1a20d8ffff,-22.402772932244048,-41.79944798228746,Glória,99.84552008238929,0.0,94.85,94.85,99.85,99.85,0.0
8aa8b1a20d9ffff,-22.40257053739856,-41.79812713023055,Glória,99.72193614830071,0.0,98.28,98.28,99.72,99.72,0.0
8aa8b1a20da7fff,-22.404785535166468,-41.799052455159455,Glória,99.70648815653963,0.0,98.02,98.02,99.71,99.71,0.0
8aa8b1a20daffff,-22.40388043247711,-41.79991064645408,Glória,99.89186405767249,0.0,99.23,99.23,99.89,99.89,0.0
8aa8b1a20d1ffff,-22.404082809988353,-41.8012315020967,Bosque Azul,99.83007209062822,0.0,96.22,96.22,99.83,99.83,0.0
8aa8b1a20d27fff,-22.406297752925497,-41.802156840367516,Bosque Azul,96.00476156098384,0.0,95.71,95.71,96.0,96.0,0.0
8aa8b1a20d2ffff,-22.40539264916081,-41.80301502964119,Bosque Azul,98.34139433305371,0.0,98.02,98.02,98.34,98.34,0.0
8aa8b1a20d37fff,-22.406095387774112,-41.800835979688216,Bosque Azul,99.3048403707518,0.0,98.33,98.33,99.3,99.3,0.0
8aa8b1a20d47fff,-22.40358240007371,-41.80473140117233,Bosque Azul,90.1032123928932,0.0,85.51,85.51,90.1,90.1,0.0
8aa8b1a20d4ffff,-22.402677254752845,-41.80558958342907,Nova Holanda,85.3120409695634,0.0,85.31,85.31,85.31,85.31,0.0
8aa8b1a20d57fff,-22.403380049849652,-41.80341054485534,Bosque Azul,98.67883992182009,0.0,94.16,94.16,98.68,98.68,0.0
8aa8b1a20d67fff,-22.404689875586463,-41.80519407541037,Bosque Azul,91.92262111689922,0.0,91.92,91.92,91.92,91.92,0.0
8aa8b1a20cc7fff,-22.398949972515545,-41.8015598743043,Morro de São Jorge,92.05915590833847,0.0,89.6,89.6,92.06,92.06,0.0
8aa8b1a20ccffff,-22.39804479666772,-41.80241805447892,Morro de São Jorge,79.40711578302498,0.0,79.41,79.41,79.41,79.41,0.0
8aa8b1a20cd7fff,-22.39874758641872,-41.800239029122295,Granja dos Cavaleiros,98.17267479997798,0.0,94.47,94.47,98.17,98.17,0.0
8aa8b1a20cdffff,-22.397842415545817,-41.801097210749965,Morro de São Jorge,86.30074020665167,0.0,86.17,86.17,86.3,86.3,0.0
8aa8b1a20ce7fff,-22.400057514431527,-41.80202253949207,Morro de São Jorge,94.64760796257758,0.0,94.6,94.6,94.65,94.65,0.0
8aa8b1a20d07fff,-22.405190288985573,-41.80169417041539,Bosque Azul,99.6138002059732,0.0,99.61,99.61,99.61,99.61,0.0
8aa8b1a20d0ffff,-22.40428517634383,-41.80255235880456,Bosque Azul,99.53656024716786,0.0,96.37,96.37,99.54,99.54,0.0
8aa8b1a20d17fff,-22.40498791765404,-41.80037331225435,Glória,99.81462409886714,0.0,98.7,98.7,99.81,99.81,0.0
8aa8b1a2292ffff,-22.39622296508169,-41.79053049938905,Granja dos Cavaleiros,98.24341359539183,0.0,94.99,94.99,98.24,98.24,0.0
8aa8b1a22947fff,-22.394412661397148,-41.792246878828266,Granja dos Cavaleiros,90.25191074560945,0.0,87.18,87.18,90.25,90.25,0.0
8aa8b1a2294ffff,-22.39350748877785,-41.79310506504747,Granja dos Cavaleiros,85.78040662446672,0.0,84.06,84.06,85.78,85.78,0.0
8aa8b1a22957fff,-22.394210189860573,-41.79092604762946,Granja dos Cavaleiros,91.38929447955171,0.0,89.65,89.65,91.39,91.39,0.0
8aa8b1a2295ffff,-22.393305022217547,-41.79178423529527,Granja dos Cavaleiros,86.46625757621801,0.0,86.47,86.47,86.47,86.47,0.0
8aa8b1a22967fff,-22.39552028552785,-41.79270952399581,Granja dos Cavaleiros,93.23261838540316,0.0,89.85,89.85,93.23,93.23,0.0
8aa8b1a2296ffff,-22.394615121783275,-41.79356771110182,Granja dos Cavaleiros,89.48290775984464,0.0,87.22,87.22,89.48,89.48,0.0
8aa8b1a228e7fff,-22.390887208658413,-41.78953812950033,Aroeira,76.91814318883625,0.0,76.92,76.92,76.92,76.92,0.0
8aa8b1a228effff,-22.389982014392743,-41.79039631450409,Aroeira,70.35754386333241,0.0,70.36,70.36,70.36,70.36,0.0
8aa8b1a228f7fff,-22.39068470745363,-41.788217306945135,Aroeira,76.84535959855418,0.0,76.85,76.85,76.85,76.85,0.0
8aa8b1a22907fff,-22.39602048359145,-41.78920966529881,Glória,95.88833095481257,0.0,94.95,94.95,95.89,95.89,0.0
8aa8b1a2290ffff,-22.39511534365213,-41.79006785763052,Granja dos Cavaleiros,94.98751984848661,0.0,94.35,94.35,94.99,94.99,0.0
8aa8b1a22917fff,-22.39581799095047,-41.787888832286555,Glória,94.05973462685523,0.0,93.14,93.14,94.06,94.06,0.0
8aa8b1a2291ffff,-22.39491285598845,-41.788747026062765,Aroeira,92.92345696158858,0.0,92.18,92.18,92.92,92.92,0.0
8aa8b1a22887fff,-22.39138736556241,-41.786038295245376,Aroeira,78.11766035208068,0.0,78.12,78.12,78.12,78.12,0.0
8aa8b1a2288ffff,-22.39048219510053,-41.78689648546897,Aroeira,75.06573775040852,0.0,75.07,75.07,75.07,75.07,0.0
8aa8b1a228a7fff,-22.392495044479784,-41.786500927052856,Aroeira,82.0112259778293,0.0,82.01,82.01,82.01,82.01,0.0
8aa8b1a228affff,-22.391589882892408,-41.78735911816476,Aroeira,81.23382748302957,0.0,81.23,81.23,81.23,81.23,0.0
8aa8b1a228c7fff,-22.389779518164218,-41.78907549339361,Aroeira,71.02415578025986,0.0,71.02,71.02,71.02,71.02,0.0
8aa8b1a228cffff,-22.388874315024943,-41.78993367750981,Aroeira,64.1011645176042,0.0,64.1,64.1,64.1,64.1,0.0
8aa8b1a228d7fff,-22.38957701078764,-41.787754673361235,Aroeira,69.72582152057996,0.0,69.73,69.73,69.73,69.73,0.0
8aa8b1a228dffff,-22.38867181262452,-41.78861285892182,Aroeira,63.13029529147283,0.0,63.13,63.13,63.13,63.13,0.0
8aa8b1a22837fff,-22.39380521333711,-41.788284388461705,Aroeira,89.43161600852716,0.0,89.43,89.43,89.43,89.43,0.0
8aa8b1a22847fff,-22.39129217762195,-41.79217977784215,Visconde de Araújo,72.74702054035444,0.0,72.75,72.75,72.75,72.75,0.0
8aa8b1a2284ffff,-22.390386973404617,-41.79303795995375,Visconde de Araújo,65.594464406754,0.0,65.59,65.59,65.59,65.59,0.0
8aa8b1a22857fff,-22.391089698714605,-41.79085895313313,Aroeira,74.81824453976257,0.0,74.82,74.82,74.82,74.82,0.0
8aa8b1a2285ffff,-22.39018449947296,-41.791717136691275,Aroeira,68.81853501731658,0.0,68.82,68.82,68.82,68.82,0.0
8aa8b1a22867fff,-22.392399840723833,-41.792642420627566,Visconde de Araújo,78.66328553214896,0.0,78.66,78.66,78.66,78.66,0.0
8aa8b1a2286ffff,-22.3914946453802,-41.79350060362597,Visconde de Araújo,69.59468576843263,0.0,69.59,69.59,69.59,69.59,0.0
8aa8b1a22877fff,-22.392197367989787,-41.79132159339687,Aroeira,80.12039245401385,0.0,80.12,80.12,80.12,80.12,0.0
8aa8b1a24017fff,-22.41737156401031,-41.80678362971625,Virgem Santa,36.32011382021189,0.0,36.32,36.32,36.32,36.32,0.0
8aa8b1a2401ffff,-22.416466549032883,-41.80764182782881,Virgem Santa,42.54253018686106,0.0,42.54,42.54,42.54,42.54,0.0
8aa8b1a24027fff,-22.41868114824937,-41.80856720706103,Virgem Santa,30.0,0.0,30.0,30.0,30.0,30.0,0.0
8aa8b1a2402ffff,-22.417776137175373,-41.80942540459888,Virgem Santa,39.90020903383715,0.0,39.9,39.9,39.9,39.9,0.0
8aa8b1a24037fff,-22.418478862271105,-41.80724631763273,Virgem Santa,30.0,0.0,30.0,30.0,30.0,30.0,0.0
8aa8b1a24047fff,-22.415966073457497,-41.81114179264955,Virgem Santa,57.505748758550865,0.0,53.59,53.59,57.51,57.51,0.0
8aa8b1a2404ffff,-22.415061020815195,-41.81199998316163,Virgem Santa,62.113661952298884,0.0,56.26,56.26,62.11,62.11,0.0
8aa8b1a24057fff,-22.415763802408993,-41.809820907597015,Virgem Santa,54.09931838465035,0.0,51.83,51.83,54.1,54.1,0.0
8aa8b1a22b6ffff,-22.38827858779472,-41.79957495546203,Visconde de Araújo,48.40983371510838,0.0,48.41,48.41,48.41,48.41,0.0
8aa8b1a22b77fff,-22.38898141794219,-41.79739596112449,Visconde de Araújo,53.94044890188935,0.0,53.94,53.94,53.94,53.94,0.0
8aa8b1a22b87fff,-22.388171584313742,-41.79211267751265,Visconde de Araújo,56.33033707296895,0.0,56.33,56.33,56.33,56.33,0.0
8aa8b1a22ba7fff,-22.389279286382212,-41.79257531791596,Visconde de Araújo,60.995487765069065,0.0,61.0,61.0,61.0,61.0,0.0
8aa8b1a22baffff,-22.38837405944313,-41.793433496806806,Visconde de Araújo,54.39824880533644,0.0,54.4,54.4,54.4,54.4,0.0
8aa8b1a22bb7fff,-22.389076806277593,-41.79125449717499,Aroeira,63.34225984263827,0.0,63.34,63.34,63.34,63.34,0.0
8aa8b1a24007fff,-22.41757385617406,-41.808104516628575,Virgem Santa,37.732228872947026,0.0,37.73,37.73,37.73,37.73,0.0
8aa8b1a2400ffff,-22.41666883621977,-41.808962713283464,Virgem Santa,45.73785697531818,0.0,45.74,45.74,45.74,45.74,0.0
8aa8b1a22b0ffff,-22.388778976257626,-41.79607513861413,Visconde de Araújo,55.22675335610978,0.0,55.23,55.23,55.23,55.23,0.0
8aa8b1a22b17fff,-22.38948175533854,-41.7938961397313,Visconde de Araújo,58.87884230747367,0.0,58.88,58.88,58.88,58.88,0.0
8aa8b1a22b1ffff,-22.388576523424515,-41.79475431717444,Visconde de Araújo,54.55967275791992,0.0,54.56,54.56,54.56,54.56,0.0
8aa8b1a22b27fff,-22.390791887821177,-41.79567960969899,Visconde de Araújo,61.88428901855127,0.0,61.88,61.88,61.88,61.88,0.0
8aa8b1a22b2ffff,-22.389886659805292,-41.79653778657954,Visconde de Araújo,57.69875077518884,0.0,57.7,57.7,57.7,57.7,0.0
8aa8b1a22b37fff,-22.390589436187444,-41.794358784290125,Visconde de Araújo,63.713003056299286,0.0,63.71,63.71,63.71,63.71,0.0
8aa8b1a22b47fff,-22.38807616223268,-41.79825413333346,Visconde de Araújo,48.97842297770265,0.0,48.98,48.98,48.98,48.98,0.0
8aa8b1a22b67fff,-22.38918384847798,-41.79871678470411,Visconde de Araújo,52.91192955267447,0.0,52.91,52.91,52.91,52.91,0.0
8aa8b1a22977fff,-22.395317820165353,-41.791388690275326,Granja dos Cavaleiros,95.01280502249514,0.0,91.57,91.57,95.01,95.01,0.0
8aa8b1a22987fff,-22.39450784721071,-41.78610536616408,Aroeira,85.23628391388186,0.0,85.24,85.24,85.24,85.24,0.0
8aa8b1a2298ffff,-22.39360270835074,-41.786963560495565,Aroeira,85.60777159070811,0.0,85.61,85.61,85.61,85.61,0.0
8aa8b1a2299ffff,-22.393400192214962,-41.78564273360979,Aroeira,80.87022886550996,0.0,80.87,80.87,80.87,80.87,0.0
8aa8b1a229affff,-22.394710357174553,-41.78742619557349,Aroeira,90.55967474102269,0.0,90.56,90.56,90.56,90.56,0.0
8aa8b1a22b07fff,-22.389684213146325,-41.795216962619634,Visconde de Araújo,58.903135817424726,0.0,58.9,58.9,58.9,58.9,0.0
8aa8b1a24137fff,-22.42159838806994,-41.807313495261,Virgem Santa,30.0,0.0,30.0,30.0,30.0,30.0,0.0
8aa8b1a24147fff,-22.41908568671673,-41.81120898908872,Virgem Santa,37.305631723941154,0.0,37.31,37.31,37.31,37.31,0.0
8aa8b1a2414ffff,-22.418180665689633,-41.81206718370781,Virgem Santa,49.86439126160215,0.0,49.86,49.86,49.86,49.86,0.0
8aa8b1a24157fff,-22.41888342306467,-41.80988809754683,Virgem Santa,36.43427616135373,0.0,36.43,36.43,36.43,36.43,0.0
8aa8b1a2415ffff,-22.41797840701398,-41.81074629362577,Virgem Santa,43.3305897812515,0.0,43.33,43.33,43.33,43.33,0.0
8aa8b1a24167fff,-22.420192951352,-41.81167168618401,Virgem Santa,36.392476313555704,0.0,36.39,36.39,36.39,36.39,0.0
8aa8b1a2416ffff,-22.419287939205304,-41.81252988168529,Virgem Santa,45.010389745067805,0.0,45.01,45.01,45.01,45.01,0.0
8aa8b1a24177fff,-22.419990693886916,-41.81035079212728,Virgem Santa,30.0,0.0,30.0,30.0,30.0,30.0,0.0
8aa8b1a240effff,-22.41465647750823,-41.809358217031345,Bosque Azul,56.65402655045321,0.0,53.13,53.13,56.65,56.65,0.0
8aa8b1a240f7fff,-22.415359226826574,-41.8071791406618,Bosque Azul,48.20657211511416,0.0,48.21,48.21,48.21,48.21,0.0
8aa8b1a24107fff,-22.42069341359342,-41.80817169836408,Virgem Santa,30.0,0.0,30.0,30.0,30.0,30.0,0.0
8aa8b1a2410ffff,-22.419788425258073,-41.80902989912615,Virgem Santa,30.0,0.0,30.0,30.0,30.0,30.0,0.0
8aa8b1a24117fff,-22.420491128823635,-41.80685080496221,Virgem Santa,30.0,0.0,30.0,30.0,30.0,30.0,0.0
8aa8b1a2411ffff,-22.419586145465722,-41.80770900718202,Virgem Santa,30.0,0.0,30.0,30.0,30.0,30.0,0.0
8aa8b1a24127fff,-22.421800666653475,-41.80863439117884,Virgem Santa,30.0,0.0,30.0,30.0,30.0,30.0,0.0
8aa8b1a2412ffff,-22.420895687199426,-41.80949259282386,Virgem Santa,30.0,0.0,30.0,30.0,30.0,30.0,0.0
8aa8b1a240a7fff,-22.41716926068439,-41.8054627438633,Virgem Santa,30.0,0.0,30.0,30.0,30.0,30.0,0.0
8aa8b1a240affff,-22.4162642506841,-41.806320943432624,Bosque Azul,40.54972123041675,0.0,40.55,40.55,40.55,40.55,0.0
8aa8b1a240b7fff,-22.41696694619654,-41.804141859071144,Bosque Azul,30.0,0.0,30.0,30.0,30.0,30.0,0.0
8aa8b1a240c7fff,-22.414454189112604,-41.80803733555045,Bosque Azul,53.317573480466685,0.0,51.45,51.45,53.32,53.32,0.0
8aa8b1a240cffff,-22.413549137542958,-41.80889552809819,Bosque Azul,62.95312886126829,0.0,56.78,56.78,62.95,62.95,0.0
8aa8b1a240d7fff,-22.41425188955587,-41.8067164551276,Bosque Azul,50.031331462702944,0.0,50.01,50.01,50.03,50.03,0.0
8aa8b1a240dffff,-22.41334684296252,-41.80757464913296,Bosque Azul,59.589828475010385,0.0,54.76,54.76,59.59,59.59,0.0
8aa8b1a240e7fff,-22.415561520198597,-41.80850002360064,Virgem Santa,50.75595851034037,0.0,50.31,50.31,50.76,50.76,0.0
8aa8b1a2405ffff,-22.414858754742518,-41.810679099568866,Virgem Santa,61.02276262069508,0.0,55.6,55.6,61.02,61.02,0.0
8aa8b1a24067fff,-22.41707337710679,-41.81160448736256,Virgem Santa,54.20806540605195,0.0,51.88,51.88,54.21,54.21,0.0
8aa8b1a2406ffff,-22.41616833334387,-41.81246267875683,Virgem Santa,58.55879034092057,0.0,54.17,54.17,58.56,58.56,0.0
8aa8b1a24077fff,-22.416871112244493,-41.81028359979518,Virgem Santa,49.0355267154622,0.0,49.04,49.04,49.04,49.04,0.0
8aa8b1a24087fff,-22.416061941173666,-41.80500006009632,Bosque Azul,36.53307283079936,0.0,36.53,36.53,36.53,36.53,0.0
8aa8b1a2408ffff,-22.415156922293185,-41.805858258781925,Bosque Azul,45.32424401183367,0.0,45.32,45.32,45.32,45.32,0.0
8aa8b1a24097fff,-22.41585962050184,-41.80367917782128,Bosque Azul,30.0,0.0,30.0,30.0,30.0,30.0,0.0
8aa8b1a2409ffff,-22.414954606598673,-41.80453737796242,Bosque Azul,41.877220022214765,0.0,41.88,41.88,41.88,41.88,0.0
8aa8b1a24337fff,-22.415263275726,-41.81332086780822,Virgem Santa,62.860516124597645,0.0,56.72,56.72,62.86,62.86,0.0
8aa8b1a24387fff,-22.412846350562397,-41.8110745968679,Bosque Azul,70.5713764036009,0.0,70.57,70.57,70.57,70.57,0.0
8aa8b1a2438ffff,-22.411941266308467,-41.811932783272994,Bosque Azul,72.18165149935605,0.0,72.18,72.18,72.18,72.18,0.0
8aa8b1a24397fff,-22.41264407211841,-41.80975371830466,Bosque Azul,68.34442342533409,0.0,48.29,48.29,68.34,68.34,0.0
8aa8b1a2439ffff,-22.411738992839744,-41.81061190616947,Bosque Azul,72.25044586248814,0.0,72.25,72.25,72.25,72.25,0.0
8aa8b1a243a7fff,-22.413953693221124,-41.811537289198625,Bosque Azul,68.17952338204111,0.0,48.18,48.18,68.18,68.18,0.0
8aa8b1a243affff,-22.413048617845575,-41.81239547648594,Bosque Azul,72.10451346500285,0.0,72.1,72.1,72.1,72.1,0.0
8aa8b1a243b7fff,-22.41375142096258,-41.81021640812055,Bosque Azul,65.15666609952085,0.0,58.18,58.18,65.16,65.16,0.0
8aa8b1a242dffff,-22.407011128904884,-41.81358194161014,Bosque Azul,72.57020511473898,0.0,71.05,71.05,72.57,72.57,0.0
8aa8b1a242f7fff,-22.4090236718868,-41.81318645571021,Bosque Azul,69.66863253879896,0.0,49.2,49.2,69.67,69.67,0.0
8aa8b1a24307fff,-22.414358204253958,-41.81417905451636,Virgem Santa,66.22486117257603,0.0,66.22,66.22,66.22,66.22,0.0
8aa8b1a2430ffff,-22.41345311892852,-41.815037238880834,Virgem Santa,67.3202046269565,0.0,67.32,67.32,67.32,67.32,0.0
8aa8b1a24317fff,-22.414155954318336,-41.81285817133103,Virgem Santa,68.07513540852442,0.0,48.11,48.11,68.08,68.08,0.0
8aa8b1a2431ffff,-22.41325087396771,-41.81371635715739,Virgem Santa,70.44996012301907,0.0,70.45,70.45,70.45,70.45,0.0
8aa8b1a24327fff,-22.415465519474687,-41.81464175350724,Virgem Santa,64.49587170465442,0.0,57.75,57.75,64.5,64.5,0.0
8aa8b1a2432ffff,-22.414560443027728,-41.815499938753184,Virgem Santa,67.39819082882525,0.0,67.4,67.4,67.4,67.4,0.0
8aa8b1a24287fff,-22.409726518044124,-41.81100740174375,Bosque Azul,77.36882007662024,0.0,77.37,77.37,77.37,77.37,0.0
8aa8b1a2428ffff,-22.40882140218218,-41.811865584041904,Bosque Azul,77.77944595203108,0.0,35.06,35.06,77.78,77.78,0.0
8aa8b1a24297fff,-22.409524232205648,-41.80968652966975,Bosque Azul,80.38075336865771,0.0,80.38,80.38,80.38,80.38,0.0
8aa8b1a2429ffff,-22.408619121318388,-41.81054471342755,Bosque Azul,82.57403806098438,0.0,82.57,82.57,82.57,82.57,0.0
8aa8b1a242a7fff,-22.410833899707733,-41.81147009169225,Bosque Azul,72.06963563273077,0.0,72.07,72.07,72.07,72.07,0.0
8aa8b1a242affff,-22.409928792723157,-41.81232827487261,Bosque Azul,70.10147969571855,0.0,70.1,70.1,70.1,70.1,0.0
8aa8b1a242b7fff,-22.410631620053913,-41.8101492171034,Bosque Azul,76.07235756084741,0.0,76.07,76.07,76.07,76.07,0.0
8aa8b1a242d7fff,-22.407916272468835,-41.8127237639975,Bosque Azul,75.01123902671917,0.0,75.01,75.01,75.01,75.01,0.0
8aa8b1a24187fff,-22.419181552391517,-41.805067226470385,Virgem Santa,30.0,0.0,30.0,30.0,30.0,30.0,0.0
8aa8b1a2418ffff,-22.41827656513012,-41.80592542926331,Virgem Santa,30.0,0.0,30.0,30.0,30.0,30.0,0.0
8aa8b1a24197fff,-22.418979239110186,-41.80374633770569,Virgem Santa,30.0,0.0,30.0,30.0,30.0,30.0,0.0
8aa8b1a2419ffff,-22.418074256826674,-41.80460454195419,Virgem Santa,30.0,0.0,30.0,30.0,30.0,30.0,0.0
8aa8b1a241a7fff,-22.42028883289031,-41.80552991261967,Virgem Santa,30.0,0.0,30.0,30.0,30.0,30.0,0.0
8aa8b1a241affff,-22.419383854510116,-41.806388116296304,Virgem Santa,30.0,0.0,30.0,30.0,30.0,30.0,0.0
8aa8b1a241b7fff,-22.420086525793735,-41.80420902133785,Virgem Santa,30.0,0.0,30.0,30.0,30.0,30.0,0.0
8aa8b1a24237fff,-22.41214352861666,-41.813253661430416,Bosque Azul,71.46184386404472,0.0,71.46,71.46,71.46,71.46,0.0
8aa8b1a244dffff,-22.411930468418255,-41.79832852609367,Cavaleiros,42.365733381461304,0.0,42.37,42.37,42.37,42.37,0.0
8aa8b1a244e7fff,-22.414145232214704,-41.79925386531597,Cavaleiros,30.0,0.0,30.0,30.0,30.0,30.0,0.0
8aa8b1a244effff,-22.41324022436486,-41.80011206893306,Bosque Azul,36.298116699120065,0.0,36.3,36.3,36.3,36.3,0.0
8aa8b1a244f7fff,-22.413942860718514,-41.79793298981928,Cavaleiros,30.0,0.0,30.0,30.0,30.0,30.0,0.0
8aa8b1a24507fff,-22.41927718577989,-41.79892546684586,Cavaleiros,29.275748590127616,0.0,29.28,29.28,29.28,29.28,0.0
8aa8b1a2450ffff,-22.41837223229239,-41.79978367779288,Cavaleiros,30.0,0.0,30.0,30.0,30.0,30.0,0.0
8aa8b1a24517fff,-22.419074822870847,-41.797604580888695,Cavaleiros,28.93317802509493,0.0,28.93,28.93,28.93,28.93,0.0
8aa8b1a2451ffff,-22.41816987436271,-41.79846279328706,Cavaleiros,30.0,0.0,30.0,30.0,30.0,30.0,0.0
8aa8b1a24497fff,-22.414443063301935,-41.79443303172945,Cavaleiros,30.0,0.0,30.0,30.0,30.0,30.0,0.0
8aa8b1a2449ffff,-22.41353808424772,-41.79529124203363,Cavaleiros,30.0,0.0,30.0,30.0,30.0,30.0,0.0
8aa8b1a244a7fff,-22.41575282488354,-41.7962165726732,Cavaleiros,30.0,0.0,30.0,30.0,30.0,30.0,0.0
8aa8b1a244affff,-22.414847849730954,-41.797074782414256,Cavaleiros,30.0,0.0,30.0,30.0,30.0,30.0,0.0
8aa8b1a244b7fff,-22.415550432269477,-41.794895695345815,Cavaleiros,30.0,0.0,30.0,30.0,30.0,30.0,0.0
8aa8b1a244c7fff,-22.413037857846994,-41.798791194887905,Cavaleiros,36.4086148899092,0.0,36.41,36.41,36.41,36.41,0.0
8aa8b1a244cffff,-22.41213284111718,-41.79964939761975,Bosque Azul,42.446645379965155,0.0,42.45,42.45,42.45,42.45,0.0
8aa8b1a244d7fff,-22.412835480169846,-41.79747032191061,Cavaleiros,36.14127298678189,0.0,36.14,36.14,36.14,36.14,0.0
8aa8b1a2444ffff,-22.413644923921705,-41.80275382022133,Bosque Azul,39.81631025122483,0.0,39.82,39.82,39.82,39.82,0.0
8aa8b1a24457fff,-22.414347592551067,-41.80057474188003,Bosque Azul,30.0,0.0,30.0,30.0,30.0,30.0,0.0
8aa8b1a2445ffff,-22.41344257972319,-41.80143294404466,Bosque Azul,36.23992866263413,0.0,36.24,36.24,36.24,36.24,0.0
8aa8b1a24467fff,-22.41565728866889,-41.802358296608915,Bosque Azul,30.0,0.0,30.0,30.0,30.0,30.0,0.0
8aa8b1a2446ffff,-22.414752279743315,-41.80321649820466,Bosque Azul,39.43420128473601,0.0,39.43,39.43,39.43,39.43,0.0
8aa8b1a24477fff,-22.41545494567507,-41.801037416460616,Bosque Azul,30.0,0.0,30.0,30.0,30.0,30.0,0.0
8aa8b1a24487fff,-22.41464546209623,-41.795753906536305,Cavaleiros,30.0,0.0,30.0,30.0,30.0,30.0,0.0
8aa8b1a2448ffff,-22.41374047806277,-41.79661211539136,Cavaleiros,30.0,0.0,30.0,30.0,30.0,30.0,0.0
8aa8b1a24407fff,-22.416157576631086,-41.7988583305384,Cavaleiros,30.0,0.0,30.0,30.0,30.0,30.0,0.0
8aa8b1a2440ffff,-22.415252591520627,-41.79971653737782,Cavaleiros,30.0,0.0,30.0,30.0,30.0,30.0,0.0
8aa8b1a24417fff,-22.4159552063375,-41.79753745107121,Cavaleiros,30.0,0.0,30.0,30.0,30.0,30.0,0.0
8aa8b1a2441ffff,-22.415050226205842,-41.798395659361894,Cavaleiros,30.0,0.0,30.0,30.0,30.0,30.0,0.0
8aa8b1a24427fff,-22.417264911993517,-41.799321003348744,Cavaleiros,30.0,0.0,30.0,30.0,30.0,30.0,0.0
8aa8b1a2442ffff,-22.416359935764042,-41.80017921107339,Cavaleiros,30.0,0.0,30.0,30.0,30.0,30.0,0.0
8aa8b1a24437fff,-22.41706254788167,-41.79800012136215,Cavaleiros,30.0,0.0,30.0,30.0,30.0,30.0,0.0
8aa8b1a24447fff,-22.414549941727362,-41.80189561951006,Bosque Azul,30.0,0.0,30.0,30.0,30.0,30.0,0.0
8aa8b1a24647fff,-22.4082145261143,-41.80790297536633,Bosque Azul,84.04056837749826,0.0,39.89,39.89,84.04,84.04,0.0
8aa8b1a2464ffff,-22.40730941132473,-41.808761159699884,Bosque Azul,86.36278448917318,0.0,86.36,86.36,86.36,86.36,0.0
8aa8b1a24657fff,-22.408012211774526,-41.80658210792225,Bosque Azul,81.90882290988002,0.0,38.22,38.22,81.91,81.91,0.0
8aa8b1a2465ffff,-22.407107101960108,-41.80744029371331,Bosque Azul,86.10523991545666,0.0,86.11,86.11,86.11,86.11,0.0
8aa8b1a24667fff,-22.409321935207963,-41.80836565865202,Bosque Azul,79.51159063022536,0.0,79.51,79.51,79.51,79.51,0.0
8aa8b1a2466ffff,-22.408416829295675,-41.809223843868565,Bosque Azul,84.30692755831745,0.0,84.31,84.31,84.31,84.31,0.0
8aa8b1a24677fff,-22.40911962705135,-41.80704478869197,Bosque Azul,78.07029646526999,0.0,35.28,35.28,78.07,78.07,0.0
8aa8b1a24687fff,-22.40831028284068,-41.80176131945653,Bosque Azul,83.82771721513403,0.0,79.53,79.53,83.83,83.83,0.0
8aa8b1a245b7fff,-22.41867006356786,-41.79496281218319,Cavaleiros,28.62530959579677,0.0,28.63,28.63,28.63,28.63,0.0
8aa8b1a24607fff,-22.409822389843917,-41.804865729319886,Bosque Azul,70.69350350669043,0.0,29.91,29.91,70.69,70.69,0.0
8aa8b1a2460ffff,-22.408917307736054,-41.80572391979099,Bosque Azul,76.64956654693376,0.0,34.22,34.22,76.65,76.65,0.0
8aa8b1a24617fff,-22.40962005439403,-41.80354486002398,Bosque Azul,73.42113893172923,0.0,31.85,31.85,73.42,73.42,0.0
8aa8b1a2461ffff,-22.408714977262342,-41.80440305195049,Bosque Azul,79.93129142831674,0.0,36.7,36.7,79.93,79.93,0.0
8aa8b1a24627fff,-22.4109297873648,-41.80532840832235,Bosque Azul,65.94371840378139,0.0,58.69,58.69,65.94,65.94,0.0
8aa8b1a2462ffff,-22.410024714135112,-41.80618659967718,Bosque Azul,72.12052664560012,0.0,30.92,30.92,72.12,72.12,0.0
8aa8b1a24637fff,-22.410727458097337,-41.80400753650933,Bosque Azul,63.18926630125503,0.0,56.93,56.93,63.19,63.19,0.0
8aa8b1a2456ffff,-22.417871937361035,-41.80328365570678,Bosque Azul,30.0,0.0,30.0,30.0,30.0,30.0,0.0
8aa8b1a24577fff,-22.418574579060362,-41.801104563365534,Cavaleiros,30.0,0.0,30.0,30.0,30.0,30.0,0.0
8aa8b1a24587fff,-22.417765125019287,-41.79582102748147,Cavaleiros,29.7721732384437,0.0,29.77,29.77,29.77,29.77,0.0
8aa8b1a2458ffff,-22.41686017260891,-41.79667924044428,Cavaleiros,30.0,0.0,30.0,30.0,30.0,30.0,0.0
8aa8b1a24597fff,-22.417562733606065,-41.79450014618453,Cavaleiros,29.465472438052032,0.0,29.47,29.47,29.47,29.47,0.0
8aa8b1a2459ffff,-22.416657786175506,-41.79535836059651,Cavaleiros,30.0,0.0,30.0,30.0,30.0,30.0,0.0
8aa8b1a245a7fff,-22.418872448800087,-41.79628369600067,Cavaleiros,28.80837488231282,0.0,28.81,28.81,28.81,28.81,0.0
8aa8b1a245affff,-22.41796750527159,-41.79714190984945,Cavaleiros,29.972056533026535,0.0,29.97,29.97,29.97,29.97,0.0
8aa8b1a24527fff,-22.420384482132476,-41.79938814203851,Cavaleiros,28.64534474168319,0.0,28.65,28.65,28.65,28.65,0.0
8aa8b1a2452ffff,-22.419479537526968,-41.800246353870754,Cavaleiros,29.788838759608527,0.0,29.79,29.79,29.79,29.79,0.0
8aa8b1a24537fff,-22.42018212540595,-41.798067253561946,Cavaleiros,28.124729498041194,0.0,28.12,28.12,28.12,28.12,0.0
8aa8b1a24547fff,-22.41766960673346,-41.80196277052246,Bosque Azul,30.0,0.0,30.0,30.0,30.0,30.0,0.0
8aa8b1a2454ffff,-22.416764620547024,-41.80282097534118,Bosque Azul,30.0,0.0,30.0,30.0,30.0,30.0,0.0
8aa8b1a24557fff,-22.417467264944197,-41.80064188640265,Cavaleiros,30.0,0.0,30.0,30.0,30.0,30.0,0.0
8aa8b1a2455ffff,-22.416562283736106,-41.801500092674786,Bosque Azul,30.0,0.0,30.0,30.0,30.0,30.0,0.0
8aa8b1a24567fff,-22.41877691466638,-41.802425450003604,Virgem Santa,30.0,0.0,30.0,30.0,30.0,30.0,0.0
8aa8b1a24767fff,-22.412441782513884,-41.808432840797636,Bosque Azul,66.71221481690102,0.0,47.2,47.2,66.71,66.71,0.0
8aa8b1a2476ffff,-22.41153670821076,-41.80929103012124,Bosque Azul,72.92372227985253,0.0,72.92,72.92,72.92,72.92,0.0
8aa8b1a24777fff,-22.412239481749076,-41.80711196434822,Bosque Azul,63.75171111311625,0.0,57.28,57.28,63.75,63.75,0.0
8aa8b1a24787fff,-22.411430167092192,-41.80182846915475,Bosque Azul,57.677302706308595,0.0,53.68,53.68,57.68,57.68,0.0
8aa8b1a2478ffff,-22.410525117670907,-41.802686665758614,Bosque Azul,67.99974925367749,0.0,48.06,48.06,68.0,68.0,0.0
8aa8b1a24797fff,-22.411227810529848,-41.80050759801445,Bosque Azul,57.31009862782058,0.0,53.48,53.48,57.31,57.31,0.0
8aa8b1a2479ffff,-22.410322766085756,-41.80136579607162,Bosque Azul,67.51929192947782,0.0,47.74,47.74,67.52,67.52,0.0
8aa8b1a247a7fff,-22.412537553037748,-41.802291143871344,Bosque Azul,44.79504137492372,0.0,44.8,44.8,44.8,44.8,0.0
8aa8b1a2471ffff,-22.41183484673965,-41.80447021462785,Bosque Azul,55.95512091943338,0.0,52.76,52.76,55.96,55.96,0.0
8aa8b1a24727fff,-22.41404957883831,-41.805395575764194,Bosque Azul,47.04862082484239,0.0,47.05,47.05,47.05,47.05,0.0
8aa8b1a2472ffff,-22.413144537221516,-41.80625377122627,Bosque Azul,56.8566508810467,0.0,53.24,53.24,56.86,56.86,0.0
8aa8b1a24737fff,-22.413847256960175,-41.80407469746163,Bosque Azul,43.35163861069524,0.0,43.35,43.35,43.35,43.35,0.0
8aa8b1a24747fff,-22.411334412421766,-41.80797015512971,Bosque Azul,71.4866854853694,0.0,30.47,30.47,71.49,71.49,0.0
8aa8b1a2474ffff,-22.410429329240365,-41.80882834357034,Bosque Azul,76.38326898817684,0.0,76.38,76.38,76.38,76.38,0.0
8aa8b1a24757fff,-22.411132105473037,-41.80664928119627,Bosque Azul,68.65227156584469,0.0,48.5,48.5,68.65,68.65,0.0
8aa8b1a2475ffff,-22.410227027267347,-41.80750747109447,Bosque Azul,75.2360332049459,0.0,75.24,75.24,75.24,75.24,0.0
8aa8b1a246d7fff,-22.406500106920046,-41.80347770211108,Bosque Azul,91.31472229772194,0.0,90.25,90.25,91.31,91.31,0.0
8aa8b1a246dffff,-22.40559499817948,-41.80433588993033,Bosque Azul,94.10081873166887,0.0,94.1,94.1,94.1,94.1,0.0
8aa8b1a246e7fff,-22.40780988627661,-41.80526124153774,Bosque Azul,85.03141059982507,0.0,40.67,40.67,85.03,85.03,0.0
8aa8b1a246effff,-22.40690478143761,-41.80611942878538,Bosque Azul,88.45391129960889,0.0,88.45,88.45,88.45,88.45,0.0
8aa8b1a246f7fff,-22.407607549620806,-41.8039403762142,Bosque Azul,85.69598396258633,0.0,41.2,41.2,85.7,85.7,0.0
8aa8b1a24707fff,-22.412942220320218,-41.80493289437949,Bosque Azul,50.530165746814205,0.0,50.22,50.22,50.53,50.53,0.0
8aa8b1a2470ffff,-22.41203716982425,-41.805791088957825,Bosque Azul,60.404606509320956,0.0,55.24,55.24,60.4,60.4,0.0
8aa8b1a24717fff,-22.412739892258873,-41.803612018594045,Bosque Azul,47.22563392588647,0.0,47.23,47.23,47.23,47.23,0.0
8aa8b1a2468ffff,-22.40740520180737,-41.802619511953026,Bosque Azul,87.93857328750356,0.0,87.94,87.94,87.94,87.94,0.0
8aa8b1a24697fff,-22.408107918893258,-41.800440454805894,Bosque Azul,90.18129093135562,0.0,44.81,44.81,90.18,90.18,0.0
8aa8b1a2469ffff,-22.40720284283657,-41.80129864875563,Bosque Azul,92.98110512322528,0.0,92.98,92.98,92.98,92.98,0.0
8aa8b1a246a7fff,-22.409417707785707,-41.80222399179088,Bosque Azul,75.44585509945999,0.0,33.33,33.33,75.45,75.45,0.0
8aa8b1a246affff,-22.40851263563046,-41.803082185171874,Bosque Azul,80.73280385242309,0.0,37.31,37.31,80.73,80.73,0.0
8aa8b1a246b7fff,-22.409215350019203,-41.800903124621975,Bosque Azul,79.48929877158125,0.0,36.36,36.36,79.49,79.49,0.0
8aa8b1a246c7fff,-22.406702449757503,-41.804798564917505,Bosque Azul,89.23570499681335,0.0,86.66,86.66,89.24,89.24,0.0
8aa8b1a246cffff,-22.40579733604134,-41.805656751281404,Bosque Azul,91.23594022457382,0.0,91.24,91.24,91.24,91.24,0.0
8aa8b1a248cffff,-22.42130020091905,-41.81213438491157,Virgem Santa,30.0,0.0,30.0,30.0,30.0,30.0,0.0
8aa8b1a248d7fff,-22.422002934072694,-41.809955288154114,Virgem Santa,30.0,0.0,30.0,30.0,30.0,30.0,0.0
8aa8b1a248dffff,-22.42109794964139,-41.81081348834016,Virgem Santa,30.0,0.0,30.0,30.0,30.0,30.0,0.0
8aa8b1a248e7fff,-22.423312415944025,-41.81173888566302,Virgem Santa,30.0,0.0,30.0,30.0,30.0,30.0,0.0
8aa8b1a248effff,-22.422407435417142,-41.81259708527135,Virgem Santa,30.0,0.0,30.0,30.0,30.0,30.0,0.0
8aa8b1a248f7fff,-22.423110165877134,-41.81041798511687,Virgem Santa,30.0,0.0,30.0,30.0,30.0,30.0,0.0
8aa8b1a24907fff,-22.428443868551806,-41.81141058235144,Virgem Santa,27.96332550828433,0.0,27.96,27.96,27.96,27.96,0.0
8aa8b1a2490ffff,-22.427538942391916,-41.8122687892918,Virgem Santa,29.11810050715811,0.0,29.12,29.12,29.12,29.12,0.0
8aa8b1a24887fff,-22.42381286135795,-41.808238880756974,Virgem Santa,30.0,0.0,30.0,30.0,30.0,30.0,0.0
8aa8b1a2488ffff,-22.42290790464514,-41.80909708562626,Virgem Santa,30.0,0.0,30.0,30.0,30.0,30.0,0.0
8aa8b1a24897fff,-22.42361058398309,-41.80691798086551,Virgem Santa,29.876457566465252,0.0,29.88,29.88,29.88,29.88,0.0
8aa8b1a2489ffff,-22.422705632248288,-41.8077761871926,Virgem Santa,30.0,0.0,30.0,30.0,30.0,30.0,0.0
8aa8b1a248a7fff,-22.424920075398177,-41.80870157595407,Virgem Santa,29.705066077164233,0.0,29.71,29.71,29.71,29.71,0.0
8aa8b1a248affff,-22.424015127567678,-41.8095597817063,Virgem Santa,30.0,0.0,30.0,30.0,30.0,30.0,0.0
8aa8b1a248b7fff,-22.424717804210342,-41.80738067354662,Virgem Santa,29.059693326870356,0.0,29.06,29.06,29.06,29.06,0.0
8aa8b1a248c7fff,-22.422205190327333,-41.811276186185424,Virgem Santa,30.0,0.0,30.0,30.0,30.0,30.0,0.0
8aa8b1a24837fff,-22.426229528202427,-41.81048517876397,Virgem Santa,29.569216551847223,0.0,29.57,29.57,29.57,29.57,0.0
8aa8b1a24847fff,-22.423716882581434,-41.81438068991631,Virgem Santa,30.0,0.0,30.0,30.0,30.0,30.0,0.0
8aa8b1a2484ffff,-22.42281189210123,-41.81523888660146,Virgem Santa,30.0,0.0,30.0,30.0,30.0,30.0,0.0
8aa8b1a24857fff,-22.423514654845544,-41.8130597872633,Virgem Santa,30.0,0.0,30.0,30.0,30.0,30.0,0.0
8aa8b1a2485ffff,-22.42260966934186,-41.8139179854105,Virgem Santa,30.0,0.0,30.0,30.0,30.0,30.0,0.0
8aa8b1a24867fff,-22.424824080750138,-41.81484339605409,Virgem Santa,30.0,0.0,30.0,30.0,30.0,30.0,0.0
8aa8b1a2486ffff,-22.423919099151448,-41.81570159362066,Virgem Santa,30.0,0.0,30.0,30.0,30.0,30.0,0.0
8aa8b1a24877fff,-22.424621859203512,-41.813522490887365,Virgem Santa,30.0,0.0,30.0,30.0,30.0,30.0,0.0
8aa8b1a247affff,-22.411632512495544,-41.803149341359685,Bosque Azul,52.98876081790886,0.0,51.3,51.3,52.99,52.99,0.0
8aa8b1a247b7fff,-22.4123352026571,-41.80097027021277,Bosque Azul,42.27990477727342,0.0,42.28,42.28,42.28,42.28,0.0
8aa8b1a24807fff,-22.425324584276602,-41.81134338393966,Virgem Santa,30.0,0.0,30.0,30.0,30.0,30.0,0.0
8aa8b1a2480ffff,-22.424419626490717,-41.81220158677289,Virgem Santa,30.0,0.0,30.0,30.0,30.0,30.0,0.0
8aa8b1a24817fff,-22.42512233542035,-41.810022479418876,Virgem Santa,30.0,0.0,30.0,30.0,30.0,30.0,0.0
8aa8b1a2481ffff,-22.42421738261202,-41.81088068371207,Virgem Santa,30.0,0.0,30.0,30.0,30.0,30.0,0.0
8aa8b1a24827fff,-22.426431770870145,-41.81180608579959,Virgem Santa,30.0,0.0,30.0,30.0,30.0,30.0,0.0
8aa8b1a2482ffff,-22.42552682196667,-41.812664289515,Virgem Santa,30.0,0.0,30.0,30.0,30.0,30.0,0.0
8aa8b1a24a2ffff,-22.41919179161455,-41.818671649896594,Virgem Santa,48.004207252047905,0.0,48.0,48.0,48.0,48.0,0.0
8aa8b1a24a37fff,-22.419894629687505,-41.816492565789105,Virgem Santa,46.03258046840016,0.0,46.03,46.03,46.03,46.03,0.0
8aa8b1a24a47fff,-22.417381658242583,-41.820388017471615,Virgem Santa,47.16203999813307,0.0,47.16,47.16,47.16,47.16,0.0
8aa8b1a24a57fff,-22.417179465334502,-41.81906712506532,Virgem Santa,52.93304126053368,0.0,51.27,51.27,52.93,52.93,0.0
8aa8b1a24a67fff,-22.41848891857343,-41.820850729774854,Virgem Santa,44.196614499195675,0.0,44.2,44.2,44.2,44.2,0.0
8aa8b1a24a6ffff,-22.41758383998671,-41.821708910922844,Virgem Santa,43.83303440451819,0.0,43.83,43.83,43.83,43.83,0.0
8aa8b1a24a77fff,-22.418286731855304,-41.819529834857136,Virgem Santa,47.55269198196139,0.0,47.55,47.55,47.55,47.55,0.0
8aa8b1a24a87fff,-22.417477873343095,-41.81424626565867,Virgem Santa,56.60697446214071,0.0,53.11,53.11,56.61,56.61,0.0
8aa8b1a249a7fff,-22.42803937447077,-41.808768761386716,Virgem Santa,27.175379087732203,0.0,27.18,27.18,27.18,27.18,0.0
8aa8b1a249affff,-22.427134458267407,-41.80962697124619,Virgem Santa,28.372765358783326,0.0,28.37,28.37,28.37,28.37,0.0
8aa8b1a249b7fff,-22.42783711067961,-41.80744785248961,Virgem Santa,26.691204737116873,0.0,26.69,26.69,26.69,26.69,0.0
8aa8b1a24a07fff,-22.41898958875754,-41.81735075455971,Virgem Santa,51.0086400343061,0.0,50.42,50.42,51.01,51.01,0.0
8aa8b1a24a0ffff,-22.418084533972944,-41.818208940985244,Virgem Santa,53.53525422609734,0.0,51.55,51.55,53.54,53.54,0.0
8aa8b1a24a17fff,-22.41878737473629,-41.816029860271,Virgem Santa,52.6252959052229,0.0,51.13,51.13,52.63,52.63,0.0
8aa8b1a24a1ffff,-22.417882324926623,-41.81688804816061,Virgem Santa,56.6376332866698,0.0,53.12,53.12,56.64,56.64,0.0
8aa8b1a24a27fff,-22.420096837519544,-41.81781346259038,Virgem Santa,45.68378495528035,0.0,45.68,45.68,45.68,45.68,0.0
8aa8b1a2495ffff,-22.42572904849031,-41.813985196143506,Virgem Santa,30.0,0.0,30.0,30.0,30.0,30.0,0.0
8aa8b1a24967fff,-22.427943381847427,-41.81491061155176,Virgem Santa,29.414939159799335,0.0,29.41,29.41,29.41,29.41,0.0
8aa8b1a2496ffff,-22.427038431872006,-41.81576881322529,Virgem Santa,30.0,0.0,30.0,30.0,30.0,30.0,0.0
8aa8b1a24977fff,-22.427741167703424,-41.81358969989569,Virgem Santa,29.335043430390574,0.0,29.34,29.34,29.34,29.34,0.0
8aa8b1a24987fff,-22.42693219945492,-41.80830606380728,Virgem Santa,27.844780086941036,0.0,27.84,27.84,27.84,27.84,0.0
8aa8b1a2498ffff,-22.426027274368245,-41.80916427278382,Virgem Santa,29.042539899873333,0.0,29.04,29.04,29.04,29.04,0.0
8aa8b1a24997fff,-22.42672992947597,-41.806985157426155,Virgem Santa,27.271134012590498,0.0,27.27,27.27,27.27,27.27,0.0
8aa8b1a2499ffff,-22.42582500936787,-41.807843367860556,Virgem Santa,28.479041329207565,0.0,28.48,28.48,28.48,28.48,0.0
8aa8b1a24917fff,-22.42824162709492,-41.810089671341125,Virgem Santa,27.611998074774185,0.0,27.61,27.61,27.61,27.61,0.0
8aa8b1a2491ffff,-22.427336705913152,-41.810947879741505,Virgem Santa,28.78459963106343,0.0,28.78,28.78,28.78,28.78,0.0
8aa8b1a24927fff,-22.429551016117635,-41.81187328659372,Virgem Santa,27.080905836500484,0.0,27.08,27.08,27.08,27.08,0.0
8aa8b1a2492ffff,-22.428646098841167,-41.812731494416255,Virgem Santa,28.192297048603116,0.0,28.19,28.19,28.19,28.19,0.0
8aa8b1a24937fff,-22.429348780850056,-41.81055237306856,Virgem Santa,26.875395538955964,0.0,26.88,26.88,26.88,26.88,0.0
8aa8b1a24947fff,-22.42683622270519,-41.81444790303165,Virgem Santa,30.0,0.0,30.0,30.0,30.0,30.0,0.0
8aa8b1a2494ffff,-22.425931263847243,-41.81530610382376,Virgem Santa,30.0,0.0,30.0,30.0,30.0,30.0,0.0
8aa8b1a24957fff,-22.426634002371152,-41.813126993889284,Virgem Santa,30.0,0.0,30.0,30.0,30.0,30.0,0.0
8aa8b1a24b77fff,-22.42140626168895,-41.81959707261343,Virgem Santa,39.50624949585021,0.0,39.51,39.51,39.51,39.51,0.0
8aa8b1a24b87fff,-22.420597432789833,-41.81431347745866,Virgem Santa,40.673912442216405,0.0,40.67,40.67,40.67,40.67,0.0
8aa8b1a24b8ffff,-22.41969241069095,-41.81517167003689,Virgem Santa,46.273302037241095,0.0,46.27,46.27,46.27,46.27,0.0
8aa8b1a24b97fff,-22.420395197653058,-41.812992581294935,Virgem Santa,40.86582915713819,0.0,40.87,40.87,40.87,40.87,0.0
8aa8b1a24b9ffff,-22.41949018053013,-41.813850775335155,Virgem Santa,46.199121680411125,0.0,46.2,46.2,46.2,46.2,0.0
8aa8b1a24ba7fff,-22.421704669980446,-41.814776181214114,Virgem Santa,30.0,0.0,30.0,30.0,30.0,30.0,0.0
8aa8b1a24baffff,-22.420799656762068,-41.81563437467378,Virgem Santa,40.44896778004387,0.0,40.45,40.45,40.45,40.45,0.0
8aa8b1a24bb7fff,-22.421502441032153,-41.81345528253669,Virgem Santa,30.0,0.0,30.0,30.0,30.0,30.0,0.0
8aa8b1a24b2ffff,-22.42231128983383,-41.8187388835462,Virgem Santa,30.0,0.0,30.0,30.0,30.0,30.0,0.0
8aa8b1a24b37fff,-22.42301410369498,-41.81655978884285,Virgem Santa,30.0,0.0,30.0,30.0,30.0,30.0,0.0
8aa8b1a24b47fff,-22.420501219689015,-41.820455259334565,Virgem Santa,39.07899265085938,0.0,39.08,39.08,39.08,39.08,0.0
8aa8b1a24b4ffff,-22.419596163834804,-41.82131344370922,Virgem Santa,38.98721737803314,0.0,38.99,38.99,38.99,38.99,0.0
8aa8b1a24b57fff,-22.420299034186797,-41.81913436043934,Virgem Santa,44.72707113892426,0.0,44.73,44.73,44.73,44.73,0.0
8aa8b1a24b5ffff,-22.419393983307053,-41.81999254628023,Virgem Santa,44.40347653921289,0.0,44.4,44.4,44.4,44.4,0.0
8aa8b1a24b67fff,-22.42160844100045,-41.82091797402009,Virgem Santa,30.0,0.0,30.0,30.0,30.0,30.0,0.0
8aa8b1a24b6ffff,-22.42070339402594,-41.82177615927466,Virgem Santa,30.0,0.0,30.0,30.0,30.0,30.0,0.0
8aa8b1a24adffff,-22.414762670639398,-41.81682082404012,Virgem Santa,67.82180623069962,0.0,67.82,67.82,67.82,67.82,0.0
8aa8b1a24ae7fff,-22.41697726126273,-41.81774623370535,Virgem Santa,59.79020225734768,0.0,54.88,54.88,59.79,59.79,0.0
8aa8b1a24af7fff,-22.416775046027517,-41.816425343393114,Virgem Santa,62.63582796634432,0.0,56.58,56.58,62.64,62.64,0.0
8aa8b1a24b07fff,-22.42210909438154,-41.81741798172027,Virgem Santa,30.0,0.0,30.0,30.0,30.0,30.0,0.0
8aa8b1a24b0ffff,-22.421204071211882,-41.81827617225257,Virgem Santa,40.043957751749424,0.0,40.04,40.04,40.04,40.04,0.0
8aa8b1a24b17fff,-22.421906887763658,-41.81609708094244,Virgem Santa,30.0,0.0,30.0,30.0,30.0,30.0,0.0
8aa8b1a24b1ffff,-22.4210018695695,-41.81695527293887,Virgem Santa,40.328939244220216,0.0,40.33,40.33,40.33,40.33,0.0
8aa8b1a24b27fff,-22.423216304122874,-41.817880692133244,Virgem Santa,30.0,0.0,30.0,30.0,30.0,30.0,0.0
8aa8b1a24a8ffff,-22.41657281962914,-41.81510445413001,Virgem Santa,61.35481340192701,0.0,55.8,55.8,61.35,61.35,0.0
8aa8b1a24a97fff,-22.417275630806408,-41.81292537598418,Virgem Santa,55.66926442877348,0.0,52.61,52.61,55.67,55.67,0.0
8aa8b1a24a9ffff,-22.416370582067835,-41.813783565917454,Virgem Santa,59.96965991808276,0.0,54.98,54.98,59.97,59.97,0.0
8aa8b1a24aa7fff,-22.418585149551046,-41.814708967031834,Virgem Santa,53.211725381895945,0.0,51.4,51.4,53.21,53.21,0.0
8aa8b1a24aaffff,-22.41768010471658,-41.81556715638462,Virgem Santa,58.12289572223377,0.0,53.93,53.93,58.12,58.12,0.0
8aa8b1a24ab7fff,-22.418382913202073,-41.813388074843644,Virgem Santa,51.78026555285613,0.0,50.75,50.75,51.78,51.78,0.0
8aa8b1a24ac7fff,-22.415869973484632,-41.81728352805696,Virgem Santa,65.77766986964416,0.0,65.78,65.78,65.78,65.78,0.0
8aa8b1a24ad7fff,-22.415667752060976,-41.81596264025728,Virgem Santa,66.45361806415964,0.0,66.45,66.45,66.45,66.45,0.0
8aa8b1a24cdffff,-22.4196818781118,-41.80156724196199,Virgem Santa,30.0,0.0,30.0,30.0,30.0,30.0,0.0
8aa8b1a24ce7fff,-22.42189643101751,-41.80249260405542,Virgem Santa,29.19310995658074,0.0,29.19,29.19,29.19,29.19,0.0
8aa8b1a24ceffff,-22.42099148533599,-41.803350813866075,Virgem Santa,30.0,0.0,30.0,30.0,30.0,30.0,0.0
8aa8b1a24cf7fff,-22.421694102800274,-41.801171710927505,Virgem Santa,28.600900427846142,0.0,28.6,28.6,28.6,28.6,0.0
8aa8b1a24d07fff,-22.42702794385005,-41.802164227502345,Costa do Sol,24.806828962496873,0.0,24.81,24.81,24.81,24.81,0.0
8aa8b1a24d0ffff,-22.426123052542838,-41.80302244464359,Virgem Santa,25.880885085944684,0.0,25.88,25.88,25.88,25.88,0.0
8aa8b1a24d17fff,-22.426825624227725,-41.80084332391282,Costa do Sol,24.42888311278469,0.0,24.43,24.43,24.43,24.43,0.0
8aa8b1a24d1ffff,-22.425920737900565,-41.80170154250768,Costa do Sol,25.500730623924227,0.0,25.5,25.5,25.5,25.5,0.0
8aa8b1a24c97fff,-22.422194329757154,-41.797671711363094,Cavaleiros,26.42168539972875,0.0,26.42,26.42,26.42,26.42,0.0
8aa8b1a24c9ffff,-22.421289412876135,-41.798529927869154,Cavaleiros,27.52439079261777,0.0,27.52,27.52,27.52,27.52,0.0
8aa8b1a24ca7fff,-22.423503942618865,-41.799455281385264,Costa do Sol,26.275688495195983,0.0,26.28,26.28,26.28,26.28,0.0
8aa8b1a24caffff,-22.4225990296409,-41.80031349732515,Cavaleiros,27.42589653547335,0.0,27.43,27.43,27.43,27.43,0.0
8aa8b1a24cb7fff,-22.423301593278616,-41.79813438641868,Praia Campista,25.746962082413983,0.0,25.75,25.75,25.75,25.75,0.0
8aa8b1a24cc7fff,-22.42078916209776,-41.80202992219197,Virgem Santa,29.838694595444927,0.0,29.84,29.84,29.84,29.84,0.0
8aa8b1a24ccffff,-22.41988420753414,-41.80288813111815,Virgem Santa,30.0,0.0,30.0,30.0,30.0,30.0,0.0
8aa8b1a24cd7fff,-22.420586827696507,-41.800709031582315,Cavaleiros,29.08321699425586,0.0,29.08,29.08,29.08,29.08,0.0
8aa8b1a24c4ffff,-22.421396098322337,-41.805992600401986,Virgem Santa,30.0,0.0,30.0,30.0,30.0,30.0,0.0
8aa8b1a24c57fff,-22.4220987480712,-41.803813498247294,Virgem Santa,29.655904385210853,0.0,29.66,29.66,29.66,29.66,0.0
8aa8b1a24c5ffff,-22.421193797410936,-41.80467170660321,Virgem Santa,30.0,0.0,30.0,30.0,30.0,30.0,0.0
8aa8b1a24c67fff,-22.423408295443362,-41.80559708203331,Virgem Santa,29.351154887593587,0.0,29.35,29.35,29.35,29.35,0.0
8aa8b1a24c6ffff,-22.42250334868684,-41.806455289817286,Virgem Santa,30.0,0.0,30.0,30.0,30.0,30.0,0.0
8aa8b1a24c77fff,-22.423205995739018,-41.80427618426177,Virgem Santa,28.87350676191837,0.0,28.87,28.87,28.87,28.87,0.0
8aa8b1a24c87fff,-22.422396685280688,-41.79899260381028,Cavaleiros,26.795724930442606,0.0,26.8,26.8,26.8,26.8,0.0
8aa8b1a24c8ffff,-22.421491763419727,-41.799850818864954,Cavaleiros,27.905297103557537,0.0,27.91,27.91,27.91,27.91,0.0
8aa8b1a24c07fff,-22.423908607807533,-41.80209707451859,Virgem Santa,27.313852759003954,0.0,27.31,27.31,27.31,27.31,0.0
8aa8b1a24c0ffff,-22.423003684870316,-41.802955287552294,Virgem Santa,28.462922718352797,0.0,28.46,28.46,28.46,28.46,0.0
8aa8b1a24c17fff,-22.42370628079525,-41.80077617741904,Costa do Sol,26.830637967384597,0.0,26.83,26.83,26.83,26.83,0.0
8aa8b1a24c1ffff,-22.422801362837525,-41.80163439190628,Virgem Santa,27.982717486836478,0.0,27.98,27.98,27.98,27.98,0.0
8aa8b1a24c27fff,-22.42501583770955,-41.802559758764374,Virgem Santa,26.585651218625788,0.0,26.59,26.59,26.59,26.59,0.0
8aa8b1a24c2ffff,-22.42411092365544,-41.80341797268253,Virgem Santa,27.718631643161995,0.0,27.72,27.72,27.72,27.72,0.0
8aa8b1a24c37fff,-22.42481351688206,-41.801238859146565,Costa do Sol,26.156225865419025,0.0,26.16,26.16,26.16,26.16,0.0
8aa8b1a24c47fff,-22.422301053961064,-41.80513439350171,Virgem Santa,30.0,0.0,30.0,30.0,30.0,30.0,0.0
8aa8b1a25467fff,-22.40440150390819,-41.82361895354306,Bosque Azul,59.33383424352318,0.0,59.33,59.33,59.33,59.33,0.0
8aa8b1a25477fff,-22.404199308674826,-41.822298086470695,Bosque Azul,64.46737562841518,0.0,64.47,64.47,64.47,64.47,0.0
8aa8b1a25487fff,-22.403390416158494,-41.817014628623795,Bosque Azul,77.18653941887274,0.0,77.19,77.19,77.19,77.19,0.0
8aa8b1a2548ffff,-22.402485203353145,-41.81787279451609,Nova Holanda,76.68982985898502,0.0,76.69,76.69,76.69,76.69,0.0
8aa8b1a25497fff,-22.40318816513497,-41.81569376677972,Bosque Azul,77.48143618133992,0.0,77.48,77.48,77.48,77.48,0.0
8aa8b1a2549ffff,-22.402282957301686,-41.8165519341358,Nova Holanda,79.08095822591376,0.0,79.08,79.08,79.08,79.08,0.0
8aa8b1a254affff,-22.4035926560245,-41.81833549151632,Bosque Azul,74.91814663423399,0.0,74.92,74.92,74.92,74.92,0.0
8aa8b1a254b7fff,-22.404295615117128,-41.816156460386665,Bosque Azul,73.08733869044062,0.0,73.09,73.09,73.09,73.09,0.0
8aa8b1a24db7fff,-22.426420951486953,-41.79820151993235,Costa do Sol,23.543963175258405,0.0,23.54,23.54,23.54,23.54,0.0
8aa8b1a25407fff,-22.40490231615722,-41.82011905659911,Bosque Azul,66.57738890007576,0.0,66.58,66.58,66.58,66.58,0.0
8aa8b1a2540ffff,-22.40399710228293,-41.82097722044118,Bosque Azul,66.35408386508519,0.0,66.35,66.35,66.35,66.35,0.0
8aa8b1a25417fff,-22.404700093635412,-41.818798190147916,Bosque Azul,72.7000431138585,0.0,72.7,72.7,72.7,72.7,0.0
8aa8b1a2541ffff,-22.403794884732733,-41.81965635545592,Bosque Azul,71.60022538944317,0.0,71.6,71.6,71.6,71.6,0.0
8aa8b1a2542ffff,-22.405104527520454,-41.82143992409547,Bosque Azul,64.29041634159385,0.0,64.29,64.29,64.29,64.29,0.0
8aa8b1a25447fff,-22.403294075983993,-41.82315624649874,Bosque Azul,63.696871818332646,0.0,63.7,63.7,63.7,63.7,0.0
8aa8b1a25457fff,-22.403091874563046,-41.821835381936665,Bosque Azul,66.78953353151783,0.0,66.79,66.79,66.79,66.79,0.0
8aa8b1a24d6ffff,-22.42562273320155,-41.80652246399558,Virgem Santa,27.87044805976438,0.0,27.87,27.87,27.87,27.87,0.0
8aa8b1a24d77fff,-22.426325356019667,-41.8043433478429,Virgem Santa,26.379313959535583,0.0,26.38,26.38,26.38,26.38,0.0
8aa8b1a24d87fff,-22.42551607512074,-41.7990597414317,Costa do Sol,24.600501915896476,0.0,24.6,24.6,24.6,24.6,0.0
8aa8b1a24d8ffff,-22.42461118488992,-41.799917960594044,Costa do Sol,25.684339904138348,0.0,25.68,25.68,25.68,25.68,0.0
8aa8b1a24d97fff,-22.425313726983696,-41.797738842494425,Costa do Sol,24.05836839307506,0.0,24.06,24.06,24.06,24.06,0.0
8aa8b1a24d9ffff,-22.42440884173339,-41.79859706310823,Costa do Sol,25.144476574808376,0.0,25.14,25.14,25.14,25.14,0.0
8aa8b1a24da7fff,-22.42662329343994,-41.79952242138902,Costa do Sol,24.01184604488586,0.0,24.01,24.01,24.01,24.01,0.0
8aa8b1a24daffff,-22.42571841209312,-41.80038064143658,Costa do Sol,25.062147770092906,0.0,25.06,25.06,25.06,25.06,0.0
8aa8b1a24d27fff,-22.428135134729764,-41.802626914130485,Costa do Sol,24.155565034535233,0.0,24.16,24.16,24.16,24.16,0.0
8aa8b1a24d2ffff,-22.42723025230666,-41.80348513215618,Costa do Sol,25.253430699920358,0.0,25.25,25.25,25.25,25.25,0.0
8aa8b1a24d37fff,-22.427932821293,-41.801306008022706,Costa do Sol,23.77274506612682,0.0,23.77,23.77,23.77,23.77,0.0
8aa8b1a24d47fff,-22.425420445869552,-41.80520156119029,Virgem Santa,27.506389556344402,0.0,27.51,27.51,27.51,27.51,0.0
8aa8b1a24d4ffff,-22.424515521857103,-41.806059772197955,Virgem Santa,28.685730167718145,0.0,28.69,28.69,28.69,28.69,0.0
8aa8b1a24d57fff,-22.42521814737214,-41.80388065944609,Virgem Santa,26.97478709733549,0.0,26.97,26.97,26.97,26.97,0.0
8aa8b1a24d5ffff,-22.42431322833872,-41.80473887190945,Virgem Santa,28.142154759632838,0.0,28.14,28.14,28.14,28.14,0.0
8aa8b1a24d67fff,-22.426527648330794,-41.80566425210423,Virgem Santa,26.76456833766497,0.0,26.76,26.76,26.76,26.76,0.0
8aa8b1a2606ffff,-22.405583569435915,-41.79073178164058,Glória,69.52887278050888,0.0,49.1,49.1,69.53,69.53,0.0
8aa8b1a26077fff,-22.406286141315064,-41.78855272109247,Glória,44.58053406778454,0.0,44.58,44.58,44.58,44.58,0.0
8aa8b1a260affff,-22.40567868132198,-41.78459016255435,Glória,30.0,0.0,30.0,30.0,30.0,30.0,0.0
8aa8b1a260c7fff,-22.40386863483181,-41.78630658285826,Glória,37.05265818066002,0.0,37.05,37.05,37.05,37.05,0.0
8aa8b1a260cffff,-22.402963590799178,-41.78716478951368,Glória,66.52298313032145,0.0,59.07,59.07,66.52,66.52,0.0
8aa8b1a260d7fff,-22.403666135818597,-41.7849857350595,Glória,36.888958955144545,0.0,36.89,36.89,36.89,36.89,0.0
8aa8b1a260dffff,-22.40276109676543,-41.785843943157445,Glória,43.218712253541305,0.0,43.22,43.22,43.22,43.22,0.0
8aa8b1a260e7fff,-22.404976157845397,-41.786769224194416,Glória,36.340644358438055,0.0,36.34,36.34,36.34,36.34,0.0
8aa8b1a26027fff,-22.408096162247933,-41.78683630012077,Cavaleiros,30.0,0.0,30.0,30.0,30.0,30.0,0.0
8aa8b1a2602ffff,-22.407191158711157,-41.787694511772514,Cavaleiros,30.0,0.0,30.0,30.0,30.0,30.0,0.0
8aa8b1a26037fff,-22.40789367677838,-41.785515443307716,Cavaleiros,30.0,0.0,30.0,30.0,30.0,30.0,0.0
8aa8b1a26047fff,-22.405381110060436,-41.789410928080265,Glória,54.807741229365135,0.0,52.18,52.18,54.81,54.81,0.0
8aa8b1a2604ffff,-22.404476064948042,-41.79026913273551,Glória,75.29096518980532,0.0,33.21,33.21,75.29,75.29,0.0
8aa8b1a26057fff,-22.405178639530174,-41.78809007559775,Glória,50.1139538279428,0.0,50.05,50.05,50.11,50.11,0.0
8aa8b1a2605ffff,-22.404273599396795,-41.78894828169767,Glória,60.32293544424772,0.0,55.19,55.19,60.32,60.32,0.0
8aa8b1a26067fff,-22.406488605669654,-41.789873576097804,Glória,47.697713688398544,0.0,47.7,47.7,47.7,47.7,0.0
8aa8b1a25d07fff,-22.41577364125707,-41.823425266177395,Virgem Santa,41.95856494455169,0.0,41.96,41.96,41.96,41.96,0.0
8aa8b1a25d27fff,-22.416880913154245,-41.82388798275056,Virgem Santa,38.045324599108,0.0,38.05,38.05,38.05,38.05,0.0
8aa8b1a25d2ffff,-22.41597580189068,-41.82474615773555,Virgem Santa,30.0,0.0,30.0,30.0,30.0,30.0,0.0
8aa8b1a25d37fff,-22.41667874754767,-41.82256708972381,Virgem Santa,43.78879111004139,0.0,43.79,43.79,43.79,43.79,0.0
8aa8b1a26007fff,-22.406988678221737,-41.78637365640239,Cavaleiros,30.0,0.0,30.0,30.0,30.0,30.0,0.0
8aa8b1a2600ffff,-22.40608366580541,-41.78723186716586,Glória,30.0,0.0,30.0,30.0,30.0,30.0,0.0
8aa8b1a26017fff,-22.406786186577254,-41.785052802113285,Cavaleiros,30.0,0.0,30.0,30.0,30.0,30.0,0.0
8aa8b1a2601ffff,-22.405881179140962,-41.78591101431934,Glória,30.0,0.0,30.0,30.0,30.0,30.0,0.0
8aa8b1a254c7fff,-22.401782206624645,-41.82005181802576,Nova Holanda,68.6776380115227,0.0,68.68,68.68,68.68,68.68,0.0
8aa8b1a254d7fff,-22.401579976701843,-41.8187309580632,Nova Holanda,73.85156474935297,0.0,73.85,73.85,73.85,73.85,0.0
8aa8b1a254dffff,-22.400674736205367,-41.819589119264734,Nova Holanda,68.7476214912758,0.0,68.75,68.75,68.75,68.75,0.0
8aa8b1a254e7fff,-22.402889661984084,-41.82051451841792,Nova Holanda,69.41650866855102,0.0,69.42,69.42,69.42,69.42,0.0
8aa8b1a254effff,-22.401984425390225,-41.82137267903355,Nova Holanda,67.1296519367425,0.0,67.13,67.13,67.13,67.13,0.0
8aa8b1a254f7fff,-22.40268743824737,-41.819193655943934,Nova Holanda,73.35402455283028,0.0,73.35,73.35,73.35,73.35,0.0
8aa8b1a2554ffff,-22.405508916770195,-41.82408166221809,Bosque Azul,56.49364853873027,0.0,56.49,56.49,56.49,56.49,0.0
8aa8b1a2555ffff,-22.405306727724863,-41.8227607926356,Bosque Azul,60.82552911515715,0.0,60.83,60.83,60.83,60.83,0.0
8aa8b1a26247fff,-22.399045503304194,-41.79541831166256,Granja dos Cavaleiros,99.79917610710606,0.0,93.73,93.73,99.8,99.8,0.0
8aa8b1a2624ffff,-22.398140361209215,-41.79627649997948,Granja dos Cavaleiros,99.55200823892893,0.0,94.21,94.21,99.55,99.55,0.0
8aa8b1a26257fff,-22.398843067619147,-41.79409746930523,Granja dos Cavaleiros,99.56745623069001,0.0,95.91,95.91,99.57,99.57,0.0
8aa8b1a2625ffff,-22.397937930500557,-41.794955659070965,Granja dos Cavaleiros,99.39752832131823,0.0,96.23,96.23,99.4,99.4,0.0
8aa8b1a26267fff,-22.400153061055533,-41.795880965888315,Glória,99.93820803295571,0.0,93.65,93.65,99.94,99.94,0.0
8aa8b1a2626ffff,-22.39924792783639,-41.796739155091274,Granja dos Cavaleiros,99.96910401647784,0.0,94.79,94.79,99.97,99.97,0.0
8aa8b1a2618ffff,-22.407691180153485,-41.78419458757662,Cavaleiros,30.0,0.0,30.0,30.0,30.0,30.0,0.0
8aa8b1a261a7fff,-22.40970363230948,-41.78379901012628,Cavaleiros,30.0,0.0,30.0,30.0,30.0,30.0,0.0
8aa8b1a261affff,-22.408798661474556,-41.78465722788222,Cavaleiros,30.0,0.0,30.0,30.0,30.0,30.0,0.0
8aa8b1a26137fff,-22.411013578950367,-41.78558251340009,Cavaleiros,30.0,0.0,30.0,30.0,30.0,30.0,0.0
8aa8b1a26147fff,-22.40850109971993,-41.7894780169871,Cavaleiros,30.0,0.0,30.0,30.0,30.0,30.0,0.0
8aa8b1a2614ffff,-22.407596086223716,-41.79033622575025,Cavaleiros,39.27439506421534,0.0,39.27,39.27,39.27,39.27,0.0
8aa8b1a26157fff,-22.408298636561867,-41.788157158014364,Cavaleiros,30.0,0.0,30.0,30.0,30.0,30.0,0.0
8aa8b1a2615ffff,-22.40739362804522,-41.78901536822227,Cavaleiros,30.0,0.0,30.0,30.0,30.0,30.0,0.0
8aa8b1a26167fff,-22.40960855633844,-41.78994066738687,Cavaleiros,30.0,0.0,30.0,30.0,30.0,30.0,0.0
8aa8b1a2616ffff,-22.40870355172188,-41.79079887703757,Cavaleiros,35.823472630634875,0.0,35.82,35.82,35.82,35.82,0.0
8aa8b1a26177fff,-22.40940609935681,-41.78861980589133,Cavaleiros,30.0,0.0,30.0,30.0,30.0,30.0,0.0
8aa8b1a260effff,-22.404071122691292,-41.78762743173813,Glória,55.53916119578308,0.0,52.55,52.55,55.54,55.54,0.0
8aa8b1a260f7fff,-22.40477366500634,-41.7854483738717,Glória,30.0,0.0,30.0,30.0,30.0,30.0,0.0
8aa8b1a26107fff,-22.41010861201521,-41.78644073060289,Cavaleiros,30.0,0.0,30.0,30.0,30.0,30.0,0.0
8aa8b1a2610ffff,-22.40920363121878,-41.78729894547443,Cavaleiros,30.0,0.0,30.0,30.0,30.0,30.0,0.0
8aa8b1a26117fff,-22.40990612774042,-41.7851198698234,Cavaleiros,30.0,0.0,30.0,30.0,30.0,30.0,0.0
8aa8b1a2611ffff,-22.409001151924606,-41.785978086137604,Cavaleiros,30.0,0.0,30.0,30.0,30.0,30.0,0.0
8aa8b1a26127fff,-22.411216057049437,-41.78690337670352,Cavaleiros,30.0,0.0,30.0,30.0,30.0,30.0,0.0
8aa8b1a2612ffff,-22.410311085133575,-41.787761592463355,Cavaleiros,30.0,0.0,30.0,30.0,30.0,30.0,0.0
8aa8b1a2058ffff,-22.395020009103142,-41.79620937886757,Granja dos Cavaleiros,85.55616015028704,0.0,85.56,85.56,85.56,85.56,0.0
8aa8b1a20597fff,-22.395722739739355,-41.79403035879055,Granja dos Cavaleiros,92.49550768663164,0.0,89.99,89.99,92.5,92.5,0.0
8aa8b1a205affff,-22.39612761470839,-41.79667203159721,Granja dos Cavaleiros,89.9225059830202,0.0,87.58,87.58,89.92,89.92,0.0
8aa8b1a205b7fff,-22.396830342645366,-41.79449300811362,Granja dos Cavaleiros,96.67608859806023,0.0,92.22,92.22,96.68,96.68,0.0
8aa8b1a20637fff,-22.38888579758716,-41.80353742824378,Botafogo,54.790957927195684,0.0,54.79,54.79,54.79,54.79,0.0
8aa8b1a20707fff,-22.39110110561965,-41.804462752763584,Morro de São Jorge,66.64090451509325,0.0,59.15,59.15,66.64,66.64,0.0
8aa8b1a2070ffff,-22.39019583391598,-41.80532091859203,Morro de São Jorge,64.34893401978418,0.0,64.35,64.35,64.35,64.35,0.0
8aa8b1a20717fff,-22.39089872585896,-41.80314192240366,Morro de São Jorge,62.69087462005274,0.0,56.62,56.62,62.69,62.69,0.0
8aa8b1a20547fff,-22.3958296499261,-41.80149272723434,Morro de São Jorge,72.80175920727135,0.0,72.8,72.8,72.8,72.8,0.0
8aa8b1a2054ffff,-22.394924442480644,-41.802350903301736,Morro de São Jorge,71.08583724246323,0.0,71.09,71.09,71.09,71.09,0.0
8aa8b1a20557fff,-22.39562725644811,-41.80017188854174,Morro de São Jorge,73.76571033367493,0.0,73.77,73.77,73.77,73.77,0.0
8aa8b1a2055ffff,-22.39472205397699,-41.80103006606214,Morro de São Jorge,69.27137928378357,0.0,69.27,69.27,69.27,69.27,0.0
8aa8b1a20567fff,-22.39693723082326,-41.80195539003995,Morro de São Jorge,78.61921984399326,0.0,78.62,78.62,78.62,78.62,0.0
8aa8b1a2056ffff,-22.39603203225183,-41.80281356699187,Morro de São Jorge,72.84862127531312,0.0,72.85,72.85,72.85,72.85,0.0
8aa8b1a20577fff,-22.396734843523088,-41.800634548829095,Morro de São Jorge,80.51006872369464,0.0,80.51,80.51,80.51,80.51,0.0
8aa8b1a20587fff,-22.39592518279963,-41.79535119465815,Granja dos Cavaleiros,91.53146694133116,0.0,88.99,88.99,91.53,91.53,0.0
8aa8b1a204effff,-22.391399175825313,-41.799642092346524,Visconde de Araújo,62.14933435841456,0.0,56.28,56.28,62.15,62.15,0.0
8aa8b1a204f7fff,-22.392101981757747,-41.7974630874123,Visconde de Araújo,65.38539637458007,0.0,65.39,65.39,65.39,65.39,0.0
8aa8b1a20507fff,-22.39743761984304,-41.79845552648953,Granja dos Cavaleiros,90.61334363085247,0.0,90.49,90.49,90.61,90.61,0.0
8aa8b1a2050ffff,-22.396532445070378,-41.79931370868408,Granja dos Cavaleiros,84.14877309699156,0.0,84.15,84.15,84.15,84.15,0.0
8aa8b1a2051ffff,-22.3963300354654,-41.79799286960632,Granja dos Cavaleiros,83.84519797522009,0.0,83.85,83.85,83.85,83.85,0.0
8aa8b1a20527fff,-22.398545189168555,-41.79891818500654,Granja dos Cavaleiros,99.18125643666322,0.0,97.63,97.63,99.18,99.18,0.0
8aa8b1a2052ffff,-22.39764002327084,-41.79977636808637,Granja dos Cavaleiros,91.18483885581772,0.0,89.69,89.69,91.18,91.18,0.0
8aa8b1a20537fff,-22.3983427807653,-41.79759734195847,Granja dos Cavaleiros,99.90731204943357,0.0,96.68,96.68,99.91,99.91,0.0
8aa8b1a204a7fff,-22.393912388447678,-41.795746727771984,Granja dos Cavaleiros,82.84556962475776,0.0,82.85,82.85,82.85,82.85,0.0
8aa8b1a204affff,-22.39300719202711,-41.796604908759974,Granja dos Cavaleiros,69.50789667459682,0.0,69.51,69.51,69.51,69.51,0.0
8aa8b1a204b7fff,-22.393709944187986,-41.794425895873516,Granja dos Cavaleiros,83.80854698552074,0.0,82.16,82.16,83.81,83.81,0.0
8aa8b1a204c7fff,-22.391196757640383,-41.798321263728596,Visconde de Araújo,62.894071253717776,0.0,62.89,62.89,62.89,62.89,0.0
8aa8b1a204cffff,-22.390291519675774,-41.79917943770849,Visconde de Araújo,59.085638522026876,0.0,59.09,59.09,59.09,59.09,0.0
8aa8b1a204d7fff,-22.39099432830558,-41.79700043617895,Visconde de Araújo,61.09598785633688,0.0,61.1,61.1,61.1,61.1,0.0
8aa8b1a204dffff,-22.390089095315197,-41.79785861160963,Visconde de Araújo,56.965035954349496,0.0,56.97,56.97,56.97,56.97,0.0
8aa8b1a204e7fff,-22.392304404917006,-41.798783917481344,Morro de São Jorge,65.12274708004355,0.0,65.12,65.12,65.12,65.12,0.0
8aa8b1a2636ffff,-22.40236813139836,-41.79680627924217,Glória,99.69104016477857,0.0,98.54,98.54,99.69,99.69,0.0
8aa8b1a26387fff,-22.40226101081069,-41.789343839829954,Glória,87.98834245184912,0.0,43.04,43.04,87.99,87.99,0.0
8aa8b1a26397fff,-22.40205853290921,-41.78802299383757,Glória,79.2681530216435,0.0,36.19,36.19,79.27,79.27,0.0
8aa8b1a26337fff,-22.404678519344785,-41.79158998485023,Glória,89.40881642848257,0.0,44.19,44.19,89.41,89.41,0.0
8aa8b1a2634ffff,-22.401260603753833,-41.79634362174821,Glória,99.92276004119465,0.0,94.9,94.9,99.92,99.92,0.0
8aa8b1a262cffff,-22.396627894608905,-41.79317217079786,Granja dos Cavaleiros,96.59941234207938,0.0,93.03,93.03,96.6,96.6,0.0
8aa8b1a262d7fff,-22.397330571461744,-41.79099314278234,Glória,99.11946446961895,0.0,98.05,98.05,99.12,99.12,0.0
8aa8b1a262dffff,-22.396425435420927,-41.79185133455586,Granja dos Cavaleiros,97.1372477478228,0.0,92.87,92.87,97.14,97.14,0.0
8aa8b1a262e7fff,-22.398640620781514,-41.7927766280207,Glória,99.27394438722965,0.0,96.23,96.23,99.27,99.27,0.0
8aa8b1a262effff,-22.39773548863959,-41.79363481923434,Granja dos Cavaleiros,99.15036045314109,0.0,97.28,97.28,99.15,99.15,0.0
8aa8b1a26277fff,-22.399950631546844,-41.79456012101045,Glória,99.75283213182286,0.0,94.29,94.29,99.75,99.75,0.0
8aa8b1a262c7fff,-22.39753303562656,-41.792313980471,Granja dos Cavaleiros,99.13491246138003,0.0,94.99,94.99,99.13,99.13,0.0
8aa8b1a26857fff,-22.412930835849327,-41.79132862839549,Cavaleiros,30.0,0.0,30.0,30.0,30.0,30.0,0.0
8aa8b1a2685ffff,-22.412025857873573,-41.792186840708084,Cavaleiros,30.0,0.0,30.0,30.0,30.0,30.0,0.0
8aa8b1a26867fff,-22.41424065334831,-41.79311215799508,Cavaleiros,30.0,0.0,30.0,30.0,30.0,30.0,0.0
8aa8b1a2686ffff,-22.413335679273615,-41.79397036974746,Cavaleiros,30.0,0.0,30.0,30.0,30.0,30.0,0.0
8aa8b1a26877fff,-22.41403823223563,-41.79179128533462,Cavaleiros,30.0,0.0,30.0,30.0,30.0,30.0,0.0
8aa8b1a26887fff,-22.413228436199475,-41.78650780545978,Cavaleiros,29.259360082152146,0.0,29.26,29.26,29.26,29.26,0.0
8aa8b1a2688ffff,-22.412323487026544,-41.78736602443945,Cavaleiros,30.0,0.0,30.0,30.0,30.0,30.0,0.0
8aa8b1a26897fff,-22.413025959295375,-41.78518693818984,Cavaleiros,28.582435272014038,0.0,28.58,28.58,28.58,28.58,0.0
8aa8b1a2680ffff,-22.413835799964144,-41.790470413749446,Cavaleiros,30.0,0.0,30.0,30.0,30.0,30.0,0.0
8aa8b1a26817fff,-22.414538301806488,-41.788291324816996,Cavaleiros,29.219015859750563,0.0,29.22,29.22,29.22,29.22,0.0
8aa8b1a2681ffff,-22.41363335653412,-41.78914954324098,Cavaleiros,30.0,0.0,30.0,30.0,30.0,30.0,0.0
8aa8b1a26827fff,-22.415848128840594,-41.79007485193466,Cavaleiros,28.89658862290999,0.0,28.9,28.9,28.9,28.9,0.0
8aa8b1a2682ffff,-22.414943187469177,-41.790933069801284,Cavaleiros,30.0,0.0,30.0,30.0,30.0,30.0,0.0
8aa8b1a26837fff,-22.415645686607828,-41.78875397745851,Cavaleiros,28.444842922349483,0.0,28.44,28.44,28.44,28.44,0.0
8aa8b1a26847fff,-22.413133263140736,-41.79264949853429,Cavaleiros,30.0,0.0,30.0,30.0,30.0,30.0,0.0
8aa8b1a2684ffff,-22.412228280185275,-41.79350770939992,Cavaleiros,30.0,0.0,30.0,30.0,30.0,30.0,0.0
8aa8b1a26747fff,-22.400748481858166,-41.786239509970514,Glória,77.32742038778414,0.0,34.73,34.73,77.33,77.33,0.0
8aa8b1a26767fff,-22.401856043854558,-41.78670214892446,Glória,73.54683367089207,0.0,31.94,31.94,73.55,73.55,0.0
8aa8b1a2676ffff,-22.40095097708675,-41.78756035236016,Glória,82.62493868495349,0.0,38.78,38.78,82.62,82.62,0.0
8aa8b1a26777fff,-22.401653543646983,-41.78538130509202,Glória,52.13968771975046,0.0,50.91,50.91,52.14,52.14,0.0
8aa8b1a26807fff,-22.414740750217234,-41.78961219677033,Cavaleiros,29.671617288052467,0.0,29.67,29.67,29.67,29.67,0.0
8aa8b1a263a7fff,-22.403368545406057,-41.78980648546528,Glória,83.64552425101071,0.0,39.58,39.58,83.65,83.65,0.0
8aa8b1a263b7fff,-22.403166073679476,-41.788485636950085,Glória,71.3927512506624,0.0,30.4,30.4,71.39,71.39,0.0
8aa8b1a26977fff,-22.417157917297878,-41.79185838680935,Cavaleiros,28.521033065928048,0.0,28.52,28.52,28.52,28.52,0.0
8aa8b1a26987fff,-22.416348150761806,-41.78657488097306,Praia Campista,26.848663334799227,0.0,26.85,26.85,26.85,26.85,0.0
8aa8b1a2698ffff,-22.415443233215974,-41.787433104060895,Cavaleiros,28.0040771668319,0.0,28.0,28.0,28.0,28.0,0.0
8aa8b1a26997fff,-22.41614568122936,-41.78525400721261,Praia Campista,26.303665386854902,0.0,26.3,26.3,26.3,26.3,0.0
8aa8b1a2699ffff,-22.415240768665278,-41.786112231743225,Cavaleiros,27.455843567738608,0.0,27.46,27.46,27.46,27.46,0.0
8aa8b1a269a7fff,-22.417455517798395,-41.787037531838266,Praia Campista,26.134555890402194,0.0,26.13,26.13,26.13,26.13,0.0
8aa8b1a269affff,-22.41655060913514,-41.78789575581436,Cavaleiros,27.29368871526967,0.0,27.29,27.29,27.29,27.29,0.0
8aa8b1a269b7fff,-22.41725305444322,-41.78571665555387,Praia Campista,25.6998844877356,0.0,25.7,25.7,25.7,25.7,0.0
8aa8b1a2692ffff,-22.418062840905037,-41.791000167168036,Cavaleiros,27.349548532574964,0.0,27.35,27.35,27.35,27.35,0.0
8aa8b1a26937fff,-22.418765315791624,-41.78882106422685,Praia Campista,25.86485366742236,0.0,25.86,25.86,25.86,25.86,0.0
8aa8b1a26947fff,-22.416252979827796,-41.79271660411693,Cavaleiros,29.72774193311941,0.0,29.73,29.73,29.73,29.73,0.0
8aa8b1a2694ffff,-22.415348028495547,-41.79357481909042,Cavaleiros,30.0,0.0,30.0,30.0,30.0,30.0,0.0
8aa8b1a26957fff,-22.416050559913998,-41.79139572748793,Cavaleiros,29.312857492658495,0.0,29.31,29.31,29.31,29.31,0.0
8aa8b1a2695ffff,-22.415145613562025,-41.79225394390845,Cavaleiros,30.0,0.0,30.0,30.0,30.0,30.0,0.0
8aa8b1a26967fff,-22.417360331032178,-41.79317926596002,Cavaleiros,28.98300189446448,0.0,28.98,28.98,28.98,28.98,0.0
8aa8b1a2696ffff,-22.41645538858171,-41.79403748182026,Cavaleiros,30.0,0.0,30.0,30.0,30.0,30.0,0.0
8aa8b1a268e7fff,-22.41272839739966,-41.79000775933249,Cavaleiros,30.0,0.0,30.0,30.0,30.0,30.0,0.0
8aa8b1a268effff,-22.41182342440387,-41.79086597309113,Cavaleiros,30.0,0.0,30.0,30.0,30.0,30.0,0.0
8aa8b1a268f7fff,-22.412525947791984,-41.78868689134667,Cavaleiros,30.0,0.0,30.0,30.0,30.0,30.0,0.0
8aa8b1a26907fff,-22.417860411029565,-41.789679287646756,Praia Campista,26.990979863166014,0.0,26.99,26.99,26.99,26.99,0.0
8aa8b1a2690ffff,-22.416955492403435,-41.790537508733905,Cavaleiros,28.10845505583288,0.0,28.11,28.11,28.11,28.11,0.0
8aa8b1a26917fff,-22.41765796999394,-41.78835840920303,Praia Campista,26.558518614335313,0.0,26.56,26.56,26.56,26.56,0.0
8aa8b1a2691ffff,-22.4167530563491,-41.789216631735115,Cavaleiros,27.699644060989893,0.0,27.7,27.7,27.7,27.7,0.0
8aa8b1a26927fff,-22.418967750648495,-41.79014194519339,Praia Campista,26.19760810828215,0.0,26.2,26.2,26.2,26.2,0.0
8aa8b1a2689ffff,-22.41212101510363,-41.786045158612225,Cavaleiros,29.855649464720152,0.0,29.86,29.86,29.86,29.86,0.0
8aa8b1a268a7fff,-22.414335842237172,-41.786970453942686,Cavaleiros,28.665288465243833,0.0,28.67,28.67,28.67,28.67,0.0
8aa8b1a268affff,-22.41343090194581,-41.78782867381062,Cavaleiros,29.910585093179847,0.0,29.91,29.91,29.91,29.91,0.0
8aa8b1a268b7fff,-22.414133371509557,-41.78564958414879,Cavaleiros,28.05483686043836,0.0,28.05,28.05,28.05,28.05,0.0
8aa8b1a268c7fff,-22.411620979776448,-41.78954510655045,Cavaleiros,30.0,0.0,30.0,30.0,30.0,30.0,0.0
8aa8b1a268cffff,-22.41071599789999,-41.79040331942157,Cavaleiros,30.0,0.0,30.0,30.0,30.0,30.0,0.0
8aa8b1a268d7fff,-22.41141852399155,-41.78822424108744,Cavaleiros,30.0,0.0,30.0,30.0,30.0,30.0,0.0
8aa8b1a268dffff,-22.41051354709525,-41.789082455403374,Cavaleiros,30.0,0.0,30.0,30.0,30.0,30.0,0.0
8aa8b1a26b07fff,-22.41152568954441,-41.795686786247956,Cavaleiros,36.60032145498544,0.0,36.6,36.6,36.6,36.6,0.0
8aa8b1a26b0ffff,-22.41062067389145,-41.796544990995315,Cavaleiros,54.02097968638683,0.0,51.79,51.79,54.02,54.02,0.0
8aa8b1a26b17fff,-22.411323283370002,-41.794365917931124,Cavaleiros,30.0,0.0,30.0,30.0,30.0,30.0,0.0
8aa8b1a26b1ffff,-22.410418272695722,-41.795224124127536,Cavaleiros,50.614183970572945,0.0,50.25,50.25,50.61,50.61,0.0
8aa8b1a26a97fff,-22.40669105886893,-41.791194432180454,Glória,62.193514534957274,0.0,56.31,56.31,62.19,62.19,0.0
8aa8b1a26a9ffff,-22.40578601765636,-41.792052636277305,Glória,86.44440502759345,0.0,41.8,41.8,86.44,86.44,0.0
8aa8b1a26aa7fff,-22.408000969112877,-41.7929779440353,Cavaleiros,77.11656436613636,0.0,34.57,34.57,77.12,77.12,0.0
8aa8b1a26aaffff,-22.407095931800498,-41.79383614757208,Glória,88.64083572876862,0.0,43.56,43.56,88.64,88.64,0.0
8aa8b1a26ab7fff,-22.40779853324635,-41.791657084355066,Cavaleiros,56.04711154842713,0.0,52.81,52.81,56.05,56.05,0.0
8aa8b1a26a4ffff,-22.405893011466148,-41.79951512007459,Glória,99.50566426364573,0.0,99.51,99.51,99.51,99.51,0.0
8aa8b1a26a57fff,-22.406595698982535,-41.797336065560096,Glória,99.1967044284243,0.0,52.32,52.32,99.2,99.2,0.0
8aa8b1a26a5ffff,-22.40569062400187,-41.79819426152801,Glória,99.42842430484036,0.0,95.85,95.85,99.43,99.43,0.0
8aa8b1a26a67fff,-22.407905543788445,-41.79911959122134,Glória,93.89994599760698,0.0,47.87,47.87,93.9,93.9,0.0
8aa8b1a26a6ffff,-22.407000472708653,-41.799977786623415,Bosque Azul,97.88284410602483,0.0,92.25,92.25,97.88,97.88,0.0
8aa8b1a26a77fff,-22.4077031575265,-41.79779872870428,Glória,94.253597735809,0.0,48.17,48.17,94.25,94.25,0.0
8aa8b1a26a87fff,-22.40689350091263,-41.79251528933901,Glória,83.04115627269783,0.0,39.1,39.1,83.04,83.04,0.0
8aa8b1a26a8ffff,-22.405988454721502,-41.793373491989016,Glória,93.74019958627852,0.0,47.74,47.74,93.74,93.74,0.0
8aa8b1a26a07fff,-22.408405807376553,-41.79561966661641,Glória,84.92044235865298,0.0,40.58,40.58,84.92,84.92,0.0
8aa8b1a26a0ffff,-22.407500760107695,-41.79647786725611,Glória,93.07665079772998,0.0,47.19,47.19,93.08,93.08,0.0
8aa8b1a26a17fff,-22.408203393823023,-41.79429880478955,Cavaleiros,81.77151121558207,0.0,38.12,38.12,81.77,81.77,0.0
8aa8b1a26a1ffff,-22.40729835153227,-41.79515700687824,Glória,91.4149761727637,0.0,45.82,45.82,91.41,91.41,0.0
8aa8b1a26a27fff,-22.409513248163186,-41.796082327988785,Cavaleiros,67.76505089369623,0.0,47.9,47.9,67.77,67.77,0.0
8aa8b1a26a2ffff,-22.408608209773192,-41.796940529514494,Glória,86.97645489264534,0.0,42.22,42.22,86.98,86.98,0.0
8aa8b1a26a37fff,-22.409310840788347,-41.794761463641386,Cavaleiros,62.00112595770231,0.0,56.19,56.19,62.0,62.0,0.0
8aa8b1a26a47fff,-22.406798091423894,-41.798656925557765,Glória,99.21215242018538,0.0,52.33,52.33,99.21,99.21,0.0
8aa8b1a26d67fff,-22.41594320053806,-41.78393313453441,Praia Campista,25.728431086455867,0.0,25.73,25.73,25.73,25.73,0.0
8aa8b1a26d6ffff,-22.415038292956012,-41.78479136050687,Praia Campista,26.89560636556404,0.0,26.9,26.9,26.9,26.9,0.0
8aa8b1a26d77fff,-22.41574070868817,-41.78261226293986,Praia Campista,25.103693965066228,0.0,25.1,25.1,25.1,25.1,0.0
8aa8b1b08407fff,-22.44857233668673,-41.82106046570989,Riviera Fluminense,11.691150422907223,0.0,11.69,11.69,11.69,11.69,0.0
8aa8b1b0840ffff,-22.44766756549499,-41.82191868704552,Riviera Fluminense,12.277497953817445,0.0,12.28,12.28,12.28,12.28,0.0
8aa8b1b08417fff,-22.448370217880985,-41.81973950841161,Riviera Fluminense,11.948403730553709,0.0,11.95,11.95,11.95,11.95,0.0
8aa8b1b0841ffff,-22.447465451668865,-41.82059773121402,Riviera Fluminense,12.589136905050971,0.0,12.59,12.59,12.59,12.59,0.0
8aa8b1b08427fff,-22.449679206618065,-41.82152320183701,Riviera Fluminense,10.794648053411498,0.0,10.79,10.79,10.79,10.79,0.0
8aa8b1a26bb7fff,-22.410918437547544,-41.791724184516525,Cavaleiros,30.0,0.0,30.0,30.0,30.0,30.0,0.0
8aa8b1a26c47fff,-22.411716037786352,-41.783403430203364,Cavaleiros,28.503552202706175,0.0,28.5,28.5,28.5,28.5,0.0
8aa8b1a26c4ffff,-22.410811089694604,-41.784261651178525,Cavaleiros,29.625378390678925,0.0,29.63,29.63,29.63,29.63,0.0
8aa8b1a26c67fff,-22.412823471233764,-41.783866072002205,Cavaleiros,27.886951167513395,0.0,27.89,27.89,27.89,27.89,0.0
8aa8b1a26c6ffff,-22.411918532023474,-41.78472429386639,Cavaleiros,29.10224776801682,0.0,29.1,29.1,29.1,29.1,0.0
8aa8b1a26d47fff,-22.414835806088416,-41.783470490353274,Praia Campista,26.236452856217163,0.0,26.24,26.24,26.24,26.24,0.0
8aa8b1a26d4ffff,-22.4139308896239,-41.78432871543673,Cavaleiros,27.404300671885736,0.0,27.4,27.4,27.4,27.4,0.0
8aa8b1a26d5ffff,-22.413728396580453,-41.78300784780789,Cavaleiros,26.730598408975474,0.0,26.73,26.73,26.73,26.73,0.0
8aa8b1a26b6ffff,-22.41012040334216,-41.800044927449726,Bosque Azul,71.16296963063917,0.0,30.24,30.24,71.16,71.16,0.0
8aa8b1a26b77fff,-22.410823063929215,-41.79786585893332,Cavaleiros,56.80664271035501,0.0,53.21,53.21,56.81,56.81,0.0
8aa8b1a26b87fff,-22.410013436831434,-41.79258239360831,Cavaleiros,30.0,0.0,30.0,30.0,30.0,30.0,0.0
8aa8b1a26b8ffff,-22.409108422256338,-41.79344060036611,Cavaleiros,56.40417049713922,0.0,53.0,53.0,56.4,56.4,0.0
8aa8b1a26b97fff,-22.4098110021634,-41.79126152995967,Cavaleiros,30.0,0.0,30.0,30.0,30.0,30.0,0.0
8aa8b1a26b9ffff,-22.408905992567426,-41.792119738164374,Cavaleiros,44.87848246912878,0.0,44.88,44.88,44.88,44.88,0.0
8aa8b1a26ba7fff,-22.41112086603763,-41.79304505068685,Cavaleiros,30.0,0.0,30.0,30.0,30.0,30.0,0.0
8aa8b1a26baffff,-22.4102158603423,-41.79390325833141,Cavaleiros,41.974703000601785,0.0,41.97,41.97,41.97,41.97,0.0
8aa8b1a26b27fff,-22.412633091333667,-41.79614945000258,Cavaleiros,30.0,0.0,30.0,30.0,30.0,30.0,0.0
8aa8b1a26b2ffff,-22.411728084560572,-41.79700765563594,Cavaleiros,40.400428909151785,0.0,40.4,40.4,40.4,40.4,0.0
8aa8b1a26b37fff,-22.41243069133872,-41.79482857916521,Cavaleiros,30.0,0.0,30.0,30.0,30.0,30.0,0.0
8aa8b1a26b47fff,-22.409918029440355,-41.79872405989436,Cavaleiros,72.14222621353848,0.0,30.93,30.93,72.14,72.14,0.0
8aa8b1a26b4ffff,-22.409012981094776,-41.79958225851868,Bosque Azul,87.02160671102305,0.0,42.26,42.26,87.02,87.02,0.0
8aa8b1a26b57fff,-22.40971564438061,-41.79740319340691,Cavaleiros,70.77564500997818,0.0,29.97,29.97,70.78,70.78,0.0
8aa8b1a26b5ffff,-22.408810601012686,-41.79826139348238,Glória,88.5202959395663,0.0,43.47,43.47,88.52,88.52,0.0
8aa8b1a26b67fff,-22.411025442808768,-41.79918672794017,Bosque Azul,57.33165260754349,0.0,53.5,53.5,57.33,57.33,0.0
8aa8b1b08517fff,-22.451488689616603,-41.81980675036493,Riviera Fluminense,9.582562140134748,0.0,9.58,9.58,9.58,9.58,0.0
8aa8b1b0851ffff,-22.450583955052153,-41.82066497727437,Riviera Fluminense,10.175644920979007,0.0,10.18,10.18,10.18,10.18,0.0
8aa8b1b08527fff,-22.452797631873086,-41.82159045266238,Riviera Fluminense,8.430860373555157,0.0,8.43,8.43,8.43,8.43,0.0
8aa8b1b0852ffff,-22.45189290121821,-41.8224486789848,Riviera Fluminense,9.03230912882835,0.0,9.03,9.03,9.03,9.03,0.0
8aa8b1b08537fff,-22.45259552668135,-41.820269486363145,Riviera Fluminense,8.67352239864116,0.0,8.67,8.67,8.67,8.67,0.0
8aa8b1b08547fff,-22.45008339830018,-41.824165124586486,Riviera Fluminense,10.2326145417303,0.0,10.23,10.23,10.23,10.23,0.0
8aa8b1b08557fff,-22.449881308048212,-41.82284416269054,Riviera Fluminense,10.572236397897603,0.0,10.57,10.57,10.57,10.57,0.0
8aa8b1b0855ffff,-22.44897654076578,-41.82370238343799,Riviera Fluminense,11.163362953756618,0.0,11.16,11.16,11.16,11.16,0.0
8aa8b1b084cffff,-22.44454895976161,-41.821851435153775,Riviera Fluminense,14.707639180662499,0.0,14.71,14.71,14.71,14.71,0.0
8aa8b1b084d7fff,-22.445251636376526,-41.81967226711626,Riviera Fluminense,14.378205971243549,0.0,14.38,14.38,14.38,14.38,0.0
8aa8b1b084dffff,-22.444346838520318,-41.82053048581169,Riviera Fluminense,15.056949925975797,0.0,15.06,15.06,15.06,15.06,0.0
8aa8b1b084e7fff,-22.44656067158867,-41.8214559516697,Riviera Fluminense,13.19501507148776,0.0,13.2,13.2,13.2,13.2,0.0
8aa8b1b084effff,-22.44565587764117,-41.82231416977825,Riviera Fluminense,13.812147746350453,0.0,13.81,13.81,13.81,13.81,0.0
8aa8b1b084f7fff,-22.446358551565222,-41.82013499834946,Riviera Fluminense,13.505094172002185,0.0,13.51,13.51,13.51,13.51,0.0
8aa8b1b08507fff,-22.45169080100677,-41.82112771415274,Riviera Fluminense,9.296555307584404,0.0,9.3,9.3,9.3,9.3,0.0
8aa8b1b0850ffff,-22.45078606146214,-41.82198593959533,Riviera Fluminense,9.913942829336591,0.0,9.91,9.91,9.91,9.91,0.0
8aa8b1b08487fff,-22.447061190486316,-41.81795582268684,Riviera Fluminense,13.011726559950858,0.0,13.01,13.01,13.01,13.01,0.0
8aa8b1b0848ffff,-22.446156420365448,-41.81881404607452,Riviera Fluminense,13.711823231403189,0.0,13.71,13.71,13.71,13.71,0.0
8aa8b1b08497fff,-22.446859043130388,-41.81663486999396,Riviera Fluminense,13.152840424432604,0.0,13.15,13.15,13.15,13.15,0.0
8aa8b1b0849ffff,-22.445954277989607,-41.81749309484627,Riviera Fluminense,13.892007951907045,0.0,13.89,13.89,13.89,13.89,0.0
8aa8b1b084a7fff,-22.448168087898104,-41.818418552159045,Riviera Fluminense,12.133842608690687,0.0,12.13,12.13,12.13,12.13,0.0
8aa8b1b084affff,-22.447263326665894,-41.81927677642733,Riviera Fluminense,12.828858356127707,0.0,12.83,12.83,12.83,12.83,0.0
8aa8b1b084b7fff,-22.447965946738343,-41.81709759695361,Riviera Fluminense,12.29350152172227,0.0,12.29,12.29,12.29,12.29,0.0
8aa8b1b084c7fff,-22.445453762596863,-41.82099321792507,Riviera Fluminense,14.116013096278085,0.0,14.12,14.12,14.12,14.12,0.0
8aa8b1b0842ffff,-22.448774444315077,-41.82238142405248,Riviera Fluminense,11.408758824539603,0.0,11.41,11.41,11.41,11.41,0.0
8aa8b1b08437fff,-22.449477094009985,-41.82020224202731,Riviera Fluminense,11.06949904680988,0.0,11.07,11.07,11.07,11.07,0.0
8aa8b1b08447fff,-22.446964878105568,-41.82409786144042,Riviera Fluminense,12.621994499394432,0.0,12.62,12.62,12.62,12.62,0.0
8aa8b1b0844ffff,-22.446060074200588,-41.82495607661214,Riviera Fluminense,13.127987978026676,0.0,13.13,13.13,13.13,13.13,0.0
8aa8b1b08457fff,-22.44676278043554,-41.822776906033816,Riviera Fluminense,12.936532752893202,0.0,12.94,12.94,12.94,12.94,0.0
8aa8b1b0845ffff,-22.445857981509157,-41.82363512267442,Riviera Fluminense,13.559856652895336,0.0,13.56,13.56,13.56,13.56,0.0
8aa8b1b08467fff,-22.44807175961562,-41.824560601837305,Riviera Fluminense,11.671810971285378,0.0,11.67,11.67,11.67,11.67,0.0
8aa8b1b08477fff,-22.447869668143987,-41.82323964392042,Riviera Fluminense,12.03337778632498,0.0,12.03,12.03,12.03,12.03,0.0
8aa8b1b08c27fff,-22.457426873652842,-41.8247624003976,Lagomar,4.62035545203931,0.0,4.62,4.62,4.62,4.62,0.0
8aa8b1b08c37fff,-22.457224804440614,-41.8234414230125,Lagomar,4.938015956344655,0.0,4.94,4.94,4.94,4.94,0.0
8aa8b1b08c87fff,-22.454809155544318,-41.82119496325363,Riviera Fluminense,6.920907136697957,0.0,6.92,6.92,6.92,6.92,0.0
8aa8b1b08c8ffff,-22.453904447650366,-41.82205319280322,Riviera Fluminense,7.546021112100427,0.0,7.55,7.55,7.55,7.55,0.0
8aa8b1b08c97fff,-22.45460705157068,-41.81987399297624,Riviera Fluminense,7.2080686670304015,0.0,7.21,7.21,7.21,7.21,0.0
8aa8b1b08c9ffff,-22.453702348657494,-41.820732223992735,Riviera Fluminense,7.7766268203593665,0.0,7.78,7.78,7.78,7.78,0.0
8aa8b1b08ca7fff,-22.455915947341055,-41.82165770414581,Riviera Fluminense,6.0576148156613785,0.0,6.06,6.06,6.06,6.06,0.0
8aa8b1b08caffff,-22.45501124833787,-41.82251593457522,Riviera Fluminense,6.655436289826156,0.0,6.66,6.66,6.66,6.66,0.0
8aa8b1b0878ffff,-22.442941412602572,-41.82488881001749,Virgem Santa,15.526104725315234,0.0,15.53,15.53,15.53,15.53,0.0
8aa8b1b08797fff,-22.443644143060226,-41.82270965003521,Riviera Fluminense,15.341316361059237,0.0,15.34,15.34,15.34,15.34,0.0
8aa8b1b0879ffff,-22.442739312493487,-41.82356786256898,Virgem Santa,15.954674742063421,0.0,15.95,15.95,15.95,15.95,0.0
8aa8b1b087a7fff,-22.444953168716626,-41.824493336966924,Riviera Fluminense,14.054406836089267,0.0,14.05,14.05,14.05,14.05,0.0
8aa8b1b087b7fff,-22.444751069827127,-41.82317238553932,Riviera Fluminense,14.440179915171674,0.0,14.44,14.44,14.44,14.44,0.0
8aa8b1b08c07fff,-22.4563201093478,-41.824299652853156,Riviera Fluminense,5.522824682383482,0.0,5.52,5.52,5.52,5.52,0.0
8aa8b1b08c17fff,-22.456118033934864,-41.822978677978334,Riviera Fluminense,5.787328160956491,0.0,5.79,5.79,5.79,5.79,0.0
8aa8b1b08c1ffff,-22.455213329951086,-41.823836906939604,Riviera Fluminense,6.442495243151529,0.0,6.44,6.44,6.44,6.44,0.0
8aa8b1b085b7fff,-22.451084433301077,-41.81716482592769,Riviera Fluminense,9.894775761230342,0.0,9.89,9.89,9.89,9.89,0.0
8aa8b1b08687fff,-22.4407275084382,-41.823963337122784,Virgem Santa,17.42189049630528,0.0,17.42,17.42,17.42,17.42,0.0
8aa8b1b0868ffff,-22.439822641257226,-41.82482154408103,Virgem Santa,17.952686704813935,0.0,17.95,17.95,17.95,17.95,0.0
8aa8b1b08697fff,-22.440525395934962,-41.8226423946947,Virgem Santa,17.807707412356695,0.0,17.81,17.81,17.81,17.81,0.0
8aa8b1b0869ffff,-22.439620533731443,-41.82350060312169,Virgem Santa,18.430193786013742,0.0,18.43,18.43,18.43,18.43,0.0
8aa8b1b086a7fff,-22.441834468062154,-41.82442607275473,Virgem Santa,16.469765322588948,0.0,16.47,16.47,16.47,16.47,0.0
8aa8b1b086b7fff,-22.441632361755776,-41.823105127816355,Virgem Santa,16.899989666976683,0.0,16.9,16.9,16.9,16.9,0.0
8aa8b1b08787fff,-22.44384624814734,-41.824030598952525,Riviera Fluminense,15.016845499531668,0.0,15.02,15.02,15.02,15.02,0.0
8aa8b1b08567fff,-22.45119024074645,-41.82462786736586,Riviera Fluminense,9.317067094937496,0.0,9.32,9.32,9.32,9.32,0.0
8aa8b1b08577fff,-22.45098815669365,-41.82330690295963,Riviera Fluminense,9.689471854127438,0.0,9.69,9.69,9.69,9.69,0.0
8aa8b1b08587fff,-22.45017970869786,-41.818023055768066,Riviera Fluminense,10.624480972861964,0.0,10.62,10.62,10.62,10.62,0.0
8aa8b1b0858ffff,-22.449274970224238,-41.81888128326283,Riviera Fluminense,11.303822778368126,0.0,11.3,11.3,11.3,11.3,0.0
8aa8b1b08597fff,-22.44997756875405,-41.81670209658554,Riviera Fluminense,10.749393761872527,0.0,10.75,10.75,10.75,10.75,0.0
8aa8b1b0859ffff,-22.449072835261084,-41.81756032554499,Riviera Fluminense,11.466456330000575,0.0,11.47,11.47,11.47,11.47,0.0
8aa8b1b085a7fff,-22.451286567047948,-41.818485787622784,Riviera Fluminense,9.751128905316103,0.0,9.75,9.75,9.75,9.75,0.0
8aa8b1b085affff,-22.450381837463986,-41.81934401599814,Riviera Fluminense,10.443460471165876,0.0,10.44,10.44,10.44,10.44,0.0
8aa8b1b0a04ffff,-22.43689623194549,-41.81247040079411,Riviera Fluminense,20.857797346943663,0.0,20.86,20.86,20.86,20.86,0.0
8aa8b1b0a057fff,-22.437598843952905,-41.810291251052874,Riviera Fluminense,19.866234990392247,0.0,19.87,19.87,19.87,19.87,0.0
8aa8b1b0a05ffff,-22.43669401767238,-41.811149471775025,Riviera Fluminense,20.802301719859592,0.0,20.8,20.8,20.8,20.8,0.0
8aa8b1b0a067fff,-22.4389080936612,-41.81207489292164,Riviera Fluminense,19.184896850921078,0.0,19.18,19.18,19.18,19.18,0.0
8aa8b1b0a06ffff,-22.438003271287258,-41.81293311306575,Riviera Fluminense,20.035442598452985,0.0,20.04,20.04,20.04,20.04,0.0
8aa8b1b0a077fff,-22.438705880599855,-41.81075395992752,Riviera Fluminense,19.101761675449065,0.0,19.1,19.1,19.1,19.1,0.0
8aa8b1b0a087fff,-22.437896916638746,-41.80547023851739,Riviera Fluminense,18.33637392431727,0.0,18.34,18.34,18.34,18.34,0.0
8aa8b1b0a08ffff,-22.43699211916727,-41.806328465954955,Riviera Fluminense,19.288565565198667,0.0,19.29,19.29,19.29,19.29,0.0
8aa8b1b0a007fff,-22.439408454912936,-41.80857480258268,Riviera Fluminense,18.05125284616186,0.0,18.05,18.05,18.05,18.05,0.0
8aa8b1b0a00ffff,-22.438503656366684,-41.809433027988625,Riviera Fluminense,18.97005390743457,0.0,18.97,18.97,18.97,18.97,0.0
8aa8b1b0a017fff,-22.439206214527317,-41.80725387024233,Riviera Fluminense,17.882952772716138,0.0,17.88,17.88,17.88,17.88,0.0
8aa8b1b0a01ffff,-22.438301420961942,-41.808112097106374,Riviera Fluminense,18.821220708608696,0.0,18.82,18.82,18.82,18.82,0.0
8aa8b1b0a027fff,-22.44051547378561,-41.80903750969175,Riviera Fluminense,17.312695486504374,0.0,17.31,17.31,17.31,17.31,0.0
8aa8b1b0a02ffff,-22.4396106841267,-41.80989573598059,Riviera Fluminense,18.219338712898026,0.0,18.22,18.22,18.22,18.22,0.0
8aa8b1b0a037fff,-22.440313239590886,-41.80771657483542,Riviera Fluminense,17.155416796545797,0.0,17.16,17.16,17.16,17.16,0.0
8aa8b1b0a047fff,-22.437801063205864,-41.811612181532155,Riviera Fluminense,19.99139876666152,0.0,19.99,19.99,19.99,19.99,0.0
8aa8b1b08d1ffff,-22.458331559854386,-41.82390416967766,Lagomar,4.071186111881862,0.0,4.07,4.07,4.07,4.07,0.0
8aa8b1b08d87fff,-22.457927400286664,-41.82126221301258,Lagomar,4.5209954440892295,0.0,4.52,4.52,4.52,4.52,0.0
8aa8b1b08d8ffff,-22.457022724046983,-41.822120446669196,Lagomar,5.183492231788541,0.0,5.18,5.18,5.18,5.18,0.0
8aa8b1b08d97fff,-22.45772530373054,-41.819941236245526,Lagomar,4.799469890544756,0.0,4.8,4.8,4.8,4.8,0.0
8aa8b1b08d9ffff,-22.4568206324722,-41.82079947136913,Lagomar,5.38805958472562,0.0,5.39,5.39,5.39,5.39,0.0
8aa8b1b08da7fff,-22.45903415300927,-41.82172495628731,Lagomar,3.6646266602663764,0.0,3.66,3.66,3.66,3.66,0.0
8aa8b1b08daffff,-22.458129485661363,-41.82258319082376,Lagomar,4.2938498913581755,0.0,4.29,4.29,4.29,4.29,0.0
8aa8b1b08db7fff,-22.458832062653137,-41.82040397700885,Lagomar,3.8897786359368296,0.0,3.89,3.89,3.89,3.89,0.0
8aa8b1b08cb7fff,-22.455713849566628,-41.82033673135699,Riviera Fluminense,6.272078208760691,0.0,6.27,6.27,6.27,6.27,0.0
8aa8b1b08cc7fff,-22.453201808718497,-41.824232388390726,Riviera Fluminense,7.887598659091781,0.0,7.89,7.89,7.89,7.89,0.0
8aa8b1b08cd7fff,-22.452999725885554,-41.82291142000537,Riviera Fluminense,8.179155720637688,0.0,8.18,8.18,8.18,8.18,0.0
8aa8b1b08cdffff,-22.452094990250657,-41.82376964485971,Riviera Fluminense,8.836326393310381,0.0,8.84,8.84,8.84,8.84,0.0
8aa8b1b08ce7fff,-22.45430861209642,-41.82469513355262,Riviera Fluminense,6.964896669882534,0.0,6.96,6.96,6.96,6.96,0.0
8aa8b1b08cf7fff,-22.454106535463417,-41.82337416265699,Riviera Fluminense,7.321789219378835,0.0,7.32,7.32,7.32,7.32,0.0
8aa8b1b08d07fff,-22.459438300175435,-41.82436691797378,Lagomar,3.1163287854399297,0.0,3.12,3.12,3.12,3.12,0.0
8aa8b1b08d17fff,-22.459236232183464,-41.82304593660942,Lagomar,3.3968268456085533,0.0,3.4,3.4,3.4,3.4,0.0
8aa8b1b0a16ffff,-22.441122109334458,-41.813000320597524,Riviera Fluminense,17.53899385179205,0.0,17.54,17.54,17.54,17.54,0.0
8aa8b1b0a177fff,-22.44182469440973,-41.81082115686225,Riviera Fluminense,16.67731491730858,0.0,16.68,16.68,16.68,16.68,0.0
8aa8b1b0a187fff,-22.441015760051275,-41.8055374094924,Riviera Fluminense,16.076300354769216,0.0,16.08,16.08,16.08,16.08,0.0
8aa8b1b0a18ffff,-22.44011099422402,-41.80639564103755,Riviera Fluminense,16.98374246726432,0.0,16.98,16.98,16.98,16.98,0.0
8aa8b1b0a197fff,-22.44081349853065,-41.80421647529839,Riviera Fluminense,15.811818113530974,0.0,15.81,15.81,15.81,15.81,0.0
8aa8b1b0a19ffff,-22.439908737685293,-41.80507470829954,Riviera Fluminense,16.76745129756804,0.0,16.77,16.77,16.77,16.77,0.0
8aa8b1b0a1a7fff,-22.442122767338766,-41.8060001123184,Riviera Fluminense,15.383123275497251,0.0,15.38,15.38,15.38,15.38,0.0
8aa8b1b0a1affff,-22.441218010399748,-41.80685834474719,Riviera Fluminense,16.2663099006012,0.0,16.27,16.27,16.27,16.27,0.0
8aa8b1b0a127fff,-22.443634224306898,-41.80910469841167,Riviera Fluminense,14.91028269261564,0.0,14.91,14.91,14.91,14.91,0.0
8aa8b1b0a12ffff,-22.442729466293066,-41.80996292880795,Riviera Fluminense,15.7920176216436,0.0,15.79,15.79,15.79,15.79,0.0
8aa8b1b0a137fff,-22.443431997513706,-41.80778375706537,Riviera Fluminense,14.828656398640272,0.0,14.83,14.83,14.83,14.83,0.0
8aa8b1b0a147fff,-22.440919908657662,-41.81167938257421,Riviera Fluminense,17.50479184054951,0.0,17.5,17.5,17.5,17.5,0.0
8aa8b1b0a14ffff,-22.44001510903764,-41.81253760594345,Riviera Fluminense,18.352003532289558,0.0,18.35,18.35,18.35,18.35,0.0
8aa8b1b0a157fff,-22.440717696807962,-41.81035844560515,Riviera Fluminense,17.439583745471467,0.0,17.44,17.44,17.44,17.44,0.0
8aa8b1b0a15ffff,-22.43981290216835,-41.811216670434646,Riviera Fluminense,18.29396406871579,0.0,18.29,18.29,18.29,18.29,0.0
8aa8b1b0a167fff,-22.442026900067034,-41.81214209634615,Riviera Fluminense,16.718791410845498,0.0,16.72,16.72,16.72,16.72,0.0
8aa8b1b0a0dffff,-22.435182482621492,-41.8080449138088,Costa do Sol,21.197619590601448,0.0,21.2,21.2,21.2,21.2,0.0
8aa8b1b0a0e7fff,-22.437396613528655,-41.8089703216293,Riviera Fluminense,19.72225918204269,0.0,19.72,19.72,19.72,19.72,0.0
8aa8b1b0a0effff,-22.436491792228246,-41.80982854381075,Riviera Fluminense,20.633367096839507,0.0,20.63,20.63,20.63,20.63,0.0
8aa8b1b0a0f7fff,-22.437194371933355,-41.807649393262864,Riviera Fluminense,19.544811936059705,0.0,19.54,19.54,19.54,19.54,0.0
8aa8b1b0a107fff,-22.442527244481404,-41.80864198892013,Riviera Fluminense,15.699732114485181,0.0,15.7,15.7,15.7,15.7,0.0
8aa8b1b0a10ffff,-22.44162247757923,-41.80950021843352,Riviera Fluminense,16.544107731451067,0.0,16.54,16.54,16.54,16.54,0.0
8aa8b1b0a117fff,-22.442325011496557,-41.807321050089826,Riviera Fluminense,15.547853863323862,0.0,15.55,15.55,15.55,15.55,0.0
8aa8b1b0a11ffff,-22.44142024957582,-41.80817928106137,Riviera Fluminense,16.39667334473034,0.0,16.4,16.4,16.4,16.4,0.0
8aa8b1b0a097fff,-22.437694647720818,-41.80414931081346,Riviera Fluminense,18.017809643352475,0.0,18.02,18.02,18.02,18.02,0.0
8aa8b1b0a09ffff,-22.436789855230668,-41.80500753970698,Riviera Fluminense,18.985605774027093,0.0,18.99,18.99,18.99,18.99,0.0
8aa8b1b0a0a7fff,-22.439003962970105,-41.80593293896092,Riviera Fluminense,17.668818108424805,0.0,17.67,17.67,17.67,17.67,0.0
8aa8b1b0a0affff,-22.438099174385872,-41.80679116728216,Riviera Fluminense,18.609681800131376,0.0,18.61,18.61,18.61,18.61,0.0
8aa8b1b0a0b7fff,-22.438801700241562,-41.80461200873988,Riviera Fluminense,17.36335957572702,0.0,17.36,17.36,17.36,17.36,0.0
8aa8b1b0a0c7fff,-22.436289555613342,-41.80850761690267,Riviera Fluminense,20.475365654473343,0.0,20.48,20.48,20.48,20.48,0.0
8aa8b1b0a0cffff,-22.4353847254266,-41.80936583820122,Riviera Fluminense,21.417991576824917,0.0,21.42,21.42,21.42,21.42,0.0
8aa8b1b0a0d7fff,-22.436087307827933,-41.80718669105222,Riviera Fluminense,20.23669692129271,0.0,20.24,20.24,20.24,20.24,0.0
8aa8b1b0a2d7fff,-22.429753240217167,-41.81319420117289,Virgem Santa,27.213609230886576,0.0,27.21,27.21,27.21,27.21,0.0
8aa8b1b0a2dffff,-22.428848317962746,-41.81405240753416,Virgem Santa,28.309615954341226,0.0,28.31,28.31,28.31,28.31,0.0
8aa8b1b0a2e7fff,-22.43106257325958,-41.814977827707146,Virgem Santa,26.358214898228745,0.0,26.36,26.36,26.36,26.36,0.0
8aa8b1b0a2effff,-22.43015765491101,-41.815836033487656,Virgem Santa,27.250887439672134,0.0,27.25,27.25,27.25,27.25,0.0
8aa8b1b0a2f7fff,-22.430860366519177,-41.81365690956166,Virgem Santa,26.339438477717188,0.0,26.34,26.34,26.34,26.34,0.0
8aa8b1b0a307fff,-22.436193584942156,-41.81464954632383,Virgem Santa,21.739393932036844,0.0,21.74,21.74,21.74,21.74,0.0
8aa8b1b0a30ffff,-22.435288720972547,-41.81550775943704,Virgem Santa,22.56157304085376,0.0,22.56,22.56,22.56,22.56,0.0
8aa8b1b0a317fff,-22.435991386819527,-41.81332861771304,Virgem Santa,21.763057274252795,0.0,21.76,21.76,21.76,21.76,0.0
8aa8b1b0a28ffff,-22.43065814860992,-41.8123359924683,Virgem Santa,26.218939666150387,0.0,26.22,26.22,26.22,26.22,0.0
8aa8b1b0a297fff,-22.43136080908367,-41.81015686392087,Virgem Santa,24.941731777376205,0.0,24.94,24.94,24.94,24.94,0.0
8aa8b1b0a29ffff,-22.430455919532072,-41.81101507642846,Virgem Santa,25.998281562293247,0.0,26.0,26.0,26.0,26.0,0.0
8aa8b1b0a2a7fff,-22.432670151673786,-41.81194048804544,Virgem Santa,24.31524526645558,0.0,24.32,24.32,24.32,24.32,0.0
8aa8b1b0a2affff,-22.431765266027902,-41.81279869997512,Virgem Santa,25.33387886059051,0.0,25.33,25.33,25.33,25.33,0.0
8aa8b1b0a2b7fff,-22.432467923807316,-41.81061956803068,Virgem Santa,24.17264268419743,0.0,24.17,24.17,24.17,24.17,0.0
8aa8b1b0a2c7fff,-22.429955453148374,-41.81451511680467,Virgem Santa,27.332426941881405,0.0,27.33,27.33,27.33,27.33,0.0
8aa8b1b0a2cffff,-22.429050525916285,-41.81537332170379,Virgem Santa,28.32808007034756,0.0,28.33,28.33,28.33,28.33,0.0
8aa8b1b0a247fff,-22.431466953232807,-41.817619667148875,Virgem Santa,26.029776857066217,0.0,26.03,26.03,26.03,26.03,0.0
8aa8b1b0a24ffff,-22.43056202492953,-41.81847787000166,Virgem Santa,26.92441542151906,0.0,26.92,26.92,26.92,26.92,0.0
8aa8b1b0a257fff,-22.431264768830882,-41.81629874690336,Virgem Santa,26.259698978392155,0.0,26.26,26.26,26.26,26.26,0.0
8aa8b1b0a25ffff,-22.43035984550482,-41.817156951220454,Virgem Santa,27.124301553899365,0.0,27.12,27.12,27.12,27.12,0.0
8aa8b1b0a267fff,-22.432574045884774,-41.81808238470889,Virgem Santa,24.976652526205033,0.0,24.98,24.98,24.98,24.98,0.0
8aa8b1b0a26ffff,-22.431669126465117,-41.81894058844231,Virgem Santa,25.825557625777694,0.0,25.83,25.83,25.83,25.83,0.0
8aa8b1b0a277fff,-22.432371867675144,-41.816761461950804,Virgem Santa,25.229459517183532,0.0,25.23,25.23,25.23,25.23,0.0
8aa8b1b0a287fff,-22.431563043140226,-41.81147778142077,Virgem Santa,25.20068560534631,0.0,25.2,25.2,25.2,25.2,0.0
8aa8b1b0a1b7fff,-22.441920512008302,-41.80467917560727,Riviera Fluminense,15.19058336093807,0.0,15.19,15.19,15.19,15.19,0.0
8aa8b1b0a207fff,-22.433074573898274,-41.8145823312354,Virgem Santa,24.446257609245464,0.0,24.45,24.45,24.45,24.45,0.0
8aa8b1b0a20ffff,-22.43216967829563,-41.81544054024154,Virgem Santa,25.356097670623328,0.0,25.36,25.36,25.36,25.36,0.0
8aa8b1b0a217fff,-22.43287236837086,-41.81326140911414,Virgem Santa,24.41192607079765,0.0,24.41,24.41,24.41,24.41,0.0
8aa8b1b0a21ffff,-22.431967477746454,-41.81411961958251,Virgem Santa,25.38590907589388,0.0,25.39,25.39,25.39,25.39,0.0
8aa8b1b0a227fff,-22.434181654973884,-41.815045044520254,Virgem Santa,23.504965813525068,0.0,23.5,23.5,23.5,23.5,0.0
8aa8b1b0a22ffff,-22.433276768255766,-41.8159032544078,Virgem Santa,24.3409023054453,0.0,24.34,24.34,24.34,24.34,0.0
8aa8b1b0a237fff,-22.433979455638045,-41.8137241198853,Virgem Santa,23.562053630179758,0.0,23.56,23.56,23.56,23.56,0.0
8aa8b1b0a437fff,-22.43889728742264,-41.798470060556696,Riviera Fluminense,14.927148558578018,0.0,14.93,14.93,14.93,14.93,0.0
8aa8b1b0a447fff,-22.436385293846914,-41.80236569039642,Costa do Sol,18.244823309243287,0.0,18.24,18.24,18.24,18.24,0.0
8aa8b1b0a44ffff,-22.435480497451238,-41.80322391986056,Costa do Sol,19.25146999457454,0.0,19.25,19.25,19.25,19.25,0.0
8aa8b1b0a457fff,-22.43618299640028,-41.80104476733666,Costa do Sol,17.84062751062963,0.0,17.84,17.84,17.84,17.84,0.0
8aa8b1b0a45ffff,-22.435278204986385,-41.801902998254576,Costa do Sol,18.797304575237856,0.0,18.8,18.8,18.8,18.8,0.0
8aa8b1b0a467fff,-22.437492367632352,-41.80282838417179,Riviera Fluminense,17.68603026302944,0.0,17.69,17.69,17.69,17.69,0.0
8aa8b1b0a46ffff,-22.4365875801238,-41.80368661452034,Costa do Sol,18.637237446353826,0.0,18.64,18.64,18.64,18.64,0.0
8aa8b1b0a477fff,-22.4372900763736,-41.801507458593754,Costa do Sol,17.280424415129726,0.0,17.28,17.28,17.28,17.28,0.0
8aa8b1b0a3affff,-22.434884323514176,-41.81286590619162,Virgem Santa,22.626608004139243,0.0,22.63,22.63,22.63,22.63,0.0
8aa8b1b0a3b7fff,-22.435586957061485,-41.81068676365033,Riviera Fluminense,21.586383369072582,0.0,21.59,21.59,21.59,21.59,0.0
8aa8b1b0a407fff,-22.43799253761919,-41.79932829848734,Costa do Sol,15.914176641000823,0.0,15.91,15.91,15.91,15.91,0.0
8aa8b1b0a40ffff,-22.43708777394481,-41.80018653408079,Costa do Sol,16.863958740573015,0.0,16.86,16.86,16.86,16.86,0.0
8aa8b1b0a417fff,-22.437790219037844,-41.79800737358912,Costa do Sol,15.48812398260942,0.0,15.49,15.49,15.49,15.49,0.0
8aa8b1b0a41ffff,-22.43688546034626,-41.798865610634266,Costa do Sol,16.430403498047184,0.0,16.43,16.43,16.43,16.43,0.0
8aa8b1b0a427fff,-22.439099599816842,-41.799790987974305,Riviera Fluminense,15.364277570715185,0.0,15.36,15.36,15.36,15.36,0.0
8aa8b1b0a42ffff,-22.4381948450305,-41.800649224452926,Riviera Fluminense,16.31041077770953,0.0,16.31,16.31,16.31,16.31,0.0
8aa8b1b0a367fff,-22.435693073746982,-41.81814961688315,Virgem Santa,22.22680231741298,0.0,22.23,22.23,22.23,22.23,0.0
8aa8b1b0a36ffff,-22.43478818595764,-41.81900782472347,Virgem Santa,22.999686249381035,0.0,23.0,23.0,23.0,23.0,0.0
8aa8b1b0a377fff,-22.435490902945382,-41.816828687635706,Virgem Santa,22.406216124021594,0.0,22.41,22.41,22.41,22.41,0.0
8aa8b1b0a387fff,-22.434682108029154,-41.81154498114768,Virgem Santa,22.535868410434762,0.0,22.54,22.54,22.54,22.54,0.0
8aa8b1b0a38ffff,-22.433777245132013,-41.8124031963024,Virgem Santa,23.467195278328003,0.0,23.47,23.47,23.47,23.47,0.0
8aa8b1b0a397fff,-22.434479881373917,-41.81022405715811,Virgem Santa,22.373925578509386,0.0,22.37,22.37,22.37,22.37,0.0
8aa8b1b0a39ffff,-22.433575023456044,-41.81108227377297,Virgem Santa,23.328970003909717,0.0,23.33,23.33,23.33,23.33,0.0
8aa8b1b0a3a7fff,-22.435789177525876,-41.81200769015474,Virgem Santa,21.70165443479154,0.0,21.7,21.7,21.7,21.7,0.0
8aa8b1b0a31ffff,-22.435086527828723,-41.81418683228854,Virgem Santa,22.645500676037063,0.0,22.65,22.65,22.65,22.65,0.0
8aa8b1b0a327fff,-22.437300626977617,-41.8151122619911,Virgem Santa,20.827916358748933,0.0,20.83,20.83,20.83,20.83,0.0
8aa8b1b0a32ffff,-22.436395771893544,-41.8159704759857,Virgem Santa,21.630829779500537,0.0,21.63,21.63,21.63,21.63,0.0
8aa8b1b0a337fff,-22.43709843504733,-41.81379133086661,Virgem Santa,20.876654701716657,0.0,20.88,20.88,20.88,20.88,0.0
8aa8b1b0a347fff,-22.43458602013394,-41.81768689694074,Virgem Santa,23.214791700610693,0.0,23.21,23.21,23.21,23.21,0.0
8aa8b1b0a34ffff,-22.433681123459962,-41.81854510390043,Virgem Santa,23.99318501143255,0.0,23.99,23.99,23.99,23.99,0.0
8aa8b1b0a357fff,-22.434383843139265,-41.81636597020587,Virgem Santa,23.404339112141415,0.0,23.4,23.4,23.4,23.4,0.0
8aa8b1b0a35ffff,-22.433478951443078,-41.81722417862994,Virgem Santa,24.220237875490096,0.0,24.22,24.22,24.22,24.22,0.0
8aa8b1b0a55ffff,-22.4383971412715,-41.80197015148448,Riviera Fluminense,16.744934929783444,0.0,16.74,16.74,16.74,16.74,0.0
8aa8b1b0a567fff,-22.440611225838147,-41.802895542166574,Riviera Fluminense,15.504454001071943,0.0,15.5,15.5,15.5,15.5,0.0
8aa8b1b0a56ffff,-22.43970646997495,-41.80375377662282,Riviera Fluminense,16.414628828182423,0.0,16.41,16.41,16.41,16.41,0.0
8aa8b1b0a577fff,-22.440408941974006,-41.80157461009834,Riviera Fluminense,15.216742098632174,0.0,15.22,15.22,15.22,15.22,0.0
8aa8b1b0a587fff,-22.439599694806326,-41.79629089248938,Riviera Fluminense,13.668822645048973,0.0,13.67,13.67,13.67,13.67,0.0
8aa8b1b0a58ffff,-22.43869496385812,-41.79714913420737,Costa do Sol,14.583423461724287,0.0,14.58,14.58,14.58,14.58,0.0
8aa8b1b0a597fff,-22.439397355087912,-41.79496996576015,Costa do Sol,13.277848309359385,0.0,13.28,13.28,13.28,13.28,0.0
8aa8b1b0a59ffff,-22.43849262912353,-41.79582820892774,Costa do Sol,14.222983817927012,0.0,14.22,14.22,14.22,14.22,0.0
8aa8b1b0a517fff,-22.440909067774804,-41.79807450800519,Riviera Fluminense,13.538451962899664,0.0,13.54,13.54,13.54,13.54,0.0
8aa8b1b0a51ffff,-22.440004340731875,-41.79893274915827,Riviera Fluminense,14.456158485802614,0.0,14.46,14.46,14.46,14.46,0.0
8aa8b1b0a527fff,-22.442218402120663,-41.79985813126322,Riviera Fluminense,13.321807297186258,0.0,13.32,13.32,13.32,13.32,0.0
8aa8b1b0a52ffff,-22.441313678983406,-41.8007163718497,Riviera Fluminense,14.312980396845656,0.0,14.31,14.31,14.31,14.31,0.0
8aa8b1b0a537fff,-22.442016097118596,-41.79853719735523,Riviera Fluminense,12.978000820205127,0.0,12.98,12.98,12.98,12.98,0.0
8aa8b1b0a547fff,-22.439504191093263,-41.80243284600877,Riviera Fluminense,16.126939863220567,0.0,16.13,16.13,16.13,16.13,0.0
8aa8b1b0a54ffff,-22.438599426341938,-41.803291079580596,Riviera Fluminense,17.075661333572846,0.0,17.08,17.08,17.08,17.08,0.0
8aa8b1b0a557fff,-22.43930190104047,-41.801111916458794,Riviera Fluminense,15.766229549443569,0.0,15.77,15.77,15.77,15.77,0.0
8aa8b1b0a4cffff,-22.433968791230406,-41.80011938972352,Costa do Sol,18.944053774329983,0.0,18.94,18.94,18.94,18.94,0.0
8aa8b1b0a4d7fff,-22.434671260577538,-41.79794023983001,Costa do Sol,17.630389945656066,0.0,17.63,17.63,17.63,17.63,0.0
8aa8b1b0a4dffff,-22.433766470240897,-41.798798472767274,Costa do Sol,18.580945935989728,0.0,18.58,18.58,18.58,18.58,0.0
8aa8b1b0a4e7fff,-22.43598068778416,-41.79972384534243,Costa do Sol,17.380535277823864,0.0,17.38,17.38,17.38,17.38,0.0
8aa8b1b0a4effff,-22.435075901352302,-41.80058207771323,Costa do Sol,18.390352132186898,0.0,18.39,18.39,18.39,18.39,0.0
8aa8b1b0a4f7fff,-22.4357783679988,-41.79840292441515,Costa do Sol,17.03307685017635,0.0,17.03,17.03,17.03,17.03,0.0
8aa8b1b0a507fff,-22.441111378964788,-41.79939543939379,Riviera Fluminense,13.876255467196719,0.0,13.88,13.88,13.88,13.88,0.0
8aa8b1b0a50ffff,-22.4402066469385,-41.80025367909511,Riviera Fluminense,14.810414047477726,0.0,14.81,14.81,14.81,14.81,0.0
8aa8b1b0a487fff,-22.43648079964089,-41.79622376694621,Costa do Sol,15.680746794300926,0.0,15.68,15.68,15.68,15.68,0.0
8aa8b1b0a48ffff,-22.435576037044463,-41.79708200455621,Costa do Sol,16.64351833841352,0.0,16.64,16.64,16.64,16.64,0.0
8aa8b1b0a497fff,-22.436278452534587,-41.79490284670749,Costa do Sol,15.305473355645313,0.0,15.31,15.31,15.31,15.31,0.0
8aa8b1b0a49ffff,-22.435373694921417,-41.795761085767026,Costa do Sol,16.231410095612404,0.0,16.23,16.23,16.23,16.23,0.0
8aa8b1b0a4a7fff,-22.437587889286696,-41.79668644975969,Costa do Sol,15.173409831988987,0.0,15.17,15.17,15.17,15.17,0.0
8aa8b1b0a4affff,-22.436683135578207,-41.79754468825561,Costa do Sol,16.09940556489025,0.0,16.1,16.1,16.1,16.1,0.0
8aa8b1b0a4b7fff,-22.437385548366038,-41.79536552700043,Costa do Sol,14.725336006871725,0.0,14.73,14.73,14.73,14.73,0.0
8aa8b1b0a4c7fff,-22.434873586549273,-41.79926115823791,Costa do Sol,17.9911407714246,0.0,17.99,17.99,17.99,17.99,0.0
8aa8b1b0a6c7fff,-22.428539728104287,-41.80526872953614,Virgem Santa,24.99820868894274,0.0,25.0,25.0,25.0,25.0,0.0
8aa8b1b0a6cffff,-22.427634835721697,-41.80612694465122,Virgem Santa,26.090305380637098,0.0,26.09,26.09,26.09,26.09,0.0
8aa8b1b0a6d7fff,-22.42833743700028,-41.803947821302096,Costa do Sol,24.621203663660847,0.0,24.62,24.62,24.62,24.62,0.0
8aa8b1b0a6dffff,-22.4274325495973,-41.804806037872936,Virgem Santa,25.663373461976214,0.0,25.66,25.66,25.66,25.66,0.0
8aa8b1b0a6e7fff,-22.429646891539903,-41.80573142283244,Virgem Santa,24.491197171960522,0.0,24.49,24.49,24.49,24.49,0.0
8aa8b1b0a6effff,-22.428742008041525,-41.80658963883121,Virgem Santa,25.57515023658371,0.0,25.58,25.58,25.58,25.58,0.0
8aa8b1b0a6f7fff,-22.42944460662296,-41.80441051208128,Costa do Sol,23.934100900573018,0.0,23.93,23.93,23.93,23.93,0.0
8aa8b1b0a707fff,-22.43477796350159,-41.80540306819968,Costa do Sol,20.576097095791944,0.0,20.58,20.58,20.58,20.58,0.0
8aa8b1b0a677fff,-22.43095630746501,-41.80751503208998,Virgem Santa,24.289426702136424,0.0,24.29,24.29,24.29,24.29,0.0
8aa8b1b0a687fff,-22.4301471702126,-41.80223138114322,Costa do Sol,22.51559581835052,0.0,22.52,22.52,22.52,22.52,0.0
8aa8b1b0a68ffff,-22.429242310538974,-41.80308960239206,Costa do Sol,23.603819765739992,0.0,23.6,23.6,23.6,23.6,0.0
8aa8b1b0a697fff,-22.4299448579812,-41.80091047106368,Costa do Sol,22.092134132161615,0.0,22.09,22.09,22.09,22.09,0.0
8aa8b1b0a69ffff,-22.429040003288204,-41.80176869376619,Costa do Sol,23.11310771043124,0.0,23.11,23.11,23.11,23.11,0.0
8aa8b1b0a6a7fff,-22.431254322065445,-41.80269407015374,Costa do Sol,21.879872852703127,0.0,21.88,21.88,21.88,21.88,0.0
8aa8b1b0a6affff,-22.43034947127694,-41.80355229228703,Costa do Sol,22.863489967589988,0.0,22.86,22.86,22.86,22.86,0.0
8aa8b1b0a6b7fff,-22.431052016020374,-41.80137315755594,Costa do Sol,21.523875922554218,0.0,21.52,21.52,21.52,21.52,0.0
8aa8b1b0a62ffff,-22.431861173194044,-41.80665681432418,Costa do Sol,23.242755178080202,0.0,23.24,23.24,23.24,23.24,0.0
8aa8b1b0a637fff,-22.432563747536186,-41.804477676976894,Costa do Sol,21.82763932363974,0.0,21.83,21.83,21.83,21.83,0.0
8aa8b1b0a647fff,-22.430051427871625,-41.80837324751498,Virgem Santa,25.407726020241196,0.0,25.41,25.41,25.41,25.41,0.0
8aa8b1b0a64ffff,-22.42914653441467,-41.809231460598824,Virgem Santa,26.49321171396642,0.0,26.49,26.49,26.49,26.49,0.0
8aa8b1b0a657fff,-22.429849165289546,-41.80705233464414,Virgem Santa,24.92232011722348,0.0,24.92,24.92,24.92,24.92,0.0
8aa8b1b0a65ffff,-22.42894427681174,-41.807910549185905,Virgem Santa,26.04765309245186,0.0,26.05,26.05,26.05,26.05,0.0
8aa8b1b0a667fff,-22.431158563858524,-41.808835947476794,Virgem Santa,24.69868197078589,0.0,24.7,24.7,24.7,24.7,0.0
8aa8b1b0a66ffff,-22.430253679285883,-41.80969416144356,Virgem Santa,25.772969080292896,0.0,25.77,25.77,25.77,25.77,0.0
8aa8b1b0a5a7fff,-22.440706745413678,-41.79675357768531,Riviera Fluminense,13.063499319541744,0.0,13.06,13.06,13.06,13.06,0.0
8aa8b1b0a5affff,-22.439802023354396,-41.79761182028922,Riviera Fluminense,13.977319207136363,0.0,13.98,13.98,13.98,13.98,0.0
8aa8b1b0a5b7fff,-22.440504411881676,-41.79543264843554,Riviera Fluminense,12.774093324661237,0.0,12.77,12.77,12.77,12.77,0.0
8aa8b1b0a607fff,-22.43165890065254,-41.80533589853927,Costa do Sol,22.815840591306014,0.0,22.82,22.82,22.82,22.82,0.0
8aa8b1b0a60ffff,-22.4307540399034,-41.806194117761805,Costa do Sol,23.85662089694697,0.0,23.86,23.86,23.86,23.86,0.0
8aa8b1b0a617fff,-22.431456616942917,-41.80401498381532,Costa do Sol,22.30978622346945,0.0,22.31,22.31,22.31,22.31,0.0
8aa8b1b0a61ffff,-22.43055176117396,-41.80487320449369,Costa do Sol,23.38853622611517,0.0,23.39,23.39,23.39,23.39,0.0
8aa8b1b0a627fff,-22.432766025057965,-41.80579859421796,Costa do Sol,22.202746921120248,0.0,22.2,22.2,22.2,22.2,0.0
8aa8b1b0a827fff,-22.44826418363949,-41.812276505168015,Riviera Fluminense,11.890086809517689,0.0,11.89,11.89,11.89,11.89,0.0
8aa8b1b0a82ffff,-22.44735945620038,-41.813134737634044,Riviera Fluminense,12.646180528822502,0.0,12.65,12.65,12.65,12.65,0.0
8aa8b1b0a837fff,-22.44806199279314,-41.810955552704385,Riviera Fluminense,11.907657729567742,0.0,11.91,11.91,11.91,11.91,0.0
8aa8b1b0a847fff,-22.445549959710746,-41.81485119553547,Riviera Fluminense,14.140368077182067,0.0,14.14,14.14,14.14,14.14,0.0
8aa8b1b0a84ffff,-22.44464519066176,-41.815709420970116,Riviera Fluminense,14.87879739694218,0.0,14.88,14.88,14.88,14.88,0.0
8aa8b1b0a857fff,-22.445347783808234,-41.81353024745572,Riviera Fluminense,14.238869322269936,0.0,14.24,14.24,14.24,14.24,0.0
8aa8b1b0a85ffff,-22.444443019739793,-41.81438847435284,Riviera Fluminense,14.984996095603481,0.0,14.98,14.98,14.98,14.98,0.0
8aa8b1b0a867fff,-22.446656884598376,-41.8153139183501,Riviera Fluminense,13.298242568648869,0.0,13.3,13.3,13.3,13.3,0.0
8aa8b1b0a79ffff,-22.432159158987716,-41.80183584568182,Costa do Sol,20.933089697232067,0.0,20.93,20.93,20.93,20.93,0.0
8aa8b1b0a7a7fff,-22.43437339970388,-41.80276122683418,Costa do Sol,19.76654898602135,0.0,19.77,19.77,19.77,19.77,0.0
8aa8b1b0a7affff,-22.43346858055356,-41.80361945307507,Costa do Sol,20.781111411252528,0.0,20.78,20.78,20.78,20.78,0.0
8aa8b1b0a7b7fff,-22.434171101051476,-41.80144030774629,Costa do Sol,19.335432995416483,0.0,19.34,19.34,19.34,19.34,0.0
8aa8b1b0a807fff,-22.447157270335694,-41.81181378663112,Riviera Fluminense,12.685018117781027,0.0,12.69,12.69,12.69,12.69,0.0
8aa8b1b0a80ffff,-22.44625253400713,-41.81267201821501,Riviera Fluminense,13.446532248517725,0.0,13.45,13.45,13.45,13.45,0.0
8aa8b1b0a817fff,-22.446955073295413,-41.81049283668232,Riviera Fluminense,12.666337559804198,0.0,12.67,12.67,12.67,12.67,0.0
8aa8b1b0a81ffff,-22.446050341948407,-41.8113510697266,Riviera Fluminense,13.46459681629616,0.0,13.46,13.46,13.46,13.46,0.0
8aa8b1b0a757fff,-22.432968291411104,-41.80711951251949,Costa do Sol,22.590816157690018,0.0,22.59,22.59,22.59,22.59,0.0
8aa8b1b0a75ffff,-22.432063434567183,-41.80797773116865,Virgem Santa,23.664682935020043,0.0,23.66,23.66,23.66,23.66,0.0
8aa8b1b0a767fff,-22.434277643548718,-41.80890313422432,Costa do Sol,22.157387053190096,0.0,22.16,22.16,22.16,22.16,0.0
8aa8b1b0a76ffff,-22.433372790610406,-41.80976135229841,Virgem Santa,23.163944975533592,0.0,23.16,23.16,23.16,23.16,0.0
8aa8b1b0a777fff,-22.434075394553822,-41.807582212347725,Costa do Sol,21.934185411827485,0.0,21.93,21.93,21.93,21.93,0.0
8aa8b1b0a787fff,-22.433266286882464,-41.802298535441246,Costa do Sol,20.308960004522405,0.0,20.31,20.31,20.31,20.31,0.0
8aa8b1b0a78ffff,-22.432361458846017,-41.80315676079772,Costa do Sol,21.3135939973943,0.0,21.31,21.31,21.31,21.31,0.0
8aa8b1b0a797fff,-22.433063982042952,-41.80097761887162,Costa do Sol,19.924172146475982,0.0,19.92,19.92,19.92,19.92,0.0
8aa8b1b0a70ffff,-22.433873134389497,-41.80626129152972,Costa do Sol,21.567195839440767,0.0,21.57,21.57,21.57,21.57,0.0
8aa8b1b0a717fff,-22.43457568718734,-41.80408214698578,Costa do Sol,20.209347105827213,0.0,20.21,20.21,20.21,20.21,0.0
8aa8b1b0a71ffff,-22.433670863055994,-41.80494037177169,Costa do Sol,21.18210814893612,0.0,21.18,21.18,21.18,21.18,0.0
8aa8b1b0a727fff,-22.43588504887228,-41.80586576626078,Costa do Sol,19.96502692960534,0.0,19.97,19.97,19.97,19.97,0.0
8aa8b1b0a72ffff,-22.43498022864641,-41.80672399047449,Costa do Sol,20.973069027842556,0.0,20.97,20.97,20.97,20.97,0.0
8aa8b1b0a737fff,-22.435682778746624,-41.804544842529765,Costa do Sol,19.584600056499184,0.0,19.58,19.58,19.58,19.58,0.0
8aa8b1b0a747fff,-22.433170546595335,-41.808440431880115,Costa do Sol,22.8811326895253,0.0,22.88,22.88,22.88,22.88,0.0
8aa8b1b0a74ffff,-22.432265684771693,-41.809298649071295,Virgem Santa,23.908646019828584,0.0,23.91,23.91,23.91,23.91,0.0
8aa8b1b0a94ffff,-22.44776379440196,-41.81577664279669,Riviera Fluminense,12.442553529085696,0.0,12.44,12.44,12.44,12.44,0.0
8aa8b1b0a957fff,-22.448466363309713,-41.813597458685294,Riviera Fluminense,11.815460185011874,0.0,11.82,11.82,11.82,11.82,0.0
8aa8b1b0a95ffff,-22.447561630889226,-41.8144556896897,Riviera Fluminense,12.549872986977817,0.0,12.55,12.55,12.55,12.55,0.0
8aa8b1b0a967fff,-22.449775417632807,-41.815381138451954,Riviera Fluminense,10.879803759042225,0.0,10.88,10.88,10.88,10.88,0.0
8aa8b1b0a96ffff,-22.448870689120774,-41.81623936887519,Riviera Fluminense,11.572603617685573,0.0,11.57,11.57,11.57,11.57,0.0
8aa8b1b0a977fff,-22.4495732553344,-41.81406018136873,Riviera Fluminense,10.984657958870468,0.0,10.98,10.98,10.98,10.98,0.0
8aa8b1b0a987fff,-22.44876449437419,-41.80877636356743,Riviera Fluminense,11.007735554889553,0.0,11.01,11.01,11.01,11.01,0.0
8aa8b1b0a98ffff,-22.44785979077093,-41.8096346012958,Riviera Fluminense,11.85271365425039,0.0,11.85,11.85,11.85,11.85,0.0
8aa8b1b0a907fff,-22.450275786536526,-41.811880989645985,Riviera Fluminense,10.325486939732368,0.0,10.33,10.33,10.33,10.33,0.0
8aa8b1b0a90ffff,-22.449371081859077,-41.81273922533727,Riviera Fluminense,11.03294032482859,0.0,11.03,11.03,11.03,11.03,0.0
8aa8b1b0a917fff,-22.450073596902413,-41.81056003320723,Riviera Fluminense,10.342657973549661,0.0,10.34,10.34,10.34,10.34,0.0
8aa8b1b0a91ffff,-22.449168897207095,-41.811418270358956,Riviera Fluminense,11.10181298933,0.0,11.1,11.1,11.1,11.1,0.0
8aa8b1b0a927fff,-22.4513826607807,-41.81234371056541,Riviera Fluminense,9.516185081182833,0.0,9.52,9.52,9.52,9.52,0.0
8aa8b1b0a92ffff,-22.450477964993702,-41.81320194713881,Riviera Fluminense,10.25196904727742,0.0,10.25,10.25,10.25,10.25,0.0
8aa8b1b0a937fff,-22.451180477341293,-41.811022751611816,Riviera Fluminense,9.553502323743995,0.0,9.55,9.55,9.55,9.55,0.0
8aa8b1b0a947fff,-22.448668531803563,-41.81491841325482,Riviera Fluminense,11.714741423749015,0.0,11.71,11.71,11.71,11.71,0.0
8aa8b1b0a8b7fff,-22.44655064568911,-41.80785093995275,Riviera Fluminense,12.47201548588837,0.0,12.47,12.47,12.47,12.47,0.0
8aa8b1b0a8c7fff,-22.444038644371837,-41.81174658427386,Riviera Fluminense,15.097085636933617,0.0,15.1,15.1,15.1,15.1,0.0
8aa8b1b0a8cffff,-22.44313387639575,-41.81260481175041,Riviera Fluminense,15.87403250022823,0.0,15.87,15.87,15.87,15.87,0.0
8aa8b1b0a8d7fff,-22.443836439926358,-41.81042564081497,Riviera Fluminense,15.041017793306255,0.0,15.04,15.04,15.04,15.04,0.0
8aa8b1b0a8dffff,-22.442931676931273,-41.81128386975183,Riviera Fluminense,15.855321051111268,0.0,15.86,15.86,15.86,15.86,0.0
8aa8b1b0a8e7fff,-22.445145596730704,-41.812209300428265,Riviera Fluminense,14.278812402447889,0.0,14.28,14.28,14.28,14.28,0.0
8aa8b1b0a8effff,-22.444240837643072,-41.81306752878695,Riviera Fluminense,15.078402395212448,0.0,15.08,15.08,15.08,15.08,0.0
8aa8b1b0a8f7fff,-22.44494339847839,-41.810888354454534,Riviera Fluminense,14.260127449809504,0.0,14.26,14.26,14.26,14.26,0.0
8aa8b1b0a86ffff,-22.44575212443795,-41.81617214466612,Riviera Fluminense,14.014366526359915,0.0,14.01,14.01,14.01,14.01,0.0
8aa8b1b0a877fff,-22.446454714890542,-41.81399296775665,Riviera Fluminense,13.385898952441732,0.0,13.39,13.39,13.39,13.39,0.0
8aa8b1b0a887fff,-22.445645924306056,-41.80870917591505,Riviera Fluminense,13.357579871076966,0.0,13.36,13.36,13.36,13.36,0.0
8aa8b1b0a88ffff,-22.444741189051552,-41.80956740953591,Riviera Fluminense,14.198287467540613,0.0,14.2,14.2,14.2,14.2,0.0
8aa8b1b0a897fff,-22.445443698722947,-41.80738823059471,Riviera Fluminense,13.217252706020776,0.0,13.22,13.22,13.22,13.22,0.0
8aa8b1b0a89ffff,-22.44453896845045,-41.8082464656738,Riviera Fluminense,14.093411316214766,0.0,14.09,14.09,14.09,14.09,0.0
8aa8b1b0a8a7fff,-22.446752865079795,-41.80917188778907,Riviera Fluminense,12.605606464610283,0.0,12.61,12.61,12.61,12.61,0.0
8aa8b1b0a8affff,-22.44584813871463,-41.81003012229281,Riviera Fluminense,13.409178615668289,0.0,13.41,13.41,13.41,13.41,0.0
8aa8b1b0aaaffff,-22.439514665811636,-41.81603769822138,Riviera Fluminense,19.01749714168144,0.0,19.02,19.02,19.02,19.02,0.0
8aa8b1b0aab7fff,-22.4402173047343,-41.81385854250559,Riviera Fluminense,18.316063667888013,0.0,18.32,18.32,18.32,18.32,0.0
8aa8b1b0aac7fff,-22.43770497732255,-41.81775412739047,Virgem Santa,20.544743031624694,0.0,20.54,20.54,20.54,20.54,0.0
8aa8b1b0aacffff,-22.436800112281475,-41.8186123384571,Virgem Santa,21.25458112719411,0.0,21.25,21.25,21.25,21.25,0.0
8aa8b1b0aad7fff,-22.437502807736113,-41.81643319416619,Virgem Santa,20.69645476125937,0.0,20.7,20.7,20.7,20.7,0.0
8aa8b1b0aadffff,-22.43659794767339,-41.817291406697265,Virgem Santa,21.49977750022534,0.0,21.5,21.5,21.5,21.5,0.0
8aa8b1b0aae7fff,-22.438811991892123,-41.818216849715284,Virgem Santa,19.601679298664727,0.0,19.6,19.6,19.6,19.6,0.0
8aa8b1b0aaeffff,-22.437907135736687,-41.819075061662545,Virgem Santa,20.327435433983574,0.0,20.33,20.33,20.33,20.33,0.0
8aa8b1b0aa67fff,-22.440323272257576,-41.821321453309196,Virgem Santa,18.134705975242117,0.0,18.13,18.13,18.13,18.13,0.0
8aa8b1b0aa6ffff,-22.43941841503178,-41.82217966320405,Virgem Santa,18.740968737591423,0.0,18.74,18.74,18.74,18.74,0.0
8aa8b1b0aa77fff,-22.440121137406287,-41.820000512967724,Virgem Santa,18.494401574734777,0.0,18.49,18.49,18.49,18.49,0.0
8aa8b1b0aa87fff,-22.43931248626734,-41.81471676206998,Riviera Fluminense,19.15813029312635,0.0,19.16,19.16,19.16,19.16,0.0
8aa8b1b0aa8ffff,-22.438407653934355,-41.8155749792903,Riviera Fluminense,19.941428441600454,0.0,19.94,19.94,19.94,19.94,0.0
8aa8b1b0aa97fff,-22.439110295550446,-41.8133958269696,Riviera Fluminense,19.219150708269247,0.0,19.22,19.22,19.22,19.22,0.0
8aa8b1b0aa9ffff,-22.43820546819684,-41.81425404565226,Riviera Fluminense,20.013601904623478,0.0,20.01,20.01,20.01,20.01,0.0
8aa8b1b0aaa7fff,-22.440419489258083,-41.815179480119674,Riviera Fluminense,18.263450897589994,0.0,18.26,18.26,18.26,18.26,0.0
8aa8b1b0aa1ffff,-22.439716834183063,-41.817358635422416,Riviera Fluminense,18.874955234252155,0.0,18.87,18.87,18.87,18.87,0.0
8aa8b1b0aa27fff,-22.441930800307496,-41.81828408320531,Riviera Fluminense,17.058715697348,0.0,17.06,17.06,17.06,17.06,0.0
8aa8b1b0aa2ffff,-22.44102597578954,-41.81914229925954,Riviera Fluminense,17.762220137150507,0.0,17.76,17.76,17.76,17.76,0.0
8aa8b1b0aa37fff,-22.441728644324876,-41.816963140979,Riviera Fluminense,17.23981566700739,0.0,17.24,17.24,17.24,17.24,0.0
8aa8b1b0aa47fff,-22.439216285158505,-41.82085872432949,Virgem Santa,19.084463704833848,0.0,19.08,19.08,19.08,19.08,0.0
8aa8b1b0aa4ffff,-22.438311419046975,-41.82171693334446,Virgem Santa,19.68578906953078,0.0,19.69,19.69,19.69,19.69,0.0
8aa8b1b0aa57fff,-22.439014144111866,-41.81953778649944,Virgem Santa,19.4129857636411,0.0,19.41,19.41,19.41,19.41,0.0
8aa8b1b0aa5ffff,-22.43810928297824,-41.82039599698101,Virgem Santa,20.09213060818851,0.0,20.09,20.09,20.09,20.09,0.0
8aa8b1b0a997fff,-22.448562276193783,-41.80745541175701,Riviera Fluminense,10.95299739130361,0.0,10.95,10.95,10.95,10.95,0.0
8aa8b1b0a99ffff,-22.44765757757311,-41.808313650943674,Riviera Fluminense,11.756196018812002,0.0,11.76,11.76,11.76,11.76,0.0
8aa8b1b0a9a7fff,-22.449871396091616,-41.80923907782396,Riviera Fluminense,10.288027552306112,0.0,10.29,10.29,10.29,10.29,0.0
8aa8b1b0a9affff,-22.448966701378712,-41.81009731643521,Riviera Fluminense,11.052211818087896,0.0,11.05,11.05,11.05,11.05,0.0
8aa8b1b0a9b7fff,-22.449669184104422,-41.807918123497565,Riviera Fluminense,10.192523111375419,0.0,10.19,10.19,10.19,10.19,0.0
8aa8b1b0aa07fff,-22.44082382478596,-41.81782135849805,Riviera Fluminense,17.970507971121677,0.0,17.97,17.97,17.97,17.97,0.0
8aa8b1b0aa0ffff,-22.43991899138137,-41.81867957367166,Virgem Santa,18.68484954460621,0.0,18.68,18.68,18.68,18.68,0.0
8aa8b1b0aa17fff,-22.44062166260872,-41.8165004187843,Riviera Fluminense,18.117208155243365,0.0,18.12,18.12,18.12,18.12,0.0
8aa8b1b0ac17fff,-22.445539381118614,-41.801246216674414,Riviera Fluminense,11.5369904306307,0.0,11.54,11.54,11.54,11.54,0.0
8aa8b1b0ac1ffff,-22.44463468465025,-41.80210445991573,Riviera Fluminense,12.422612339007996,0.0,12.42,12.42,12.42,12.42,0.0
8aa8b1b0ac27fff,-22.4468486130309,-41.80302986012775,Riviera Fluminense,11.204286427912818,0.0,11.2,11.2,11.2,11.2,0.0
8aa8b1b0ac2ffff,-22.445943920469198,-41.8038881027995,Riviera Fluminense,12.068408137660894,0.0,12.07,12.07,12.07,12.07,0.0
8aa8b1b0ac37fff,-22.446646343958918,-41.80170891507893,Riviera Fluminense,10.917765147718535,0.0,10.92,10.92,10.92,10.92,0.0
8aa8b1b0ac47fff,-22.444134493726484,-41.80560458112473,Riviera Fluminense,13.755462492068752,0.0,13.76,13.76,13.76,13.76,0.0
8aa8b1b0ac4ffff,-22.44322975954704,-41.80646281677749,Riviera Fluminense,14.657399372293503,0.0,14.66,14.66,14.66,14.66,0.0
8aa8b1b0ac57fff,-22.443932239604145,-41.80428364044058,Riviera Fluminense,13.615723893791346,0.0,13.62,13.62,13.62,13.62,0.0
8aa8b1b0ab8ffff,-22.441526477168324,-41.81564219980132,Riviera Fluminense,17.344479597757147,0.0,17.34,17.34,17.34,17.34,0.0
8aa8b1b0ab97fff,-22.442229094550918,-41.81346303688382,Riviera Fluminense,16.699320352774134,0.0,16.7,16.7,16.7,16.7,0.0
8aa8b1b0ab9ffff,-22.441324298838104,-41.81432125967369,Riviera Fluminense,17.46491062877248,0.0,17.46,17.46,17.46,17.46,0.0
8aa8b1b0aba7fff,-22.44353824180257,-41.81524669890601,Riviera Fluminense,15.746789843809553,0.0,15.75,15.75,15.75,15.75,0.0
8aa8b1b0abaffff,-22.44263344999734,-41.81610492111486,Riviera Fluminense,16.49330988842571,0.0,16.49,16.49,16.49,16.49,0.0
8aa8b1b0abb7fff,-22.443336064686278,-41.81392575480227,Riviera Fluminense,15.832672590703433,0.0,15.83,15.83,15.83,15.83,0.0
8aa8b1b0ac07fff,-22.44574165638079,-41.80256715920498,Riviera Fluminense,11.799891619608559,0.0,11.8,11.8,11.8,11.8,0.0
8aa8b1b0ac0ffff,-22.444836954928938,-41.803425400992325,Riviera Fluminense,12.745219576437087,0.0,12.75,12.75,12.75,12.75,0.0
8aa8b1b0ab47fff,-22.4423350787499,-41.82092597079827,Riviera Fluminense,16.577951167185358,0.0,16.58,16.58,16.58,16.58,0.0
8aa8b1b0ab4ffff,-22.441430244274706,-41.821784183920094,Virgem Santa,17.179666154189,0.0,17.18,17.18,17.18,17.18,0.0
8aa8b1b0ab57fff,-22.44213294511592,-41.81960502647887,Riviera Fluminense,16.84814769528242,0.0,16.85,16.85,16.85,16.85,0.0
8aa8b1b0ab5ffff,-22.44122811561921,-41.82046324106736,Virgem Santa,17.554943613544932,0.0,17.55,17.55,17.55,17.55,0.0
8aa8b1b0ab67fff,-22.443442026797612,-41.821388702160434,Riviera Fluminense,15.624067371629707,0.0,15.62,15.62,15.62,15.62,0.0
8aa8b1b0ab6ffff,-22.44253720120917,-41.822246916162115,Riviera Fluminense,16.24894236282543,0.0,16.25,16.25,16.25,16.25,0.0
8aa8b1b0ab77fff,-22.44323989935976,-41.8200677553296,Riviera Fluminense,15.987925405345704,0.0,15.99,15.99,15.99,15.99,0.0
8aa8b1b0ab87fff,-22.442431277861104,-41.814783978473855,Riviera Fluminense,16.6189448398035,0.0,16.62,16.62,16.62,16.62,0.0
8aa8b1b0aaf7fff,-22.43860982849953,-41.816895913978435,Virgem Santa,19.78843997368913,0.0,19.79,19.79,19.79,19.79,0.0
8aa8b1b0ab07fff,-22.443942562511445,-41.81788859026351,Riviera Fluminense,15.442485381845122,0.0,15.44,15.44,15.44,15.44,0.0
8aa8b1b0ab0ffff,-22.44303776074692,-41.81874680954414,Riviera Fluminense,16.15410246452695,0.0,16.15,16.15,16.15,16.15,0.0
8aa8b1b0ab17fff,-22.44374040774438,-41.81656764406023,Riviera Fluminense,15.601164268820325,0.0,15.6,15.6,15.6,15.6,0.0
8aa8b1b0ab1ffff,-22.442835610959364,-41.817425864805415,Riviera Fluminense,16.35365333494295,0.0,16.35,16.35,16.35,16.35,0.0
8aa8b1b0ab27fff,-22.44504949898038,-41.81835131735323,Riviera Fluminense,14.567299575906961,0.0,14.57,14.57,14.57,14.57,0.0
8aa8b1b0ab2ffff,-22.444144706103508,-41.81920953751446,Riviera Fluminense,15.255753611460984,0.0,15.26,15.26,15.26,15.26,0.0
8aa8b1b0ab37fff,-22.444847350408708,-41.817030368637376,Riviera Fluminense,14.760049804414125,0.0,14.76,14.76,14.76,14.76,0.0
8aa8b1b0ad37fff,-22.44976488031801,-41.80177606855496,Lagomar,8.787447734927929,0.0,8.79,8.79,8.79,8.79,0.0
8aa8b1b0ad47fff,-22.447253117651677,-41.80567175341439,Riviera Fluminense,11.51613208045564,0.0,11.52,11.52,11.52,11.52,0.0
8aa8b1b0ad4ffff,-22.446348415123612,-41.80652999317478,Riviera Fluminense,12.373850734508771,0.0,12.37,12.37,12.37,12.37,0.0
8aa8b1b0ad57fff,-22.44705087092857,-41.80435080624004,Riviera Fluminense,11.342036480001813,0.0,11.34,11.34,11.34,11.34,0.0
8aa8b1b0ad5ffff,-22.446146173383553,-41.805209047456565,Riviera Fluminense,12.218631958360168,0.0,12.22,12.22,12.22,12.22,0.0
8aa8b1b0ad67fff,-22.44836004683775,-41.80613446100537,Riviera Fluminense,10.81086226102925,0.0,10.81,10.81,10.81,10.81,0.0
8aa8b1b0ad6ffff,-22.447455353199935,-41.806992701649406,Riviera Fluminense,11.649101134064727,0.0,11.65,11.65,11.65,11.65,0.0
8aa8b1b0ad77fff,-22.448157806306348,-41.8048135113139,Riviera Fluminense,10.674162131692466,0.0,10.67,10.67,10.67,10.67,0.0
8aa8b1b0aceffff,-22.442825250094323,-41.80382093938253,Riviera Fluminense,14.29475687367337,0.0,14.29,14.29,14.29,14.29,0.0
8aa8b1b0acf7fff,-22.443527697840015,-41.80164176226006,Riviera Fluminense,13.04146522996485,0.0,13.04,13.04,13.04,13.04,0.0
8aa8b1b0ad07fff,-22.448860224396576,-41.80263431678887,Riviera Fluminense,9.650760589856633,0.0,9.65,9.65,9.65,9.65,0.0
8aa8b1b0ad0ffff,-22.44795555459985,-41.80349256268401,Riviera Fluminense,10.481281834648373,0.0,10.48,10.48,10.48,10.48,0.0
8aa8b1b0ad17fff,-22.448657956531157,-41.80131336776792,Riviera Fluminense,9.398831465181335,0.0,9.4,9.4,9.4,9.4,0.0
8aa8b1b0ad1ffff,-22.447753291718488,-41.8021716151171,Riviera Fluminense,10.309663007857672,0.0,10.31,10.31,10.31,10.31,0.0
8aa8b1b0ad27fff,-22.449967141992467,-41.80309702009416,Lagomar,8.97167691924206,0.0,8.97,8.97,8.97,8.97,0.0
8aa8b1b0ad2ffff,-22.449062481086877,-41.8039552668737,Riviera Fluminense,9.831534934073325,0.0,9.83,9.83,9.83,9.83,0.0
8aa8b1b0aca7fff,-22.445337094682905,-41.79992527520922,Riviera Fluminense,11.249148034743083,0.0,11.25,11.25,11.25,11.25,0.0
8aa8b1b0acaffff,-22.444432403198313,-41.80078351990359,Riviera Fluminense,12.151892954276553,0.0,12.15,12.15,12.15,12.15,0.0
8aa8b1b0acb7fff,-22.44513479707393,-41.798604334810776,Riviera Fluminense,10.93670613553318,0.0,10.94,10.94,10.94,10.94,0.0
8aa8b1b0acc7fff,-22.44262297860879,-41.80250000227828,Riviera Fluminense,13.949855111699211,0.0,13.95,13.95,13.95,13.95,0.0
8aa8b1b0accffff,-22.441718245505413,-41.803358239957845,Riviera Fluminense,14.862664113768204,0.0,14.86,14.86,14.86,14.86,0.0
8aa8b1b0acd7fff,-22.442420695950815,-41.80117906623804,Riviera Fluminense,13.687141984064905,0.0,13.69,13.69,13.69,13.69,0.0
8aa8b1b0acdffff,-22.441515967830362,-41.80203730537153,Riviera Fluminense,14.600808837008476,0.0,14.6,14.6,14.6,14.6,0.0
8aa8b1b0ace7fff,-22.44372997430856,-41.80296270081856,Riviera Fluminense,13.341528346541054,0.0,13.34,13.34,13.34,13.34,0.0
8aa8b1b0ac5ffff,-22.443027510407163,-41.8051418775494,Riviera Fluminense,14.489580237523715,0.0,14.49,14.49,14.49,14.49,0.0
8aa8b1b0ac67fff,-22.445241461965544,-41.80606728633322,Riviera Fluminense,13.08109734491077,0.0,13.08,13.08,13.08,13.08,0.0
8aa8b1b0ac6ffff,-22.444336736675343,-41.806925522869605,Riviera Fluminense,13.930258849759772,0.0,13.93,13.93,13.93,13.93,0.0
8aa8b1b0ac77fff,-22.445039214034132,-41.80474634313194,Riviera Fluminense,12.918493897671418,0.0,12.92,12.92,12.92,12.92,0.0
8aa8b1b0ac87fff,-22.444230110573375,-41.7994625809573,Riviera Fluminense,11.871678971613525,0.0,11.87,11.87,11.87,11.87,0.0
8aa8b1b0ac8ffff,-22.44332541019875,-41.80032082476651,Riviera Fluminense,12.79325202407724,0.0,12.79,12.79,12.79,12.79,0.0
8aa8b1b0ac97fff,-22.444027806775715,-41.798141643078246,Riviera Fluminense,11.489689999724211,0.0,11.49,11.49,11.49,11.49,0.0
8aa8b1b0ac9ffff,-22.443123111385027,-41.79899988833928,Riviera Fluminense,12.396550067041307,0.0,12.4,12.4,12.4,12.4,0.0
8aa8b1b0b49ffff,-22.424121304555307,-41.81702249837493,Virgem Santa,30.0,0.0,30.0,30.0,30.0,30.0,0.0
8aa8b1b0b4a7fff,-22.42633566106001,-41.81794792233394,Virgem Santa,30.0,0.0,30.0,30.0,30.0,30.0,0.0
8aa8b1b0b4affff,-22.425430678390494,-41.81880611785368,Virgem Santa,30.0,0.0,30.0,30.0,30.0,30.0,0.0
8aa8b1b0b4b7fff,-22.42613346803723,-41.81662701255437,Virgem Santa,30.0,0.0,30.0,30.0,30.0,30.0,0.0
8aa8b1b0b4c7fff,-22.423620671480023,-41.820522501855464,Virgem Santa,30.0,0.0,30.0,30.0,30.0,30.0,0.0
8aa8b1b0b4cffff,-22.422715647240608,-41.82138069033674,Virgem Santa,30.0,0.0,30.0,30.0,30.0,30.0,0.0
8aa8b1b0b4d7fff,-22.423418493384638,-41.819201596471245,Virgem Santa,30.0,0.0,30.0,30.0,30.0,30.0,0.0
8aa8b1b0b4dffff,-22.422513474120272,-41.820059786418824,Virgem Santa,30.0,0.0,30.0,30.0,30.0,30.0,0.0
8aa8b1b0b457fff,-22.424930014504184,-41.82230612786324,Virgem Santa,30.0,0.0,30.0,30.0,30.0,30.0,0.0
8aa8b1b0b45ffff,-22.424024994170615,-41.8231643157569,Virgem Santa,30.0,0.0,30.0,30.0,30.0,30.0,0.0
8aa8b1b0b467fff,-22.426239318902404,-41.82408976156614,Virgem Santa,29.489437931163476,0.0,29.49,29.49,29.49,29.49,0.0
8aa8b1b0b46ffff,-22.425334302475065,-41.824947948870495,Virgem Santa,29.816204856254114,0.0,29.82,29.82,29.82,29.82,0.0
8aa8b1b0b477fff,-22.426037175526115,-41.82276884907299,Virgem Santa,30.0,0.0,30.0,30.0,30.0,30.0,0.0
8aa8b1b0b487fff,-22.425228490343894,-41.817485209538646,Virgem Santa,30.0,0.0,30.0,30.0,30.0,30.0,0.0
8aa8b1b0b48ffff,-22.42432349879277,-41.81834340417773,Virgem Santa,30.0,0.0,30.0,30.0,30.0,30.0,0.0
8aa8b1b0b497fff,-22.425026291130358,-41.816164302271645,Virgem Santa,30.0,0.0,30.0,30.0,30.0,30.0,0.0
8aa8b1b0b40ffff,-22.425835020981864,-41.82144793762227,Virgem Santa,30.0,0.0,30.0,30.0,30.0,30.0,0.0
8aa8b1b0b417fff,-22.426537842915312,-41.819268833161054,Virgem Santa,30.0,0.0,30.0,30.0,30.0,30.0,0.0
8aa8b1b0b41ffff,-22.425632855269907,-41.82012702721536,Virgem Santa,30.0,0.0,30.0,30.0,30.0,30.0,0.0
8aa8b1b0b427fff,-22.42784715686178,-41.821052464484474,Virgem Santa,29.1364413010482,0.0,29.14,29.14,29.14,29.14,0.0
8aa8b1b0b42ffff,-22.42694217312248,-41.82191065795232,Virgem Santa,29.747889282149366,0.0,29.75,29.75,29.75,29.75,0.0
8aa8b1b0b437fff,-22.427644992366467,-41.81973155009979,Virgem Santa,29.59865444209131,0.0,29.6,29.6,29.6,29.6,0.0
8aa8b1b0b447fff,-22.42513216407347,-41.823627037846116,Virgem Santa,30.0,0.0,30.0,30.0,30.0,30.0,0.0
8aa8b1b0b44ffff,-22.424227138765303,-41.82448522427132,Virgem Santa,30.0,0.0,30.0,30.0,30.0,30.0,0.0
8aa8b1b0ad87fff,-22.447348732432246,-41.79952972317784,Riviera Fluminense,9.768468395925106,0.0,9.77,9.77,9.77,9.77,0.0
8aa8b1b0ad8ffff,-22.446444063712867,-41.80038797109499,Riviera Fluminense,10.652675917642645,0.0,10.65,10.65,10.65,10.65,0.0
8aa8b1b0ad97fff,-22.44714643602788,-41.79820877880829,Riviera Fluminense,9.476571472424292,0.0,9.48,9.48,9.48,9.48,0.0
8aa8b1b0ad9ffff,-22.446241772293018,-41.79906702817732,Riviera Fluminense,10.393850676654445,0.0,10.39,10.39,10.39,10.39,0.0
8aa8b1b0ada7fff,-22.44845567749087,-41.79999241981227,Riviera Fluminense,9.15315710680067,0.0,9.15,9.15,9.15,9.15,0.0
8aa8b1b0adaffff,-22.447551017662533,-41.80085066861457,Riviera Fluminense,10.03593903148055,0.0,10.04,10.04,10.04,10.04,0.0
8aa8b1b0adb7fff,-22.44825338727597,-41.79867147292333,Riviera Fluminense,8.883005064724795,0.0,8.88,8.88,8.88,8.88,0.0
8aa8b1b0b407fff,-22.426740013602892,-41.82058974503432,Virgem Santa,30.0,0.0,30.0,30.0,30.0,30.0,0.0
8aa8b1b0b68ffff,-22.417988169982095,-41.82435070095446,Virgem Santa,30.0,0.0,30.0,30.0,30.0,30.0,0.0
8aa8b1b0b697fff,-22.418691094127084,-41.82217162573702,Virgem Santa,38.78533734901799,0.0,38.79,38.79,38.79,38.79,0.0
8aa8b1b0b69ffff,-22.417786010566637,-41.82302980541759,Virgem Santa,38.265301300302056,0.0,38.27,38.27,38.27,38.27,0.0
8aa8b1b0b6a7fff,-22.420000491394976,-41.82395524169765,Virgem Santa,30.0,0.0,30.0,30.0,30.0,30.0,0.0
8aa8b1b0b6affff,-22.41909541173989,-41.824813420789056,Virgem Santa,30.0,0.0,30.0,30.0,30.0,30.0,0.0
8aa8b1b0b6b7fff,-22.419798333197534,-41.822634342182155,Virgem Santa,30.0,0.0,30.0,30.0,30.0,30.0,0.0
8aa8b1b0b787fff,-22.422012766125693,-41.82355977996512,Virgem Santa,30.0,0.0,30.0,30.0,30.0,30.0,0.0
8aa8b1b0b78ffff,-22.421107709202868,-41.824417962283825,Virgem Santa,30.0,0.0,30.0,30.0,30.0,30.0,0.0
8aa8b1b0b587fff,-22.42834777663189,-41.81755243801484,Virgem Santa,29.15949790524569,0.0,29.16,29.16,29.16,29.16,0.0
8aa8b1b0b58ffff,-22.4274428167029,-41.81841063676076,Virgem Santa,30.0,0.0,30.0,30.0,30.0,30.0,0.0
8aa8b1b0b597fff,-22.428145584823675,-41.81623152425861,Virgem Santa,29.371340153333662,0.0,29.37,29.37,29.37,29.37,0.0
8aa8b1b0b59ffff,-22.427240629871324,-41.81708972446879,Virgem Santa,30.0,0.0,30.0,30.0,30.0,30.0,0.0
8aa8b1b0b5a7fff,-22.429454908318206,-41.81801515319249,Virgem Santa,28.024041860194295,0.0,28.02,28.02,28.02,28.02,0.0
8aa8b1b0b5affff,-22.42854995727183,-41.818873352819054,Virgem Santa,28.830551111939794,0.0,28.83,28.83,28.83,28.83,0.0
8aa8b1b0b5b7fff,-22.42925272270152,-41.816694236923695,Virgem Santa,28.21664712239435,0.0,28.22,28.22,28.22,28.22,0.0
8aa8b1b0b687fff,-22.418893258515986,-41.82349252274222,Virgem Santa,30.0,0.0,30.0,30.0,30.0,30.0,0.0
8aa8b1b0b52ffff,-22.430061398154358,-41.821977908278186,Virgem Santa,26.748735638341053,0.0,26.75,26.75,26.75,26.75,0.0
8aa8b1b0b537fff,-22.430764193184892,-41.81979878982986,Virgem Santa,26.531748226042563,0.0,26.53,26.53,26.53,26.53,0.0
8aa8b1b0b547fff,-22.42825145234658,-41.82369429638521,Virgem Santa,27.801131883377668,0.0,27.8,27.8,27.8,27.8,0.0
8aa8b1b0b54ffff,-22.427346458656686,-41.82455248691695,Virgem Santa,28.27397980811397,0.0,28.27,28.27,28.27,28.27,0.0
8aa8b1b0b557fff,-22.42804931018857,-41.822373379913415,Virgem Santa,28.544033942530067,0.0,28.54,28.54,28.54,28.54,0.0
8aa8b1b0b55ffff,-22.42714432147383,-41.82323157191367,Virgem Santa,29.00564730390523,0.0,29.01,29.01,29.01,29.01,0.0
8aa8b1b0b567fff,-22.42935856814364,-41.82415702248758,Virgem Santa,26.67046195914784,0.0,26.67,26.67,26.67,26.67,0.0
8aa8b1b0b577fff,-22.429156432179397,-41.8228361035055,Virgem Santa,27.372695922591628,0.0,27.37,27.37,27.37,27.37,0.0
8aa8b1b0b4e7fff,-22.424727853767465,-41.82098521892329,Virgem Santa,30.0,0.0,30.0,30.0,30.0,30.0,0.0
8aa8b1b0b4effff,-22.423822838408768,-41.82184340828448,Virgem Santa,30.0,0.0,30.0,30.0,30.0,30.0,0.0
8aa8b1b0b4f7fff,-22.424525681863585,-41.81966431102765,Virgem Santa,30.0,0.0,30.0,30.0,30.0,30.0,0.0
8aa8b1b0b507fff,-22.42985924604488,-41.820656988871136,Virgem Santa,27.229596013278655,0.0,27.23,27.23,27.23,27.23,0.0
8aa8b1b0b50ffff,-22.428954285045847,-41.82151518556579,Virgem Santa,27.92855928076024,0.0,27.93,27.93,27.93,27.93,0.0
8aa8b1b0b517fff,-22.429657082766084,-41.81933607050877,Virgem Santa,27.646666015997678,0.0,27.65,27.65,27.65,27.65,0.0
8aa8b1b0b51ffff,-22.428752126743234,-41.82019426866984,Virgem Santa,28.40711814678093,0.0,28.41,28.41,28.41,28.41,0.0
8aa8b1b0b527fff,-22.43096635027066,-41.821119710703655,Virgem Santa,26.10584999128299,0.0,26.11,26.11,26.11,26.11,0.0
8aa8b1b0bd07fff,-22.437608658990854,-41.82389607595119,Virgem Santa,19.90458720223085,0.0,19.9,19.9,19.9,19.9,0.0
8aa8b1b0bd0ffff,-22.43670376017726,-41.82475427880276,Virgem Santa,20.4435452951596,0.0,20.44,20.44,20.44,20.44,0.0
8aa8b1b0bd17fff,-22.437406539072462,-41.82257514001226,Virgem Santa,20.34337588674387,0.0,20.34,20.34,20.34,20.34,0.0
8aa8b1b0bd1ffff,-22.43650164523575,-41.823433344332514,Virgem Santa,20.916584300504887,0.0,20.92,20.92,20.92,20.92,0.0
8aa8b1b0bd27fff,-22.438715657664922,-41.82435880920072,Virgem Santa,18.922377519878378,0.0,18.92,18.92,18.92,18.92,0.0
8aa8b1b0bd37fff,-22.438513543942623,-41.8230378707515,Virgem Santa,19.37257950161265,0.0,19.37,19.37,19.37,19.37,0.0
8aa8b1b0bd87fff,-22.436097381835403,-41.820791478518714,Virgem Santa,21.678504259927546,0.0,21.68,21.68,21.68,21.68,0.0
8aa8b1b0bd8ffff,-22.43519248409111,-41.82164968342688,Virgem Santa,22.285069856663764,0.0,22.29,22.29,22.29,22.29,0.0
8aa8b1b0bcaffff,-22.43318051349167,-41.82204515926209,Virgem Santa,23.952623066156896,0.0,23.95,23.95,23.95,23.95,0.0
8aa8b1b0bcb7fff,-22.433883284306148,-41.81986603021786,Virgem Santa,23.708363314189267,0.0,23.71,23.71,23.71,23.71,0.0
8aa8b1b0bcc7fff,-22.431370630932335,-41.823761555582415,Virgem Santa,25.083697999480492,0.0,25.08,25.08,25.08,25.08,0.0
8aa8b1b0bccffff,-22.430465668864276,-41.82461975022072,Virgem Santa,25.591776626908047,0.0,25.59,25.59,25.59,25.59,0.0
8aa8b1b0bcd7fff,-22.431168496186555,-41.822440632621635,Virgem Santa,25.636784354383877,0.0,25.64,25.64,25.64,25.64,0.0
8aa8b1b0bcdffff,-22.430263539094234,-41.82329882872851,Virgem Santa,26.18005796999652,0.0,26.18,26.18,26.18,26.18,0.0
8aa8b1b0bce7fff,-22.432477707692957,-41.82422428406714,Virgem Santa,24.032373092523134,0.0,24.03,24.03,24.03,24.03,0.0
8aa8b1b0bcf7fff,-22.432275579141724,-41.82290335859608,Virgem Santa,24.556498541810416,0.0,24.56,24.56,24.56,24.56,0.0
8aa8b1b0bc1ffff,-22.433382647019116,-41.82336608620147,Virgem Santa,23.48805340244283,0.0,23.49,23.49,23.49,23.49,0.0
8aa8b1b0bc27fff,-22.435596737537622,-41.82429154630485,Virgem Santa,21.43443639807362,0.0,21.43,21.43,21.43,21.43,0.0
8aa8b1b0bc37fff,-22.435394616400366,-41.82297061434474,Virgem Santa,21.91408381188896,0.0,21.91,21.91,21.91,21.91,0.0
8aa8b1b0bc87fff,-22.432978368793293,-41.82072423336593,Virgem Santa,24.365759034266254,0.0,24.37,24.37,24.37,24.37,0.0
8aa8b1b0bc8ffff,-22.432073439419835,-41.82158243416731,Virgem Santa,25.01502218837912,0.0,25.02,25.02,25.02,25.02,0.0
8aa8b1b0bc97fff,-22.43277621292424,-41.819403308514396,Virgem Santa,24.73919012081332,0.0,24.74,24.74,24.74,24.74,0.0
8aa8b1b0bc9ffff,-22.43187128852754,-41.82026151078226,Virgem Santa,25.449843217392132,0.0,25.45,25.45,25.45,25.45,0.0
8aa8b1b0bca7fff,-22.434085433981384,-41.82118695758082,Virgem Santa,23.306730861762826,0.0,23.31,23.31,23.31,23.31,0.0
8aa8b1b0b797fff,-22.421810609146114,-41.82223887647112,Virgem Santa,30.0,0.0,30.0,30.0,30.0,30.0,0.0
8aa8b1b0b79ffff,-22.420905557197308,-41.823097060258206,Virgem Santa,30.0,0.0,30.0,30.0,30.0,30.0,0.0
8aa8b1b0b7a7fff,-22.42311995998194,-41.82402250130284,Virgem Santa,30.0,0.0,30.0,30.0,30.0,30.0,0.0
8aa8b1b0b7affff,-22.42221491193893,-41.8248806845007,Virgem Santa,30.0,0.0,30.0,30.0,30.0,30.0,0.0
8aa8b1b0b7b7fff,-22.422917809194587,-41.822701595298554,Virgem Santa,30.0,0.0,30.0,30.0,30.0,30.0,0.0
8aa8b1b0bc07fff,-22.434489699817995,-41.82382881543774,Virgem Santa,22.427796748280908,0.0,22.43,22.43,22.43,22.43,0.0
8aa8b1b0bc0ffff,-22.43358476937538,-41.82468701418266,Virgem Santa,22.975688517953536,0.0,22.98,22.98,22.98,22.98,0.0
8aa8b1b0bc17fff,-22.434287572485424,-41.82250788598792,Virgem Santa,22.89944163309356,0.0,22.9,22.9,22.9,22.9,0.0
8aa8b1b0e217fff,-22.454703192994337,-41.81373188311756,Lagomar,7.034851741518924,0.0,7.03,7.03,7.03,7.03,0.0
8aa8b1b0e21ffff,-22.453798523880508,-41.81459012233664,Riviera Fluminense,7.739341516412749,0.0,7.74,7.74,7.74,7.74,0.0
8aa8b1b0e227fff,-22.456012154366775,-41.815515580629025,Lagomar,6.110343365069356,0.0,6.11,6.11,6.11,6.11,0.0
8aa8b1b0e22ffff,-22.45510748916226,-41.816373819266786,Lagomar,6.813163051762208,0.0,6.81,6.81,6.81,6.81,0.0
8aa8b1b0e237fff,-22.45581000689013,-41.81419461056608,Lagomar,6.221092495305542,0.0,6.22,6.22,6.22,6.22,0.0
8aa8b1b0e247fff,-22.4532981171334,-41.8180902895072,Riviera Fluminense,8.241341418902618,0.0,8.24,8.24,8.24,8.24,0.0
8aa8b1b0e24ffff,-22.452393410310606,-41.81894852110908,Riviera Fluminense,8.907032864961579,0.0,8.91,8.91,8.91,8.91,0.0
8aa8b1b0e257fff,-22.453095984602676,-41.81676932383495,Riviera Fluminense,8.382627021919303,0.0,8.38,8.38,8.38,8.38,0.0
8aa8b1b0e0cffff,-22.45721493728449,-41.80983618052062,Lagomar,4.8563153358556095,0.0,4.86,4.86,4.86,4.86,0.0
8aa8b1b0e0d7fff,-22.457917349946047,-41.80765695918846,Lagomar,3.9989479001435297,0.0,4.0,4.0,4.0,4.0,0.0
8aa8b1b0e0dffff,-22.457012746302333,-41.808515210698076,Lagomar,4.836875232987034,0.0,4.84,4.84,4.84,4.84,0.0
8aa8b1b0e0e7fff,-22.459226330433697,-41.80944065187367,Lagomar,3.2499078777556174,0.0,3.25,3.25,3.25,3.25,0.0
8aa8b1b0e0effff,-22.45832173069904,-41.81029890280767,Lagomar,4.038380861836817,0.0,4.04,4.04,4.04,4.04,0.0
8aa8b1b0e0f7fff,-22.459024140662756,-41.808119678076686,Lagomar,3.229801835103724,0.0,3.23,3.23,3.23,3.23,0.0
8aa8b1b0e207fff,-22.454905346667957,-41.81505285066682,Lagomar,6.944088208585908,0.0,6.94,6.94,6.94,6.94,0.0
8aa8b1b0e20ffff,-22.454000672571887,-41.815911088423235,Riviera Fluminense,7.674470331126981,0.0,7.67,7.67,7.67,7.67,0.0
8aa8b1b0e05ffff,-22.458523904305416,-41.81161987620165,Lagomar,3.981454284902344,0.0,3.98,3.98,3.98,3.98,0.0
8aa8b1b0e06ffff,-22.45983283266281,-41.813403579599225,Lagomar,3.061652638673625,0.0,3.06,3.06,3.06,3.06,0.0
8aa8b1b0e087fff,-22.459726515598298,-41.80594044914646,Lagomar,2.4563582861898805,0.0,2.46,2.46,2.46,2.46,0.0
8aa8b1b0e08ffff,-22.458821939711626,-41.8067987053378,Lagomar,3.1837229132304614,0.0,3.18,3.18,3.18,3.18,0.0
8aa8b1b0e097fff,-22.459524298481906,-41.8046194760107,Lagomar,2.3753586419169306,0.0,2.38,2.38,2.38,2.38,0.0
8aa8b1b0e09ffff,-22.458619727580558,-41.805477733658414,Lagomar,3.0961059743527968,0.0,3.1,3.1,3.1,3.1,0.0
8aa8b1b0e0affff,-22.459928721534475,-41.80726142334264,Lagomar,2.5099581334879133,0.0,2.51,2.51,2.51,2.51,0.0
8aa8b1b0e0c7fff,-22.458119545912503,-41.808977930469474,Lagomar,4.054509645049817,0.0,4.05,4.05,4.05,4.05,0.0
8aa8b1b0bd97fff,-22.43589523337707,-41.81947054717794,Virgem Santa,22.009367261522122,0.0,22.01,22.01,22.01,22.01,0.0
8aa8b1b0bd9ffff,-22.434990340610117,-41.82032875355265,Virgem Santa,22.699283314689296,0.0,22.7,22.7,22.7,22.7,0.0
8aa8b1b0bda7fff,-22.437204407981266,-41.821254205116006,Virgem Santa,20.674671686505228,0.0,20.67,20.67,20.67,20.67,0.0
8aa8b1b0bdaffff,-22.436299519121714,-41.82211241090404,Virgem Santa,21.298069499616155,0.0,21.3,21.3,21.3,21.3,0.0
8aa8b1b0bdb7fff,-22.43700226571752,-41.81993327126382,Virgem Santa,21.03564586174655,0.0,21.04,21.04,21.04,21.04,0.0
8aa8b1b0e047fff,-22.459630676433985,-41.81208260263634,Lagomar,3.150470632376623,0.0,3.15,3.15,3.15,3.15,0.0
8aa8b1b0e04ffff,-22.45872606673136,-41.81294085065001,Lagomar,3.9145742432210655,0.0,3.91,3.91,3.91,3.91,0.0
8aa8b1b0e057fff,-22.459428509024193,-41.810761626727356,Lagomar,3.213180116732226,0.0,3.21,3.21,3.21,3.21,0.0
8aa8b1b0e337fff,-22.45892821797662,-41.81426182615134,Lagomar,3.83763608110511,0.0,3.84,3.84,3.84,3.84,0.0
8aa8b1b0e347fff,-22.456416415780236,-41.818157523904226,Lagomar,5.829917016234902,0.0,5.83,5.83,5.83,5.83,0.0
8aa8b1b0e34ffff,-22.45551174061185,-41.81901575961328,Lagomar,6.523521244604055,0.0,6.52,6.52,6.52,6.52,0.0
8aa8b1b0e357fff,-22.456214290663564,-41.81683655174221,Lagomar,5.974817665022092,0.0,5.97,5.97,5.97,5.97,0.0
8aa8b1b0e35ffff,-22.455309620476978,-41.81769478891608,Lagomar,6.672976770500616,0.0,6.67,6.67,6.67,6.67,0.0
8aa8b1b0e367fff,-22.457523195993254,-41.81862026052403,Lagomar,5.021496317731082,0.0,5.02,5.02,5.02,5.02,0.0
8aa8b1b0e36ffff,-22.456618529716536,-41.819478497113664,Lagomar,5.706461297929175,0.0,5.71,5.71,5.71,5.71,0.0
8aa8b1b0e377fff,-22.45732107707506,-41.81729928584945,Lagomar,5.140985820199755,0.0,5.14,5.14,5.14,5.14,0.0
8aa8b1b0e2effff,-22.451989144033107,-41.81630659374208,Riviera Fluminense,9.191639899434536,0.0,9.19,9.19,9.19,9.19,0.0
8aa8b1b0e2f7fff,-22.452691686005156,-41.814127395638536,Riviera Fluminense,8.60625997812097,0.0,8.61,8.61,8.61,8.61,0.0
8aa8b1b0e307fff,-22.45802358941416,-41.81512007035947,Lagomar,4.560247113131507,0.0,4.56,4.56,4.56,4.56,0.0
8aa8b1b0e30ffff,-22.457118946976212,-41.815978312223216,Lagomar,5.2971498087131605,0.0,5.3,5.3,5.3,5.3,0.0
8aa8b1b0e317fff,-22.4578214431521,-41.81379909632027,Lagomar,4.6564479922240904,0.0,4.66,4.66,4.66,4.66,0.0
8aa8b1b0e31ffff,-22.456916805696977,-41.81465733964672,Lagomar,5.366528726785822,0.0,5.37,5.37,5.37,5.37,0.0
8aa8b1b0e327fff,-22.459130358040927,-41.815582802704256,Lagomar,3.7195767444065795,0.0,3.72,3.72,3.72,3.72,0.0
8aa8b1b0e32ffff,-22.45822572449555,-41.81644104544934,Lagomar,4.438786942765082,0.0,4.44,4.44,4.44,4.44,0.0
8aa8b1b0e2a7fff,-22.454501028141642,-41.812410916620436,Lagomar,7.131787791155839,0.0,7.13,7.13,7.13,7.13,0.0
8aa8b1b0e2affff,-22.453596364010345,-41.81326915730124,Lagomar,7.872136569709029,0.0,7.87,7.87,7.87,7.87,0.0
8aa8b1b0e2b7fff,-22.454298852110142,-41.811089951176825,Lagomar,7.173094595039778,0.0,7.17,7.17,7.17,7.17,0.0
8aa8b1b0e2c7fff,-22.451786994126863,-41.814985631631934,Riviera Fluminense,9.335192428078726,0.0,9.34,9.34,9.34,9.34,0.0
8aa8b1b0e2cffff,-22.45088228837624,-41.81584386528106,Riviera Fluminense,10.059689618828102,0.0,10.06,10.06,10.06,10.06,0.0
8aa8b1b0e2d7fff,-22.451584833042638,-41.81366467057258,Riviera Fluminense,9.422801646212545,0.0,9.42,9.42,9.42,9.42,0.0
8aa8b1b0e2dffff,-22.4506801322737,-41.8145229056843,Riviera Fluminense,10.13759663413277,0.0,10.14,10.14,10.14,10.14,0.0
8aa8b1b0e2e7fff,-22.452893840893175,-41.8154483592116,Riviera Fluminense,8.483693375422984,0.0,8.48,8.48,8.48,8.48,0.0
8aa8b1b0e25ffff,-22.452191282761106,-41.8176275569016,Riviera Fluminense,9.069480095839639,0.0,9.07,9.07,9.07,9.07,0.0
8aa8b1b0e267fff,-22.454404936417227,-41.818553023744435,Riviera Fluminense,7.377902539827646,0.0,7.38,7.38,7.38,7.38,0.0
8aa8b1b0e26ffff,-22.45350023848509,-41.81941125622692,Riviera Fluminense,8.075361939273572,0.0,8.08,8.08,8.08,8.08,0.0
8aa8b1b0e277fff,-22.454202810084208,-41.817232055559636,Riviera Fluminense,7.523081692365091,0.0,7.52,7.52,7.52,7.52,0.0
8aa8b1b0e287fff,-22.453394192961646,-41.811948193318464,Lagomar,7.949239203223768,0.0,7.95,7.95,7.95,7.95,0.0
8aa8b1b0e28ffff,-22.452489519938887,-41.812806433117174,Riviera Fluminense,8.657577842386633,0.0,8.66,8.66,8.66,8.66,0.0
8aa8b1b0e297fff,-22.453192010734668,-41.8106272303897,Lagomar,7.9860754920054235,0.0,7.99,7.99,7.99,7.99,0.0
8aa8b1b0e29ffff,-22.45228734269461,-41.81148547164891,Riviera Fluminense,8.730290272607686,0.0,8.73,8.73,8.73,8.73,0.0
8aa8b1b0e4b7fff,-22.459215288114983,-41.795835390840594,Lagomar,0.6526814769123235,0.0,0.65,0.65,0.65,0.65,0.0
8aa8b1b0e4c7fff,-22.456703939383573,-41.79973115378185,Lagomar,3.3273000275087803,0.0,3.33,3.33,3.33,3.33,0.0
8aa8b1b0e4cffff,-22.45579936565145,-41.800589414023044,Lagomar,4.176891592524636,0.0,4.18,4.18,4.18,4.18,0.0
8aa8b1b0e4d7fff,-22.45650166516495,-41.79841018994042,Lagomar,3.0119043456294348,0.0,3.01,3.01,3.01,3.01,0.0
8aa8b1b0e4dffff,-22.45559709641905,-41.79926845163368,Lagomar,3.9491276806209843,0.0,3.95,3.95,3.95,3.95,0.0
8aa8b1b0e4e7fff,-22.45781076726216,-41.80019385756397,Lagomar,2.6485703130851093,0.0,2.65,2.65,2.65,2.65,0.0
8aa8b1b0e4effff,-22.456906202424086,-41.80105211869029,Lagomar,3.491802207713246,0.0,3.49,3.49,3.49,3.49,0.0
8aa8b1b0e4f7fff,-22.457608499235313,-41.79887289120314,Lagomar,2.4862937258762123,0.0,2.49,2.49,2.49,2.49,0.0
8aa8b1b0e46ffff,-22.45841750426983,-41.804156763039934,Lagomar,2.9667411586938903,0.0,2.97,2.97,2.97,2.97,0.0
8aa8b1b0e477fff,-22.459119830709547,-41.801977532926045,Lagomar,2.175383808193867,0.0,2.18,2.18,2.18,2.18,0.0
8aa8b1b0e487fff,-22.458310761013685,-41.79669365954351,Lagomar,1.5564920396395996,0.0,1.56,1.56,1.56,1.56,0.0
8aa8b1b0e48ffff,-22.45740622003008,-41.797551925910234,Lagomar,2.2476395289754802,0.0,2.25,2.25,2.25,2.25,0.0
8aa8b1b0e497fff,-22.458108465643072,-41.79537269386996,Lagomar,1.3210980140629962,0.0,1.32,1.32,1.32,1.32,0.0
8aa8b1b0e49ffff,-22.45720392964672,-41.79623096168666,Lagomar,2.0696613838359093,0.0,2.07,2.07,2.07,2.07,0.0
8aa8b1b0e4a7fff,-22.459417577294552,-41.79715635903467,Lagomar,0.9237733995177015,0.0,0.92,0.92,0.92,0.92,0.0
8aa8b1b0e4affff,-22.45851304520589,-41.798014626287284,Lagomar,1.732790923779447,0.0,1.73,1.73,1.73,1.73,0.0
8aa8b1b0e40ffff,-22.45891758005409,-41.80065656297997,Lagomar,2.0392052113024124,0.0,2.04,2.04,2.04,2.04,0.0
8aa8b1b0e417fff,-22.459619855295184,-41.7984773282985,Lagomar,1.1412548009316965,0.0,1.14,1.14,1.14,1.14,0.0
8aa8b1b0e41ffff,-22.45871531821945,-41.7993355940999,Lagomar,1.9027530805404067,0.0,1.9,1.9,1.9,1.9,0.0
8aa8b1b0e447fff,-22.45821526977968,-41.802835793483766,Lagomar,2.903442084574897,0.0,2.9,2.9,2.9,2.9,0.0
8aa8b1b0e44ffff,-22.457310694969774,-41.803694051702564,Lagomar,3.741257444623436,0.0,3.74,3.74,3.74,3.74,0.0
8aa8b1b0e457fff,-22.458013024110368,-41.8015148249913,Lagomar,2.766709880868304,0.0,2.77,2.77,2.77,2.77,0.0
8aa8b1b0e45ffff,-22.457108454286246,-41.802373084664325,Lagomar,3.5987385652519395,0.0,3.6,3.6,3.6,3.6,0.0
8aa8b1b0e467fff,-22.45932207018557,-41.803298503936766,Lagomar,2.2819371908083514,0.0,2.28,2.28,2.28,2.28,0.0
8aa8b1b0e387fff,-22.45651248959836,-41.81201539764858,Lagomar,5.569646512507984,0.0,5.57,5.57,5.57,5.57,0.0
8aa8b1b0e38ffff,-22.455607848233875,-41.81287364155476,Lagomar,6.291643624031848,0.0,6.29,6.29,6.29,6.29,0.0
8aa8b1b0e397fff,-22.456310314779493,-41.810694428229745,Lagomar,5.626233111751079,0.0,5.63,5.63,5.63,5.63,0.0
8aa8b1b0e39ffff,-22.455405678398286,-41.81155267359647,Lagomar,6.352906763726159,0.0,6.35,6.35,6.35,6.35,0.0
8aa8b1b0e3a7fff,-22.457619285709626,-41.81247812333312,Lagomar,4.75840895661096,0.0,4.76,4.76,4.76,4.76,0.0
8aa8b1b0e3affff,-22.456714653237608,-41.813336368121384,Lagomar,5.503686677316192,0.0,5.5,5.5,5.5,5.5,0.0
8aa8b1b0e3b7fff,-22.457417117087004,-41.81115715139943,Lagomar,4.819866696341049,0.0,4.82,4.82,4.82,4.82,0.0
8aa8b1b0e407fff,-22.459822122116627,-41.799798298630684,Lagomar,1.3042988315089348,0.0,1.3,1.3,1.3,1.3,0.0
8aa8b1b0e6dffff,-22.449264726601783,-41.805276218021035,Riviera Fluminense,9.97188538827523,0.0,9.97,9.97,9.97,9.97,0.0
8aa8b1b0e6e7fff,-22.451478521942676,-41.80620163633489,Lagomar,8.539752894676178,0.0,8.54,8.54,8.54,8.54,0.0
8aa8b1b0e6effff,-22.45057385996084,-41.8070598810866,Riviera Fluminense,9.375352714801496,0.0,9.38,9.38,9.38,9.38,0.0
8aa8b1b0e6f7fff,-22.451276288812274,-41.80488068015316,Lagomar,8.410531687712695,0.0,8.41,8.41,8.41,8.41,0.0
8aa8b1b0e707fff,-22.45660833080014,-41.8058732742274,Lagomar,4.692044428470197,0.0,4.69,4.69,4.69,4.69,0.0
8aa8b1b0e70ffff,-22.45570372324775,-41.806731526310955,Lagomar,5.539015797620338,0.0,5.54,5.54,5.54,5.54,0.0
8aa8b1b0e717fff,-22.456406106280618,-41.804552307582085,Lagomar,4.581986042947868,0.0,4.58,4.58,4.58,4.58,0.0
8aa8b1b0e71ffff,-22.45550150371298,-41.805410561121946,Lagomar,5.40364146450935,0.0,5.4,5.4,5.4,5.4,0.0
8aa8b1b0e697fff,-22.451776422175758,-41.80138051951856,Lagomar,7.240869416992554,0.0,7.24,7.24,7.24,7.24,0.0
8aa8b1b0e69ffff,-22.45087178902236,-41.80223877097566,Lagomar,8.108681438217115,0.0,8.11,8.11,8.11,8.11,0.0
8aa8b1b0e6a7fff,-22.453085561180558,-41.803164180717786,Lagomar,6.716161207437817,0.0,6.72,6.72,6.72,6.72,0.0
8aa8b1b0e6affff,-22.45218093193467,-41.804022431605176,Lagomar,7.566418219935642,0.0,7.57,7.57,7.57,7.57,0.0
8aa8b1b0e6b7fff,-22.452883306904607,-41.80184322268815,Lagomar,6.584387655687863,0.0,6.58,6.58,6.58,6.58,0.0
8aa8b1b0e6c7fff,-22.450371631814136,-41.805738926361386,Riviera Fluminense,9.250294342366661,0.0,9.25,9.25,9.25,9.25,0.0
8aa8b1b0e6cffff,-22.44946696094105,-41.80659717022945,Riviera Fluminense,10.087108635218762,0.0,10.09,10.09,10.09,10.09,0.0
8aa8b1b0e6d7fff,-22.45016939249126,-41.80441797269677,Riviera Fluminense,9.131147905533876,0.0,9.13,9.13,9.13,9.13,0.0
8aa8b1b0e64ffff,-22.45097828272467,-41.80970179371322,Riviera Fluminense,9.534733686086737,0.0,9.53,9.53,9.53,9.53,0.0
8aa8b1b0e657fff,-22.451680743896368,-41.807522593576735,Lagomar,8.628662931085245,0.0,8.63,8.63,8.63,8.63,0.0
8aa8b1b0e65ffff,-22.450776076931096,-41.80838083687101,Riviera Fluminense,9.459889338676062,0.0,9.46,9.46,9.46,9.46,0.0
8aa8b1b0e667fff,-22.452989817329676,-41.80930626851635,Lagomar,7.967188552642715,0.0,7.97,7.97,7.97,7.97,0.0
8aa8b1b0e66ffff,-22.452085154272602,-41.81016451123514,Riviera Fluminense,8.762580445448362,0.0,8.76,8.76,8.76,8.76,0.0
8aa8b1b0e677fff,-22.452787612746917,-41.80798530769982,Lagomar,7.923479503612352,0.0,7.92,7.92,7.92,7.92,0.0
8aa8b1b0e687fff,-22.451978682643457,-41.80270147502995,Lagomar,7.42369894389184,0.0,7.42,7.42,7.42,7.42,0.0
8aa8b1b0e68ffff,-22.45107404450541,-41.803559725032954,Lagomar,8.287412968812548,0.0,8.29,8.29,8.29,8.29,0.0
8aa8b1b0e607fff,-22.453490036201195,-41.805806099965714,Lagomar,6.982810907151246,0.0,6.98,6.98,6.98,6.98,0.0
8aa8b1b0e60ffff,-22.452585396986656,-41.80666434794152,Lagomar,7.793174960151338,0.0,7.79,7.79,7.79,7.79,0.0
8aa8b1b0e617fff,-22.453287804279512,-41.80448513981078,Lagomar,6.838668850790716,0.0,6.84,6.84,6.84,6.84,0.0
8aa8b1b0e61ffff,-22.45238317004916,-41.80534338924283,Lagomar,7.699888722630174,0.0,7.7,7.7,7.7,7.7,0.0
8aa8b1b0e627fff,-22.454596887267634,-41.806268812321775,Lagomar,6.242531665131246,0.0,6.24,6.24,6.24,6.24,0.0
8aa8b1b0e62ffff,-22.453692256945352,-41.80712706118119,Lagomar,7.071341074415985,0.0,7.07,7.07,7.07,7.07,0.0
8aa8b1b0e637fff,-22.45439466153919,-41.80494784964972,Lagomar,6.133784780462732,0.0,6.13,6.13,6.13,6.13,0.0
8aa8b1b0e647fff,-22.4518829546731,-41.80884355187729,Riviera Fluminense,8.69265315013083,0.0,8.69,8.69,8.69,8.69,0.0
8aa8b1b1900ffff,-22.427921121535626,-41.78770142911122,Praia Campista,18.561867242644535,0.0,18.56,18.56,18.56,18.56,0.0
8aa8b1b19017fff,-22.42862347250111,-41.785522289867274,Praia Campista,17.21950223119918,0.0,17.22,17.22,17.22,17.22,0.0
8aa8b1b1901ffff,-22.427718686483605,-41.78638053083114,Praia Campista,18.196916270635665,0.0,18.2,18.2,18.2,18.2,0.0
8aa8b1b19027fff,-22.42993312352369,-41.787305849985,Costa do Sol,16.965140318191175,0.0,16.97,16.97,16.97,16.97,0.0
8aa8b1b1902ffff,-22.42902834140874,-41.78816409039409,Costa do Sol,17.90341474549312,0.0,17.9,17.9,17.9,17.9,0.0
8aa8b1b19037fff,-22.429730689667984,-41.78598494773795,Costa do Sol,16.660507799392292,0.0,16.66,16.66,16.66,16.66,0.0
8aa8b1b19047fff,-22.42721873556853,-41.78988056421538,Costa do Sol,19.809933244736904,0.0,19.81,19.81,19.81,19.81,0.0
8aa8b1b1904ffff,-22.426313911844815,-41.790738797626844,Praia Campista,20.765399794258776,0.0,20.77,20.77,20.77,20.77,0.0
8aa8b1b0e7b7fff,-22.456001623706015,-41.80191037747851,Lagomar,4.316888974064254,0.0,4.32,4.32,4.32,4.32,0.0
8aa8b1b0ea5ffff,-22.459938806483578,-41.820866719403554,Lagomar,2.9839695649628335,0.0,2.98,2.98,2.98,2.98,0.0
8aa8b1b0eac7fff,-22.45953460462568,-41.818224758959175,Lagomar,3.436254120431835,0.0,3.44,3.44,3.44,3.44,0.0
8aa8b1b0eacffff,-22.458629961115292,-41.81908299877543,Lagomar,4.150197547351556,0.0,4.15,4.15,4.15,4.15,0.0
8aa8b1b0ead7fff,-22.459332486924033,-41.81690378030733,Lagomar,3.5755993912825774,0.0,3.58,3.58,3.58,3.58,0.0
8aa8b1b0eadffff,-22.458427848396013,-41.817762021588464,Lagomar,4.276440959695221,0.0,4.28,4.28,4.28,4.28,0.0
8aa8b1b0eaeffff,-22.459736711145617,-41.819545738658384,Lagomar,3.2701633225471336,0.0,3.27,3.27,3.27,3.27,0.0
8aa8b1b19007fff,-22.428825912537175,-41.78684318959037,Costa do Sol,17.614100898103437,0.0,17.61,17.61,17.61,17.61,0.0
8aa8b1b0e76ffff,-22.455203497383607,-41.81023170669263,Lagomar,6.420336433105709,0.0,6.42,6.42,6.42,6.42,0.0
8aa8b1b0e777fff,-22.455905931603922,-41.808052492559526,Lagomar,5.587751638486091,0.0,5.59,5.59,5.59,5.59,0.0
8aa8b1b0e787fff,-22.455097031108714,-41.802768633928245,Lagomar,5.166260632356237,0.0,5.17,5.17,5.17,5.17,0.0
8aa8b1b0e78ffff,-22.45419242463295,-41.80362688803913,Lagomar,6.031164229986881,0.0,6.03,6.03,6.03,6.03,0.0
8aa8b1b0e797fff,-22.45489477803973,-41.801447671926354,Lagomar,5.048612378446819,0.0,5.05,5.05,5.05,5.05,0.0
8aa8b1b0e79ffff,-22.45399017654917,-41.802305927491396,Lagomar,5.90373261407643,0.0,5.9,5.9,5.9,5.9,0.0
8aa8b1b0e7a7fff,-22.456203870582495,-41.803231341998654,Lagomar,4.462139725319271,0.0,4.46,4.46,4.46,4.46,0.0
8aa8b1b0e7affff,-22.455299272999884,-41.80408959699391,Lagomar,5.320610369864769,0.0,5.32,5.32,5.32,5.32,0.0
8aa8b1b0e727fff,-22.457715142799938,-41.80633598896604,Lagomar,3.9334427274916344,0.0,3.93,3.93,3.93,3.93,0.0
8aa8b1b0e72ffff,-22.4568105441408,-41.8071942419332,Lagomar,4.776982623097561,0.0,4.78,4.78,4.78,4.78,0.0
8aa8b1b0e737fff,-22.45751292447443,-41.805015019803605,Lagomar,3.8578971598067433,0.0,3.86,3.86,3.86,3.86,0.0
8aa8b1b0e747fff,-22.455001305190102,-41.80891074084463,Lagomar,6.370350736047356,0.0,6.37,6.37,6.37,6.37,0.0
8aa8b1b0e74ffff,-22.454096664900085,-41.80976898678815,Lagomar,7.18966194460077,0.0,7.19,7.19,7.19,7.19,0.0
8aa8b1b0e757fff,-22.454799101818022,-41.807589776053874,Lagomar,6.311084286385264,0.0,6.31,6.31,6.31,6.31,0.0
8aa8b1b0e75ffff,-22.453894466511738,-41.8084480234558,Lagomar,7.1505931285177295,0.0,7.15,7.15,7.15,7.15,0.0
8aa8b1b0e767fff,-22.45610812878126,-41.80937345986626,Lagomar,5.642566377884902,0.0,5.64,5.64,5.64,5.64,0.0
8aa8b1b1912ffff,-22.432147500292594,-41.78823117568025,Costa do Sol,15.657301465626123,0.0,15.66,15.66,15.66,15.66,0.0
8aa8b1b19137fff,-22.43284982428309,-41.78605202242497,Costa do Sol,14.505595522788884,0.0,14.51,14.51,14.51,14.51,0.0
8aa8b1b19147fff,-22.430337957739756,-41.789947657718066,Costa do Sol,17.520356548365772,0.0,17.52,17.52,17.52,17.52,0.0
8aa8b1b1914ffff,-22.429433165657358,-41.79080589523771,Costa do Sol,18.455408384201878,0.0,18.46,18.46,18.46,18.46,0.0
8aa8b1b19157fff,-22.430135546214366,-41.78862675331218,Costa do Sol,17.257209077428527,0.0,17.26,17.26,17.26,17.26,0.0
8aa8b1b1915ffff,-22.429230759115555,-41.789484992276996,Costa do Sol,18.179042975480314,0.0,18.18,18.18,18.18,18.18,0.0
8aa8b1b19167fff,-22.431445141295292,-41.79041032479415,Costa do Sol,16.819274665967082,0.0,16.82,16.82,16.82,16.82,0.0
8aa8b1b1916ffff,-22.430540358099606,-41.79126856320127,Costa do Sol,17.720738813161006,0.0,17.72,17.72,17.72,17.72,0.0
8aa8b1b190e7fff,-22.42681388659576,-41.78723876946364,Praia Campista,19.200706357182863,0.0,19.2,19.2,19.2,19.2,0.0
8aa8b1b190effff,-22.425909072838344,-41.78809700576442,Praia Campista,20.170652468710205,0.0,20.17,20.17,20.17,20.17,0.0
8aa8b1b190f7fff,-22.42661144536372,-41.78591787370735,Praia Campista,18.77592682246546,0.0,18.78,18.78,18.78,18.78,0.0
8aa8b1b19107fff,-22.43194507879891,-41.786910268385796,Costa do Sol,15.406096709324094,0.0,15.41,15.41,15.41,15.41,0.0
8aa8b1b1910ffff,-22.431040319442406,-41.78776851201498,Costa do Sol,16.328101740019285,0.0,16.33,16.33,16.33,16.33,0.0
8aa8b1b19117fff,-22.431742646139377,-41.785589362171876,Costa do Sol,15.143349855316332,0.0,15.14,15.14,15.14,15.14,0.0
8aa8b1b1911ffff,-22.43083789176749,-41.78644760724414,Costa do Sol,16.050655127528202,0.0,16.05,16.05,16.05,16.05,0.0
8aa8b1b19127fff,-22.433052250761484,-41.78737293116284,Costa do Sol,14.742840399670925,0.0,14.74,14.74,14.74,14.74,0.0
8aa8b1b1909ffff,-22.42620652940963,-41.78327608544089,Praia Campista,18.075016643524314,0.0,18.08,18.08,18.08,18.08,0.0
8aa8b1b190a7fff,-22.428421021300814,-41.784201391226176,Praia Campista,16.916335511402753,0.0,16.92,16.92,16.92,16.92,0.0
8aa8b1b190affff,-22.42751624026762,-41.785059633632144,Praia Campista,17.824475129705274,0.0,17.82,17.82,17.82,17.82,0.0
8aa8b1b190b7fff,-22.428218558936543,-41.7828804936685,Praia Campista,16.517750153213278,0.0,16.52,16.52,16.52,16.52,0.0
8aa8b1b190c7fff,-22.42570663658988,-41.7867761114514,Praia Campista,19.741517464029407,0.0,19.74,19.74,19.74,19.74,0.0
8aa8b1b190cffff,-22.42480181394687,-41.78763434686394,Praia Campista,20.738118441211235,0.0,20.74,20.74,20.74,20.74,0.0
8aa8b1b190d7fff,-22.425504189178255,-41.78545521821905,Praia Campista,19.432365002058084,0.0,19.43,19.43,19.43,19.43,0.0
8aa8b1b190dffff,-22.424599371518717,-41.78631345507455,Praia Campista,20.385968697242227,0.0,20.39,20.39,20.39,20.39,0.0
8aa8b1b19057fff,-22.42701631666412,-41.78855966630013,Praia Campista,19.505192617253087,0.0,19.51,19.51,19.51,19.51,0.0
8aa8b1b1905ffff,-22.426111497923408,-41.78941790115671,Praia Campista,20.491921833995924,0.0,20.49,20.49,20.49,20.49,0.0
8aa8b1b19067fff,-22.428325958146765,-41.790343228909066,Costa do Sol,19.14105699081443,0.0,19.14,19.14,19.14,19.14,0.0
8aa8b1b1906ffff,-22.42742114330875,-41.79120146320801,Costa do Sol,20.113510236829978,0.0,20.11,20.11,20.11,20.11,0.0
8aa8b1b19077fff,-22.428123545423432,-41.78902232847099,Costa do Sol,18.85124859926471,0.0,18.85,18.85,18.85,18.85,0.0
8aa8b1b19087fff,-22.427313782887943,-41.78373873751565,Praia Campista,17.484278235404272,0.0,17.48,17.48,17.48,17.48,0.0
8aa8b1b1908ffff,-22.426408992968256,-41.78459697903263,Praia Campista,18.47553052502886,0.0,18.48,18.48,18.48,18.48,0.0
8aa8b1b19097fff,-22.427111314344828,-41.78241784248305,Praia Campista,17.117251762950247,0.0,17.12,17.12,17.12,17.12,0.0
8aa8b1b19297fff,-22.42077752854118,-41.78842549424556,Praia Campista,24.083002370792506,0.0,24.08,24.08,24.08,24.08,0.0
8aa8b1b1929ffff,-22.41987264652746,-41.78928372088578,Praia Campista,25.126446512417523,0.0,25.13,25.13,25.13,25.13,0.0
8aa8b1b192a7fff,-22.422087262810642,-41.79020903910869,Praia Campista,23.817790578832742,0.0,23.82,23.82,23.82,23.82,0.0
8aa8b1b192affff,-22.42118238469874,-41.7910672651914,Praia Campista,24.862369995568596,0.0,24.86,24.86,24.86,24.86,0.0
8aa8b1b192b7fff,-22.421884835330644,-41.788888151651705,Praia Campista,23.3696327191356,0.0,23.37,23.37,23.37,23.37,0.0
8aa8b1b192c7fff,-22.41937258687987,-41.79278371035626,Cavaleiros,27.09913860754993,0.0,27.1,27.1,27.1,27.1,0.0
8aa8b1b192cffff,-22.418467667174443,-41.793641929437655,Cavaleiros,28.253771559196426,0.0,28.25,28.25,28.25,28.25,0.0
8aa8b1b192d7fff,-22.41917017434466,-41.791462827237,Praia Campista,26.645913682961908,0.0,26.65,26.65,26.65,26.65,0.0
8aa8b1b1924ffff,-22.419979757517154,-41.796746366154046,Cavaleiros,27.824093451537614,0.0,27.82,27.82,27.82,27.82,0.0
8aa8b1b19257fff,-22.420682294269675,-41.794567261296386,Cavaleiros,26.609344222389975,0.0,26.61,26.61,26.61,26.61,0.0
8aa8b1b1925ffff,-22.41977737846637,-41.795425479816195,Cavaleiros,27.678043094027537,0.0,27.68,27.68,27.68,27.68,0.0
8aa8b1b19267fff,-22.421991963070553,-41.79635081998499,Praia Campista,25.947020715270792,0.0,25.95,25.95,25.95,25.95,0.0
8aa8b1b1926ffff,-22.421087051169756,-41.797209037941535,Cavaleiros,27.03786453777626,0.0,27.04,27.04,27.04,27.04,0.0
8aa8b1b19277fff,-22.421789585221163,-41.79502992967737,Praia Campista,25.79702865219445,0.0,25.8,25.8,25.8,25.8,0.0
8aa8b1b19287fff,-22.420979962200718,-41.78974637917973,Praia Campista,24.469521170206132,0.0,24.47,24.47,24.47,24.47,0.0
8aa8b1b1928ffff,-22.420075075205126,-41.790604604374955,Praia Campista,25.534473656192386,0.0,25.53,25.53,25.53,25.53,0.0
8aa8b1b19207fff,-22.422492084284237,-41.79285081725229,Praia Campista,24.522036674887257,0.0,24.52,24.52,24.52,24.52,0.0
8aa8b1b1920ffff,-22.421587196209224,-41.79370904044163,Praia Campista,25.553117101932354,0.0,25.55,25.55,25.55,25.55,0.0
8aa8b1b19217fff,-22.42228967912859,-41.791529927642685,Praia Campista,24.197901893278313,0.0,24.2,24.2,24.2,24.2,0.0
8aa8b1b1921ffff,-22.42138479603499,-41.792388152279166,Praia Campista,25.276405459160706,0.0,25.28,25.28,25.28,25.28,0.0
8aa8b1b19227fff,-22.42359935746854,-41.79331348386002,Praia Campista,23.751398527859678,0.0,23.75,23.75,23.75,23.75,0.0
8aa8b1b1922ffff,-22.422694478277318,-41.79417170793609,Praia Campista,24.75618186887004,0.0,24.76,24.76,24.76,24.76,0.0
8aa8b1b19237fff,-22.423396958493935,-41.79199259172876,Praia Campista,23.45169849646566,0.0,23.45,23.45,23.45,23.45,0.0
8aa8b1b19247fff,-22.420884678300855,-41.795888149083474,Cavaleiros,26.813966321477412,0.0,26.81,26.81,26.81,26.81,0.0
8aa8b1b19177fff,-22.431242735951763,-41.789089417865455,Costa do Sol,16.56222639402827,0.0,16.56,16.56,16.56,16.56,0.0
8aa8b1b19187fff,-22.43043300292201,-41.783805800946965,Costa do Sol,15.32343558424051,0.0,15.32,15.32,15.32,15.32,0.0
8aa8b1b1918ffff,-22.429528244647503,-41.78466404657243,Costa do Sol,16.28247124961191,0.0,16.28,16.28,16.28,16.28,0.0
8aa8b1b19197fff,-22.430230541751953,-41.782484899423444,Praia Campista,15.000626072348577,0.0,15.0,15.0,15.0,15.0,0.0
8aa8b1b1919ffff,-22.429325788462517,-41.78334314648981,Praia Campista,15.970304875733838,0.0,15.97,15.97,15.97,15.97,0.0
8aa8b1b191a7fff,-22.431540202314274,-41.78426845703991,Costa do Sol,14.777079193741677,0.0,14.78,14.78,14.78,14.78,0.0
8aa8b1b191affff,-22.430635452927277,-41.78512670355434,Costa do Sol,15.715242115674451,0.0,15.72,15.72,15.72,15.72,0.0
8aa8b1b191b7fff,-22.431337747323845,-41.78294755299129,Costa do Sol,14.419597334133389,0.0,14.42,14.42,14.42,14.42,0.0
8aa8b1b193b7fff,-22.42500424521215,-41.788955239733085,Praia Campista,21.139385365456466,0.0,21.14,21.14,21.14,21.14,0.0
8aa8b1b1944ffff,-22.42489677996709,-41.781492545020036,Praia Campista,18.368695796439237,0.0,18.37,18.37,18.37,18.37,0.0
8aa8b1b19467fff,-22.426908834638517,-41.78109694853576,Praia Campista,16.803545057057605,0.0,16.8,16.8,16.8,16.8,0.0
8aa8b1b1946ffff,-22.426004054688086,-41.78195519293355,Praia Campista,17.744917889274227,0.0,17.74,17.74,17.74,17.74,0.0
8aa8b1b1954ffff,-22.428016085408558,-41.781559597195624,Praia Campista,16.18382952762843,0.0,16.18,16.18,16.18,16.18,0.0
8aa8b1b19567fff,-22.430028069417382,-41.78116399898516,Praia Campista,14.64068269467124,0.0,14.64,14.64,14.64,14.64,0.0
8aa8b1b1956ffff,-22.42912332111328,-41.78202224749154,Praia Campista,15.57521241370837,0.0,15.58,15.58,15.58,15.58,0.0
8aa8b1b19607fff,-22.421075013795388,-41.7836046126219,Praia Campista,21.895754687233435,0.0,21.9,21.9,21.9,21.9,0.0
8aa8b1b1936ffff,-22.424206487412725,-41.79727616669052,Costa do Sol,24.678474093690244,0.0,24.68,24.68,24.68,24.68,0.0
8aa8b1b19377fff,-22.424908997216647,-41.795097047828335,Costa do Sol,23.186374322593238,0.0,23.19,23.19,23.19,23.19,0.0
8aa8b1b19387fff,-22.42409940371794,-41.78981347136927,Praia Campista,22.124286123733434,0.0,22.12,22.12,22.12,22.12,0.0
8aa8b1b1938ffff,-22.4231945483565,-41.79067170067259,Praia Campista,23.14297386023525,0.0,23.14,23.14,23.14,23.14,0.0
8aa8b1b19397fff,-22.42389697743548,-41.78849257994459,Praia Campista,21.797060617683595,0.0,21.8,21.8,21.8,21.8,0.0
8aa8b1b1939ffff,-22.422992127056474,-41.789350810692966,Praia Campista,22.78156423088835,0.0,22.78,22.78,22.78,22.78,0.0
8aa8b1b193a7fff,-22.4252066653143,-41.790276133680585,Praia Campista,21.477350403348105,0.0,21.48,21.48,21.48,21.48,0.0
8aa8b1b193affff,-22.42430181883755,-41.79113436387139,Praia Campista,22.46328024217502,0.0,22.46,22.46,22.46,22.46,0.0
8aa8b1b19327fff,-22.426718706195583,-41.793380593795106,Costa do Sol,21.222888736298195,0.0,21.22,21.22,21.22,21.22,0.0
8aa8b1b1932ffff,-22.425813858639373,-41.79423882197915,Costa do Sol,22.18138350773594,0.0,22.18,22.18,22.18,22.18,0.0
8aa8b1b19337fff,-22.42651631460229,-41.79205969517345,Costa do Sol,21.051263162352228,0.0,21.05,21.05,21.05,21.05,0.0
8aa8b1b19347fff,-22.42400412192819,-41.79595527134231,Praia Campista,24.24045610371731,0.0,24.24,24.24,24.24,24.24,0.0
8aa8b1b1934ffff,-22.423099232774767,-41.796813492520684,Praia Campista,25.30244829917715,0.0,25.3,25.3,25.3,25.3,0.0
8aa8b1b19357fff,-22.423801745280045,-41.79463437706501,Praia Campista,23.88524976935792,0.0,23.89,23.89,23.89,23.89,0.0
8aa8b1b1935ffff,-22.422896861107585,-41.79549259969269,Praia Campista,24.89623954152528,0.0,24.9,24.9,24.9,24.9,0.0
8aa8b1b19367fff,-22.42511136768225,-41.79641794462617,Costa do Sol,23.64908660333078,0.0,23.65,23.65,23.65,23.65,0.0
8aa8b1b192dffff,-22.41826525962008,-41.792321047765476,Cavaleiros,27.77795613433919,0.0,27.78,27.78,27.78,27.78,0.0
8aa8b1b192e7fff,-22.42047989907649,-41.79324637458167,Praia Campista,26.397093990396158,0.0,26.4,26.4,26.4,26.4,0.0
8aa8b1b192effff,-22.419574988253856,-41.79410459454979,Cavaleiros,27.486308767420702,0.0,27.49,27.49,27.49,27.49,0.0
8aa8b1b192f7fff,-22.42027749272156,-41.79192548894073,Praia Campista,25.965103819471956,0.0,25.97,25.97,25.97,25.97,0.0
8aa8b1b19307fff,-22.425611472028166,-41.79291792480501,Praia Campista,21.98646298190197,0.0,21.99,21.99,21.99,21.99,0.0
8aa8b1b1930ffff,-22.424706615587162,-41.793776152102325,Praia Campista,22.935843509338465,0.0,22.94,22.94,22.94,22.94,0.0
8aa8b1b19317fff,-22.425409074253057,-41.79159702870503,Praia Campista,21.780919005060568,0.0,21.78,21.78,21.78,21.78,0.0
8aa8b1b1931ffff,-22.424504222794045,-41.79245525744955,Praia Campista,22.749940938468633,0.0,22.75,22.75,22.75,22.75,0.0
8aa8b1b19727fff,-22.42530173060375,-41.78413432606877,Praia Campista,19.04298667096428,0.0,19.04,19.04,19.04,19.04,0.0
8aa8b1b1972ffff,-22.42439691792795,-41.784992564366306,Praia Campista,20.055737124700578,0.0,20.06,20.06,20.06,20.06,0.0
8aa8b1b19737fff,-22.425099260866602,-41.78281343500197,Praia Campista,18.71191162899096,0.0,18.71,18.71,18.71,18.71,0.0
8aa8b1b19747fff,-22.422587250969734,-41.78670903396886,Praia Campista,22.047842595636176,0.0,22.05,22.05,22.05,22.05,0.0
8aa8b1b1974ffff,-22.42168239668886,-41.78756726527314,Praia Campista,23.062536041236605,0.0,23.06,23.06,23.06,23.06,0.0
8aa8b1b19757fff,-22.42238479618353,-41.78538814722721,Praia Campista,21.65840219125143,0.0,21.66,21.66,21.66,21.66,0.0
8aa8b1b1975ffff,-22.421479946885547,-41.78624637997437,Praia Campista,22.682332870009137,0.0,22.68,22.68,22.68,22.68,0.0
8aa8b1b19767fff,-22.423694539990418,-41.787171689598736,Praia Campista,21.355169797374796,0.0,21.36,21.36,21.36,21.36,0.0
8aa8b1b196dffff,-22.416848094254938,-41.783074906231754,Praia Campista,24.640409016203716,0.0,24.64,24.64,24.64,24.64,0.0
8aa8b1b196e7fff,-22.419062820209643,-41.7840001977229,Praia Campista,23.525317337753986,0.0,23.53,23.53,23.53,23.53,0.0
8aa8b1b196effff,-22.418157944259416,-41.784858427803684,Praia Campista,24.583281127249023,0.0,24.58,24.58,24.58,24.58,0.0
8aa8b1b196f7fff,-22.418860335729697,-41.78267931963765,Praia Campista,23.03746672557968,0.0,23.04,23.04,23.04,23.04,0.0
8aa8b1b19707fff,-22.424194453174827,-41.78367167474063,Praia Campista,19.65963570022884,0.0,19.66,19.66,19.66,19.66,0.0
8aa8b1b1970ffff,-22.423289631613542,-41.78452991214917,Praia Campista,20.65150125273495,0.0,20.65,20.65,20.65,20.65,0.0
8aa8b1b19717fff,-22.42399197725961,-41.782350786198904,Praia Campista,19.313924378813574,0.0,19.31,19.31,19.31,19.31,0.0
8aa8b1b1971ffff,-22.42308716068225,-41.78320902504825,Praia Campista,20.287635711390855,0.0,20.29,20.29,20.29,20.29,0.0
8aa8b1b19657fff,-22.419265293529655,-41.78532107689173,Praia Campista,23.9728434141702,0.0,23.97,23.97,23.97,23.97,0.0
8aa8b1b1965ffff,-22.418360412596833,-41.786179305530595,Praia Campista,25.03938615778744,0.0,25.04,25.04,25.04,25.04,0.0
8aa8b1b19667fff,-22.420575083720387,-41.78710461039029,Praia Campista,23.72933832428695,0.0,23.73,23.73,23.73,23.73,0.0
8aa8b1b1966ffff,-22.41967020668882,-41.78796283847457,Praia Campista,24.784059984935045,0.0,24.78,24.78,24.78,24.78,0.0
8aa8b1b19677fff,-22.420372627738608,-41.78578372761531,Praia Campista,23.291135791065408,0.0,23.29,23.29,23.29,23.29,0.0
8aa8b1b196c7fff,-22.417955464762343,-41.78353755115945,Praia Campista,24.098953457929376,0.0,24.1,24.1,24.1,24.1,0.0
8aa8b1b196cffff,-22.41705057992864,-41.784395780351225,Praia Campista,25.17088310898664,0.0,25.17,25.17,25.17,25.17,0.0
8aa8b1b196d7fff,-22.417752974105866,-41.7822166755993,Praia Campista,23.580602077825972,0.0,23.58,23.58,23.58,23.58,0.0
8aa8b1b1960ffff,-22.420170160596097,-41.784462845922036,Praia Campista,22.915731233258718,0.0,22.92,22.92,22.92,22.92,0.0
8aa8b1b19617fff,-22.420872530509058,-41.78228373057099,Praia Campista,21.401114400110966,0.0,21.4,21.4,21.4,21.4,0.0
8aa8b1b1961ffff,-22.419967682293116,-41.78314196531187,Praia Campista,22.445044072847008,0.0,22.45,22.45,22.45,22.45,0.0
8aa8b1b19627fff,-22.422182330235778,-41.784067261567685,Praia Campista,21.276220973896464,0.0,21.28,21.28,21.28,21.28,0.0
8aa8b1b1962ffff,-22.421277485920974,-41.78492549575682,Praia Campista,22.266299074740424,0.0,22.27,22.27,22.27,22.27,0.0
8aa8b1b19637fff,-22.421979853126743,-41.78274637699168,Praia Campista,20.89472489278866,0.0,20.89,20.89,20.89,20.89,0.0
8aa8b1b19647fff,-22.419467755689467,-41.78664195714275,Praia Campista,24.384720272252846,0.0,24.38,24.38,24.38,24.38,0.0
8aa8b1b1964ffff,-22.41856286977432,-41.78750018433878,Praia Campista,25.472587862614276,0.0,25.47,25.47,25.47,25.47,0.0
8aa8b1b198c7fff,-22.433457070218914,-41.79001475187734,Costa do Sol,15.277036583410617,0.0,15.28,15.28,15.28,15.28,0.0
8aa8b1b198cffff,-22.43255230978143,-41.790872993505204,Costa do Sol,16.202691449053248,0.0,16.2,16.2,16.2,16.2,0.0
8aa8b1b198d7fff,-22.43325466607352,-41.78869384098077,Costa do Sol,14.96869152730027,0.0,14.97,14.97,14.97,14.97,0.0
8aa8b1b198dffff,-22.43234991062019,-41.78955208405385,Costa do Sol,15.896294921857656,0.0,15.9,15.9,15.9,15.9,0.0
8aa8b1b198e7fff,-22.43456421474719,-41.79047742133585,Costa do Sol,14.689079366144153,0.0,14.69,14.69,14.69,14.69,0.0
8aa8b1b198effff,-22.433659463197422,-41.79133566385117,Costa do Sol,15.6399145165183,0.0,15.64,15.64,15.64,15.64,0.0
8aa8b1b198f7fff,-22.43436181678443,-41.78915650791646,Costa do Sol,14.357854635013222,0.0,14.36,14.36,14.36,14.36,0.0
8aa8b1b19907fff,-22.439694966050144,-41.79014894216569,Costa do Sol,11.265079961870002,0.0,11.27,11.27,11.27,11.27,0.0
8aa8b1b19877fff,-22.435873724816027,-41.79226100944764,Costa do Sol,14.545124449727172,0.0,14.55,14.55,14.55,14.55,0.0
8aa8b1b19887fff,-22.435064135362364,-41.78697734783766,Costa do Sol,13.173268103436813,0.0,13.17,13.17,13.17,13.17,0.0
8aa8b1b1988ffff,-22.4341594076545,-41.78783559557523,Costa do Sol,14.076755853290129,0.0,14.08,14.08,14.08,14.08,0.0
8aa8b1b19897fff,-22.434861710080344,-41.78565643513287,Costa do Sol,12.958731625841171,0.0,12.96,12.96,12.96,12.96,0.0
8aa8b1b1989ffff,-22.433956987357668,-41.78651468431359,Costa do Sol,13.848788223726604,0.0,13.85,13.85,13.85,13.85,0.0
8aa8b1b198a7fff,-22.436171268296455,-41.78744001299715,Costa do Sol,12.49555834122998,0.0,12.5,12.5,12.5,12.5,0.0
8aa8b1b198affff,-22.435266549477202,-41.788298261622934,Costa do Sol,13.430169221581794,0.0,13.43,13.43,13.43,13.43,0.0
8aa8b1b198b7fff,-22.435968849196332,-41.78611909776841,Costa do Sol,12.257314167605724,0.0,12.26,12.26,12.26,12.26,0.0
8aa8b1b1982ffff,-22.436778458589465,-41.79140276515774,Costa do Sol,13.642708600161816,0.0,13.64,13.64,13.64,13.64,0.0
8aa8b1b19837fff,-22.437480787908722,-41.78922359862403,Costa do Sol,12.31141149652789,0.0,12.31,12.31,12.31,12.31,0.0
8aa8b1b19847fff,-22.434968977170193,-41.79311925140351,Costa do Sol,15.468950601240675,0.0,15.47,15.47,15.47,15.47,0.0
8aa8b1b1984ffff,-22.43406421565273,-41.793977491024975,Costa do Sol,16.446326862727602,0.0,16.45,16.45,16.45,16.45,0.0
8aa8b1b19857fff,-22.43476660154253,-41.791798335832,Costa do Sol,15.119338726466358,0.0,15.12,15.12,15.12,15.12,0.0
8aa8b1b1985ffff,-22.43386184500877,-41.79265657690085,Costa do Sol,16.032604821192166,0.0,16.03,16.03,16.03,16.03,0.0
8aa8b1b19867fff,-22.436076094259544,-41.79358192754083,Costa do Sol,14.945628154435314,0.0,14.95,14.95,14.95,14.95,0.0
8aa8b1b1986ffff,-22.435171341629896,-41.79444016804899,Costa do Sol,15.93261970674905,0.0,15.93,15.93,15.93,15.93,0.0
8aa8b1b1976ffff,-22.42278969459413,-41.78802992179125,Praia Campista,22.342552650737534,0.0,22.34,22.34,22.34,22.34,0.0
8aa8b1b19777fff,-22.423492091383025,-41.78585080033314,Praia Campista,21.067207061113617,0.0,21.07,21.07,21.07,21.07,0.0
8aa8b1b197affff,-22.42288467858939,-41.78188813903178,Praia Campista,19.848472706627064,0.0,19.85,19.85,19.85,19.85,0.0
8aa8b1b19807fff,-22.436576072993272,-41.79008184669321,Costa do Sol,13.232865281894284,0.0,13.23,13.23,13.23,13.23,0.0
8aa8b1b1980ffff,-22.435671344204287,-41.79094009242933,Costa do Sol,14.157952056707362,0.0,14.16,14.16,14.16,14.16,0.0
8aa8b1b19817fff,-22.436373676228854,-41.78876092930588,Costa do Sol,12.864879607151286,0.0,12.86,12.86,12.86,12.86,0.0
8aa8b1b1981ffff,-22.435468952424593,-41.78961917648729,Costa do Sol,13.774732764474626,0.0,13.77,13.77,13.77,13.77,0.0
8aa8b1b19827fff,-22.437683178489735,-41.79054451853416,Costa do Sol,12.729591205623795,0.0,12.73,12.73,12.73,12.73,0.0
8aa8b1b19a27fff,-22.431349847878366,-41.796552195879144,Costa do Sol,19.388810328112747,0.0,19.39,19.39,19.39,19.39,0.0
8aa8b1b19a2ffff,-22.43044503088218,-41.7974104261592,Costa do Sol,20.36267685951247,0.0,20.36,20.36,20.36,20.36,0.0
8aa8b1b19a37fff,-22.431147492183293,-41.795231286100716,Costa do Sol,18.90374724540542,0.0,18.9,18.9,18.9,18.9,0.0
8aa8b1b19a47fff,-22.42863535528734,-41.799126879710094,Costa do Sol,22.32619224164437,0.0,22.33,22.33,22.33,22.33,0.0
8aa8b1b19a4ffff,-22.427730496690245,-41.79998510298016,Costa do Sol,23.35112657221132,0.0,23.35,23.35,23.35,23.35,0.0
8aa8b1b19a57fff,-22.42843301453776,-41.79780597428268,Costa do Sol,21.951201989679458,0.0,21.95,21.95,21.95,21.95,0.0
8aa8b1b19a5ffff,-22.427528160921746,-41.798664199004264,Costa do Sol,22.955310660511557,0.0,22.96,22.96,22.96,22.96,0.0
8aa8b1b19a67fff,-22.429742534582992,-41.7995895620498,Costa do Sol,21.720894551546227,0.0,21.72,21.72,21.72,21.72,0.0
8aa8b1b1999ffff,-22.437075973241406,-41.786581762039475,Costa do Sol,11.629587144657421,0.0,11.63,11.63,11.63,11.63,0.0
8aa8b1b199a7fff,-22.43929017611587,-41.78750709548794,Costa do Sol,10.521289117741256,0.0,10.52,10.52,10.52,10.52,0.0
8aa8b1b199affff,-22.43838548894984,-41.78836534822214,Costa do Sol,11.392493343524043,0.0,11.39,11.39,11.39,11.39,0.0
8aa8b1b199b7fff,-22.439087764395005,-41.78618617376827,Costa do Sol,10.120004594379866,0.0,10.12,10.12,10.12,10.12,0.0
8aa8b1b19a07fff,-22.430242680169304,-41.79608951783054,Costa do Sol,19.88900261874712,0.0,19.89,19.89,19.89,19.89,0.0
8aa8b1b19a0ffff,-22.429337854287205,-41.79694774722464,Costa do Sol,20.950478389007856,0.0,20.95,20.95,20.95,20.95,0.0
8aa8b1b19a17fff,-22.430040318290132,-41.79476861057264,Costa do Sol,19.464609388533333,0.0,19.46,19.46,19.46,19.46,0.0
8aa8b1b19a1ffff,-22.429135497390135,-41.795626841416166,Costa do Sol,20.427563555848828,0.0,20.43,20.43,20.43,20.43,0.0
8aa8b1b19957fff,-22.437885557901986,-41.79186543952101,Costa do Sol,13.097499936931682,0.0,13.1,13.1,13.1,13.1,0.0
8aa8b1b1995ffff,-22.436980833017167,-41.792723684698046,Costa do Sol,13.995834415998734,0.0,14.0,14.0,14.0,14.0,0.0
8aa8b1b19967fff,-22.43919500419942,-41.79364904010292,Costa do Sol,12.881426990892017,0.0,12.88,12.88,12.88,12.88,0.0
8aa8b1b1996ffff,-22.438290283219143,-41.7945072847192,Costa do Sol,13.791500519227162,0.0,13.79,13.79,13.79,13.79,0.0
8aa8b1b19977fff,-22.43899264214111,-41.79232811551911,Costa do Sol,12.51586712314014,0.0,12.52,12.52,12.52,12.52,0.0
8aa8b1b19987fff,-22.43818308221483,-41.787044427946,Costa do Sol,11.085055479938557,0.0,11.09,11.09,11.09,11.09,0.0
8aa8b1b1998ffff,-22.437278386159186,-41.787902679792,Costa do Sol,11.973855117554427,0.0,11.97,11.97,11.97,11.97,0.0
8aa8b1b19997fff,-22.437980664311297,-41.78572350875028,Costa do Sol,10.765482398061037,0.0,10.77,10.77,10.77,10.77,0.0
8aa8b1b1990ffff,-22.438790268913234,-41.7910071920101,Costa do Sol,12.17220319489615,0.0,12.17,12.17,12.17,12.17,0.0
8aa8b1b19917fff,-22.43949257666766,-41.788828018287546,Costa do Sol,10.852237185941558,0.0,10.85,10.85,10.85,10.85,0.0
8aa8b1b1991ffff,-22.43858788451606,-41.78968626957732,Costa do Sol,11.77365738987797,0.0,11.77,11.77,11.77,11.77,0.0
8aa8b1b19927fff,-22.440802032510224,-41.790611616389114,Costa do Sol,10.719741975216609,0.0,10.72,10.72,10.72,10.72,0.0
8aa8b1b1992ffff,-22.439897344263045,-41.791469867120966,Costa do Sol,11.60914435585339,0.0,11.61,11.61,11.61,11.61,0.0
8aa8b1b19937fff,-22.440599649311928,-41.789290689988164,Costa do Sol,10.37485700814638,0.0,10.37,10.37,10.37,10.37,0.0
8aa8b1b19947fff,-22.438087926145204,-41.79318636158316,Costa do Sol,13.487463156362582,0.0,13.49,13.49,13.49,13.49,0.0
8aa8b1b1994ffff,-22.437183196276106,-41.79404460531275,Costa do Sol,14.401504867318332,0.0,14.4,14.4,14.4,14.4,0.0
8aa8b1b19b4ffff,-22.430849698807968,-41.80005224602333,Costa do Sol,21.105461122814873,0.0,21.11,21.11,21.11,21.11,0.0
8aa8b1b19b57fff,-22.431552192406606,-41.79787310672788,Costa do Sol,19.706407780976175,0.0,19.71,19.71,19.71,19.71,0.0
8aa8b1b19b5ffff,-22.430647370428485,-41.79873133555727,Costa do Sol,20.713863052926524,0.0,20.71,20.71,20.71,20.71,0.0
8aa8b1b19b67fff,-22.4328616660353,-41.799656703367596,Costa do Sol,19.527571661612363,0.0,19.53,19.53,19.53,19.53,0.0
8aa8b1b19b6ffff,-22.43195684796154,-41.800514931630616,Costa do Sol,20.51824381447396,0.0,20.52,20.52,20.52,20.52,0.0
8aa8b1b19b77fff,-22.43265933885976,-41.79833578893057,Costa do Sol,19.122208145022828,0.0,19.12,19.12,19.12,19.12,0.0
8aa8b1b19b87fff,-22.431849918483863,-41.79305214188062,Costa do Sol,17.578282190756003,0.0,17.58,17.58,17.58,17.58,0.0
8aa8b1b19b8ffff,-22.43094512532163,-41.793910377394,Costa do Sol,18.521806142842973,0.0,18.52,18.52,18.52,18.52,0.0
8aa8b1b19b07fff,-22.433361794757648,-41.79615664205994,Costa do Sol,17.79141218940225,0.0,17.79,17.79,17.79,17.79,0.0
8aa8b1b19b0ffff,-22.432457000516592,-41.79701487556197,Costa do Sol,18.758541118775927,0.0,18.76,18.76,18.76,18.76,0.0
8aa8b1b19b17fff,-22.433159440264426,-41.79483572831166,Costa do Sol,17.401313860355646,0.0,17.4,17.4,17.4,17.4,0.0
8aa8b1b19b1ffff,-22.43225465100604,-41.795693963263176,Costa do Sol,18.41253739019029,0.0,18.41,18.41,18.41,18.41,0.0
8aa8b1b19b27fff,-22.434468923437365,-41.79661932249097,Costa do Sol,17.195941057264662,0.0,17.2,17.2,17.2,17.2,0.0
8aa8b1b19b2ffff,-22.43356413808322,-41.797477556878945,Costa do Sol,18.153954902073284,0.0,18.15,18.15,18.15,18.15,0.0
8aa8b1b19b37fff,-22.43426657512901,-41.79529840622215,Costa do Sol,16.88078840495471,0.0,16.88,16.88,16.88,16.88,0.0
8aa8b1b19b47fff,-22.43175452576775,-41.799194018645494,Costa do Sol,20.135338726732787,0.0,20.14,20.14,20.14,20.14,0.0
8aa8b1b19ab7fff,-22.429635561033905,-41.792126799274826,Costa do Sol,18.665172068132367,0.0,18.67,18.67,18.67,18.67,0.0
8aa8b1b19ac7fff,-22.427123455888584,-41.79602239425799,Costa do Sol,22.025378451583844,0.0,22.03,22.03,22.03,22.03,0.0
8aa8b1b19acffff,-22.42621859836902,-41.796880619544226,Costa do Sol,23.01848700045034,0.0,23.02,23.02,23.02,23.02,0.0
8aa8b1b19ad7fff,-22.426921086624432,-41.79470149349042,Costa do Sol,21.604593970453028,0.0,21.6,21.6,21.6,21.6,0.0
8aa8b1b19adffff,-22.42601623408641,-41.79555972022602,Costa do Sol,22.609801769297892,0.0,22.61,22.61,22.61,22.61,0.0
8aa8b1b19ae7fff,-22.428230662622425,-41.796485069924216,Costa do Sol,21.45260986651675,0.0,21.45,21.45,21.45,21.45,0.0
8aa8b1b19aeffff,-22.42732581398777,-41.7973432960964,Costa do Sol,22.48023609906968,0.0,22.48,22.48,22.48,22.48,0.0
8aa8b1b19af7fff,-22.4280282995416,-41.79516416663612,Costa do Sol,21.018014255383903,0.0,21.02,21.02,21.02,21.02,0.0
8aa8b1b19a6ffff,-22.428837684870906,-41.80044778620507,Costa do Sol,22.729483603669117,0.0,22.73,22.73,22.73,22.73,0.0
8aa8b1b19a77fff,-22.429540200018245,-41.79826865410298,Costa do Sol,21.33596896829172,0.0,21.34,21.34,21.34,21.34,0.0
8aa8b1b19a87fff,-22.428730750098957,-41.79298503301446,Costa do Sol,19.626362549251038,0.0,19.63,19.63,19.63,19.63,0.0
8aa8b1b19a8ffff,-22.427825925295544,-41.793843264419785,Costa do Sol,20.60044900854592,0.0,20.6,20.6,20.6,20.6,0.0
8aa8b1b19a97fff,-22.428528359705354,-41.791664130424024,Costa do Sol,19.35290147236551,0.0,19.35,19.35,19.35,19.35,0.0
8aa8b1b19a9ffff,-22.4276235398845,-41.79252236327662,Costa do Sol,20.263002846321037,0.0,20.26,20.26,20.26,20.26,0.0
8aa8b1b19aa7fff,-22.429837945244905,-41.793447704386935,Costa do Sol,19.061466938260644,0.0,19.06,19.06,19.06,19.06,0.0
8aa8b1b19aaffff,-22.428933129327298,-41.794305936678974,Costa do Sol,20.07179571074481,0.0,20.07,20.07,20.07,20.07,0.0
8aa8b1b19d5ffff,-22.43556397749398,-41.78347727055654,Costa do Sol,11.737329815659658,0.0,11.74,11.74,11.74,11.74,0.0
8aa8b1b19d67fff,-22.43777823523949,-41.78440259063639,Costa do Sol,10.538521684111362,0.0,10.54,10.54,10.54,10.54,0.0
8aa8b1b19d6ffff,-22.436873549155635,-41.78526084536786,Costa do Sol,11.374267217814307,0.0,11.37,11.37,11.37,11.37,0.0
8aa8b1b19d77fff,-22.43757579499968,-41.783081673605714,Costa do Sol,10.271359833361842,0.0,10.27,10.27,10.27,10.27,0.0
8aa8b1b1d007fff,-22.45065777226069,-41.78731275494417,Lagomar,3.042603460699904,0.0,3.04,3.04,3.04,3.04,0.0
8aa8b1b1d00ffff,-22.449753202849795,-41.78817102322421,Lagomar,4.022319894280169,0.0,4.02,4.02,4.02,4.02,0.0
8aa8b1b1d017fff,-22.450455383880833,-41.785991809784115,Lagomar,2.7122423570626473,0.0,2.71,2.71,2.71,2.71,0.0
8aa8b1b1d01ffff,-22.449550819457972,-41.786850079507595,Lagomar,3.6167144241483413,0.0,3.62,3.62,3.62,3.62,0.0
8aa8b1b19ce7fff,-22.433147194506425,-41.78123105009074,Costa do Sol,12.56732713383593,0.0,12.57,12.57,12.57,12.57,0.0
8aa8b1b19ceffff,-22.432242477852245,-41.78208930270576,Costa do Sol,13.52165879799237,0.0,13.52,13.52,13.52,13.52,0.0
8aa8b1b19d0ffff,-22.43737334359211,-41.78176075765968,Costa do Sol,9.933354490452823,0.0,9.93,9.93,9.93,9.93,0.0
8aa8b1b19d27fff,-22.43938511556422,-41.781365154270524,Costa do Sol,8.453553672103181,0.0,8.45,8.45,8.45,8.45,0.0
8aa8b1b19d2ffff,-22.43848046222063,-41.78222341510291,Costa do Sol,9.355695503302444,0.0,9.36,9.36,9.36,9.36,0.0
8aa8b1b19d47fff,-22.43667111390213,-41.78393992977857,Costa do Sol,11.186561241083048,0.0,11.19,11.19,11.19,11.19,0.0
8aa8b1b19d4ffff,-22.435766418928754,-41.78479818362108,Costa do Sol,12.087121427423721,0.0,12.09,12.09,12.09,12.09,0.0
8aa8b1b19d57fff,-22.436468667481144,-41.782619015272985,Costa do Sol,10.835065071892085,0.0,10.84,10.84,10.84,10.84,0.0
8aa8b1b19c47fff,-22.433552113264305,-41.78387286503461,Costa do Sol,13.253120524497833,0.0,13.25,13.25,13.25,13.25,0.0
8aa8b1b19c4ffff,-22.432647386638575,-41.784731114768576,Costa do Sol,14.180310129631446,0.0,14.18,14.18,14.18,14.18,0.0
8aa8b1b19c57fff,-22.4333496594683,-41.78255195702008,Costa do Sol,12.901921162462395,0.0,12.9,12.9,12.9,12.9,0.0
8aa8b1b19c5ffff,-22.43244493782821,-41.783410208195036,Costa do Sol,13.829392477265397,0.0,13.83,13.83,13.83,13.83,0.0
8aa8b1b19c67fff,-22.434659273631404,-41.78433552350997,Costa do Sol,12.703164763074371,0.0,12.7,12.7,12.7,12.7,0.0
8aa8b1b19c6ffff,-22.433754555894183,-41.78519377413291,Costa do Sol,13.594666917032955,0.0,13.59,13.59,13.59,13.59,0.0
8aa8b1b19c77fff,-22.434456826015797,-41.78301461297036,Costa do Sol,12.329777995215856,0.0,12.33,12.33,12.33,12.33,0.0
8aa8b1b19ccffff,-22.43113528116836,-41.78162665002743,Costa do Sol,14.03749170348483,0.0,14.04,14.04,14.04,14.04,0.0
8aa8b1b19b97fff,-22.431647535472752,-41.79173123279968,Costa do Sol,17.13599743384177,0.0,17.14,17.14,17.14,17.14,0.0
8aa8b1b19b9ffff,-22.43074274729365,-41.79258946976038,Costa do Sol,18.093635443231236,0.0,18.09,18.09,18.09,18.09,0.0
8aa8b1b19ba7fff,-22.4329570746038,-41.79351481563551,Costa do Sol,17.00029019229225,0.0,17.0,17.0,17.0,17.0,0.0
8aa8b1b19baffff,-22.43205229032838,-41.794373052035596,Costa do Sol,17.931092080785334,0.0,17.93,17.93,17.93,17.93,0.0
8aa8b1b19bb7fff,-22.43275469777605,-41.792193904032885,Costa do Sol,16.59745213397873,0.0,16.6,16.6,16.6,16.6,0.0
8aa8b1b19c0ffff,-22.434254367233784,-41.781693703515444,Costa do Sol,12.009203916766007,0.0,12.01,12.01,12.01,12.01,0.0
8aa8b1b19c27fff,-22.436266209892942,-41.78129810185253,Costa do Sol,10.505466799833782,0.0,10.51,10.51,10.51,10.51,0.0
8aa8b1b19c2ffff,-22.435361524892272,-41.78215635857621,Costa do Sol,11.424592781454844,0.0,11.42,11.42,11.42,11.42,0.0
8aa8b1b1d11ffff,-22.45266925661901,-41.78691716051582,Lagomar,1.828909580412995,0.0,1.83,1.83,1.83,1.83,0.0
8aa8b1b1d12ffff,-22.45397854018892,-41.788700791066375,Lagomar,1.6756442949318995,0.0,1.68,1.68,1.68,1.68,0.0
8aa8b1b1d147fff,-22.452169440848536,-41.79041733062188,Lagomar,3.3110608191480706,0.0,3.31,3.31,3.31,3.31,0.0
8aa8b1b1d14ffff,-22.451264870355814,-41.79127559689982,Lagomar,4.224505892498293,0.0,4.22,4.22,4.22,4.22,0.0
8aa8b1b1d157fff,-22.451967081003573,-41.78909638077989,Lagomar,2.8879435157249778,0.0,2.89,2.89,2.89,2.89,0.0
8aa8b1b1d15ffff,-22.451062515498442,-41.789954648503425,Lagomar,3.812486556003969,0.0,3.81,3.81,3.81,3.81,0.0
8aa8b1b1d167fff,-22.453276351117523,-41.790880014375404,Lagomar,2.742011796053424,0.0,2.74,2.74,2.74,2.74,0.0
8aa8b1b1d16ffff,-22.452371789518544,-41.79173828154076,Lagomar,3.644383741387843,0.0,3.64,3.64,3.64,3.64,0.0
8aa8b1b1d0cffff,-22.446634663301772,-41.78810393638136,Lagomar,5.957923914046017,0.0,5.96,5.96,5.96,5.96,0.0
8aa8b1b1d0d7fff,-22.44733686861699,-41.785924733541,Lagomar,4.720432746933456,0.0,4.72,4.72,4.72,4.72,0.0
8aa8b1b1d0dffff,-22.446432272526998,-41.786782999155854,Lagomar,5.673589059593145,0.0,5.67,5.67,5.67,5.67,0.0
8aa8b1b1d0e7fff,-22.448646241153746,-41.78770834689935,Lagomar,4.50296828637035,0.0,4.5,4.5,4.5,4.5,0.0
8aa8b1b1d0effff,-22.44774164896891,-41.78856661195901,Lagomar,5.429445723507628,0.0,5.43,5.43,5.43,5.43,0.0
8aa8b1b1d0f7fff,-22.448443851576492,-41.78638740570652,Lagomar,4.203613037241905,0.0,4.2,4.2,4.2,4.2,0.0
8aa8b1b1d107fff,-22.453776170367664,-41.78737983833497,Lagomar,1.3816128488821517,0.0,1.38,1.38,1.38,1.38,0.0
8aa8b1b1d10ffff,-22.452871632626902,-41.78823811072361,Lagomar,2.1314222414090542,0.0,2.13,2.13,2.13,2.13,0.0
8aa8b1b1d06ffff,-22.449253342845886,-41.791671176950764,Lagomar,5.690391295820379,0.0,5.69,5.69,5.69,5.69,0.0
8aa8b1b1d077fff,-22.449955575067982,-41.789491968020094,Lagomar,4.399588793195934,0.0,4.4,4.4,4.4,4.4,0.0
8aa8b1b1d087fff,-22.44914601915448,-41.784208195317774,Lagomar,2.867615038051511,0.0,2.87,2.87,2.87,2.87,0.0
8aa8b1b1d08ffff,-22.44824145082641,-41.78506646559485,Lagomar,3.7938096322216763,0.0,3.79,3.79,3.79,3.79,0.0
8aa8b1b1d09ffff,-22.448039038903747,-41.78374552656574,Lagomar,3.416892159827614,0.0,3.42,3.42,3.42,3.42,0.0
8aa8b1b1d0a7fff,-22.45025298432733,-41.784670865705635,Lagomar,2.41826805732218,0.0,2.42,2.42,2.42,2.42,0.0
8aa8b1b1d0affff,-22.44934842489278,-41.785529136871645,Lagomar,3.292666728254795,0.0,3.29,3.29,3.29,3.29,0.0
8aa8b1b1d0c7fff,-22.447539264379227,-41.787245672209885,Lagomar,5.0892057523483,0.0,5.09,5.09,5.09,5.09,0.0
8aa8b1b1d027fff,-22.45176470998392,-41.78777543201619,Lagomar,2.6015850817766593,0.0,2.6,2.6,2.6,2.6,0.0
8aa8b1b1d02ffff,-22.45086014946665,-41.78863370118441,Lagomar,3.5109814600247384,0.0,3.51,3.51,3.51,3.51,0.0
8aa8b1b1d037fff,-22.451562327789826,-41.78645448433218,Lagomar,2.265000136206627,0.0,2.27,2.27,2.27,2.27,0.0
8aa8b1b1d047fff,-22.44905098678869,-41.79035023252288,Lagomar,5.28061775299166,0.0,5.28,5.28,5.28,5.28,0.0
8aa8b1b1d04ffff,-22.448146384629556,-41.79120849469238,Lagomar,6.1925197628456115,0.0,6.19,6.19,6.19,6.19,0.0
8aa8b1b1d057fff,-22.448848619557893,-41.789029289171935,Lagomar,4.9590701214771125,0.0,4.96,4.96,4.96,4.96,0.0
8aa8b1b1d05ffff,-22.44794402238577,-41.78988755278698,Lagomar,5.846802823331821,0.0,5.85,5.85,5.85,5.85,0.0
8aa8b1b1d067fff,-22.45015793611229,-41.790812913893845,Lagomar,4.738115890061488,0.0,4.74,4.74,4.74,4.74,0.0
8aa8b1b1d2c7fff,-22.441206765396224,-41.79325347241954,Riviera Fluminense,11.44510352749205,0.0,11.45,11.45,11.45,11.45,0.0
8aa8b1b1d2cffff,-22.440302067179065,-41.79411172025729,Costa do Sol,12.352284392266572,0.0,12.35,12.35,12.35,12.35,0.0
8aa8b1b1d2d7fff,-22.44100440453841,-41.79193254386671,Costa do Sol,11.117908055587439,0.0,11.12,11.12,11.12,11.12,0.0
8aa8b1b1d2dffff,-22.4400997113061,-41.792790793151966,Costa do Sol,11.99084831101718,0.0,11.99,11.99,11.99,11.99,0.0
8aa8b1b1d2e7fff,-22.442313804410738,-41.79371615332179,Riviera Fluminense,10.900614412203149,0.0,10.9,10.9,10.9,10.9,0.0
8aa8b1b1d2effff,-22.441409115083406,-41.794574402046216,Riviera Fluminense,11.836304399268244,0.0,11.84,11.84,11.84,11.84,0.0
8aa8b1b1d2f7fff,-22.442111449738604,-41.79239522224728,Riviera Fluminense,10.555059445324321,0.0,10.56,10.56,10.56,10.56,0.0
8aa8b1b1d307fff,-22.44744411467542,-41.79338769606262,Lagomar,7.467390535689855,0.0,7.47,7.47,7.47,7.47,0.0
8aa8b1b1d277fff,-22.443623165663222,-41.79549977052752,Riviera Fluminense,10.703400958169537,0.0,10.7,10.7,10.7,10.7,0.0
8aa8b1b1d287fff,-22.4428137493768,-41.790216038294794,Riviera Fluminense,9.234535929023254,0.0,9.23,9.23,9.23,9.23,0.0
8aa8b1b1d28ffff,-22.441909083895567,-41.79107429224753,Riviera Fluminense,10.153245128278234,0.0,10.15,10.15,10.15,10.15,0.0
8aa8b1b1d297fff,-22.44261136737724,-41.788895107925775,Riviera Fluminense,8.94118529555802,0.0,8.94,8.94,8.94,8.94,0.0
8aa8b1b1d29ffff,-22.441706706881877,-41.789753363323925,Costa do Sol,9.81545991652904,0.0,9.82,9.82,9.82,9.82,0.0
8aa8b1b1d2a7fff,-22.443920776795945,-41.79067871490071,Riviera Fluminense,8.712677661265488,0.0,8.71,8.71,8.71,8.71,0.0
8aa8b1b1d2affff,-22.443016120205435,-41.791536969740875,Riviera Fluminense,9.619009903978784,0.0,9.62,9.62,9.62,9.62,0.0
8aa8b1b1d2b7fff,-22.443718400981332,-41.789357782008885,Riviera Fluminense,8.329329579836191,0.0,8.33,8.33,8.33,8.33,0.0
8aa8b1b1d22ffff,-22.44452783720999,-41.794641520030055,Riviera Fluminense,9.798972170079848,0.0,9.8,9.8,9.8,9.8,0.0
8aa8b1b1d237fff,-22.445230147595797,-41.79246232963219,Riviera Fluminense,8.57418396708776,0.0,8.57,8.57,8.57,8.57,0.0
8aa8b1b1d247fff,-22.442718480241247,-41.796358018689446,Riviera Fluminense,11.592957219041688,0.0,11.59,11.59,11.59,11.59,0.0
8aa8b1b1d24ffff,-22.441813780944848,-41.79721626451547,Riviera Fluminense,12.532687109314878,0.0,12.53,12.53,12.53,12.53,0.0
8aa8b1b1d257fff,-22.442516147911704,-41.795037085469644,Riviera Fluminense,11.28402743733939,0.0,11.28,11.28,11.28,11.28,0.0
8aa8b1b1d25ffff,-22.441611453599698,-41.79589533274533,Riviera Fluminense,12.187917289092484,0.0,12.19,12.19,12.19,12.19,0.0
8aa8b1b1d267fff,-22.443825491805573,-41.79682070626785,Riviera Fluminense,11.145349024391551,0.0,11.15,11.15,11.15,11.15,0.0
8aa8b1b1d26ffff,-22.442920801399104,-41.797678952979794,Riviera Fluminense,12.052660097870485,0.0,12.05,12.05,12.05,12.05,0.0
8aa8b1b1d177fff,-22.453073997459825,-41.7895590620106,Lagomar,2.4376127015533275,0.0,2.44,2.44,2.44,2.44,0.0
8aa8b1b1d18ffff,-22.451359934421543,-41.78513353772928,Lagomar,1.9511215282842405,0.0,1.95,1.95,1.95,1.95,0.0
8aa8b1b1d1affff,-22.4524668694364,-41.785596211388636,Lagomar,1.5086874997483155,0.0,1.51,1.51,1.51,1.51,0.0
8aa8b1b1d207fff,-22.44432549491053,-41.793320583912696,Riviera Fluminense,9.49401564447927,0.0,9.49,9.49,9.49,9.49,0.0
8aa8b1b1d20ffff,-22.4434208283489,-41.794178835858645,Riviera Fluminense,10.412245432848295,0.0,10.41,10.41,10.41,10.41,0.0
8aa8b1b1d217fff,-22.444123141439093,-41.79199964886911,Riviera Fluminense,9.092097621756414,0.0,9.09,9.09,9.09,9.09,0.0
8aa8b1b1d21ffff,-22.44321847986289,-41.792857902262625,Riviera Fluminense,9.996647809529993,0.0,10.0,10.0,10.0,10.0,0.0
8aa8b1b1d227fff,-22.445432494880787,-41.79378326719744,Riviera Fluminense,8.925315132219017,0.0,8.93,8.93,8.93,8.93,0.0
8aa8b1b1d627fff,-22.44401582927772,-41.78453672685826,Lagomar,6.386385520982979,0.0,6.39,6.39,6.39,6.39,0.0
8aa8b1b1d62ffff,-22.443111206511347,-41.78539498980693,Costa do Sol,7.28557425709187,0.0,7.29,7.29,7.29,7.29,0.0
8aa8b1b1d637fff,-22.44381340379242,-41.78321579684531,Lagomar,5.994022139748691,0.0,5.99,5.99,5.99,5.99,0.0
8aa8b1b1d647fff,-22.4413019193436,-41.78711150871081,Costa do Sol,9.050772104292548,0.0,9.05,9.05,9.05,9.05,0.0
8aa8b1b1d64ffff,-22.440397254943765,-41.78796976466526,Costa do Sol,9.95194445431545,0.0,9.95,9.95,9.95,9.95,0.0
8aa8b1b1d657fff,-22.44109950881953,-41.785790583024095,Costa do Sol,8.746819261391991,0.0,8.75,8.75,8.75,8.75,0.0
8aa8b1b1d65ffff,-22.440194849406012,-41.7866488404218,Costa do Sol,9.634730430433194,0.0,9.63,9.63,9.63,9.63,0.0
8aa8b1b1d667fff,-22.442408974207016,-41.78757417863524,Costa do Sol,8.500345782089195,0.0,8.5,8.5,8.5,8.5,0.0
8aa8b1b1d39ffff,-22.444825419509357,-41.789820457727146,Riviera Fluminense,7.75705713932935,0.0,7.76,7.76,7.76,7.76,0.0
8aa8b1b1d3a7fff,-22.447039411334202,-41.79074581406894,Lagomar,6.737649766480808,0.0,6.74,6.74,6.74,6.74,0.0
8aa8b1b1d3affff,-22.446134786403952,-41.79160407301747,Lagomar,7.650976905715279,0.0,7.65,7.65,7.65,7.65,0.0
8aa8b1b1d3b7fff,-22.446837042904257,-41.78942487468619,Lagomar,6.403216705500449,0.0,6.4,6.4,6.4,6.4,0.0
8aa8b1b1d607fff,-22.442908786013497,-41.78407406123547,Costa do Sol,6.882508219758865,0.0,6.88,6.88,6.88,6.88,0.0
8aa8b1b1d60ffff,-22.442004154355608,-41.78493232329518,Costa do Sol,7.809510399455277,0.0,7.81,7.81,7.81,7.81,0.0
8aa8b1b1d617fff,-22.442706354345482,-41.782753133747605,Costa do Sol,6.619415567773121,0.0,6.62,6.62,6.62,6.62,0.0
8aa8b1b1d61ffff,-22.441801727674942,-41.78361139724848,Costa do Sol,7.494569169282371,0.0,7.49,7.49,7.49,7.49,0.0
8aa8b1b1d357fff,-22.445634830993253,-41.79510420583598,Riviera Fluminense,9.27136123265259,0.0,9.27,9.27,9.27,9.27,0.0
8aa8b1b1d35ffff,-22.444730168337216,-41.795962457219794,Riviera Fluminense,10.208424752256404,0.0,10.21,10.21,10.21,10.21,0.0
8aa8b1b1d367fff,-22.4469441284497,-41.79688783550733,Riviera Fluminense,9.114102023020537,0.0,9.11,9.11,9.11,9.11,0.0
8aa8b1b1d36ffff,-22.44603946969962,-41.79774608632733,Riviera Fluminense,10.017977559440167,0.0,10.02,10.02,10.02,10.02,0.0
8aa8b1b1d377fff,-22.446741809697954,-41.795566893276366,Riviera Fluminense,8.820257553565408,0.0,8.82,8.82,8.82,8.82,0.0
8aa8b1b1d387fff,-22.445932422960553,-41.790283135080514,Lagomar,7.305311790195525,0.0,7.31,7.31,7.31,7.31,0.0
8aa8b1b1d38ffff,-22.44502778913857,-41.791141393141615,Riviera Fluminense,8.200786005449757,0.0,8.2,8.2,8.2,8.2,0.0
8aa8b1b1d397fff,-22.44573004834488,-41.788962198220574,Lagomar,6.861437452907134,0.0,6.86,6.86,6.86,6.86,0.0
8aa8b1b1d30ffff,-22.44653947977291,-41.794245952116796,Riviera Fluminense,8.347988636773888,0.0,8.35,8.35,8.35,8.35,0.0
8aa8b1b1d317fff,-22.447241768591343,-41.79206675452822,Lagomar,7.109252529719432,0.0,7.11,7.11,7.11,7.11,0.0
8aa8b1b1d31ffff,-22.44633713867482,-41.79292501203003,Riviera Fluminense,8.049650197214905,0.0,8.05,8.05,8.05,8.05,0.0
8aa8b1b1d327fff,-22.448551075596853,-41.79385038172988,Lagomar,6.905095844895961,0.0,6.91,6.91,6.91,6.91,0.0
8aa8b1b1d32ffff,-22.44764644958618,-41.79470863867073,Lagomar,7.83427994994082,0.0,7.83,7.83,7.83,7.83,0.0
8aa8b1b1d337fff,-22.448348735700005,-41.79252943767381,Lagomar,6.567539535616354,0.0,6.57,6.57,6.57,6.57,0.0
8aa8b1b1d347fff,-22.445837155932953,-41.796425145546415,Riviera Fluminense,9.71068359010495,0.0,9.71,9.71,9.71,9.71,0.0
8aa8b1b1d34ffff,-22.444932488291947,-41.7972833954805,Riviera Fluminense,10.59999520643229,0.0,10.6,10.6,10.6,10.6,0.0
8aa8b1b1d84ffff,-22.455894775443,-41.794447304832204,Lagomar,2.3542723029044783,0.0,2.35,2.35,2.35,2.35,0.0
8aa8b1b1d857fff,-22.456596991430477,-41.792268075445904,Lagomar,1.3479527649452892,0.0,1.35,1.35,1.35,1.35,0.0
8aa8b1b1d85ffff,-22.455692456514527,-41.793126345272825,Lagomar,2.1011317826143716,0.0,2.1,2.1,2.1,2.1,0.0
8aa8b1b1d867fff,-22.457906159094314,-41.794051729268055,Lagomar,1.0602851948025271,0.0,1.06,1.06,1.06,1.06,0.0
8aa8b1b1d86ffff,-22.457001628085493,-41.79490999853381,Lagomar,1.856637972364307,0.0,1.86,1.86,1.86,1.86,0.0
8aa8b1b1d877fff,-22.457703841367675,-41.7927307657392,Lagomar,0.7412706482108918,0.0,0.74,0.74,0.74,0.74,0.0
8aa8b1b1d8c7fff,-22.455287785127382,-41.79048442937754,Lagomar,1.533033548697094,0.0,1.53,1.53,1.53,1.53,0.0
8aa8b1b1d8cffff,-22.454383246304666,-41.79134269976396,Lagomar,2.301866865850317,0.0,2.3,2.3,2.3,2.3,0.0
8aa8b1b1d747fff,-22.444420646735963,-41.7871785901321,Riviera Fluminense,7.090155988838824,0.0,7.09,7.09,7.09,7.09,0.0
8aa8b1b1d74ffff,-22.443516013995527,-41.78803685019504,Riviera Fluminense,8.03343428599571,0.0,8.03,8.03,8.03,8.03,0.0
8aa8b1b1d757fff,-22.44421824359232,-41.78585765795433,Lagomar,6.692160099147343,0.0,6.69,6.69,6.69,6.69,0.0
8aa8b1b1d75ffff,-22.443313615838782,-41.78671591946059,Riviera Fluminense,7.589874386338949,0.0,7.59,7.59,7.59,7.59,0.0
8aa8b1b1d767fff,-22.44552766255721,-41.78764126243904,Lagomar,6.551537958149259,0.0,6.55,6.55,6.55,6.55,0.0
8aa8b1b1d76ffff,-22.4446230387084,-41.78849952339017,Riviera Fluminense,7.4512175831420695,0.0,7.45,7.45,7.45,7.45,0.0
8aa8b1b1d777fff,-22.445325265597788,-41.786320327737315,Lagomar,6.170533898371046,0.0,6.17,6.17,6.17,6.17,0.0
8aa8b1b1d847fff,-22.456799315346665,-41.793589036453085,Lagomar,1.6190593175094958,0.0,1.62,1.62,1.62,1.62,0.0
8aa8b1b1d6e7fff,-22.440897087125833,-41.78446965841914,Costa do Sol,8.363545845643353,0.0,8.36,8.36,8.36,8.36,0.0
8aa8b1b1d6effff,-22.439992432698922,-41.785327917259195,Costa do Sol,9.21636821291602,0.0,9.22,9.22,9.22,9.22,0.0
8aa8b1b1d6f7fff,-22.440694654262785,-41.78314873489737,Costa do Sol,8.136683915408998,0.0,8.14,8.14,8.14,8.14,0.0
8aa8b1b1d707fff,-22.446027457461636,-41.784141127948445,Lagomar,4.919128092596046,0.0,4.92,4.92,4.92,4.92,0.0
8aa8b1b1d70ffff,-22.445122857466863,-41.784999394116824,Lagomar,5.804137056090559,0.0,5.8,5.8,5.8,5.8,0.0
8aa8b1b1d71ffff,-22.44492043816471,-41.783678461578944,Lagomar,5.446426208969387,0.0,5.45,5.45,5.45,5.45,0.0
8aa8b1b1d727fff,-22.447134461682452,-41.78460379595376,Lagomar,4.340359881850548,0.0,4.34,4.34,4.34,4.34,0.0
8aa8b1b1d72ffff,-22.446229870580197,-41.78546206301108,Lagomar,5.240165972556883,0.0,5.24,5.24,5.24,5.24,0.0
8aa8b1b1d66ffff,-22.441504318697806,-41.78843243547789,Costa do Sol,9.43835449577004,0.0,9.44,9.44,9.44,9.44,0.0
8aa8b1b1d677fff,-22.442206569866382,-41.78625325042458,Costa do Sol,8.162610230835215,0.0,8.16,8.16,8.16,8.16,0.0
8aa8b1b1d68ffff,-22.440492210230637,-41.78182781246016,Costa do Sol,7.854429700217949,0.0,7.85,7.85,7.85,7.85,0.0
8aa8b1b1d6affff,-22.441599289824644,-41.782290472285865,Costa do Sol,7.263881775609709,0.0,7.26,7.26,7.26,7.26,0.0
8aa8b1b1d6c7fff,-22.43979000482276,-41.78400699517884,Costa do Sol,9.004931538697324,0.0,9.0,9.0,9.0,9.0,0.0
8aa8b1b1d6cffff,-22.43888534150534,-41.784865253129944,Costa do Sol,9.870412037227783,0.0,9.87,9.87,9.87,9.87,0.0
8aa8b1b1d6d7fff,-22.439587565777767,-41.78268607418215,Costa do Sol,8.80324595684717,0.0,8.8,8.8,8.8,8.8,0.0
8aa8b1b1d6dffff,-22.43868290744713,-41.783544333574355,Costa do Sol,9.671664474700632,0.0,9.67,9.67,9.67,9.67,0.0
8aa8b1a20457fff,-22.392506816925852,-41.80010474861818,Morro de São Jorge,64.81158782301563,0.0,64.81,64.81,64.81,64.81,0.0
8aa8b1a2045ffff,-22.391601582860122,-41.80096292203134,Morro de São Jorge,64.43535757989468,0.0,64.44,64.44,64.44,64.44,0.0
8aa8b1a20467fff,-22.393816837657802,-41.8018882412449,Morro de São Jorge,68.36098296329465,0.0,68.36,68.36,68.36,68.36,0.0
8aa8b1a2046ffff,-22.392911607491335,-41.80274641408965,Morro de São Jorge,66.84081637680406,0.0,66.84,66.84,66.84,66.84,0.0
8aa8b1a20477fff,-22.393614442976656,-41.800567406523406,Morro de São Jorge,66.43189285546576,0.0,66.43,66.43,66.43,66.43,0.0
8aa8b1a20487fff,-22.39280475274275,-41.795284078310516,Granja dos Cavaleiros,72.39207071861699,0.0,72.39,72.39,72.39,72.39,0.0
8aa8b1a2048ffff,-22.391899547448357,-41.79614225841246,Visconde de Araújo,64.92802174524044,0.0,64.93,64.93,64.93,64.93,0.0
8aa8b1a2049ffff,-22.39169710198909,-41.79482143048321,Visconde de Araújo,65.71721661024338,0.0,65.72,65.72,65.72,65.72,0.0
8aa8b1a20407fff,-22.39431724351475,-41.798388394780616,Granja dos Cavaleiros,72.48110012112423,0.0,72.48,72.48,72.48,72.48,0.0
8aa8b1a2040ffff,-22.393412037144316,-41.799246572867816,Morro de São Jorge,68.3185863944387,0.0,68.32,68.32,68.32,68.32,0.0
8aa8b1a20417fff,-22.39411482155669,-41.79706756074149,Granja dos Cavaleiros,73.49058821688882,0.0,73.49,73.49,73.49,73.49,0.0
8aa8b1a2041ffff,-22.39320962016105,-41.79792574027954,Granja dos Cavaleiros,68.69631017193797,0.0,68.7,68.7,68.7,68.7,0.0
8aa8b1a2042ffff,-22.3945196543216,-41.799709229887966,Morro de São Jorge,70.07243700656025,0.0,70.07,70.07,70.07,70.07,0.0
8aa8b1a20437fff,-22.395222436036363,-41.797530214356954,Granja dos Cavaleiros,75.26204933220669,0.0,75.26,75.26,75.26,75.26,0.0
8aa8b1a20447fff,-22.392709217784052,-41.801425580821416,Morro de São Jorge,65.89204679777471,0.0,65.89,65.89,65.89,65.89,0.0
8aa8b1a2044ffff,-22.391803978744562,-41.80228375278162,Morro de São Jorge,64.59795153886165,0.0,57.82,57.82,64.6,64.6,0.0
8aa8b1a20197fff,-22.39713960697064,-41.803276232315255,Morro de São Jorge,73.244357740009,0.0,73.24,73.24,73.24,73.24,0.0
8aa8b1a2019ffff,-22.39623440342505,-41.804134407812924,Morro de São Jorge,69.99916392256603,0.0,70.0,70.0,70.0,70.0,0.0
8aa8b1a201a7fff,-22.398449525451287,-41.805059745127295,Nova Holanda,72.32100932107008,0.0,31.06,31.06,72.32,72.32,0.0
8aa8b1a201affff,-22.397544325805953,-41.805917920053574,Nova Holanda,73.62629303898372,0.0,71.41,71.41,73.63,73.63,0.0
8aa8b1a201b7fff,-22.398247166636292,-41.803738899271835,Morro de São Jorge,73.90307707477157,0.0,73.9,73.9,73.9,73.9,0.0
8aa8b1a20337fff,-22.393422744375364,-41.81285043697294,Nova Holanda,71.51964928309081,0.0,30.49,30.49,71.52,71.52,0.0
8aa8b1a203a7fff,-22.3921128371586,-41.811066920461556,Nova Holanda,70.51471878074508,0.0,70.51,70.51,70.51,70.51,0.0
8aa8b1a203b7fff,-22.391910513153597,-41.809746084806854,Nova Holanda,72.68384709000631,0.0,72.68,72.68,72.68,72.68,0.0
8aa8b1a2014ffff,-22.396340849736223,-41.811596793692814,Nova Holanda,78.38091109553224,0.0,35.52,35.52,78.38,78.38,0.0
8aa8b1a20157fff,-22.397043776587548,-41.8094177817044,Nova Holanda,74.77313732162717,0.0,74.77,74.77,74.77,74.77,0.0
8aa8b1a2015ffff,-22.39613853930188,-41.810275949034555,Nova Holanda,74.16173354147224,0.0,74.16,74.16,74.16,74.16,0.0
8aa8b1a20167fff,-22.398353629631693,-41.81120130824182,Nova Holanda,81.4142646590194,0.0,81.41,81.41,81.41,81.41,0.0
8aa8b1a2016ffff,-22.397448396246965,-41.812059474994825,Nova Holanda,82.5291739406729,0.0,82.53,82.53,82.53,82.53,0.0
8aa8b1a20177fff,-22.39815132040652,-41.80988045960932,Nova Holanda,78.40981340789247,0.0,35.54,35.54,78.41,78.41,0.0
8aa8b1a20187fff,-22.397341971964956,-41.80459707565359,Nova Holanda,73.9617518449902,0.0,73.96,73.96,73.96,73.96,0.0
8aa8b1a2018ffff,-22.396436763445486,-41.80545524969611,Nova Holanda,75.71398373264448,0.0,75.71,75.71,75.71,75.71,0.0
8aa8b1b1db07fff,-22.455192524421797,-41.79662653005883,Lagomar,3.475447996881262,0.0,3.48,3.48,3.48,3.48,0.0
8aa8b1b1db0ffff,-22.45428795176847,-41.79748479231735,Lagomar,4.357688899870452,0.0,4.36,4.36,4.36,4.36,0.0
8aa8b1b1db17fff,-22.454990221657454,-41.79530557087615,Lagomar,3.1662061941170765,0.0,3.17,3.17,3.17,3.17,0.0
8aa8b1b1db1ffff,-22.45408565399081,-41.796163834584576,Lagomar,4.121697368342449,0.0,4.12,4.12,4.12,4.12,0.0
8aa8b1b1db27fff,-22.456299379768467,-41.7970892271674,Lagomar,2.8073363854262414,0.0,2.81,2.81,2.81,2.81,0.0
8aa8b1b1db2ffff,-22.45539481600909,-41.7979474903118,Lagomar,3.6949289134961734,0.0,3.69,3.69,3.69,3.69,0.0
8aa8b1b1db37fff,-22.4560970831944,-41.79576826546419,Lagomar,2.6196380083621307,0.0,2.62,2.62,2.62,2.62,0.0
8aa8b1b1db47fff,-22.453585646850033,-41.7996640095901,Lagomar,5.465985402363558,0.0,5.47,5.47,5.47,5.47,0.0
8aa8b1b1db4ffff,-22.45268104145191,-41.80052226572326,Lagomar,6.335188249226642,0.0,6.34,6.34,6.34,6.34,0.0
8aa8b1b1db57fff,-22.45338336523519,-41.79834305223936,Lagomar,5.217188440972145,0.0,5.22,5.22,5.22,5.22,0.0
8aa8b1b1db5ffff,-22.452478764822725,-41.79920130982451,Lagomar,6.092091694659034,0.0,6.09,6.09,6.09,6.09,0.0
8aa8b1b1db67fff,-22.454692513793184,-41.80012671098964,Lagomar,4.874809928109385,0.0,4.87,4.87,4.87,4.87,0.0
8aa8b1b1db6ffff,-22.45378791728811,-41.800984968007924,Lagomar,5.735973175144663,0.0,5.74,5.74,5.74,5.74,0.0
8aa8b1b1db77fff,-22.45449023836935,-41.7988057511195,Lagomar,4.598270381376829,0.0,4.6,4.6,4.6,4.6,0.0
8aa8b1b1db87fff,-22.45368102490618,-41.7935219223328,Lagomar,3.4597408309353357,0.0,3.46,3.46,3.46,3.46,0.0
8aa8b1b1db8ffff,-22.45277645333265,-41.79438018660356,Lagomar,4.378657697854223,0.0,4.38,4.38,4.38,4.38,0.0
8aa8b1b1db97fff,-22.45347869359972,-41.792200967816605,Lagomar,3.0778511849249632,0.0,3.08,3.08,3.08,3.08,0.0
8aa8b1b1db9ffff,-22.452574127013328,-41.79305923353512,Lagomar,4.0873001566127805,0.0,4.09,4.09,4.09,4.09,0.0
8aa8b1b1dba7fff,-22.454787907716316,-41.793984612765186,Lagomar,2.8431721636839704,0.0,2.84,2.84,2.84,2.84,0.0
8aa8b1b1dbaffff,-22.453883345036626,-41.79484287792259,Lagomar,3.766049935318785,0.0,3.77,3.77,3.77,3.77,0.0
8aa8b1b1dbb7fff,-22.454585582598632,-41.79266365572731,Lagomar,2.5817360281183035,0.0,2.58,2.58,2.58,2.58,0.0
8aa8b1a20007fff,-22.395733884972856,-41.80763426288625,Nova Holanda,75.16438644283576,0.0,33.12,33.12,75.16,75.16,0.0
